{"type":"FeatureCollection","name":"world_1050","crs":{"type":"name","properties":{"name":"urn:ogc:def:crs:OGC:1.3:CRS84"}},"correcciones":{"base":"world_1000.geojson","huella":"dfcaaa16e6787e598dc818dff67269209d610a1827f59cf81393d147040e5ede"},"features":[{"type":"Feature","properties":{"NAME":"Cyprus","ABBREVN":"Cyprus","INFO_UR":null,"SUBJECTO":"Cyprus","BORDERPRECISION":1,"PARTOF":"Cyprus"},"geometry":{"type":"MultiPolygon","coordinates":[[[[33.78049758384968,35.20813711758318],[33.77266601036335,35.12928351040544],[33.92467406700398,34.95322760220232],[33.79195693443562,34.95737036343279],[33.7325773567989,34.908622347075365],[33.68582061241413,34.934867464262865],[33.53851226280476,34.94415625210466],[33.48393538902546,34.79579123135271],[33.131392511828196,34.6803356039113],[32.95861724327351,34.6593395101613],[32.91454604576374,34.635726534087084],[32.91451552818562,34.541259371001146],[32.81665709923054,34.53863867397966],[32.784136805041086,34.625228487212084],[32.60339263389851,34.61473425503435],[32.357180628283274,34.6803356039113],[32.27109054039265,34.71969565029802],[32.270979914171946,34.81415518398943],[32.19850066612507,34.861388765532396],[32.143721613390696,35.04254492397966],[32.18047622154499,35.058314882475756],[32.23445800255085,35.01363333340349],[32.30098632286335,35.016261659819506],[32.48311522911335,35.15294226284685],[32.59698394249226,35.15557440396013],[32.744952234728586,35.11427267666521],[32.779524836046946,35.15294226284685],[32.81907180259968,35.28174551602068],[32.79511168907429,35.36061056729021],[33.07747939537312,35.31861075039568],[33.37370971153523,35.30648001309099],[33.53904250572468,35.33169516201677],[33.90731719444538,35.436847292143725],[34.21733764122273,35.573566042143725],[34.45821288536335,35.64456137295427],[34.24465468834187,35.51184424038591],[34.04842666099812,35.40793188687029],[33.78049758384968,35.20813711758318]]]]}},{"type":"Feature","properties":{"NAME":"Imperial Japan (Fujiwara)","ABBREVN":"Imperial Japan (Fujiwara)","INFO_UR":null,"SUBJECTO":"Imperial Japan (Fujiwara)","BORDERPRECISION":1,"PARTOF":"Imperial Japan (Fujiwara)"},"geometry":{"type":"MultiPolygon","coordinates":[[[[130.57931045006063,30.906545244414232],[130.5541334481075,30.969977937895678],[130.6745405525997,31.211490236479662],[130.73246291588094,31.478250108916185],[130.58191970299032,31.528737627226732],[130.47443679283407,31.439628206450365],[130.4043989510372,31.229978166777514],[130.23293593834188,31.026460252959154],[130.08626845787313,31.121388994414232],[130.06011489342,31.216558061797045],[130.20514968345907,31.426370226103685],[130.21932509849813,31.559724413115404],[130.05887893150594,31.97206266995134],[130.1349439949825,32.023002229887865],[130.44396499107626,32.28393133755388],[130.48116591881063,32.347499452788256],[130.49653151939657,32.55701788540544],[130.25739577720907,32.9120365011281],[130.1075239510372,32.930778108794115],[130.03458693931844,32.81000097866716],[129.84591201256063,32.587421022612475],[129.73372939537313,32.637984834868334],[129.63033584068563,32.86631353970232],[129.4608717293575,32.98657950039568],[129.34337905357626,33.15138968105974],[129.52804091881063,33.297774873930834],[129.8582563729122,33.260367952544115],[130.17615798424032,33.33719977017107],[130.31766799400594,33.546989046294115],[130.426569971545,33.67417105313005],[130.64440444420126,33.7000003683156],[130.8594770760372,33.67505987759294],[130.97111037681844,33.50388678188982],[131.0925093025997,33.427962862212084],[131.28603652427938,33.39026220913591],[131.56875136802938,33.48606451626482],[131.66982558677938,33.308532320219896],[131.4135542244747,33.11121710415544],[131.59562209556844,33.00366552944841],[131.79528335045126,32.80728491421404],[131.8309889168575,32.69308813687029],[131.56299880455282,32.43224676724138],[131.45362380455282,32.24792822476091],[131.40685561607626,32.08277472134294],[131.36873916099813,31.803355776030443],[131.31928542564657,31.51120527859392],[131.2106275887325,31.35226973171892],[131.12311843345907,31.307637773711107],[131.04879287193563,31.275754533965014],[130.95968154381063,31.193025194365404],[130.74401381920126,30.88783415432634],[130.57931045006063,30.906545244414232]]],[[[132.56757644127157,32.63746603604021],[132.46705153892782,32.75788076992693],[132.4218550057247,32.929183565337084],[132.34257033775594,33.10677298184099],[132.12111953209188,33.34754904385271],[132.44994643638876,33.51961477871599],[132.57937148521688,33.640494905669115],[132.78431228111532,33.907523714262865],[132.9686842293575,33.79364355679216],[133.24547866295126,33.80055960293474],[133.46291640709188,33.88352163906755],[133.6030073494747,34.036159120757006],[133.8056440682247,34.17622336025896],[134.0102339119747,34.189330660063646],[134.15267470787313,34.113456331450365],[134.54041579674032,34.01269873257341],[134.60976699302938,33.898578249174975],[134.564753565295,33.8413463460988],[134.51912978599813,33.650817476469896],[134.38769057701376,33.54264410610857],[133.99859145592,33.14826925869646],[133.91749099205282,33.24331625576677],[133.72689345787313,33.37623556729021],[133.51652053306844,33.39485128994646],[133.24097732017782,33.299056612212084],[133.1541548104122,33.21636541958513],[133.04386428306844,32.9939456808156],[132.96967605064657,32.76526220913591],[132.900691065295,32.66990240688982],[132.69875625084188,32.54885824795427],[132.56757644127157,32.63746603604021]]],[[[136.810847315295,37.31068380947771],[137.30964187095907,37.43265112515154],[137.33492568443563,37.27354010220232],[137.11817458580282,37.14577444668474],[137.0137739510372,37.037353121001146],[136.98302749107626,36.83360632534685],[137.04532912681844,36.668258272368334],[137.1762037606075,36.643066011626146],[137.27591994713094,36.69418676968279],[137.46403029869344,36.85367926235857],[137.57181838463094,36.892081819731615],[138.3172407479122,37.20550879116716],[138.49203017662313,37.301349245268725],[138.69896987388876,37.44820364590349],[138.85615066002157,37.73505743618669],[139.1979322762325,37.92043264980974],[139.35387710045126,38.06723745938005],[139.43984511802938,38.18843802090349],[139.50393203209188,38.4178844320363],[139.74572280357626,38.679584108549975],[139.74141982506063,38.74329718228044],[139.89608291099813,38.99850424404802],[139.96793654869344,39.208968721587084],[140.030085596545,39.48317679043474],[140.0110884041622,39.69351156826677],[139.86213210533407,39.78246649380388],[139.80463698814657,39.890746675688646],[139.91034987877157,39.98660620327654],[139.98502639244344,40.11461981411638],[139.91515639732626,40.57495459194841],[140.15972426842,40.72901495571794],[140.2391157479122,40.83798941250505],[140.3864088387325,40.98550375576677],[140.47280410240438,40.98567923184099],[140.56716445396688,40.825831972319506],[140.65697768638876,40.72361334438982],[140.79334548424032,40.74948843594255],[141.15255263756063,40.865417085844896],[141.0766401619747,41.102138124663256],[140.936823877795,41.1146617757863],[140.77450087974813,41.25522574063005],[141.0870161385372,41.44161947842302],[141.28579238365438,41.371539674956225],[141.43688491295126,41.26935537930193],[141.44829848717,41.179713808257006],[141.44120315025594,40.78918036099138],[141.4671430916622,40.5140872823781],[141.56624892662313,40.456718050200365],[141.67560866783407,40.316222749907396],[141.99811843345907,39.671989046294115],[141.9985151619747,39.448878847319506],[141.88782790611532,39.12996634121599],[141.5685835213497,38.785209261137865],[141.467097315295,38.58749350186052],[141.496394190295,38.42189749355974],[141.42873671959188,38.389918886382006],[141.0966596932247,38.26184424038591],[141.02447036217,38.2107425558156],[140.95058730552938,38.12141378994646],[140.87221816490438,37.91744955654802],[140.88086989830282,37.73915060635271],[140.92322829674032,37.62462195034685],[140.98220351646688,37.26819952603044],[140.96393874595907,36.95626028652849],[140.65560439537313,36.618312441069506],[140.54662612388876,36.287223421294115],[140.55544570396688,35.969142519194506],[140.6447553963497,35.835753999907396],[140.83425429771688,35.677123628813646],[140.5568647713497,35.5430065023488],[140.4699049324825,35.485587679106615],[140.39493850181844,35.40912207241716],[140.31661513756063,35.03381689663591],[139.83010390709188,34.835982881743334],[139.78809646080282,34.96284445400896],[139.92046645592,35.261901460844896],[140.00289443443563,35.497359834868334],[139.91370681236532,35.55441244717302],[139.68267348717,35.44583090420427],[139.42260268638876,35.165511690337084],[139.20864394615438,35.16507300015154],[139.0529127449825,35.024886690337084],[139.02283767174032,34.68834265347185],[138.86382583092,34.5674320089406],[138.77944472740438,34.579948030669115],[138.74982741783407,34.649703584868334],[138.75103286217,34.92264898892107],[138.68374160240438,34.99233969326677],[138.5889692635372,34.97309073086443],[138.45016005943563,34.9029918539113],[138.29520705650594,34.763026796538256],[138.14905837486532,34.5278812276906],[137.75918105552938,34.55247076626482],[137.53174880455282,34.52661856289568],[137.2482252449825,34.48160894985857],[137.04178908775594,34.72873648281755],[136.73385146568563,34.87408789272966],[136.61693862388876,34.759601198393725],[136.58658889244344,34.67703207607927],[136.5070600838497,34.51817663784685],[136.52367690513876,34.49281271572771],[136.71134475181844,34.40433844204607],[136.89858535240438,34.25873144741716],[136.76687148521688,34.16959723110857],[136.39376357506063,34.11170538540544],[136.19922927330282,34.00339087124529],[135.99099257896688,33.72367437954607],[135.755671534045,33.34231527920427],[135.44600966881063,33.50672491665544],[135.1915083260372,33.60141714688005],[135.0629225106075,33.69002493496599],[135.05695632408407,33.76618918057146],[134.96924880455282,34.13417013760271],[135.013972315295,34.204093538481615],[135.23673537681844,34.35053595181169],[135.31702712486532,34.471313081938646],[135.28681472252157,34.5981937276906],[135.20571425865438,34.617084108549975],[134.93567946861532,34.54035147305193],[134.78246596763876,34.55273779507341],[134.42731765220907,34.62817724819841],[134.21349624107626,34.570617281157396],[134.02172378013876,34.46866949673357],[133.8252973885372,34.385741792876146],[133.70426467369344,34.429931246001146],[133.58913711021688,34.442374788481615],[132.84772780845907,34.26313360806169],[132.4811811775997,34.12908514614763],[132.3866529793575,34.268539034087084],[132.18348220299032,34.287170015532396],[131.99730971763876,34.09000738735857],[131.99495986412313,33.80434378262224],[131.65487197349813,33.91156347866716],[131.39416030357626,33.93642386074724],[130.89904311607626,33.90366705532732],[130.77932265709188,33.966903291899584],[130.8116255135372,34.1193118917531],[130.89232924888876,34.24644049282732],[131.10976699302938,34.24053534146013],[131.33410170982626,34.291774355132006],[131.67228225181844,34.501952730376146],[132.66285232017782,35.38062628384294],[132.78869155357626,35.38724859829607],[132.980769190295,35.444869600493334],[133.0062055916622,35.254149996001146],[133.2286177010372,35.31183584805193],[133.8040571541622,35.427482210356615],[134.2235670418575,35.4537731039113],[134.7558393807247,35.531173311430834],[135.15697768638876,35.646468721587084],[135.18804458092,35.443011842924975],[135.35766128013876,35.32253988857927],[135.4324751229122,35.360839449126146],[135.72710708092,35.45048102017107],[135.928034815295,35.60351904507341],[135.92652419517782,35.76252707119646],[135.9778852791622,35.97254904385271],[136.18726638267782,36.20200308438005],[136.50152114342,36.46351202603044],[136.66849807213094,36.66749533291521],[136.64042190025594,37.17027624722185],[136.7218580574825,37.26593359585466],[136.810847315295,37.31068380947771]]]]}},{"type":"Feature","properties":{"NAME":null,"ABBREVN":null,"INFO_UR":null,"SUBJECTO":null,"BORDERPRECISION":1,"PARTOF":null},"geometry":{"type":"MultiPolygon","coordinates":[[[[-81.66258713284375,22.506841264680666],[-82.04057022610547,22.38526877017383],[-82.17722794058918,22.365911088950416],[-82.17722794105266,22.365911089140795],[-82.04057022620891,22.38526877041521],[-81.66258713299554,22.506841264906498],[-81.66258713284375,22.506841264680666]]],[[[-84.58989426185344,21.91581305142107],[-84.37717911292766,22.056123338896654],[-84.43468948890423,22.322982393462084],[-84.30804153968548,22.494884096342943],[-84.2564363150761,22.53948553677263],[-83.69038864661907,22.814033113676928],[-82.95926376868938,23.025355898100756],[-82.43556686927532,23.064595781523607],[-82.05677506019329,23.135327898222826],[-81.68569656898235,23.117036424834154],[-81.43114944984173,23.136655412871264],[-81.10255905677532,23.061061464507006],[-80.72121902991985,23.023728929716967],[-80.44970413734173,22.935313783842943],[-80.1989640860722,22.884994112212084],[-79.98462387611126,22.879092775542162],[-79.75995346595501,22.758782945830248],[-79.50222488929485,22.51777800198259],[-79.33041855384563,22.403718553740404],[-79.06898972083782,22.32799109097185],[-78.72328659583782,22.27787359829607],[-78.17056747962688,22.120128236967943],[-77.71176621009563,21.89862974758806],[-77.5078019766972,21.75921209927263],[-77.33981796790813,21.511664949614428],[-77.19125839759563,21.4484134542531],[-76.97576614906048,21.429809175688646],[-76.20890518714641,21.196246706206225],[-75.75090500404094,21.120944582182787],[-75.60392471839641,21.013194643217943],[-75.6039247184648,21.013194643102526],[-75.7509050039375,21.12094458194141],[-76.20890518704297,21.196246705964846],[-76.97576614895704,21.429809175447268],[-77.19125839749219,21.44841345401172],[-77.33981796780469,21.51166494937305],[-77.50780197659375,21.759212099031252],[-77.71176620999219,21.898629747346682],[-78.17056747952344,22.120128236726565],[-78.72328659573438,22.27787359805469],[-79.06898972073438,22.32799109073047],[-79.33041855374219,22.403718553499026],[-79.50222488919141,22.517778001741213],[-79.75995346585157,22.75878294558887],[-79.98462387600782,22.879092775300784],[-80.19896408596875,22.884994111970705],[-80.44970413723829,22.935313783601565],[-80.72121902981641,23.02372892947559],[-81.10255905667188,23.061061464265627],[-81.36276706801664,23.120923686012283],[-81.43114944973829,23.136655412629885],[-81.68569656887891,23.117036424592776],[-82.05677506008985,23.135327897981448],[-82.43556686917188,23.06459578128223],[-82.95926376858594,23.025355897859377],[-83.69038864651563,22.81403311343555],[-84.25643631497266,22.539485536531252],[-84.30804153958204,22.494884096101565],[-84.43468948880079,22.322982393220705],[-84.37717911282422,22.056123338655276],[-84.58989426175,21.91581305117969],[-84.70640274541618,21.769591890567792],[-84.70640274574016,21.769591890532396],[-84.58989426185344,21.91581305142107]]],[[[-75.06188675452923,20.69652136440935],[-74.83906265784954,20.620719515044115],[-74.6108293204472,20.44957312222185],[-74.34484573890423,20.32301291104021],[-74.17339035560344,20.189893327910326],[-74.17339035574442,20.189893327858716],[-74.34484573880079,20.32301291079883],[-74.61082932034375,20.44957312198047],[-74.8390626577461,20.620719514802737],[-75.06188675442579,20.69652136416797],[-75.40194412747266,20.664010606721682],[-75.65366074124219,20.682548128083987],[-75.75852676907422,20.752248369172854],[-75.75852676900084,20.75224836929671],[-75.65366074134563,20.682548128325365],[-75.4019441275761,20.66401060696306],[-75.06188675452923,20.69652136440935]]],[[[-77.17660996009563,20.355134569365404],[-77.0987291007614,20.533275209530938],[-77.09872910061719,20.533275209382815],[-77.17660995999219,20.355134569124026],[-77.5041017202461,20.07475432010059],[-77.6629533435992,19.902789674911933],[-77.6629533438847,19.902789674956225],[-77.50410172034954,20.074754320341967],[-77.17660996009563,20.355134569365404]]],[[[-78.45036026520705,20.969003282710933],[-78.45036026527141,20.96900328274431],[-78.51363083411103,21.305766664659515],[-78.51363083401563,21.30576666446094],[-78.45036026520705,20.969003282710933]]]]}},{"type":"Feature","properties":{"NAME":null,"ABBREVN":null,"INFO_UR":null,"SUBJECTO":null,"BORDERPRECISION":1,"PARTOF":null},"geometry":{"type":"MultiPolygon","coordinates":[[[[-71.22025772620891,19.833875261504076],[-71.04739090491985,19.910516344267748],[-70.88160416175579,19.929931246001146],[-70.81868454505657,19.841085039336107],[-70.7388810782597,19.790402971465014],[-70.28918930579876,19.651521288115404],[-69.99339005042766,19.68393477078142],[-69.89751907874798,19.5061527120656],[-69.74663254310344,19.353932939726732],[-69.50909134437298,19.20824011440935],[-69.35819717933391,19.17041929836931],[-69.06877609779094,19.075702272612475],[-68.6568498282597,18.873176180083178],[-68.47713181068157,18.714660249907396],[-68.37292954017376,18.57504042263689],[-68.37292954021984,18.575040422595862],[-68.47713181057813,18.714660249666018],[-68.65684982815625,18.8731761798418],[-69.0687760976875,19.075702272371096],[-69.35819717923047,19.170419298127932],[-69.50909134426954,19.20824011416797],[-69.746632543,19.353932939485354],[-69.89751907864454,19.50615271182422],[-69.99339005032422,19.68393477054004],[-70.28918930569532,19.651521287874026],[-70.73888107815625,19.790402971223635],[-70.81868454495313,19.84108503909473],[-70.88160416165235,19.929931245759768],[-71.04739090481641,19.91051634402637],[-71.22025772610547,19.833875261262698],[-71.37389847317579,19.83353766055469],[-71.550587621125,19.89672239871387],[-71.77705856839063,19.771005235627932],[-71.84328934231641,19.730846010164065],[-72.10268875637891,19.755714021638674],[-72.58875748196485,19.88816984744434],[-72.94038864651563,19.944619737581057],[-73.26623245755079,19.918500505403323],[-73.42115494290235,19.873681627229494],[-73.47450729885938,19.835433565095705],[-73.49257370507716,19.752753816707955],[-73.49257370521282,19.752753816801928],[-73.47450729896282,19.835433565337084],[-73.42115494300579,19.873681627470873],[-73.26623245765423,19.9185005056447],[-72.94038864661907,19.944619737822435],[-72.58875748206829,19.888169847685717],[-72.10268875648235,19.755714021880053],[-71.84328934241985,19.730846010405443],[-71.77705856849407,19.77100523586931],[-71.55058762122844,19.896722398955248],[-71.37389847327923,19.83353766079607],[-71.22025772620891,19.833875261504076]]],[[[-74.42400070716594,18.612981401640795],[-74.30322739173626,18.695867143828295],[-73.83023544837688,18.6523872243947],[-73.54631516029094,18.60214003201189],[-73.04026505042766,18.52694471951189],[-72.74589249183391,18.50850065823259],[-72.47153946449016,18.591725908476732],[-72.29777237478154,18.662015520238477],[-72.29777237454297,18.66201552005176],[-72.47153946438672,18.591725908235354],[-72.74589249173047,18.508500657991213],[-73.04026505032422,18.52694471927051],[-73.5463151601875,18.60214003177051],[-73.83023544827344,18.652387224153323],[-74.30322739163282,18.695867143586916],[-74.4240007070625,18.612981401399416],[-74.44179245510281,18.523953996647094],[-74.44179245521282,18.52395399685564],[-74.42400070716594,18.612981401640795]]],[[[-72.67646500161638,19.392179094447286],[-72.6764650014961,19.39217909427051],[-72.7593583730756,19.074191652263615],[-72.75935837318157,19.074191652495287],[-72.67646500161638,19.392179094447286]]]]}},{"type":"Feature","properties":{"NAME":null,"ABBREVN":null,"INFO_UR":null,"SUBJECTO":null,"BORDERPRECISION":1,"PARTOF":null},"geometry":{"type":"MultiPolygon","coordinates":[[[[120.36362746666221,14.530945383269213],[120.30511001060752,14.57529219265642],[119.9716825814083,14.90490301724138],[119.77184585045127,15.469834886748217],[119.78871444175986,15.660442911345385],[119.81296065758018,15.978120409209154],[119.68141463707236,16.187451921660326],[119.76202681968955,16.35914000149431],[120.20210555504111,16.042466722685717],[120.29312423179893,16.233226381499193],[120.30344680259971,16.41746290798845],[120.25812819908408,16.61428793545427],[120.24656203697471,16.874698244292162],[120.31154159019736,17.071763597685717],[120.32303145836143,17.370326601225756],[120.35980514000205,17.757880769926928],[120.39307692955283,18.04379232998552],[120.56437209556846,18.43162306423845],[120.64886764000205,18.488971315581225],[120.8004179329708,18.55281790371599],[121.03637221763877,18.527911745268725],[121.58078292320518,18.294051729399584],[121.8398466439083,18.275552355009935],[121.92465499351768,18.37100752468767],[122.04959395836143,18.447494112212084],[122.13901046226768,18.384166322905443],[122.14715102623252,18.206330858427904],[122.02781203697471,18.00917204495134],[122.00743392418174,17.793162904936693],[122.07029250572471,17.43757780667009],[122.31363967369346,17.260247789580248],[122.39557937095908,17.114329897124193],[122.20331099937705,16.542222582060717],[122.06395247886924,16.33230360623064],[121.6886015267208,16.058362566191576],[121.43898299644736,15.918075166899584],[121.40227034996299,15.873532854277514],[121.4035673470333,15.75283297177019],[121.36817458580283,15.498668276030443],[121.24220565269736,15.30783327694597],[121.29929641197471,15.212662302214525],[121.4568128914669,14.882681451994799],[121.61163619468955,14.38752134915056],[121.72879317711143,14.108259760100267],[121.7704115242794,14.09564360256853],[121.97345260093955,13.949970804411791],[122.1065931649044,13.918491922575853],[122.17925551842002,14.064768396574877],[122.39741042564658,14.306631647307299],[122.4864759774044,14.319521509367846],[122.67462447593955,14.269106470305346],[122.77617171715049,14.174032770354174],[122.85634139488486,13.888343416411303],[122.98506453941611,13.729808412749193],[123.13177016685752,13.692007623869799],[123.35920241783408,13.952952943999193],[123.63851455162315,13.832856737334154],[123.70189956138877,13.820275865752123],[123.73689559410361,13.763187013823412],[123.66124251793174,13.693143449980639],[123.49137404869346,13.622900568205736],[123.39762404869346,13.527418695647142],[123.81889632652549,12.97563227291765],[123.67696670006065,12.892744623381517],[123.42121413658408,12.981134020048998],[123.23898604820518,13.02520903225603],[123.19697097252158,13.24111422177019],[123.09369185875205,13.380644403654955],[122.82416060875205,13.621467195708178],[122.48540786217002,13.88120039578142],[122.36934188316611,13.880951486784838],[122.32527450035361,13.77921064968767],[122.49199965904502,13.430172525603197],[122.39409163902549,13.30291327114763],[122.06729415367393,13.65160997982683],[121.62493422935752,13.89840944882097],[121.48617080162315,13.891750894743822],[121.33172133873252,13.827899538237475],[121.24972060631065,13.71338041897478],[121.18709853599815,13.681481920439623],[121.00936416099815,13.655685030180834],[120.86451247642783,13.757016740996264],[120.59850600670127,13.921617113310717],[120.51063064049033,14.112003885466478],[120.79860213707236,14.385773264128588],[120.94382003258018,14.290805422026537],[121.10496810386924,14.253032289702318],[121.28544143150596,14.34235819454851],[121.21723464439658,14.418434702116869],[120.89658645103721,14.551147066313646],[120.70640853355674,14.728614412505053],[120.47143081138877,14.804338060576342],[120.36362746666221,14.530945383269213]]],[[[121.09403518150596,12.201097093779467],[120.89078811119346,12.365831934172533],[120.73374465416221,12.549723230559252],[120.71095565269736,12.651321016508959],[120.54695418785361,13.152829729277514],[120.34050277183799,13.387433611113451],[120.6485853524044,13.413506113249682],[121.03917983482627,13.407996736723803],[121.1806669564083,13.332071863371752],[121.30447677086143,13.129049860197924],[121.31683639000205,12.741561495024584],[121.27363875816611,12.52547415371599],[121.17732528160361,12.39820536251726],[121.09403518150596,12.201097093779467]]],[[[125.32305434654502,11.12385233517351],[125.06995681236533,11.244016252715014],[124.9897718758419,11.358191095549486],[124.88334182213096,11.43420275326433],[124.85420516441611,11.491314493376635],[124.91656020592002,11.643918596465014],[124.8754911751583,11.834406458098314],[124.62806991050986,11.992697321135424],[124.33040908287315,12.208060823637865],[124.26404860924033,12.417557321745775],[124.49450210045127,12.462519251067064],[124.95213607261924,12.527031503874682],[125.11906722496299,12.476568781096361],[125.24640944908408,12.292607866484545],[125.27772811363486,11.924222551543139],[125.33314803550986,11.562225900847338],[125.44868758629111,11.206709467131517],[125.39841750572471,11.149427019316576],[125.32305434654502,11.12385233517351]]],[[[121.87300399254111,10.468407236296557],[121.88314345787315,10.627257906157396],[121.96631911705283,11.230978571135424],[121.99363997886924,11.758330904204271],[122.21063521812705,11.580912195403002],[122.47016433189658,11.454417787749193],[122.63502028892783,11.442058168608568],[122.9199247689083,11.525263391692064],[122.93236068199424,11.3283544408864],[122.89682296226768,11.150391184050463],[122.78874495933799,11.029453836638353],[122.70619491050986,10.940329157072924],[122.29727462242393,10.647209726530932],[121.87300399254111,10.468407236296557]]],[[[118.86455062340049,10.02356108303728],[118.69967177818565,10.035908304411791],[118.75656417320518,10.169449411589525],[118.84784224937705,10.214116655547045],[118.9891615242794,10.392306886870287],[119.10811904381065,10.627629839140795],[119.14522078941611,10.900896631438158],[119.20700362633018,11.129742227751635],[119.35385421226768,11.212639414030932],[119.41674331138877,11.13018950100603],[119.34453872154502,11.002969347197435],[119.4688978524044,10.755472742278002],[119.56431106041221,10.501556955534838],[119.51552108238486,10.450623117644213],[119.21700576256065,10.29114969845476],[119.03380111168174,10.125577532011889],[118.86455062340049,10.02356108303728]]],[[[122.94163039634971,9.047589861113451],[122.76859572838096,9.21239813442888],[122.39562514732627,9.478434168059252],[122.3031263680294,9.649777017790697],[122.34745315025596,9.815056406218432],[122.60209945152549,9.910903536040209],[122.70073989342002,10.03183230038347],[122.92015365074424,10.851844392973803],[123.11761764000205,10.934868417937182],[123.23906997154502,10.922424875456713],[123.29033950279502,10.865350328642748],[123.31205275963096,10.738339983183764],[123.14426711509971,10.331377588469408],[123.10443404625205,10.229646288115404],[122.96222213218955,9.594010912138842],[123.03656295250205,9.46075590725603],[123.13299849937705,9.25130709286394],[123.03712752769736,9.066852174956225],[122.94163039634971,9.047589861113451]]],[[[117.27061751793174,8.45083101864519],[117.1278105110958,8.469577394682787],[117.22448256920127,8.685808740813158],[117.37879470299033,8.895802103239916],[117.5358915657833,9.048627458769701],[117.80207351158408,9.208031259734057],[118.0885038704708,9.431024156767748],[118.50806716392783,9.921140276152514],[118.55771163414268,9.673459612090014],[118.50457290123252,9.482750498015307],[118.3845472664669,9.349073015410326],[118.2762708992794,9.266241632658861],[118.04424575279502,9.170442186552904],[117.9671888680294,9.11309393521013],[117.85714248131065,8.833304964262865],[117.7100859017208,8.712273203093432],[117.44408706138877,8.635461412627123],[117.27061751793174,8.45083101864519]]],[[[126.04523757408408,6.608192526060961],[125.95463088463096,6.652467809874437],[125.91082290123252,6.849339567381762],[125.74777511070518,7.185722433287523],[125.61458114097861,7.236262880522631],[125.44320968101768,6.962694250304125],[125.28043654869346,6.593827806670092],[125.39131453941611,6.422524057585619],[125.46597579429893,6.24478157635393],[125.53285506675986,5.939940534788988],[125.4614515633419,5.717408262450121],[125.28927138756065,5.488303266722582],[125.15203383873252,5.602373682219408],[125.07284835289268,5.722916685301684],[125.16346267174033,5.907373033720873],[125.12945846031455,6.053437315184496],[124.96576980064658,6.084847532469652],[124.8030042977169,5.785874448973559],[124.72530654381065,5.811126314360521],[124.22405532310752,6.089605890471361],[123.97346023033408,6.336855493742846],[123.88060286949424,6.565385423857592],[123.86417678306846,6.851268373686693],[124.07358077476768,7.258353792387865],[124.0247831673458,7.474268041808031],[123.81526473472861,7.658065401274584],[123.46498397300986,7.790728651244066],[123.33368209312705,7.77139004345598],[123.3061552376583,7.695080839354418],[123.24790481041221,7.593303285796068],[123.0229750008419,7.478448950011156],[122.72541335533408,7.452396951872728],[122.71332076500205,7.674750887114428],[122.63507369468955,7.782581411559008],[122.45516494224815,7.693248354155443],[122.22833541343955,7.26072224255266],[121.99187758873252,6.872631155211351],[121.89360335777549,6.910547815520189],[121.83990767906455,6.967609964568041],[121.82449630211143,7.05652245159807],[121.84884932945518,7.196360670287035],[122.01048568199424,7.533452116209887],[122.09366897056846,7.775066934782885],[122.2116957039669,7.902391992766283],[122.38402846763877,7.985355936247728],[122.63799575279502,8.004962526518725],[122.73632338951377,8.062362276274584],[122.79649642418174,8.272155367094896],[122.88876632164268,8.342245660979174],[123.13582137535361,8.450786195952318],[123.48587325523643,8.496016107756517],[123.6169462532833,8.33746203060808],[123.66279891441611,8.013531290251635],[123.80546859215049,8.0837255346364],[124.02393630455283,8.109618746001146],[124.11720565269736,8.192410074431322],[124.21039870689658,8.446743570525072],[124.37160018394736,8.561454378325365],[124.58719161461143,8.466619096953295],[124.67058089683799,8.428687654692553],[124.74164107750205,8.918048464018725],[124.87212661217002,8.924685083586596],[124.9908705086544,8.715273462492846],[125.13256362388877,8.931600176054857],[125.22484878013877,8.995329462248705],[125.40131667564658,8.951235376555346],[125.46097091148643,9.053023897368334],[125.43950179527549,9.370639406401537],[125.36229232261924,9.624602876860521],[125.42805007408408,9.783579431731127],[125.61384108970908,9.53620585079851],[125.93394759605674,9.174750887114428],[126.03708938072471,8.958961092192553],[126.0746107430294,8.812918268401049],[125.92319777916221,8.482217394072435],[126.02999404381065,8.380792223173998],[126.2718763680294,8.425783716399096],[126.3063001961544,8.235264383513353],[126.25448897789268,8.0445409643239],[126.27994063804893,7.733274065215014],[126.37267592857627,7.536518655974291],[126.37203505943565,7.339562021452807],[126.32172683189658,7.148838602263353],[126.19462874840049,6.888064943510912],[126.04523757408408,6.608192526060961]]]]}},{"type":"Feature","properties":{"NAME":null,"ABBREVN":null,"INFO_UR":null,"SUBJECTO":null,"BORDERPRECISION":1,"PARTOF":null},"geometry":{"type":"MultiPolygon","coordinates":[[[[-78.0864152579472,18.478032671172045],[-77.7694978385136,18.510497652251146],[-77.1558503775761,18.397386156279467],[-76.71915909339641,18.239417635161303],[-76.42635056068157,18.11926420803728],[-76.30068680335735,17.99240645046892],[-76.30068680338024,17.992406450355077],[-76.42635056057813,18.1192642077959],[-76.71915909329297,18.239417634919924],[-77.15585037747266,18.39738615603809],[-77.76949783841016,18.510497652009768],[-78.08641525784375,18.478032670930666],[-78.32486435448064,18.350404344537562],[-78.32486435462688,18.35040434475603],[-78.0864152579472,18.478032671172045]]]]}},{"type":"Feature","properties":{"NAME":null,"ABBREVN":null,"INFO_UR":null,"SUBJECTO":null,"BORDERPRECISION":1,"PARTOF":null},"geometry":{"type":"MultiPolygon","coordinates":[[[[175.30768874595907,-37.32097665194807],[175.63996413658407,-37.40969125155745],[175.64364150474813,-37.30753365878401],[175.53469375084188,-37.071548856537916],[175.55790236900594,-36.94383279208479],[175.66268447349813,-36.949993528168775],[175.83767226646688,-37.02623406771956],[176.00445083092,-37.36425439242659],[176.12923720787313,-37.798233426850416],[176.345515284045,-37.87444344882307],[177.13422683189657,-38.185852445405104],[177.36182692955282,-38.23650781039534],[177.52839187095907,-38.20421639804182],[177.8428755135372,-37.98638574008284],[178.24128249595907,-37.83227959994612],[178.42129043052938,-37.84468499545393],[178.56916335533407,-37.92103997592268],[178.5994673104122,-38.12538567904768],[178.58903029869344,-38.214844144623854],[178.40819838951376,-38.771152890961744],[178.2806196541622,-38.80336419467268],[177.93851760338094,-38.82961694125471],[177.92238906334188,-39.136482633393385],[177.86670974205282,-39.206924833100416],[177.67611220787313,-39.22009698275862],[177.34029677818563,-39.22716561679182],[177.14600661705282,-39.317058957856275],[177.02379897545126,-39.445198453705885],[177.04207900474813,-39.617805875580885],[177.15656569908407,-39.854221738617994],[177.1557417244747,-39.95016518954573],[177.08747390220907,-40.039917386811354],[176.7964887947872,-40.271404660981275],[176.39216140220907,-40.779243863862135],[176.01143935631063,-41.255344785492994],[175.67106154869344,-41.51956216220198],[175.36527541588094,-41.66161385897932],[175.213679346545,-41.584759153168775],[175.0021772713497,-41.44375649813948],[174.89535048912313,-41.296142972748854],[174.92072585533407,-41.154724515717604],[175.05021193931844,-40.981033719819166],[175.1884107918575,-40.678955472748854],[175.3673658699825,-40.4539417398387],[175.35358718345907,-40.29998055819807],[175.231745752795,-40.24248162631331],[174.8893385262325,-39.980301297944166],[174.69996169517782,-39.89754144076643],[174.43310073326376,-39.814922727387525],[173.99210647056844,-39.6111568582469],[173.85465529869344,-39.49633447055159],[173.80480483482626,-39.41970483187971],[173.84127334068563,-39.36209908847151],[174.02991774986532,-39.29137078646956],[174.65473464439657,-38.983257688325025],[174.7486372322872,-38.75298348788557],[174.71345046470907,-38.439922727387525],[174.75260451744344,-38.29928246859846],[174.93065932701376,-38.10088387851057],[174.945124659045,-37.92838326815901],[174.72805312584188,-37.55202523593245],[174.76465896080282,-37.296543515961744],[174.69411757896688,-37.156963743012525],[174.47855666588094,-36.862217344086744],[174.22005752037313,-36.55700341586409],[174.26577285240438,-36.4833492410594],[174.2006635994747,-36.34655038241682],[174.06983474205282,-36.18872491244612],[173.91857436607626,-36.1045650613719],[173.78803542564657,-36.030918515961744],[173.84070876549032,-36.136124051850416],[174.06440261314657,-36.367596067231275],[174.08654311607626,-36.43072930697737],[174.0104780525997,-36.43072930697737],[173.9156294197872,-36.30446282748518],[173.67898086021688,-36.020401395600416],[173.39931777427938,-35.673286832612135],[173.16649917076376,-35.420879758637525],[173.16665175865438,-35.36830941561995],[173.046198877795,-35.25264397982893],[173.06441787193563,-35.18956033114729],[173.070124659045,-35.12646905307112],[173.04848769615438,-35.042366422455885],[172.95980361412313,-34.86389581088362],[172.78921035240438,-34.674961484711744],[172.63320449302938,-34.55950204257307],[172.70669082115438,-34.538513578217604],[172.79877761314657,-34.58049432162581],[172.9603071541622,-34.55950204257307],[173.01917556236532,-34.51752129916487],[173.05665114830282,-34.64347115878401],[172.98963454674032,-34.72744408969221],[173.07316115806844,-34.86389581088362],[173.15272048424032,-34.95835915927229],[173.22787002037313,-35.01083413485823],[173.33034804771688,-35.0844234598094],[173.34878066490438,-35.02133981112776],[173.46961501549032,-35.03185311679182],[173.70296767662313,-35.147503293793775],[173.8917799324825,-35.20006982211409],[174.0152387947872,-35.23161355380354],[174.07299331138876,-35.34727898959456],[174.06791213463094,-35.41037026767073],[174.15127089927938,-35.420879758637525],[174.21686843345907,-35.336765683930494],[174.3001509041622,-35.34727898959456],[174.29015639732626,-35.420879758637525],[174.39191726158407,-35.57863274936018],[174.50382522056844,-35.66276971225081],[174.60903457115438,-35.788982785981275],[174.52820876549032,-35.79950372103987],[174.49393752525594,-35.87312737826643],[174.53568557213094,-35.94677010897932],[174.4266920418575,-35.936252988617994],[174.34789565513876,-35.91520730380354],[174.41205886314657,-35.96780434970198],[174.52514174888876,-36.0519642007762],[174.6288862557247,-36.157165921967604],[174.78687575767782,-36.28341714267073],[174.81548598717,-36.38864175204573],[174.82378676842,-36.4833492410594],[174.70637038658407,-36.46229974154768],[174.74958327720907,-36.5359615457469],[174.85726455162313,-36.693821347992994],[174.97265151451376,-36.778015531342604],[174.84105971763876,-36.78854028109846],[174.73946670006063,-36.78854028109846],[174.64712050865438,-36.767490781586744],[174.64481643150594,-36.8306392801219],[174.78237441490438,-36.89379540805159],[174.92827895592,-36.9674801004344],[174.88741591881063,-37.06221429232893],[174.98006728599813,-37.08327142123518],[175.0990553231075,-37.07274285678206],[175.20075515220907,-37.07274285678206],[175.30092910240438,-37.13591042880354],[175.249323877795,-37.16749230746565],[175.23517898033407,-37.2306636941844],[175.24663833092,-37.29382745150862],[175.30768874595907,-37.32097665194807]]],[[[172.06266311119344,-43.92314187411604],[172.02347854088094,-43.99422875766096],[171.772273096545,-44.05283395175276],[171.63337233970907,-44.18224374179182],[171.48842910240438,-44.2277340066844],[171.3778639168575,-44.337749875825025],[171.06617263267782,-44.228577054780104],[170.99416640709188,-44.267464078705885],[171.06153396080282,-44.36422387484846],[171.2546186775997,-44.55120126132307],[171.19123366783407,-44.62887612704573],[171.20031264732626,-44.745186246674635],[171.17121413658407,-44.93920556430159],[171.07332900474813,-44.907059110444166],[170.63405898521688,-44.862671293061354],[170.82223037193563,-44.96576348666487],[171.02447036217,-45.07543221835432],[170.89919570396688,-45.29618874911604],[170.70702651451376,-45.69900552157698],[170.61156753013876,-45.946060575287916],[170.42374709556844,-46.089432157319166],[170.12079909752157,-46.24608651522932],[170.04410842369344,-46.35682336215315],[169.9273481697872,-46.42211190585432],[169.66628554771688,-46.52675668124495],[169.39930251549032,-46.70957223300276],[169.22016433189657,-46.716431058686354],[168.6996412606075,-46.60026971225081],[168.4173384041622,-46.65102807406721],[168.15406325767782,-46.451633847992994],[167.78841689537313,-46.38078729037581],[167.62049392174032,-46.35065118197737],[167.5475416512325,-46.21213570956526],[167.33755019615438,-46.168411649506666],[167.22912124107626,-46.23227731112776],[167.20162490318563,-46.30776254061995],[166.85045913170126,-46.350105680268385],[166.7540846199825,-46.2755970132762],[166.522761377795,-46.23272363070784],[166.4569654793575,-46.104099668305494],[166.65128615806844,-46.06436196688948],[166.551081690295,-45.967075742524244],[166.69900039146688,-45.91479150180159],[166.84391311119344,-45.91450921420393],[166.64028457115438,-45.69710198764143],[167.00948623131063,-45.816727079194166],[166.80066970299032,-45.557381070893385],[166.85525039146688,-45.492371000092604],[167.28119948814657,-45.56292382602034],[167.31806472252157,-45.50443307284651],[167.25492385338094,-45.42667428378401],[167.16430190513876,-45.32952538852034],[167.13749221275594,-45.19984856967268],[167.26479628990438,-45.06343499545393],[167.52096084068563,-44.95286980990706],[167.66862014244344,-44.78448907260237],[167.92080214927938,-44.61595193270979],[167.96671584556844,-44.480179227631666],[168.41573623131063,-44.2209095132762],[168.9137525887325,-44.097229398530104],[169.23456862877157,-43.948128141205885],[169.47913649986532,-43.78627816561995],[169.64876845787313,-43.740757383149244],[169.95685866783407,-43.48210183505354],[169.9869947762325,-43.35950890902815],[170.20296767662313,-43.22367135409651],[170.37092116783407,-43.21688882235823],[170.72492507408407,-43.06791726474104],[171.02405837486532,-42.886883176606275],[171.08063796470907,-42.7901119363719],[171.07711318443563,-42.71282235507307],[171.1967573494747,-42.64817849520979],[171.3984175057247,-42.5125354898387],[171.34907058189657,-42.28728906039534],[171.38357070396688,-42.19066659335432],[171.4583540291622,-41.99285165194807],[171.59553054283407,-42.01406518344221],[171.62548354576376,-41.94566766146956],[171.88659194420126,-41.82936898593245],[172.08680251549032,-41.70677605990706],[172.1478834481075,-41.57805673007307],[172.20707229088094,-41.044536985200025],[172.43737319420126,-40.75310174350081],[172.60465529869344,-40.77401772860823],[172.76903823326376,-40.84837380770979],[172.78370192955282,-40.964851774018385],[172.93526748131063,-40.99169579867659],[173.01925185631063,-41.075027860444166],[173.1232252449825,-41.434673703950025],[173.26403335045126,-41.543674863617994],[173.701472315295,-41.253555692475416],[173.89333632896688,-41.24032250766096],[174.05849746177938,-41.29139367465315],[174.15824416588094,-41.516155637543775],[174.0691938729122,-41.695923246186354],[174.20362380455282,-41.88905755404768],[174.23354628990438,-42.01123467807112],[173.95861342857626,-42.3078235757762],[173.84130385826376,-42.48833886508284],[173.62711623619344,-42.64976922396956],[173.23653701256063,-42.98557320956526],[172.97638991783407,-43.147232450287916],[172.8438520760372,-43.20552483920393],[172.73742202232626,-43.32178155307112],[172.56238845299032,-43.393074430268385],[172.4405317635372,-43.509415067475416],[172.62757399986532,-43.69229928378401],[172.82003310631063,-43.713570035737135],[173.00963881920126,-43.84380380038557],[172.88502028892782,-43.894417203705885],[172.66726211021688,-43.926338590424635],[172.4406080574825,-43.79330102328596],[172.22123244713094,-43.85181847934065],[172.06266311119344,-43.92314187411604]]]]}},{"type":"Feature","properties":{"NAME":null,"ABBREVN":null,"INFO_UR":null,"SUBJECTO":null,"BORDERPRECISION":1,"PARTOF":null},"geometry":{"type":"MultiPolygon","coordinates":[[[[-61.114247289197195,10.821682535368822],[-61.17199036170696,10.720635019499682],[-61.223996129529226,10.690297685820482],[-61.236996617810476,10.629623018462084],[-61.219662633435476,10.516940675932787],[-61.245663609997976,10.477935396391771],[-61.18932434608196,10.308912836272142],[-61.20665833045696,10.11822088833513],[-61.410355535046804,10.048878275114916],[-61.47102829505657,10.053212724882982],[-61.53603836585735,10.03587683315935],[-61.75273224403118,10.053212724882982],[-61.83940979530071,10.03587683315935],[-61.878415074841726,10.057546220976732],[-62.03876968909954,10.057546220976732],[-62.04743668128704,10.083550058562182],[-62.03010269691204,10.11388739224138],[-61.93909164954876,10.126888834196947],[-61.83940979530071,10.187563501555346],[-61.83074280311321,10.226568781096361],[-61.783070531384695,10.217900835234545],[-61.713726964490164,10.213567339140795],[-61.6530542044804,10.278575502592943],[-61.696392980115164,10.404259287077807],[-61.67472168494915,10.460600458342455],[-61.6617211966679,10.542944513518236],[-61.692059484021414,10.599284731108568],[-61.73539825965618,10.659959398466967],[-61.861081090466726,10.681629739958666],[-61.80907532264446,10.724968515593432],[-61.73539825965618,10.733636461455248],[-61.63138290931438,10.746637903410814],[-61.57937714149212,10.78564318295183],[-61.40601822425579,10.776975237090014],[-61.35834595252727,10.794311128813646],[-61.223996129529226,10.824648462492846],[-61.114247289197195,10.821682535368822]]]]}},{"type":"Feature","properties":{"NAME":null,"ABBREVN":null,"INFO_UR":null,"SUBJECTO":null,"BORDERPRECISION":1,"PARTOF":null},"geometry":{"type":"MultiPolygon","coordinates":[[[[-73.11150833656048,-72.7494625223094],[-72.87970444251751,-72.4403804910594],[-72.49335190345501,-72.4403804910594],[-71.95246597816204,-72.20857659701643],[-72.02973648597454,-71.82222405795393],[-73.42059036781048,-71.97676507357893],[-74.34782120277141,-72.20857659701643],[-75.04325577308391,-72.05403558139143],[-75.27505966712688,-71.66768304232893],[-74.65690323402141,-71.43587914828596],[-74.11601730872844,-71.35860864047346],[-72.72516342689251,-71.28133813266096],[-72.10699936439251,-71.04952660922346],[-72.18426987220501,-70.585911191743],[-71.79792496253704,-70.3540996683055],[-71.79792496253704,-69.73594323520003],[-72.39443680335735,-69.26145593051253],[-71.95246597816204,-69.04051629428206],[-71.41157242347454,-68.88597527865706],[-70.71614548255657,-68.80870477084456],[-70.3298005728886,-68.96324578646956],[-69.9434480338261,-69.34959069613753],[-69.47983261634563,-69.96775475863753],[-68.86166855384563,-70.5086406839305],[-68.39805313636516,-71.12679711703596],[-68.62986465980266,-72.05403558139143],[-69.32529160072063,-72.28584710482893],[-70.0207185416386,-72.6721920144969],[-71.56611343909954,-72.7494625223094],[-73.11150833656048,-72.7494625223094]]],[[[-102.55128189613079,-72.13130608920393],[-101.16042801429485,-71.82222405795393],[-99.69230362464641,-71.82222405795393],[-97.21967026283001,-71.82222405795393],[-95.90608688880657,-72.36311761264143],[-97.14239975501751,-72.6721920144969],[-98.83398911048626,-72.52065698031721],[-101.16042801429485,-72.36311761264143],[-102.55128189613079,-72.13130608920393]]],[[[-150.95140549232218,-76.94910851840315],[-150.41414352943156,-76.82971612338362],[-149.78734299232218,-76.88941613559065],[-149.42915817786906,-77.09834710482893],[-150.3246049552128,-77.09834710482893],[-150.95140549232218,-76.94910851840315]]],[[[-55.18492981483196,-80.94006005648909],[-54.953122106091726,-80.39916650180159],[-53.87134262611126,-79.93555108432112],[-52.63502975990032,-79.85828057650862],[-51.70779129554485,-79.78101006869612],[-51.01236435462688,-79.39466515902815],[-50.85782333900188,-78.69923821811018],[-50.239666905896414,-78.39015618686018],[-48.84880920936321,-78.08107415561018],[-46.839798894421804,-78.08107415561018],[-45.758019414441335,-78.08107415561018],[-44.2126245169804,-78.39015618686018],[-43.903546300427664,-79.24012414340315],[-43.903546300427664,-79.78101006869612],[-44.83078476478313,-80.32190362338362],[-50.162396398083914,-80.78551904086409],[-55.18492981483196,-80.94006005648909]]],[[[-164.0580033927128,-79.35602227572737],[-163.5171098380253,-78.9696773660594],[-162.58987900306437,-78.8151363504344],[-160.73540207435343,-79.0469478738719],[-158.80365463783,-79.66510430697737],[-159.20262619544718,-79.88245812777815],[-160.42632004310343,-79.97418633822737],[-162.35806747962687,-79.74237481478987],[-164.0580033927128,-79.35602227572737]]],[[[169.7693891854122,-83.41788903598128],[171.48974135826376,-83.59368554477034],[171.89454177330282,-83.60682336215315],[172.03962233970907,-83.71232262973128],[172.58033278892782,-83.844211972993],[173.62879470299032,-83.88377038363753],[174.58512404869344,-83.88251153353987],[176.93337539146688,-84.0308574808055],[178.30404189537313,-84.18709985141096],[178.81838515709188,-84.16072503451643],[179.16128066490438,-84.17391625766096],[180,-84.34037438754378],[180,-85.31921807650862],[180,-86.31921807650862],[180,-87.31921807650862],[180,-88.31921807650862],[180,-89.31921807650862],[180,-90],[180,-90],[178.7780561775997,-90],[177.7780561775997,-90],[176.7780561775997,-90],[175.7780561775997,-90],[174.7780561775997,-90],[173.7780561775997,-90],[172.7780561775997,-90],[171.7780561775997,-90],[170.7780561775997,-90],[169.7780561775997,-90],[168.7780561775997,-90],[167.7780561775997,-90],[166.7780561775997,-90],[165.7780561775997,-90],[164.7780561775997,-90],[163.7780561775997,-90],[162.7780561775997,-90],[161.7780561775997,-90],[160.7780561775997,-90],[159.7780561775997,-90],[158.7780561775997,-90],[157.7780561775997,-90],[156.7780561775997,-90],[155.7780561775997,-90],[154.7780561775997,-90],[153.7780561775997,-90],[152.7780561775997,-90],[151.7780561775997,-90],[150.7780561775997,-90],[149.7780561775997,-90],[148.7780561775997,-90],[147.7780561775997,-90],[146.7780561775997,-90],[145.7780561775997,-90],[144.7780561775997,-90],[143.7780561775997,-90],[142.7780561775997,-90],[141.7780561775997,-90],[140.7780561775997,-90],[139.7780561775997,-90],[138.7780561775997,-90],[137.7780561775997,-90],[136.7780561775997,-90],[135.7780561775997,-90],[134.7780561775997,-90],[133.7780561775997,-90],[132.7780561775997,-90],[131.7780561775997,-90],[130.7780561775997,-90],[129.7780561775997,-90],[128.7780561775997,-90],[127.77805617759971,-90],[126.77805617759971,-90],[125.77805617759971,-90],[124.77805617759971,-90],[123.77805617759971,-90],[122.77805617759971,-90],[121.77805617759971,-90],[120.77805617759971,-90],[119.77805617759971,-90],[118.77805617759971,-90],[117.77805617759971,-90],[116.77805617759971,-90],[115.77805617759971,-90],[114.77805617759971,-90],[113.77805617759971,-90],[112.77805617759971,-90],[111.77805617759971,-90],[110.77805617759971,-90],[109.77805617759971,-90],[108.77805617759971,-90],[107.77805617759971,-90],[106.77805617759971,-90],[105.77805617759971,-90],[104.77805617759971,-90],[103.77805617759971,-90],[102.77805617759971,-90],[101.77805617759971,-90],[100.77805617759971,-90],[99.77805617759971,-90],[98.77805617759971,-90],[97.77805617759971,-90],[96.77805617759971,-90],[95.77805617759971,-90],[94.77805617759971,-90],[93.77805617759971,-90],[92.77805617759971,-90],[91.77805617759971,-90],[90,-90],[89.79633620689658,-90],[89.77805617759971,-90],[88.77805617759971,-90],[87.77805617759971,-90],[86.77805617759971,-90],[85.77805617759971,-90],[84.77805617759971,-90],[83.77805617759971,-90],[82.77805617759971,-90],[81.77805617759971,-90],[80.77805617759971,-90],[79.77805617759971,-90],[78.77805617759971,-90],[77.77805617759971,-90],[76.77805617759971,-90],[75.77805617759971,-90],[74.77805617759971,-90],[73.77805617759971,-90],[72.77805617759968,-90],[71.77805617759968,-90],[70.77805617759968,-90],[69.77805617759968,-90],[68.77805617759968,-90],[67.77805617759968,-90],[66.77805617759968,-90],[65.77805617759968,-90],[64.77805617759968,-90],[63.77805617759968,-90],[62.77805617759968,-90],[61.77805617759968,-90],[60.77805617759968,-90],[59.77805617759968,-90],[58.77805617759968,-90],[57.77805617759968,-90],[56.77805617759968,-90],[55.77805617759968,-90],[54.77805617759968,-90],[53.77805617759968,-90],[52.77805617759968,-90],[51.77805617759968,-90],[50.77805617759968,-90],[49.77805617759968,-90],[48.77805617759968,-90],[47.77805617759968,-90],[46.77805617759968,-90],[45.77805617759968,-90],[44.77805617759968,-90],[43.77805617759968,-90],[42.77805617759968,-90],[41.77805617759968,-90],[40.77805617759968,-90],[39.77805617759968,-90],[38.77805617759968,-90],[37.77805617759968,-90],[36.77805617759968,-90],[35.77805617759968,-90],[34.77805617759968,-90],[33.77805617759968,-90],[32.77805617759968,-90],[31.77805617759968,-90],[30.77805617759968,-90],[29.77805617759968,-90],[28.77805617759968,-90],[27.77805617759968,-90],[26.77805617759968,-90],[25.77805617759968,-90],[24.77805617759968,-90],[23.77805617759968,-90],[22.77805617759968,-90],[21.77805617759968,-90],[20.77805617759968,-90],[19.77805617759968,-90],[18.77805617759968,-90],[17.77805617759968,-90],[16.77805617759968,-90],[15.77805617759968,-90],[14.77805617759968,-90],[13.77805617759968,-90],[12.77805617759968,-90],[11.77805617759968,-90],[10.77805617759968,-90],[9.77805617759968,-90],[8.77805617759968,-90],[7.77805617759968,-90],[6.77805617759968,-90],[5.77805617759968,-90],[4.77805617759968,-90],[3.77805617759968,-90],[2.77805617759968,-90],[1.77805617759968,-90],[0.77805617759968,-90],[-0.203663793103445,-90],[-1.203663793103445,-90],[-2.203663793103445,-90],[-3.203663793103445,-90],[-4.203663793103445,-90],[-5.203663793103445,-90],[-6.203663793103445,-90],[-7.203663793103445,-90],[-8.203663793103445,-90],[-9.203663793103445,-90],[-10.203663793103445,-90],[-11.203663793103445,-90],[-12.203663793103445,-90],[-13.203663793103445,-90],[-14.203663793103445,-90],[-15.203663793103445,-90],[-16.203663793103445,-90],[-17.203663793103445,-90],[-18.203663793103445,-90],[-19.203663793103445,-90],[-20.203663793103445,-90],[-21.203663793103445,-90],[-22.203663793103445,-90],[-23.203663793103445,-90],[-24.203663793103445,-90],[-25.203663793103445,-90],[-26.203663793103445,-90],[-27.203663793103445,-90],[-28.203663793103445,-90],[-29.203663793103445,-90],[-30.203663793103445,-90],[-31.203663793103445,-90],[-32.203663793103445,-90],[-33.203663793103445,-90],[-34.203663793103445,-90],[-35.203663793103445,-90],[-36.203663793103445,-90],[-37.203663793103445,-90],[-38.203663793103445,-90],[-39.203663793103445,-90],[-40.203663793103445,-90],[-41.203663793103445,-90],[-42.203663793103445,-90],[-43.203663793103445,-90],[-44.203663793103445,-90],[-45.203663793103445,-90],[-46.203663793103445,-90],[-47.203663793103445,-90],[-48.203663793103445,-90],[-49.203663793103445,-90],[-50.203663793103445,-90],[-51.203663793103445,-90],[-52.203663793103445,-90],[-53.203663793103445,-90],[-54.203663793103445,-90],[-55.203663793103445,-90],[-56.203663793103445,-90],[-57.203663793103445,-90],[-58.203663793103445,-90],[-59.203663793103445,-90],[-60.203663793103445,-90],[-61.203663793103445,-90],[-62.203663793103445,-90],[-63.203663793103445,-90],[-64.20366379310344,-90],[-65.20366379310344,-90],[-66.20366379310344,-90],[-67.20366379310344,-90],[-68.20366379310344,-90],[-69.20366379310344,-90],[-70.20366379310344,-90],[-71.20366379310344,-90],[-72.20366379310344,-90],[-73.20366379310344,-90],[-74.20366379310344,-90],[-75.20366379310344,-90],[-76.20366379310344,-90],[-77.20366379310344,-90],[-78.20366379310344,-90],[-79.20366379310344,-90],[-80.20366379310344,-90],[-81.20366379310344,-90],[-82.20366379310344,-90],[-83.20366379310344,-90],[-84.20366379310344,-90],[-85.20366379310344,-90],[-86.20366379310344,-90],[-87.20366379310344,-90],[-88.20366379310344,-90],[-89.20366379310344,-90],[-90,-90],[-91.20366379310344,-90],[-92.20366379310344,-90],[-93.20366379310344,-90],[-94.20366379310344,-90],[-95.20366379310344,-90],[-96.20366379310344,-90],[-97.20366379310344,-90],[-98.20366379310344,-90],[-99.20366379310344,-90],[-100.20366379310344,-90],[-101.20366379310344,-90],[-102.20366379310344,-90],[-103.20366379310344,-90],[-104.20366379310344,-90],[-105.20366379310344,-90],[-106.20366379310344,-90],[-107.20366379310344,-90],[-108.20366379310344,-90],[-109.20366379310344,-90],[-110.20366379310344,-90],[-111.20366379310344,-90],[-112.20366379310344,-90],[-113.20366379310344,-90],[-114.20366379310344,-90],[-115.20366379310344,-90],[-116.20366379310344,-90],[-117.20366379310344,-90],[-118.20366379310344,-90],[-119.20366379310344,-90],[-120.20366379310344,-90],[-121.20366379310344,-90],[-122.20366379310344,-90],[-123.20366379310344,-90],[-124.20366379310344,-90],[-125.20366379310344,-90],[-126.20366379310344,-90],[-127.20366379310344,-90],[-128.20366379310343,-90],[-129.20366379310343,-90],[-130.20366379310343,-90],[-131.20366379310343,-90],[-132.20366379310343,-90],[-133.20366379310343,-90],[-134.20366379310343,-90],[-135.20366379310343,-90],[-136.20366379310343,-90],[-137.20366379310343,-90],[-138.20366379310343,-90],[-139.20366379310343,-90],[-140.20366379310343,-90],[-141.20366379310343,-90],[-142.20366379310343,-90],[-143.20366379310343,-90],[-144.20366379310343,-90],[-145.20366379310343,-90],[-146.20366379310343,-90],[-147.20366379310343,-90],[-148.20366379310343,-90],[-149.20366379310343,-90],[-150.20366379310343,-90],[-151.20366379310343,-90],[-152.20366379310343,-90],[-153.20366379310343,-90],[-154.20366379310343,-90],[-155.20366379310343,-90],[-156.20366379310343,-90],[-157.20366379310343,-90],[-158.20366379310343,-90],[-159.20366379310343,-90],[-160.20366379310343,-90],[-161.20366379310343,-90],[-162.20366379310343,-90],[-163.20366379310343,-90],[-164.20366379310343,-90],[-165.20366379310343,-90],[-166.20366379310343,-90],[-167.20366379310343,-90],[-168.20366379310343,-90],[-169.20366379310343,-90],[-170.20366379310343,-90],[-171.20366379310343,-90],[-172.20366379310343,-90],[-173.20366379310343,-90],[-174.20366379310343,-90],[-175.20366379310343,-90],[-176.20366379310343,-90],[-177.20366379310343,-90],[-178.20366379310343,-90],[-179.20366379310343,-90],[-180,-90],[-180,-89.3223156106883],[-180,-88.3223156106883],[-180,-87.3223156106883],[-180,-86.3223156106883],[-180,-85.3223156106883],[-180,-84.3223156106883],[-178.43016525794718,-84.45583001498518],[-173.87125107337687,-84.45583001498518],[-170.31685349036906,-84.68763390902815],[-167.22606369544718,-84.76490441684065],[-163.3625688224003,-85.15125695590315],[-160.50359055091593,-85.38306084994612],[-156.56282517005656,-85.46033135775862],[-154.39928146888468,-85.38306084994612],[-151.4630326895878,-85.30579797152815],[-150.3812455802128,-85.46033135775862],[-148.75858017493937,-85.07398644809065],[-141.41795822669718,-85.22852746371565],[-139.33090683509562,-85.2228283060008],[-138.8167924552128,-85.0129894388133],[-145.28145309974406,-84.76490441684065],[-149.60855576087687,-84.45583001498518],[-150.6130571036503,-84.45583001498518],[-152.00391098548624,-84.37855950717268],[-152.39026352454874,-84.30128899936018],[-153.08569809486124,-84.14674798373518],[-153.30974289466593,-83.94192925814924],[-153.24023911048624,-83.29678002719221],[-152.93115707923624,-82.91043511752424],[-152.08118149329874,-82.60135308627424],[-153.54930588294718,-82.29227105502424],[-154.55382248450968,-82.13773766879378],[-154.98253342200968,-81.91138879184065],[-154.26749130775187,-81.67694512728987],[-155.56863876868937,-81.40732995395003],[-156.95186325599406,-81.31355706576643],[-156.99875351478312,-81.19633141879378],[-155.71286484290812,-81.0559581888133],[-154.47655197669718,-81.0559581888133],[-151.5403031974003,-81.2104992044383],[-149.99490829993937,-81.2104992044383],[-148.83586594154093,-81.3650402200633],[-146.7495774893925,-80.8241466653758],[-145.6677903800175,-80.51507226352034],[-146.9041185050175,-80.05144921664534],[-148.60405441810343,-79.66510430697737],[-150.58020493079874,-79.48294488314924],[-151.77209946204874,-79.20148126010237],[-153.24023911048624,-79.1242183816844],[-154.55382248450968,-79.1242183816844],[-155.86740585853312,-78.7378658426219],[-154.70836350013468,-78.5060543191844],[-154.13231369544718,-78.35232964877424],[-154.70836350013468,-78.11970940951643],[-156.02194687415812,-78.35152093295393],[-156.56282517005656,-78.35152093295393],[-157.33553024818156,-78.19697991732893],[-158.18549057533,-77.81062737826643],[-158.03096481849406,-77.26974145297346],[-157.1511430411503,-77.23800317172346],[-156.40829941322062,-77.11520043734846],[-154.16746994544718,-77.11520043734846],[-152.085637059705,-77.337131894868],[-150.6130571036503,-77.65609399203596],[-149.99490829993937,-77.73335687045393],[-147.98589035560343,-77.34701196078596],[-146.14586350013468,-77.45652428988753],[-146.14586350013468,-77.12820092562971],[-146.11601730872843,-76.85956231478987],[-147.13084885169718,-76.53123895053206],[-148.44951340247843,-76.497044004243],[-149.60855576087687,-76.342502988618],[-148.52678391029093,-76.03342858676253],[-146.67230698158,-76.1106914651805],[-145.899601903455,-75.95615807895003],[-144.50874802161906,-75.72434655551253],[-143.11789413978312,-75.56980553988753],[-140.56799789954874,-75.26072350863753],[-138.5589799552128,-75.10619012240706],[-136.78177353431437,-74.87437859896956],[-134.7727708487675,-74.64256707553206],[-133.5364427237675,-74.79710809115706],[-130.98654648353312,-74.79710809115706],[-128.97754379798624,-74.9130138528758],[-127.12306686927532,-74.6812023294383],[-123.56865402747844,-74.8357433450633],[-120.16878220130657,-74.52666894320784],[-118.77792831947063,-74.6039318216258],[-118.08250137855266,-74.29485741977034],[-117.3870744376347,-74.52666894320784],[-114.99171158363079,-74.44939843539534],[-114.93723007728313,-74.0576900613719],[-114.14616104652141,-73.92584649447737],[-113.50158402015423,-74.0723384988719],[-113.23789688636516,-74.32137719516096],[-113.42834183265423,-74.68761865023909],[-112.36454483558391,-74.8357433450633],[-111.74365707923626,-74.71691552523909],[-111.74638077308391,-74.29485741977034],[-111.09908005286907,-74.17488519076643],[-110.43279739906048,-74.29485741977034],[-110.33730789710735,-74.76086083773909],[-110.79143997718548,-74.95130578402815],[-110.55704971839641,-75.30289117221174],[-109.19647690345501,-75.1448253763133],[-108.34651657630657,-75.29935876254378],[-106.8011140494511,-75.3766368997508],[-105.6420793204472,-75.0675548685008],[-103.94213577796673,-75.10619012240706],[-101.75166794349407,-75.2548336160594],[-100.69681259681438,-75.26073113803206],[-100.04510208656048,-75.30987969760237],[-99.73315140296673,-75.07133141879378],[-100.00840469886516,-74.94288293246565],[-100.99931046058391,-74.88782922152815],[-100.41210648109173,-74.75938073520003],[-100.39375778724407,-74.5758785379344],[-100.55891129066204,-74.46577874545393],[-101.18281265784954,-74.5208248269969],[-101.49476334144329,-74.53917352084456],[-101.8801164298222,-74.09877435092268],[-102.86035629798626,-73.94714013461409],[-103.16463181068157,-73.86021844271956],[-103.24670883704876,-73.56079522494612],[-101.42136856605266,-73.76846734408674],[-99.67809769202923,-73.65836755160628],[-100.2286042838261,-73.43816796664534],[-102.9444245963261,-73.36476556186018],[-103.2930802970097,-73.32806817416487],[-103.58668228675579,-73.1078609598094],[-103.58668228675579,-72.74086419467268],[-102.55128189613079,-72.78809777621565],[-102.17371841956829,-73.08951226596174],[-99.7881974845097,-72.99776116732893],[-96.52424332191204,-73.32898370150862],[-95.44246384193157,-73.25171319369612],[-93.97433945228313,-73.17445031527815],[-91.96532913734173,-73.25171319369612],[-90,-73.32898370150862],[-89.56996628333782,-73.09717217807112],[-89.26088425208782,-72.78809777621565],[-88.71999832679485,-72.78809777621565],[-88.56545731116985,-73.25171319369612],[-87.40640732337688,-73.40625420932112],[-86.32463547279094,-73.25171319369612],[-85.93828293372844,-73.48352471713362],[-84.39288803626751,-73.79259911898909],[-82.6929597525761,-73.94714013461409],[-81.76572128822063,-74.02441064242659],[-81.30210587074016,-73.79259911898909],[-80.99302383949016,-73.25171319369612],[-79.7567033438847,-73.17445031527815],[-79.29309555579876,-73.40625420932112],[-78.52039047767376,-73.71533624057112],[-77.12953659583782,-73.63806573275862],[-75.58414169837688,-73.75397149447737],[-73.72967239906048,-73.59943047885237],[-71.48884293128704,-73.36761895541487],[-69.01620956947063,-72.9812740457469],[-67.6253556876347,-72.7494625223094],[-67.08446976234173,-72.4403804910594],[-67.08446976234173,-71.82222405795393],[-67.7026261954472,-71.28133813266096],[-68.08897110511516,-70.585911191743],[-68.62986465980266,-70.276829160493],[-68.78439804603313,-69.81321374301253],[-68.2435197501347,-69.34959069613753],[-67.4708146720097,-69.19505730990706],[-67.08446976234173,-68.65416375521956],[-67.23901077796673,-68.26781884555159],[-67.31628128577923,-67.80419579867659],[-67.8571672110722,-67.57239190463362],[-67.7026261954472,-66.87696496371565],[-66.85265823890423,-66.79969445590315],[-65.77087875892376,-66.18153802279768],[-65.07545181800579,-65.94972649936018],[-64.68910690833782,-65.56338158969221],[-64.22549149085735,-65.25429955844221],[-62.91190430213665,-64.71340600375471],[-61.28923889686321,-64.48160210971174],[-60.20745941688274,-63.94071236972151],[-59.12568375159954,-63.86344186190901],[-58.121178594128835,-63.399822629731275],[-57.42575165321087,-63.24528542880354],[-57.27121063758587,-63.708904660981275],[-57.8893708853886,-63.94071236972151],[-58.35298630286907,-64.09524957064924],[-58.893876042859304,-64.32706109408674],[-59.28022095252727,-64.32706109408674],[-59.82111069251751,-64.32706109408674],[-61.134694066540945,-64.86795464877424],[-61.598317113415945,-65.17702905062971],[-62.371014562146414,-65.79518548373518],[-62.448285069958914,-66.33607140902815],[-62.75735947181438,-66.64515344027815],[-63.37552353431438,-66.49061242465315],[-63.83913895179485,-66.49061242465315],[-64.38002487708782,-66.72242394809065],[-64.92091843177532,-67.03149834994612],[-65.38453384925579,-67.34058038119612],[-65.69361588050579,-67.88146630648909],[-65.46180435706829,-68.19054833773909],[-65.15272995521282,-68.49962273959456],[-64.53456589271282,-68.65416375521956],[-63.83913895179485,-68.65416375521956],[-63.45279022742962,-68.88597527865706],[-63.14371201087688,-69.42686120395003],[-62.448285069958914,-70.12229577426253],[-62.139203038708914,-70.5086406839305],[-61.675587621228445,-70.8177227151805],[-61.366505589978445,-71.43587914828596],[-60.98015686561321,-72.05403558139143],[-60.825619664685476,-72.7494625223094],[-60.98015686561321,-73.13580743197737],[-61.366505589978445,-73.90851251010237],[-62.68009277869915,-74.7584728372508],[-63.22097870399212,-74.8357433450633],[-63.68459793616985,-75.2220958841258],[-64.45729538490032,-75.68571130160628],[-65.92542740394329,-75.84025231723128],[-68.16624161292766,-76.22660485629378],[-69.24802109290813,-76.38113824252424],[-70.56160446693157,-76.69022027377424],[-73.88132950355266,-76.62682763461409],[-75.9315080313847,-76.48445550326643],[-76.27956863929485,-76.30387536410628],[-77.05226608802532,-76.14933434848128],[-77.82496353675579,-75.99479333285628],[-78.44311996986126,-75.99479333285628],[-78.82947250892376,-76.22660485629378],[-78.59766098548626,-76.61294976596174],[-77.67042252113079,-76.92203179721174],[-75.81595322181438,-77.46291772250471],[-73.56811234046673,-77.48106805209456],[-73.0270890860722,-77.82276574496565],[-74.50236984779094,-78.08107415561018],[-77.05226608802532,-77.92653313998518],[-79.29308792640423,-77.69472924594221],[-80.68677231361126,-77.56649438266096],[-81.65491196204876,-77.680393613618],[-81.28474136878704,-77.99361077670393],[-80.76121231605266,-78.23561517123518],[-79.29308792640423,-78.31288567904768],[-78.28857895423626,-78.31288567904768],[-77.67042252113079,-78.46742669467268],[-77.78236099769329,-78.6485332620555],[-78.13404556800579,-78.69923058871565],[-79.13854691077923,-78.93104211215315],[-81.45663925697063,-78.85377160434065],[-82.0747956900761,-78.77650109652815],[-83.07930466224407,-78.23561517123518],[-84.16108414222454,-78.23561517123518],[-84.1037263541386,-78.6485332620555],[-82.92476364661907,-79.16285363559065],[-82.4611482291386,-79.24012414340315],[-81.92026230384563,-79.16285363559065],[-81.30209824134563,-79.31739465121565],[-80.2203263907597,-79.31739465121565],[-77.97950455238079,-79.08558312777815],[-76.58865067054485,-79.39465752963362],[-76.41557785560344,-79.58819238070784],[-76.43410965491985,-79.85828057650862],[-77.36134048988079,-79.93555108432112],[-78.82947250892376,-80.01282159213362],[-80.00337692786907,-79.92989007357893],[-78.28857895423626,-80.32189599398909],[-76.64336868812298,-80.21463433627424],[-76.04775711585735,-80.39916650180159],[-74.88871475745891,-80.70824853305159],[-71.79792496253704,-81.09459344271956],[-67.9344377188847,-81.48094598178206],[-63.14371201087688,-82.09910241488753],[-60.20745941688274,-82.33091393832503],[-59.28022095252727,-82.717258847993],[-58.971146550671804,-83.180881894868],[-57.5802888541386,-83.026340879243],[-55.184926000134695,-82.33091393832503],[-52.248673406140554,-82.02183190707503],[-51.143876042859304,-81.99205438021956],[-48.23065277625774,-81.94456902865706],[-43.82627960731243,-81.79002801303206],[-42.97631165076946,-81.94456902865706],[-41.81726547767376,-81.40367547396956],[-38.031048741833914,-80.94006005648909],[-32.93124481727337,-80.86278954867659],[-28.913218465344656,-80.47643700961409],[-28.37232872535442,-80.09009209994612],[-28.913218465344656,-79.85828057650862],[-29.034991231457937,-79.3765148294383],[-29.56768127967571,-79.2243160379344],[-31.84946724464153,-79.24012414340315],[-32.85397430946087,-79.31739465121565],[-35.01752564002727,-79.16285363559065],[-36.40837952186321,-79.16285363559065],[-36.40837952186321,-78.62196771029768],[-34.94025513221477,-77.92654076937971],[-33.1630525260136,-77.38564721469221],[-32.0812768607304,-77.30837670687971],[-30.226801839368093,-76.84476128939924],[-25.976965871350515,-76.30387536410628],[-23.58160492469524,-75.91752282504378],[-20.6453523307011,-75.91752282504378],[-18.404530492322195,-75.68571130160628],[-17.16821190406536,-74.7584728372508],[-14.450941052930105,-74.0646480691844],[-15.004663434521902,-73.83124200228987],[-16.163707700268972,-74.06305352572737],[-17.090945210950125,-73.90851251010237],[-16.395518270032156,-73.44488946322737],[-15.70009037543987,-73.2903560769969],[-14.583923306958425,-73.17843285922346],[-14.270805326001394,-72.84444085482893],[-12.53821751167034,-72.5104488504344],[-11.828483548657644,-72.32257501010237],[-11.55711456824993,-72.07207909945784],[-12.329472508923757,-71.6754650247508],[-12.371221509473074,-71.40409509066878],[-11.807608571545828,-71.29972497348128],[-11.598863568799246,-71.6337169778758],[-11.141175237195242,-71.59042016391096],[-10.21393772651409,-71.204075254243],[-9.750320401684988,-71.049534238618],[-9.363967862622488,-71.12679711703596],[-8.822549787060964,-71.82159081820784],[-7.741306748883474,-71.66769067172346],[-7.632700887219656,-71.25797692660628],[-7.200421777264822,-70.894993222993],[-6.350452390210378,-70.6631816995555],[-5.732290235059011,-70.894993222993],[-6.254981008069265,-71.15359918002424],[-6.317604032056082,-71.42496911410628],[-4.882327046887625,-71.28133813266096],[-2.718774285809744,-71.39724389437971],[-1.250645843045461,-71.31997338656721],[-0.787028697030294,-71.70632592562971],[-0.091601465539682,-71.55178491000471],[0.68109378526951,-71.31997338656721],[3.308266672594797,-70.93362847689924],[6.553598436815989,-70.47000543002424],[8.485341104967844,-70.08366052035628],[9.412578615648997,-70.08366052035628],[10.339816126330149,-70.70181695346174],[11.112510714037668,-70.85635796908674],[11.96248057792927,-70.70181695346174],[12.657907518847239,-70.31547204379378],[16.05777457664753,-70.16093102816878],[17.603171381457102,-70.08366052035628],[19.534916910631907,-70.16093102816878],[22.548430475695383,-70.58591882113753],[23.70747855613972,-70.58591882113753],[25.639224085314524,-70.35410729770003],[28.34366324852253,-70.04502526645003],[30.661755594713938,-69.73595086459456],[31.743535074694407,-69.50413934115706],[32.74804213951374,-69.34959832553206],[33.024695429308665,-68.91790429477034],[33.54134276817585,-68.5421642435008],[34.29343703697468,-68.49963036898909],[34.715533289416086,-68.93355981234846],[35.29794219444538,-69.11778680209456],[36.07759765098835,-69.5911144388133],[36.531619104845774,-69.6537365091258],[36.985640558703196,-69.3562740457469],[37.58056548546101,-69.27799645785628],[37.67449859092976,-69.51282922152815],[37.29875853966023,-69.6537365091258],[37.59622100303913,-69.76332513217268],[37.95630553673054,-69.88857690219221],[38.12852004478718,-69.7163585794383],[38.26942351768757,-69.5441402566844],[38.41032699058796,-69.63808099154768],[38.332049402697336,-69.79463616732893],[38.332049402697336,-70.02947656039534],[38.59819701622273,-69.95119897250471],[39.459273371203196,-69.70070306186018],[39.64714339683796,-68.93355981234846],[41.94314101646687,-68.42235986117659],[42.56129363487507,-68.11327782992659],[44.183962854845774,-68.03601495150862],[44.79703811119343,-67.74518243197737],[46.038435968859446,-67.68829766635237],[46.13268187950398,-67.56709710482893],[46.05847838829304,-67.43352929477034],[46.37013152550007,-67.32964745883284],[46.91923049400593,-67.40385095004378],[47.00827315758015,-67.67097894076643],[47.30508330772663,-67.77486077670393],[48.27925780723835,-67.53375665072737],[48.84849074791218,-67.43352929477034],[48.52200225303913,-67.29996911410628],[48.26971343467976,-67.1812481058055],[48.31423476646687,-67.01800195102034],[48.96721557091023,-66.97347680453596],[49.670115503771555,-67.0701412332469],[49.96152785728718,-67.19608727816878],[50.27318099449421,-67.13672295932112],[50.24349883507038,-66.98831597689924],[50.00604918907429,-66.8399166238719],[50.00604918907429,-66.58762780551253],[50.13961699913288,-66.4837383401805],[50.520083460314524,-66.37471429232893],[52.45182326744343,-65.98836175326643],[53.76541045616413,-65.91109124545393],[55.14159301231648,-65.96285668734846],[56.174883875353586,-66.44720879916487],[56.76687148521687,-66.45797387484846],[57.10053924034382,-66.5225566995555],[57.111304316027415,-66.69476739291487],[56.7022924752071,-66.73782006625471],[56.62694838951374,-66.94232598666487],[57.40191558311726,-67.03919640902815],[59.603037867052805,-67.32981530551253],[62.110545191271555,-67.53375665072737],[62.805972132189524,-67.61102715853987],[63.57866576622273,-67.53375665072737],[66.97854140709187,-67.84283868197737],[69.37389663170124,-67.84283868197737],[69.68298629234577,-68.15192071322737],[69.77301314781452,-68.63561669711409],[69.44423964927937,-69.19041863803206],[69.14208510826374,-69.3882335794383],[68.95107558677937,-69.88906518344221],[68.62230208824421,-70.03290215853987],[68.2148542733028,-69.85184899691878],[67.8414640755489,-70.03290215853987],[67.51269057701374,-70.46442071322737],[68.19079116295124,-70.66990319613753],[68.4579191536739,-70.69044915561018],[68.88943007896687,-70.42332116488753],[69.07436660240437,-70.58771172885237],[68.68394759605671,-71.06032220248518],[68.1375837654903,-71.08816949252424],[67.36488631675984,-71.70632592562971],[67.36488631675984,-72.09267846469221],[68.2148542733028,-72.40175286654768],[69.52844527672077,-72.40175286654768],[70.30113509605671,-72.01540795687971],[71.15110305259968,-71.31998101596174],[71.92380050133015,-70.54728356723128],[72.54195693443562,-70.23820153598128],[74.39643386314658,-69.7745861185008],[75.40093520592002,-69.4655040872508],[76.86905959556846,-69.3109630716258],[77.79629805992393,-68.84734765414534],[78.25992110679893,-68.38373223666487],[79.80531600425986,-67.92010918978987],[80.8870878548458,-67.61102715853987],[81.81432631920127,-67.3019527566844],[82.74156478355674,-67.2246822488719],[85.52327254722861,-66.9156002176219],[87.22320846031455,-66.9928707254344],[87.7651396126583,-66.7487301004344],[87.84136489342002,-66.45198480014143],[88.08405593345908,-66.11089745883284],[88.30498794029502,-66.06563989047346],[88.5168714852169,-66.4146236551219],[88.65355208824424,-66.76391259555159],[90,-66.60652581576643],[93.4820585579708,-66.60652581576643],[95.72288039634971,-66.52925530795393],[97.11373427818565,-66.68379632357893],[98.06420424888877,-66.58762780551253],[98.66206649254111,-66.62579003695784],[99.12000564049033,-66.8929180276805],[99.65426162193565,-66.54946557406721],[100.87542251060752,-66.0788082254344],[101.7149687142208,-65.97704736117659],[102.01389602134971,-65.96432153109846],[102.28102401207236,-65.95160333041487],[102.63083938072471,-65.92616692904768],[103.31138137291221,-66.0660900247508],[103.83619979332236,-65.98836938266096],[105.4588651985958,-66.29744378451643],[107.15880111168174,-66.45198480014143],[107.62242415855674,-66.45198480014143],[108.10135177086143,-66.71026269320784],[108.43681624840049,-66.749729551118],[109.40372756431846,-66.71026269320784],[109.97598555992393,-66.5918697488719],[110.56797316978721,-66.39453545932112],[110.48140243004111,-66.29744378451643],[110.60744002769736,-66.05907861117659],[111.25862410972861,-65.99988213900862],[111.67302230308799,-65.96041528109846],[112.02679732750205,-65.98836938266096],[113.01485732506065,-65.76308099154768],[113.95853713463096,-65.98836938266096],[114.26761916588096,-66.29744378451643],[114.43563369224815,-66.49320641879378],[115.26441482017783,-66.43400231723128],[115.67881301353721,-66.41427270297346],[116.1220960945919,-66.52925530795393],[116.97206405113486,-66.83833733920393],[118.2856474251583,-67.0701412332469],[119.59923079918174,-66.9156002176219],[121.45370772789268,-66.79970208529768],[122.45820907066611,-66.64516106967268],[123.53998855064658,-66.64516106967268],[125.12507918785361,-66.78704491977034],[125.4406996102169,-66.44714776400862],[126.41183761070518,-66.37430993441878],[126.80028823326377,-66.88415948275862],[129.0096235604122,-67.02982751254378],[129.42235854576376,-66.51998559359846],[130.27210524986532,-66.25291863803206],[132.9668989510372,-66.25880853061018],[133.30689528892782,-66.13152734164534],[134.20519545982626,-66.18008843783674],[134.0109663338497,-65.54884759311018],[134.0352583260372,-65.18467370395003],[134.58956435631063,-65.02249566439924],[134.9821119637325,-65.59740105990706],[134.69076064537313,-66.08297387484846],[135.05318740318563,-66.18154565219221],[136.31742385338094,-66.39859429721174],[138.68485549400594,-66.56789056186018],[141.15749648521688,-66.72243157748518],[142.18262771080282,-66.98489800814924],[142.76026442955282,-67.0476802957469],[143.38813308189657,-66.9723400247508],[144.38015273521688,-67.17326012973128],[145.26244643638876,-67.0982174051219],[145.58565810631063,-67.2234844339305],[145.39013198326376,-67.4174312723094],[145.3219557137325,-67.57509271029768],[145.45397475670126,-67.63024560336409],[146.39034560631063,-67.77920953158674],[146.87545302818563,-67.99737969760237],[148.09313491295126,-67.93697015170393],[148.26307204674032,-68.20483056430159],[148.72992995689657,-68.30646172885237],[150.89347365806844,-68.53827325228987],[150.83808425377157,-68.77941552523909],[151.09345534752157,-68.88582269076643],[152.30648330162313,-68.84326592807112],[153.75245192955282,-68.92461816195784],[153.60462478111532,-68.48148766879378],[153.92383864830282,-68.43892327670393],[154.28560927818563,-68.63045159701643],[154.43458083580282,-68.94966546420393],[154.94532302330282,-69.07735101107893],[156.14782241295126,-69.31097070102034],[157.3068647713497,-69.15642968539534],[159.1144819588497,-69.60612145785628],[159.84591201256063,-69.82872430209456],[160.59853652427938,-70.22093621615706],[161.32995131920126,-70.2315410745555],[161.55669692467,-70.31547204379378],[161.7963667244747,-70.30574456576643],[162.13558486412313,-70.28454247836409],[162.48539260338094,-70.30574456576643],[162.88820937584188,-70.5707515848094],[163.1320143074825,-70.623752988618],[163.37581923912313,-70.65555230502424],[163.43941787193563,-70.53895226840315],[163.65143874595907,-70.53895226840315],[164.31925490806844,-70.5177501810008],[164.95656875084188,-70.62455407504378],[167.63463881920126,-70.86511651400862],[167.96291640709188,-71.0970195901805],[168.74279311607626,-71.24271050814924],[170.08332351158407,-71.66747704867659],[170.27706435631063,-71.51678887728987],[170.52462295006063,-71.60290185336409],[170.72912124107626,-71.90427819613753],[170.39545730064657,-72.0011486185008],[169.8895826668575,-72.0764888894969],[169.7927046150997,-72.23794213656721],[169.86805251549032,-72.35634271029768],[170.11561110924032,-72.3348125589305],[170.1048384041622,-72.63618890170393],[169.91109755943563,-72.61465875033674],[169.86805251549032,-72.7438243997508],[169.7281294197872,-72.77611199740706],[169.45904067467,-73.05596581820784],[169.22223952720907,-73.10977593783674],[168.97468093345907,-73.2389415872508],[168.8993482918575,-73.54031793002424],[168.17818740318563,-73.58337060336409],[167.57543471763876,-73.47573510531721],[166.76818374107626,-73.63718835238753],[165.79922011802938,-73.82848016146956],[164.61622146080282,-74.17193261508284],[165.18863967369344,-74.66803399447737],[164.3300123543575,-74.76343194369612],[163.77668288658407,-74.64895287875471],[163.43322280357626,-74.74435082797346],[163.41414931724813,-75.03055993441878],[162.3456373543575,-75.1068843973094],[162.4066725106075,-75.33800927523909],[162.82264235924032,-75.62205926303206],[162.76540664146688,-75.96551171664534],[162.5936842293575,-76.00367394809065],[162.38379958580282,-76.21355859164534],[162.63184646080282,-76.42345086459456],[162.67000869224813,-76.76690331820784],[162.32654860924032,-76.95770684603987],[162.61275771568563,-77.0721935403758],[162.95621779869344,-77.0721935403758],[163.2996626229122,-77.18667260531721],[163.45231154869344,-77.41563836459456],[163.52863601158407,-77.74000970248518],[164.10660842369344,-77.6561016214305],[164.48266128013876,-78.0643810403758],[165.3985395760372,-78.1979488504344],[165.55117324302938,-78.35059014682112],[166.75326064537313,-78.59864465121565],[164.90243056724813,-78.59864465121565],[163.64298537681844,-78.66061059359846],[162.5936842293575,-78.90392724398909],[161.77321914146688,-78.8657726419383],[161.41068557213094,-78.96117059115706],[160.68561843345907,-79.1138195169383],[160.08857253502157,-78.96968499545393],[159.84281447838094,-79.16094628695784],[160.34510329674032,-79.39954034213362],[160.1190748543575,-79.60045281771956],[159.81769851158407,-79.68835870150862],[159.31539443443563,-80.02740899447737],[158.13500503013876,-80.31622735385237],[158.3484907479122,-80.49202386264143],[159.3405104012325,-80.44179955844221],[159.57909682701376,-80.44179955844221],[159.94326308677938,-80.5799297464305],[160.01861098717,-80.74317590121565],[160.24311355064657,-80.82416192416487],[160.43300918052938,-80.9064220560008],[160.48322585533407,-81.30825463656721],[160.57741836021688,-81.53428307895003],[162.01522353599813,-81.6598629129344],[163.30863479088094,-82.08681146029768],[164.95656875084188,-82.4468273294383],[167.27466872642782,-82.98771325473128],[167.92972854088094,-83.01604882602034],[168.38646987388876,-83.0924801004344],[168.32052138756063,-83.19798699740706],[167.56879714439657,-83.31667748812971],[167.35778335045126,-83.4353756082469],[167.88531020592,-83.47493401889143],[168.87443068931844,-83.34305230502424],[169.7693891854122,-83.41788903598128]]]]}},{"type":"Feature","properties":{"NAME":"Ainu","ABBREVN":"Ainu","INFO_UR":null,"SUBJECTO":"Ainu","BORDERPRECISION":1,"PARTOF":"Ainu"},"geometry":{"type":"MultiPolygon","coordinates":[[[[139.97774795006063,41.5034671651906],[140.1244917244747,41.7921520101613],[140.09969619224813,41.9459720480031],[139.85248855064657,42.03524740811052],[139.7772016854122,42.112052522856615],[139.71174148033407,42.47759588833513],[139.97396377037313,42.65139731045427],[140.2089643807247,42.728900514799975],[140.49982741783407,42.896407686430834],[140.5168257088497,43.05700262661638],[140.37356093834188,43.18519171353044],[140.49824050377157,43.320357881743334],[140.59891799400594,43.326991640288256],[140.89655593345907,43.134826265532396],[141.06417373131063,43.09662588711443],[141.3036451668575,43.187030397612475],[141.30192092369344,43.72046621914568],[141.5066938729122,43.80445440884294],[141.70942214439657,43.91419180508318],[141.74268630455282,44.24878653164568],[141.74572280357626,44.628566347319506],[141.56659987877157,44.96956595059099],[141.52277663658407,45.18263205166521],[141.59742263267782,45.279723726469896],[141.87533095787313,45.435424410063646],[141.90395644615438,45.40314444180193],[142.1321821541622,45.20967825527849],[142.5390425057247,44.842650972563646],[143.02050307701376,44.463683687407396],[143.50817397545126,44.155761324126146],[143.79023269127157,44.02764471646013],[144.02810195396688,43.950927339751146],[144.48659804771688,43.861808382231615],[144.61382583092,43.84276159878435],[144.75043776939657,43.88161429043474],[145.1399946541622,44.178283296782396],[145.34760573814657,44.24303778286638],[145.34859755943563,44.197990022856615],[145.2098951668575,44.03688772793474],[145.059382471545,43.785766206938646],[145.14857009361532,43.59949835415544],[145.3595533699825,43.32998999233904],[145.44813064049032,43.16955908413591],[145.19591811607626,43.047015749174975],[144.99468520592,42.93744238491716],[144.75416091392782,42.86632879849138],[144.5901899666622,42.859584413725756],[144.37011245201376,42.94904669399919],[144.16639235924032,42.942226015288256],[144.00284865806844,42.87769278164568],[143.84792617271688,42.77464636440935],[143.50858596275594,42.42098196621599],[143.330378565295,42.196105562407396],[143.21375564049032,41.926539980132006],[143.033503565295,41.95822867031755],[142.84231093834188,42.066852174956225],[141.92812636802938,42.50126227017107],[141.721003565295,42.53934820767107],[141.3969068856075,42.51944311733904],[140.9296217293575,42.255458437163256],[140.8606977791622,42.39004477139177],[140.69352248619344,42.55014380093279],[140.5408735604122,42.53700216885271],[140.42145827720907,42.48542746182146],[140.223444971545,42.36310919399919],[140.24552443931844,42.2284427511281],[140.76766494224813,42.00501211758318],[141.0194654793575,41.87086065884294],[141.15503982017782,41.74934347744646],[140.97927382896688,41.65285452480974],[140.84342482994344,41.639762483794115],[140.70597365806844,41.697169862944506],[140.58887771080282,41.67771109219255],[140.44289687584188,41.536429964262865],[140.26859572838094,41.324672304350756],[140.11245253990438,41.27311285610857],[140.01261428306844,41.38180883999529],[139.97774795006063,41.5034671651906]]],[[[146.156372,43.464157000000114],[146.137482,43.458885],[146.130798,43.458046],[146.12439,43.45916],[146.07608,43.513329],[146.08081100000015,43.51805100000013],[146.146088,43.543884000000105],[146.15219100000013,43.54583000000014],[146.15942400000017,43.54583000000014],[146.17352300000016,43.534698],[146.21414200000015,43.531662],[146.22219800000016,43.529716],[146.226074,43.525551],[146.210236,43.48555],[146.20553600000017,43.481102],[146.168854,43.467766],[146.156372,43.464157000000114]]],[[[146.904968,43.839989],[146.861633,43.796661],[146.797485,43.759995],[146.780273,43.751938],[146.682739,43.707771],[146.66998300000012,43.704437],[146.6633,43.703606],[146.65554800000018,43.704437],[146.646942,43.707214],[146.598572,43.732208],[146.596069,43.736656],[146.599121,43.793053],[146.600525,43.798607],[146.604675,43.80387900000011],[146.610504,43.806656],[146.784698,43.861938],[146.84274300000016,43.874992],[146.850525,43.873878],[146.866913,43.86805],[146.874939,43.860794],[146.904968,43.839989]]],[[[146.4688420000001,44.422218],[146.488861,44.425552],[146.520538,44.434433],[146.538025,44.44249],[146.568024,44.43832400000014],[146.550262,44.39888],[146.53997800000013,44.380547],[146.534973,44.376099],[146.508331,44.358047],[146.329681,44.291664],[146.204407,44.26998900000012],[146.17718500000012,44.266663],[146.157471,44.263054],[146.138306,44.257774],[146.119965,44.251389],[146.102753,44.243324],[146.091919,44.236107],[145.940247,44.1280440000001],[145.930817,44.119156],[145.83108500000014,44.016937],[145.8172,44.002495],[145.808014,43.99249300000014],[145.799713,43.981659],[145.795807,43.975266],[145.78942900000015,43.947212],[145.786926,43.941376],[145.779419,43.928604],[145.774139,43.924995],[145.762756,43.919716],[145.70886200000018,43.89888],[145.695801,43.896103],[145.688293,43.896103],[145.672485,43.89888],[145.6574710000001,43.89971900000012],[145.595795,43.858887],[145.591644,43.853607],[145.580261,43.834435],[145.57775900000013,43.828606],[145.575256,43.817497],[145.574127,43.78555300000011],[145.574127,43.774994000000106],[145.57553100000018,43.738884],[145.56192,43.661377],[145.559418,43.655548],[145.554688,43.65082600000011],[145.54858400000012,43.6491620000001],[145.543304,43.65082600000011],[145.437469,43.716934],[145.426086,43.73999],[145.407471,43.829437],[145.409698,43.835266],[145.482452,43.895271],[145.488281,43.898048],[145.55246,43.92610200000013],[145.64498900000012,43.982208],[145.661377,43.992218],[145.74469,44.051659],[145.74939,44.056099],[145.75332600000013,44.062492],[145.755829,44.068604],[145.755829,44.073608],[145.754425,44.078606],[145.75332600000013,44.09388],[145.75943,44.111382000000106],[145.763885,44.11693600000012],[145.78997800000013,44.148331],[145.877747,44.237213],[145.8872070000001,44.246384],[145.892487,44.25],[145.90942400000017,44.258888],[145.921082,44.264442000000145],[145.92691000000013,44.266937],[145.939423,44.270546],[145.95163,44.274994],[145.96328700000015,44.280548],[145.973846,44.287773],[146.008026,44.339157],[146.050812,44.411934],[146.078033,44.463608000000136],[146.08163500000012,44.469711],[146.08609000000013,44.475266],[146.100525,44.48860200000013],[146.127441,44.507217],[146.133881,44.509163000000115],[146.14804100000015,44.509995],[146.160767,44.506622],[146.171356,44.508606],[146.179138,44.507774],[146.187469,44.505829],[146.194977,44.502777],[146.20135500000015,44.49943500000012],[146.232727,44.47693600000014],[146.24273700000015,44.469154],[146.260254,44.453323],[146.273041,44.446381],[146.3033140000001,44.434158],[146.3283080000001,44.425552],[146.344971,44.421936],[146.359955,44.42083],[146.4688420000001,44.422218]]],[[[148.49301100000014,45.270271],[148.476349,45.2586060000001],[148.466644,45.254166],[148.44720500000017,45.248047],[148.42804,45.244438],[148.371338,45.234993000000145],[148.341919,45.23027],[148.332733,45.229713],[148.28524800000014,45.220825000000104],[148.26553300000012,45.21332600000011],[148.2355040000001,45.1988750000001],[148.215515,45.188881],[148.04803500000014,45.09638200000012],[148.038025,45.090546],[148.029694,45.084717],[147.998566,45.061378],[147.992188,45.05555],[147.987457,45.04943800000012],[147.98468,45.043053],[147.9771730000001,45.030823],[147.96414200000015,45.01166500000011],[147.946075,45.00166300000012],[147.94198600000016,45],[147.9166560000001,44.989716],[147.877747,44.974709],[147.868011,44.971375],[147.848846,44.96527100000014],[147.762482,44.938324],[147.753326,44.938881],[147.74441500000012,44.941101],[147.735779,44.944153],[147.727448,44.948875],[147.721069,44.955826000000116],[147.712463,44.969437],[147.703857,44.972488],[147.676636,44.974709],[147.65802,44.973602],[147.639435,44.9711],[147.62994400000014,44.96915400000012],[147.620514,44.966103],[147.604401,44.955551],[147.590515,44.93721],[147.587738,44.93110700000011],[147.585785,44.918327],[147.588287,44.911659],[147.60607900000014,44.907494],[147.614685,44.904434],[147.622742,44.897217],[147.548035,44.812492],[147.535248,44.80054500000011],[147.52719100000013,44.79471600000011],[147.517212,44.7888870000001],[147.507477,44.784439000000134],[147.49774200000013,44.78138],[147.479126,44.777489],[147.469421,44.773048],[147.344971,44.700272],[147.291077,44.66693900000013],[147.282196,44.654434],[147.251373,44.60527],[147.240509,44.579994],[147.22525,44.561935],[147.209137,44.55027],[147.199127,44.54444100000012],[147.180267,44.538048],[147.170807,44.53611],[147.143311,44.533051],[147.106354,44.52916],[147.08828700000015,44.52916],[147.079132,44.5283280000001],[147.040527,44.517769],[147.021088,44.5075],[147.002472,44.48943300000013],[146.988861,44.470825],[146.98080400000015,44.452217],[146.97912600000018,44.445267],[146.973572,44.43277],[146.96469100000013,44.420273],[146.958588,44.414436],[146.948853,44.4086],[146.929962,44.402214],[146.910522,44.399162],[146.883026,44.39694200000014],[146.865509,44.399437],[146.848572,44.408325],[146.840515,44.41554300000013],[146.832184,44.435265],[146.8355100000001,44.45832800000011],[146.838013,44.464714],[146.846924,44.47693600000014],[146.940796,44.554436],[147.00637800000015,44.571663],[147.09829700000012,44.619438],[147.106354,44.625267],[147.144135,44.661377],[147.15304600000013,44.67360700000012],[147.160248,44.686104000000114],[147.163025,44.692215],[147.163879,44.69860100000011],[147.162201,44.711662],[147.159424,44.71832300000011],[147.15304600000013,44.725266],[147.14444,44.728325],[147.111908,44.793884],[147.227173,44.836105],[147.310516,44.876099000000124],[147.39358500000014,44.920273],[147.47995,44.974709],[147.4863590000001,44.980545],[147.491913,44.99305],[147.504974,45.043884],[147.58941700000014,45.056938],[147.598572,45.05749500000013],[147.608002,45.059433],[147.61773700000015,45.062492],[147.656372,45.075272],[147.664429,45.081108],[147.669128,45.087212],[147.67746,45.105827],[147.691345,45.12416100000013],[147.70217900000011,45.136383],[147.71328700000015,45.148331],[147.745514,45.178329],[147.7538760000001,45.184158],[147.763885,45.189713],[147.7833250000001,45.197487],[147.8402400000001,45.208603],[147.858978,45.210602],[147.8780210000001,45.214714],[147.887482,45.217766],[147.894135,45.223602],[147.894989,45.229988000000105],[147.892487,45.236656],[147.8732910000001,45.289993],[147.857727,45.343048],[147.856079,45.356102000000135],[147.858856,45.362495],[147.868286,45.37471],[147.87939500000016,45.386658],[147.904144,45.404160000000104],[147.932739,45.421379],[147.9422,45.423325],[147.95135500000015,45.422493000000145],[147.959961,45.419159],[147.996918,45.3386],[148.002197,45.325272],[148.00192300000015,45.31221000000011],[148.001648,45.305267],[147.997742,45.279716],[148.000275,45.273048],[148.0086060000001,45.267212],[148.03442400000017,45.256104],[148.051636,45.24943500000012],[148.069702,45.248047],[148.079132,45.248604000000114],[148.312195,45.267212],[148.321899,45.270271],[148.342194,45.28138],[148.350525,45.287216000000114],[148.370239,45.304993],[148.384155,45.323326],[148.397217,45.335266000000104],[148.4605100000001,45.39222],[148.54025300000012,45.447769],[148.558868,45.45916],[148.700806,45.520828],[148.719971,45.524437],[148.763885,45.521935],[148.773041,45.521103],[148.790802,45.516937],[148.7997130000001,45.513611],[148.842194,45.488327],[148.85025,45.481102],[148.856354,45.474159],[148.858856,45.467491],[148.845245,45.365547],[148.84301800000014,45.35277600000012],[148.839966,45.34665700000011],[148.833588,45.340546],[148.825256,45.334991000000116],[148.78497300000015,45.316383],[148.775269,45.313324],[148.756104,45.309715],[148.718842,45.30777],[148.709961,45.308601],[148.682739,45.31221000000011],[148.6738590000001,45.314438],[148.656097,45.317215],[148.6196900000001,45.320274],[148.591919,45.318886],[148.582184,45.3169400000001],[148.562469,45.309715],[148.52191200000016,45.287216000000114],[148.49301100000014,45.270271]]],[[[149.533875,45.582771],[149.524414,45.5824970000001],[149.440796,45.580826],[149.437469,45.583603],[149.4422,45.589714],[149.450806,45.595543],[149.4607850000001,45.599716],[149.473541,45.603317],[149.481079,45.60833],[149.548035,45.701103],[149.61911,45.790276],[149.66275,45.844711],[149.667755,45.85083],[149.67608600000017,45.85527000000013],[149.856903,45.92305],[149.890533,45.971931],[149.929138,46.00750000000011],[149.958588,46.024162],[149.9688420000001,46.029716],[150.037476,46.064995],[150.072754,46.082497],[150.34274300000016,46.2116620000001],[150.352448,46.21332600000011],[150.437195,46.214157000000114],[150.498566,46.19249],[150.474976,46.159431],[150.425537,46.118881],[150.310242,46.050545],[150.250824,46.024994],[150.240509,46.019714],[150.22689800000012,46.007774],[150.221893,46.001938],[150.212738,45.98333],[150.202179,45.958328],[150.202759,45.95166],[150.198853,45.932495],[150.194122,45.927773000000116],[150.158875,45.899994000000106],[150.0663760000001,45.847488],[150.026917,45.82666000000012],[150.017761,45.827492],[149.991058,45.833878],[149.981628,45.833603],[149.878845,45.778603],[149.868561,45.77304800000013],[149.8107910000001,45.73443600000013],[149.784149,45.710823],[149.69247400000017,45.638603],[149.684143,45.633049],[149.6738590000001,45.628601],[149.54357900000014,45.585823],[149.533875,45.582771]]],[[[150.8119200000001,46.44193300000012],[150.802765,46.443047],[150.798523,46.449982],[150.82220500000017,46.467766],[150.832184,46.470543000000134],[150.841919,46.4711],[150.85107400000015,46.469986],[150.873291,46.450829],[150.87551900000017,46.447212],[150.874115,46.440826],[150.867188,46.43526500000013],[150.8119200000001,46.44193300000012]]],[[[150.754425,46.699715],[150.745514,46.701935],[150.737457,46.70916000000011],[150.733307,46.716103],[150.730804,46.7227630000001],[150.739685,46.728561],[150.7435610000001,46.729431],[150.753326,46.729713],[150.7622070000001,46.72748600000011],[150.76886000000013,46.723045],[150.769989,46.709717],[150.764984,46.70388],[150.754425,46.699715]]],[[[152.44693,47.38249200000013],[152.485504,47.381935],[152.503876,47.377213],[152.51193200000012,47.371101],[152.53164700000013,47.3491590000001],[152.537476,47.341934],[152.5416560000001,47.334991],[152.541931,47.328331],[152.5336,47.318886000000134],[152.51913500000012,47.307213],[152.508331,47.303322],[152.422516,47.30336],[152.40246600000012,47.316383],[152.39444,47.323608],[152.38858,47.330826],[152.38803100000018,47.344154],[152.391357,47.350273],[152.40164200000015,47.364159],[152.408875,47.369987],[152.4163820000001,47.375549],[152.42691,47.379715],[152.437195,47.38249200000013],[152.44693,47.38249200000013]]],[[[153.0819090000001,47.80082700000014],[153.087738,47.793327],[153.095795,47.779434],[153.097748,47.772491],[153.09829700000012,47.759163],[153.096619,47.75305200000014],[153.080261,47.714157],[153.0691220000001,47.708885],[153.04776,47.702217],[153.016083,47.693047],[153.006104,47.691658],[152.99661300000014,47.692764],[152.990784,47.699997],[152.986633,47.70694],[152.98111,47.723297],[153.005829,47.77166],[153.014709,47.783882],[153.025818,47.795547],[153.046082,47.813049],[153.05609100000015,47.81443800000011],[153.0652470000001,47.81193500000012],[153.074127,47.808327],[153.0819090000001,47.80082700000014]]],[[[153.184692,48.136383],[153.20468100000016,48.136383],[153.21414200000015,48.135269],[153.223297,48.133049],[153.241058,48.125549],[153.274994,48.105553],[153.2833250000001,48.099159],[153.287476,48.09360500000014],[153.290527,48.053604],[153.279694,48.043053],[153.236694,48.051064],[153.224396,48.04999500000014],[153.21496600000012,48.051102],[153.205811,48.053322],[153.14636200000018,48.088326],[153.139984,48.094437],[153.137756,48.101105],[153.146942,48.113327],[153.156097,48.12526700000012],[153.163605,48.130821],[153.174683,48.13499500000012],[153.184692,48.136383]]],[[[154.161377,48.912491],[154.18191500000012,48.913605],[154.211365,48.911102],[154.220795,48.9086],[154.228851,48.902489],[154.23080400000015,48.895546],[154.2271730000001,48.882767],[154.21942100000012,48.870544],[154.188873,48.834991000000116],[154.063293,48.742767],[154.053589,48.737213],[154.030823,48.726936],[154.01944,48.72332],[154.009155,48.721931],[153.99939000000018,48.72304500000013],[153.98080400000015,48.734688],[153.974976,48.73555],[153.973022,48.742218],[153.973022,48.748878],[153.976624,48.761665],[153.98800700000015,48.779991],[154.112183,48.8949970000001],[154.119965,48.900543],[154.12939500000016,48.905823],[154.14053300000012,48.90971400000012],[154.161377,48.912491]]],[[[154.011108,48.95082900000011],[154.011108,48.937492],[154.00360100000012,48.931938],[153.981903,48.926659],[153.9405210000001,48.922768],[153.930817,48.923882],[153.92114300000014,48.926460000000134],[153.904144,48.943321],[153.900269,48.950272],[153.89831500000014,48.957214],[153.901917,48.96998600000012],[153.9074710000001,48.975822],[153.918854,48.979713],[153.966919,48.972214],[154.0047,48.963608000000136],[154.008881,48.957771],[154.011108,48.95082900000011]]],[[[154.583313,49.10054800000012],[154.521088,49.075829],[154.51025400000015,49.073326],[154.500549,49.07444],[154.491638,49.078331],[154.483032,49.083328],[154.471344,49.098328],[154.4402470000001,49.155266],[154.44220000000018,49.161659],[154.446075,49.16777000000013],[154.454681,49.169159],[154.464722,49.167923],[154.46856700000012,49.168602],[154.488556,49.167496],[154.4982910000001,49.16610000000014],[154.56469700000014,49.152214],[154.5830380000001,49.14582800000011],[154.591064,49.139435000000105],[154.596924,49.131935],[154.60080000000016,49.12471],[154.60080000000016,49.118324],[154.598846,49.111938],[154.593018,49.106102000000135],[154.583313,49.10054800000012]]],[[[154.743286,49.586105],[154.749115,49.591934],[154.81442300000015,49.636383],[154.85635400000012,49.633331],[154.8952640000001,49.62665600000014],[154.904419,49.62416100000013],[154.904419,49.61749300000014],[154.882172,49.547493000000145],[154.878296,49.541664],[154.870789,49.537216],[154.847748,49.528328],[154.837738,49.52304800000013],[154.82995600000015,49.51749400000011],[154.81802400000015,49.505829],[154.79412800000011,49.4561],[154.79025300000012,49.443321],[154.79025300000012,49.42999300000014],[154.793854,49.42305],[154.799713,49.415543],[154.823029,49.392494],[154.826904,49.385269],[154.834961,49.345825000000104],[154.814972,49.308884],[154.811096,49.302773],[154.803314,49.297218],[154.791656,49.292221],[154.71579,49.263885],[154.707184,49.262215],[154.69747900000016,49.263611],[154.6316220000001,49.280273],[154.593903,49.291031],[154.598572,49.347488],[154.600525,49.36721],[154.602448,49.373604000000114],[154.606354,49.379715],[154.638306,49.42305],[154.70303300000012,49.48082],[154.751099,49.571663],[154.745239,49.579163],[154.743286,49.586105]]],[[[154.45581100000015,49.821106],[154.459961,49.813881],[154.461914,49.806938],[154.45608500000014,49.788048],[154.432465,49.738045],[154.424988,49.73360400000013],[154.41442900000015,49.732491],[154.404419,49.73360400000013],[154.37634300000013,49.742493],[154.367462,49.746384],[154.35495,49.766663],[154.3652340000001,49.812767],[154.367188,49.819160000000124],[154.374969,49.82499700000011],[154.398315,49.833878],[154.4086,49.833878],[154.428864,49.832497],[154.438568,49.831383],[154.45581100000015,49.821106]]],[[[152.087357,46.977882000000136],[152.035248,46.925552],[152.029968,46.91971600000011],[152.02664200000015,46.913605],[152.024994,46.907211],[152.018311,46.894714],[152.01303100000018,46.888885],[151.831909,46.782768],[151.82162500000015,46.778603],[151.80108600000017,46.77304800000013],[151.781647,46.77137800000014],[151.77221700000018,46.772217000000126],[151.763306,46.774712000000136],[151.737183,46.785271],[151.720245,46.794998000000135],[151.712189,46.801102],[151.70440700000017,46.841103],[151.70581100000015,46.847488],[151.714691,46.853325],[151.72525,46.857216],[151.745239,46.86166400000013],[151.76470900000015,46.86221300000011],[151.829956,46.854996],[151.83941700000014,46.85527000000013],[151.849396,46.856659],[151.859955,46.860825],[151.8688350000001,46.866386],[152.020462,46.98872],[152.04480000000012,47.013386],[152.051117,47.02055],[152.104401,47.073051],[152.120239,47.0908280000001],[152.181091,47.143051],[152.202454,47.160271],[152.216919,47.171661],[152.225525,47.174713],[152.206604,47.125015],[152.236633,47.145271],[152.259705,47.16082],[152.26858500000014,47.1586],[152.286377,47.152489],[152.29303,47.147774],[152.289703,47.14166300000011],[152.277191,47.12999],[152.26998900000012,47.124435],[152.25360100000012,47.113052],[152.231903,47.102493],[152.174133,47.063049],[152.087357,46.977882000000136]]],[[[155.47106900000017,50.108047],[155.357452,50.053047],[155.33828700000015,50.057213000000104],[155.318573,50.059715],[155.29776000000015,50.05999],[155.25582900000018,50.05777],[155.244965,50.056656],[155.226166,50.052597000000105],[155.224121,50.053322],[155.212189,50.06694],[155.208588,50.080826],[155.221619,50.23443600000013],[155.247742,50.301384],[155.392212,50.353325],[155.427185,50.364441],[155.438293,50.36693600000012],[155.449127,50.36805],[155.545258,50.374992],[155.627747,50.3780440000001],[155.638031,50.3780440000001],[155.6491390000001,50.380547],[155.66137700000013,50.385269],[155.66943400000014,50.390831000000105],[155.749115,50.446381],[155.761383,50.458046],[155.765533,50.463882000000126],[155.851624,50.59166],[155.855804,50.604439],[155.858307,50.61749300000014],[155.860779,50.63694],[155.8613590000001,50.650269],[155.86358600000017,50.656654],[155.88272100000017,50.68721],[155.888885,50.693047],[155.896942,50.698601],[155.97912600000018,50.746941],[156.00997900000016,50.76249700000011],[156.022217,50.767494],[156.034149,50.771103],[156.045532,50.773605],[156.06720000000018,50.775826],[156.07690400000013,50.773048],[156.104126,50.761108],[156.11245700000018,50.754715],[156.116364,50.74749],[156.121338,50.71998600000012],[156.12466400000017,50.699715],[156.15304600000013,50.524994],[156.148865,50.518883],[155.892761,50.263611],[155.795258,50.188881],[155.78552200000013,50.18499],[155.763611,50.1813810000001],[155.741913,50.179161],[155.73162800000011,50.179436],[155.70190400000013,50.183601],[155.69165,50.183601],[155.6185610000001,50.183052],[155.596344,50.178329],[155.525543,50.146942],[155.51553300000012,50.141663],[155.49939,50.130547],[155.483307,50.119438],[155.47106900000017,50.108047]]],[[[156.175262,50.753609],[156.185791,50.765549],[156.19220000000018,50.771378],[156.341064,50.851105],[156.353302,50.856102000000135],[156.364685,50.858604],[156.442749,50.869987],[156.453857,50.870827],[156.46386700000016,50.869438],[156.473022,50.865547],[156.48855600000013,50.849998],[156.49411,50.842491],[156.495789,50.835548],[156.495514,50.82888],[156.4902340000001,50.756104],[156.48608400000012,50.750275],[156.45190400000013,50.70832800000011],[156.43496700000014,50.690826],[156.414154,50.673882],[156.406326,50.657066],[156.403824,50.653397],[156.4008480000001,50.625641],[156.350754,50.637123],[156.285522,50.64666],[156.19830300000012,50.670273],[156.189148,50.674438],[156.180542,50.679718],[156.17276,50.687492],[156.167206,50.69499200000013],[156.163605,50.708603],[156.16442900000015,50.72860000000014],[156.168854,50.741379],[156.175262,50.753609]]],[[[155.474396,50.920547],[155.482727,50.92610200000013],[155.494415,50.929993],[155.505554,50.931107],[155.56970200000012,50.934158],[155.580261,50.934158],[155.600525,50.9313810000001],[155.63916,50.92083],[155.646942,50.913048],[155.650818,50.905823],[155.666077,50.87054400000011],[155.669708,50.856659],[155.66110200000014,50.831108],[155.658875,50.824715],[155.64444000000015,50.81360600000011],[155.620789,50.806099],[155.588013,50.802773000000116],[155.55691500000012,50.804161],[155.546936,50.80555],[155.52719100000013,50.809715],[155.4982910000001,50.817497],[155.480804,50.828049],[155.47302200000013,50.835548],[155.46109000000013,50.85054800000012],[155.449402,50.872215],[155.447693,50.880013],[155.44775400000015,50.897774],[155.474396,50.920547]]],[[[143.05691054771688,53.06198462124529],[143.13886550377157,52.856246553618334],[143.1432905525997,52.51123770352068],[143.03341201256063,52.312186800200365],[142.94488051842,51.961112581450365],[142.94391921470907,51.61730536099138],[143.07418349693563,51.2676273214406],[143.34070876549032,50.88577612515154],[143.63314345787313,50.234977327544115],[144.03820327232626,49.5088382589406],[144.53988173912313,48.753322206694506],[143.97294143150594,49.05807837124529],[143.59835341881063,49.23361929531755],[143.15282729576376,49.25887259121599],[143.0325727791622,49.219466768462084],[142.85399917076376,49.12769659634294],[142.64614394615438,48.657523714262865],[142.52662185142782,48.16206320400896],[142.48990920494344,47.901603304106615],[142.61463454674032,47.45959814663591],[142.6969557137325,47.362262331206225],[142.99332717369344,46.9536624776906],[143.23647597740438,46.86326178188982],[143.4448042244747,46.571742616850756],[143.30341628502157,46.01119955654802],[143.00429824302938,46.577350221831225],[142.61477187584188,46.71281012173357],[142.51378920982626,46.6996227132863],[142.32734206627157,46.56305655117693],[142.18766311119344,46.3229137289113],[141.89834121177938,45.91478308315935],[141.70838454674032,46.13979300137224],[141.62282851646688,46.55804022427263],[141.90938857506063,47.07343252773943],[141.73180678795126,47.471191011626146],[141.8106489510372,47.675616823393725],[142.03646377037313,47.959281526762865],[141.9775190682247,48.284747682768725],[141.88917067955282,48.453971468169115],[141.76781753013876,48.701469026762865],[141.73958877037313,48.8072887289113],[141.92135146568563,48.943133913237475],[142.04911330650594,49.35470923062029],[142.082819971545,49.70768316860857],[142.08507827232626,50.30426748867693],[142.15287307213094,50.89004477139177],[142.11239150474813,51.21959265347185],[142.0165815682247,51.4305911886281],[141.64321425865438,51.81308706875505],[141.59817031334188,52.216674410063646],[141.64965346763876,52.302901827055834],[141.8114576668575,52.628043733794115],[141.8409986824825,52.960021578032396],[141.68964675377157,53.16572149868669],[141.76703933189657,53.2722659933156],[141.93522170494344,53.28589209194841],[142.21412185142782,53.29970511074724],[142.67486098717,53.54017218228044],[142.86388686607626,53.3408695089406],[143.05691054771688,53.06198462124529]]]]}},{"type":"Feature","properties":{"NAME":"Sardinia","ABBREVN":"Sardinia","INFO_UR":null,"SUBJECTO":"Sardinia","BORDERPRECISION":1,"PARTOF":"Sardinia"},"geometry":{"type":"MultiPolygon","coordinates":[[[[8.819559130175364,38.976913057524584],[8.69609931419636,38.99581106777849],[8.582376512987864,39.06576880093279],[8.417174372179758,39.212203584868334],[8.374221834643137,39.307845674712084],[8.46503356407429,39.639937959868334],[8.508480104906809,39.94647558804216],[8.487975153429758,40.20879706021013],[8.42818931053425,40.46485479946794],[8.20155242393757,40.66299780483904],[8.159486803515207,40.78467520352068],[8.240707430346262,40.855338655669115],[8.405552896960032,40.86208304043474],[8.76607230613972,40.86280020352068],[8.91842368553425,40.94002493496599],[9.30620387504841,41.184447847563646],[9.590851816637766,40.902911745268725],[9.793739351732981,40.56368216152849],[9.787847551806223,40.441955171782396],[9.695723566515696,40.31368979092302],[9.630800280077707,40.09585531826677],[9.698009523852122,39.69349630947771],[9.648338350756418,39.457213960844896],[9.478920015795481,39.144157015044115],[9.296275171740305,39.23312338467302],[9.062541994555247,39.21989019985857],[8.998516115648997,39.175094209868334],[8.931367907030832,39.053702913481615],[8.819559130175364,38.976913057524584]]]]}},{"type":"Feature","properties":{"NAME":"Hainan","ABBREVN":"Hainan","INFO_UR":null,"SUBJECTO":"Hainan","BORDERPRECISION":1,"PARTOF":"Hainan"},"geometry":{"type":"MultiPolygon","coordinates":[[[[109.42965224693565,18.096622072417162],[108.93858626793174,18.33060225125017],[108.65192702720908,18.482448183257006],[108.56047347496299,19.060296617705248],[108.57689956138877,19.187371813017748],[108.68497756431846,19.295583330351732],[108.8736830086544,19.40395887966814],[109.19816115806846,19.684140764433764],[109.42011550377158,19.659205995757006],[109.44225600670127,19.73547514553728],[109.55032638023643,19.91355665798845],[109.65765670250205,19.901086412627123],[109.91588118980674,19.800006471831225],[110.06061843345908,19.940053545195482],[110.2583265633419,19.940475069243334],[110.61735061119346,20.017461382109545],[110.88536361168174,19.70678290005388],[110.81180861900596,19.630410753447435],[110.61250594566611,19.47118719692888],[110.42703536461143,19.2294193136281],[110.29871657799033,18.898843370634935],[110.36146834800986,18.765576921660326],[110.26251510093955,18.62562712307634],[110.13131240318565,18.58723600979509],[109.6690702767208,18.41473539944353],[109.42965224693565,18.096622072417162]]]]}},{"type":"Feature","properties":{"NAME":"Great Zimbabwe","ABBREVN":"G. Zimbabwe","INFO_UR":null,"SUBJECTO":"Great Zimbabwe","BORDERPRECISION":1,"PARTOF":"Great Zimbabwe"},"geometry":{"type":"MultiPolygon","coordinates":[[[[33.39528638537139,-20.02211158283374],[33.39528638537139,-20.761010594130624],[32.86601850002798,-21.995968993265286],[31.101792215549878,-23.054504763952146],[29.33756593107178,-23.054504763952146],[28.455452788832716,-22.525236878608716],[28.27903016038492,-21.46670110792186],[28.63187541728054,-19.87889745189157],[29.6904111879674,-18.820361681204712],[31.278214843997674,-18.643939052756906],[32.68959587158015,-18.643939052756906],[33.39528638537139,-19.173206938100336],[33.39528638537139,-20.02211158283374]]]]}},{"type":"Feature","properties":{"NAME":"Islamic city-states","ABBREVN":"Islamic city-states","INFO_UR":null,"SUBJECTO":"Islamic city-states","BORDERPRECISION":1,"PARTOF":"Islamic city-states"},"geometry":{"type":"MultiPolygon","coordinates":[[[[42.941233667834055,0.010588750500105],[42.91478255699421,-0.016971982758619],[42.440066370470774,-0.511580146592237],[41.88418487022663,-1.21815697078047],[41.6073217720821,-1.593676365655043],[41.65220168541218,-1.752453006547071],[41.60989287803913,-1.876740492623426],[41.33932403038288,-2.051799453538038],[41.088606867296946,-2.128604806702711],[40.91536620567585,-2.078140176575758],[40.8768644661739,-2.427730954926588],[40.74980834434773,-2.593229211609938],[40.448504480822336,-2.6447261941844],[40.27134231041218,-2.816691077988722],[40.23169616173054,-3.032834209244825],[40.23441604088093,-3.191706575196363],[40.07403090904499,-3.471666492264845],[39.64013198326374,-4.08267203692732],[39.681399378283274,-4.324065603058912],[39.52981093834187,-4.61671916369734],[39.417368921740305,-4.731353200715162],[39.26727202842976,-4.776162542145826],[39.22912124107624,-4.844893850129225],[39.1224699349239,-5.03702060107527],[38.93381026695515,-5.634787000458815],[38.87236693809773,-6.092471040528395],[38.921526941759836,-6.340208925049879],[39.22087768028523,-6.784406579774],[39.5664282173946,-7.044216073792555],[39.55541900108601,-7.171341337006666],[39.437205347521555,-7.330470002930738],[39.270125421984446,-7.801093496125318],[39.28673461387898,-7.877326406281568],[39.424300226671946,-7.896092332642652],[39.47772887657429,-7.997649110596754],[39.40043166588093,-8.309211171906568],[39.391829523546946,-8.735015310090162],[39.57677367637898,-9.541707433503248],[39.6576147408321,-9.795738614838697],[39.83821776817585,-10.00506440524397],[40.208785089953196,-10.252111829560377],[40.38686660240437,-10.37247506503401],[40.46619323204304,-10.47525540713606],[40.52401259849812,-10.550122655671217],[40.619517359240305,-10.76598969821272],[40.5364103646114,-11.02673474673567],[40.40044310997273,-11.230388082306959],[39.24819753258153,-11.144871908746616],[38.23752179298391,-9.291966386150964],[37.732183923185076,-4.575479601362019],[39.41664348918111,-1.375006425969531],[44.281409389217814,3.357797510020823],[46.449290647584505,4.080424596143054],[47.63646532348032,4.096041917326509],[47.55637649009968,3.992555223662279],[47.38398650596882,3.794777952391527],[46.36050322960163,2.667831026274584],[46.22544175888997,2.552302650726347],[45.541262659533274,1.967072092253588],[44.56746962974812,1.462954007346056],[44.300696405871165,1.290809475142382],[43.724307093127024,0.800251446921251],[43.09933541455361,0.170020864515159],[42.941233667834055,0.010588750500105]]]]}},{"type":"Feature","properties":{"NAME":"Magyars","ABBREVN":"Magyars","INFO_UR":null,"SUBJECTO":"Magyars","BORDERPRECISION":1,"PARTOF":"Magyars"},"geometry":{"type":"MultiPolygon","coordinates":[[[[16.122152512905487,45.581869537615034],[16.209129605272764,45.73407944925776],[16.078663966721834,45.88628936090049],[16.209129605272764,46.147220638002295],[16.44831660928274,46.10373209181867],[16.53529370165002,46.364663368920475],[16.29610669764004,46.40815191510411],[16.513549428558193,46.62559464602229],[16.44831660928274,46.77780455766501],[16.44831660928274,46.930014469307736],[16.557037974741846,47.06048010785864],[16.557037974741846,47.190945746409554],[16.644015067109123,47.299667111868644],[16.557037974741846,47.495365569695],[16.48161604547856,48.19584933203984],[17.353421976729678,48.963104003392715],[17.869848462660357,48.80002195520407],[18.11447153494329,48.85438263793361],[18.11447153494329,48.99028434475747],[18.223192900402367,48.99028434475747],[18.25037324176715,49.180546734310894],[18.47847432057335,49.49988824463957],[18.522176655414867,49.56107151341769],[18.926706865198312,49.62196029694567],[19.108236977475215,49.591705278232865],[19.13849199618805,49.712725353084124],[19.380532145890598,49.803490409222576],[19.5620622581675,49.712725353084124],[19.5620622581675,49.53119524080722],[19.713337351731596,49.53119524080722],[19.8948674640085,49.47068520338159],[20.015887538859758,49.803490409222576],[20.348692744700756,49.742980371796946],[20.53022285697766,49.803490409222576],[20.681497950541754,49.652215315658495],[20.893283081531493,49.742980371796946],[20.802518025393013,49.83374542793541],[20.893283081531493,49.83374542793541],[20.984048137669916,49.742980371796946],[21.13532323123401,49.83374542793541],[21.286598324798106,49.77323539050977],[21.316853343510914,49.86400044664822],[21.768063558826285,49.743677722564115],[21.7706786242032,49.742980371796946],[21.7706786242032,49.591705278232865],[24.131951941103054,48.811120856545],[24.297108496353147,48.756523774011114],[27.17052768677833,47.97286399480424],[27.170654277631343,47.97257464428307],[27.391097542618823,47.46870432431173],[27.428321778080274,47.38362035754267],[27.52855253754984,47.154521478755115],[27.62766255798236,46.92798428919508],[27.61532130563534,46.90021647141428],[27.366442631580057,46.34023945478992],[26.517477870772623,45.81779960198533],[23.056313845942228,45.03413982277846],[22.6644839563388,44.64230993317503],[22.337959048335946,44.772919896376166],[22.07673912193364,44.4463949883733],[21.35838432432736,44.772919896376166],[20.994183465401093,44.70007972459091],[20.705334508321627,44.64230993317503],[20.31365692137966,44.90109301699363],[20.29067094383346,44.89965639339698],[19.785081820473508,44.93614220642296],[17.9489735543858,44.81277507539258],[17.82669376197687,45.13885452181643],[17.337574592341113,45.13885452181643],[16.80769549190238,44.935054867801526],[15.911678518060839,45.63098013641212],[16.122152512905487,45.581869537615034]]]]}},{"type":"Feature","properties":{"NAME":"Venice","ABBREVN":"Venice","INFO_UR":null,"SUBJECTO":"Venice","BORDERPRECISION":1,"PARTOF":"Venice"},"geometry":{"type":"MultiPolygon","coordinates":[[[[13.36769584129597,45.69448813076677],[13.156165155871165,45.72652395840349],[13.104608568651926,45.58238562222185],[12.898650202257883,45.55837210293474],[12.448155436022532,45.394286714751146],[12.483212503893625,45.46231421108904],[12.279743227465403,45.40228994961443],[12.251417192919504,45.290282808501146],[12.180371317370188,45.27027853604021],[12.176189455492747,45.21429022427263],[11.970674173705603,45.436241641779475],[12.144820791307112,45.76276654978233],[12.6454923169115,45.91514484018367],[13.080858860915342,45.98044982178425],[13.36769584129597,45.69448813076677]]],[[[14.174608263476145,45.01038702603044],[14.188512835009348,44.94254644985857],[14.060400042040598,44.8947025167531],[13.991256746752512,44.783099733549975],[13.895102533800852,44.759181581694506],[13.672059092028391,45.05035742397966],[13.643589052660715,45.17908819790544],[13.526890787585032,45.454310976225756],[13.556276354296457,45.45960196133318],[13.749085459215891,45.49433096523943],[13.799984011156809,45.566371523100756],[13.995128603323352,45.45800996897967],[13.951591948922967,45.39270498737909],[13.799213658521651,45.30563167857832],[13.908055294522583,44.979106770575456],[14.174608263476145,45.01038702603044]]]]}},{"type":"Feature","properties":{"NAME":"Corsica","ABBREVN":"Corsica","INFO_UR":null,"SUBJECTO":"Corsica","BORDERPRECISION":1,"PARTOF":"Corsica"},"geometry":{"type":"MultiPolygon","coordinates":[[[[9.432161364062082,42.79413565273943],[9.405494722826731,42.58059652920427],[9.458552393419993,42.556056581694506],[9.48671153496052,42.40637930508318],[9.452508959276926,42.048305116850756],[9.357456240160715,41.901210390288256],[9.304538759691965,41.57526739712419],[9.173024210436594,41.349906526762865],[9.038939508898508,41.369498811919115],[9.013268503649485,41.4576793539113],[8.82875255058552,41.49197729702654],[8.726921114428293,41.56056936855974],[8.854648622973215,41.653678499419115],[8.823254618151438,41.68797644253435],[8.626926455004465,41.73208960171404],[8.742449793322336,41.88159903164568],[8.692829164965403,41.91346319790544],[8.561865839464915,41.88159903164568],[8.537932428820383,41.947780214507006],[8.589588198168528,41.95759161587419],[8.668312105639231,42.028686128813646],[8.626454386217844,42.097343050200365],[8.51069835136677,42.13412436123552],[8.517246279223215,42.207702242094896],[8.62842181633259,42.261657320219896],[8.500446352465403,42.3597789632863],[8.609300646288645,42.48734625454607],[8.879002603991282,42.62476690884294],[9.000392946703684,42.63458975430193],[9.018427881701243,42.691039644438646],[9.149460825426829,42.71067007656755],[9.237692865832102,42.66403921719255],[9.280391726000559,42.72785528774919],[9.270520243151438,42.88251074429216],[9.30318931053425,42.9831920492238],[9.367051157458079,42.98810156460466],[9.41423896263386,42.90952643032732],[9.432161364062082,42.79413565273943]]]]}},{"type":"Feature","properties":{"NAME":"East Java","ABBREVN":"E. Java","INFO_UR":null,"SUBJECTO":"East Java","BORDERPRECISION":1,"PARTOF":"East Java"},"geometry":{"type":"MultiPolygon","coordinates":[[[[115.86337,-3.37747],[115.80631,-3.53647],[115.56814,-3.80391],[114.98581,-4.07846],[114.71241,-4.20615],[114.58087,-4.29541],[114.49362,-4.15579],[114.50463,-3.9651],[114.35625,-3.60316],[114.21847,-3.43188],[114.0995,-3.34951],[113.9706,-3.3625],[113.74446,-3.59814],[113.60839,-3.61113],[113.46076,-3.38267],[113.32001,-3.29401],[113.1235,-3.24359],[112.94931,-3.0406],[112.79538,-2.97102],[112.63836,-3.33361],[112.57773,-3.42272],[112.40625,-3.4485],[112.24562,-3.39801],[112.04686,-3.45564],[111.90338,-3.61483],[111.73945,-3.64696],[111.71331,-3.39917],[111.72859,-3.25932],[111.58721,-2.7957],[111.43599,-2.97397],[110.79682,-3.17236],[110.65251,-2.98838],[110.36506,-2.99536],[110.23843,-3.06553],[110.10231,-3.07854],[110.50941,-2.51325],[111.33287,-1.36984],[112.80111,-1.87489],[113.77182,-1.87489],[114.63468,-1.65918],[115.9559,-3.19932],[115.86337,-3.37747]]],[[[109.38199,-6.98865],[110.02728,-7.04445],[110.24257,-7.03128],[110.39589,-6.95468],[110.49153,-6.66212],[110.61329,-6.5411],[110.81459,-6.53431],[110.91452,-6.62943],[111.04472,-6.85159],[111.32965,-6.90818],[111.56828,-6.92036],[111.9168,-6.95774],[112.27479,-7.02689],[112.40491,-7.13464],[112.53656,-7.26452],[112.50087,-7.46494],[112.62459,-7.67439],[112.67842,-7.71878],[113.07269,-7.87682],[113.26259,-7.90818],[113.55871,-7.9139],[113.76138,-7.83083],[113.94836,-7.82408],[114.23077,-7.93151],[114.25219,-8.02044],[114.13761,-8.21137],[114.06916,-8.43395],[114.32928,-8.78297],[114.10475,-8.68811],[113.74382,-8.59991],[113.47469,-8.48609],[113.07379,-8.34712],[112.83578,-8.34764],[112.57098,-8.46262],[112.41436,-8.48837],[112.09338,-8.44458],[111.43914,-8.38243],[110.77774,-8.32031],[110.41539,-8.20669],[110.03817,-7.99141],[109.54362,-7.83994],[109.11535,-7.73875],[109.12531,-7.66775],[109.21701,-7.01438],[109.38199,-6.98865]]],[[[117.79684,-8.49582],[117.70542,-8.43882],[117.67736,-8.36261],[117.69099,-8.26724],[117.80622,-8.17801],[117.94794,-8.16193],[118.02465,-8.20297],[118.0483,-8.29838],[118.13015,-8.34257],[118.26714,-8.27739],[118.41999,-8.32462],[118.46731,-8.39284],[118.462,-8.59608],[118.54416,-8.52929],[118.61766,-8.39235],[118.76083,-8.37934],[118.86329,-8.48081],[118.87261,-8.67146],[118.95417,-8.65525],[118.98203,-8.70248],[118.97055,-8.88099],[118.8282,-8.78645],[118.68882,-8.76021],[118.62547,-8.78645],[118.65803,-8.85624],[118.27464,-8.92698],[118.21066,-8.88616],[118.25399,-8.76545],[118.216,-8.73921],[118.0772,-8.85992],[117.97386,-8.97538],[117.84085,-8.95438],[117.55728,-9.05565],[117.27663,-9.14524],[117.1159,-9.12232],[116.97642,-9.17766],[116.80034,-9.14626],[116.75419,-9.11458],[116.66316,-9.05934],[116.63447,-8.93339],[116.69892,-8.81598],[116.66269,-8.70248],[116.74955,-8.65063],[116.8534,-8.59955],[116.95838,-8.52929],[117.05933,-8.56098],[117.33397,-8.56673],[117.51381,-8.61326],[117.55416,-8.73921],[117.6851,-8.78843],[117.81717,-8.81356],[117.90241,-8.69723],[118.03314,-8.69198],[118.0559,-8.60801],[117.93772,-8.54001],[117.79684,-8.49582]]],[[[114.89563,-8.65463],[114.51071,-8.45207],[114.45751,-8.33143],[114.64504,-8.33102],[114.87628,-8.24791],[115.0844,-8.23473],[115.50045,-8.46901],[115.34816,-8.5456],[115.2437,-8.59031],[115.07236,-8.78136],[114.89563,-8.65463]]]]}},{"type":"Feature","properties":{"NAME":null,"ABBREVN":null,"INFO_UR":null,"SUBJECTO":null,"BORDERPRECISION":1,"PARTOF":null},"geometry":{"type":"MultiPolygon","coordinates":[[[[113.77182,-1.87489],[112.80111,-1.87489],[111.33287,-1.36984],[111.23283,-1.24757],[110.70589,-0.60352],[110.63622,0.1628],[111.26321,0.78979],[112.49911,2.25818],[113.74162,3.08652],[114.56996,3.50069],[115.32927,3.08652],[116.22664,2.05109],[116.43373,1.36081],[116.01956,0.18733],[114.63468,-1.65918],[113.77182,-1.87489]]]]}},{"type":"Feature","properties":{"NAME":"Xixia","ABBREVN":"Xixia","INFO_UR":null,"SUBJECTO":"Xixia","BORDERPRECISION":1,"PARTOF":"Xixia"},"geometry":{"type":"MultiPolygon","coordinates":[[[[102.04374844726028,37.738080025488514],[99.80230909509034,37.83996363240533],[97.45898613600362,38.55314888082302],[96.23638285300184,38.756916094656646],[92.56857300399652,38.756916094656646],[88.28946151349034,38.960683308490275],[85.84425494748679,39.57198494999116],[85.1310696990691,40.18328659149205],[85.23295330598593,40.998355446826565],[85.94613855440362,41.40588987449382],[88.18757790657351,41.40588987449382],[91.3459697209948,42.11907512291151],[92.26292218324609,42.11907512291151],[96.23638285300184,41.507773481410624],[98.98724023975582,41.81342430216107],[101.43244680575937,41.202122660660194],[101.45964182098994,41.202122660660194],[103.0625845164284,41.202122660660194],[108.36053207610276,41.507773481410624],[109.37936814527087,41.202122660660194],[110.50008782135582,39.877635770741605],[109.8887861798549,37.94184723932214],[108.97183371760362,37.738080025488514],[102.04374844726028,37.738080025488514]]]]}},{"type":"Feature","properties":{"NAME":"Chola state","ABBREVN":"Chola state","INFO_UR":null,"SUBJECTO":"Chola state","BORDERPRECISION":1,"PARTOF":"Chola state"},"geometry":{"type":"MultiPolygon","coordinates":[[[[80.5629,5.93167],[80.34107,5.96931],[80.22216,6.05801],[80.12767,6.21666],[80.01677,6.496],[79.85409,7.06115],[79.83873,7.35339],[79.84073,7.69651],[79.83217,8.10315],[79.72418,8.41658],[79.8087,8.64749],[79.67463,8.80493],[79.70579,8.93088],[79.89601,8.92039],[80.05262,9.11388],[80.07653,9.27913],[80.17807,9.44519],[80.10958,9.6866],[80.3476,9.47033],[80.66242,9.29946],[80.76763,9.12178],[81.01492,8.77285],[81.09344,8.62688],[81.04908,8.4743],[81.06008,8.41079],[81.32614,8.25887],[81.44597,7.92872],[81.80486,7.31317],[81.86617,7.08456],[81.77902,6.75396],[81.59992,6.44858],[81.43388,6.27031],[81.20269,6.07919],[80.8518,5.95135],[80.5629,5.93167]]],[[[75.43987,11.7498],[76.67473,13.28601],[77.71674,14.32803],[78.20298,14.81427],[80.45976,15.77315],[80.30022,15.64574],[80.16343,15.39132],[80.0894,15.17516],[80.08707,14.94643],[80.16166,14.2541],[80.16972,13.89199],[80.07589,13.66942],[80.17813,13.52352],[80.20184,13.49169],[80.31988,13.33321],[80.31346,13.10448],[80.22376,12.83109],[79.92281,12.10616],[79.86674,11.96909],[79.76935,11.73098],[79.72528,11.51592],[79.71073,11.44494],[79.73183,11.15272],[79.82627,10.35873],[79.78994,10.25063],[79.50092,10.25001],[79.30627,10.25595],[79.22248,10.19222],[79.07228,9.75985],[78.92661,9.49268],[78.93772,9.43552],[79.15965,9.27716],[78.79765,9.13023],[78.66013,9.12359],[78.31384,8.99576],[78.18113,8.81121],[78.13578,8.49977],[78.06494,8.38526],[77.89976,8.25781],[77.84803,8.23269],[77.73393,8.17729],[77.66318,8.14293],[77.61861,8.11742],[77.58884,8.09831],[77.48439,8.02819],[77.41947,8.02804],[77.34137,8.05328],[76.70353,8.70636],[76.66239,8.88418],[76.53786,9.119],[76.46721,9.41013],[76.38529,9.7477],[76.294,9.98495],[76.24838,10.10352],[76.07506,10.55396],[75.65175,11.42349],[75.5907,11.51752],[75.43987,11.7498]]]]}},{"type":"Feature","properties":{"NAME":"Tibet","ABBREVN":"Tibet","INFO_UR":null,"SUBJECTO":"Tibet","BORDERPRECISION":1,"PARTOF":"Tibet"},"geometry":{"type":"MultiPolygon","coordinates":[[[[102.08804,34.86569],[103.20326,34.10535],[103.15487,33.28259],[101.93645,32.35086],[100.68659,31.39508],[100.493,30.08834],[100.68163,28.69096],[98.63723,27.47874],[96.42759,26.70051],[95.8016,26.63791],[94.68028,26.52578],[94.49169,26.50692],[94.1529,27.66846],[91.83027,27.27675],[91.43788,27.28058],[89.22507,27.30218],[88.1541,27.31264],[86.40928,27.32968],[84.42849,27.87296],[83.73996,28.20484],[80.05398,29.98154],[79.80756,30.70923],[79.80756,31.16087],[80.07855,31.8835],[79.80756,33.05777],[79.89789,34.05138],[79.84529,35.22517],[79.83312,35.49664],[88.08569,38.14561],[87.67816,38.65503],[88.28946,38.96068],[92.56857,38.75692],[96.23638,38.75692],[97.45899,38.55315],[99.80231,37.83996],[102.04375,37.73808],[101.68757,36.30738],[102.08804,34.86569]]]]}},{"type":"Feature","properties":{"NAME":"Song Empire","ABBREVN":"Song Empire","INFO_UR":null,"SUBJECTO":"Song Empire","BORDERPRECISION":1,"PARTOF":"Song Empire"},"geometry":{"type":"MultiPolygon","coordinates":[[[[101.21896020065596,26.990895370621487],[100.68162876825188,28.690961624015074],[100.49299553549038,30.08834460866141],[100.68658611286783,31.395081005959504],[101.93645111029413,32.35086012163842],[103.15486597443096,33.28258913539008],[103.2032636187753,34.10534908924444],[102.08804040560331,34.86569055497782],[101.68757091375052,36.3073807256478],[102.04374844726028,37.738080025488514],[108.97183371760362,37.738080025488514],[109.8887861798549,37.94184723932214],[110.50008782135582,39.877635770741605],[111.41704028360716,39.57198494999116],[115.69615177411335,39.57198494999116],[117.51010318821041,38.76556942634748],[117.43950179527549,38.60277136440935],[117.47903731773643,38.449916444975756],[117.58946517418174,38.28448065396013],[117.84067061851768,38.16392096157732],[118.20027450035361,38.04361303921404],[118.74464705894736,38.063834749419115],[118.8752470345333,37.949428163725756],[118.86725905845908,37.70737417813005],[118.8116484017208,37.446132265288256],[118.83700087974815,37.204215608794115],[118.95460036705283,37.07711752529802],[119.28440383384971,37.04596670742693],[119.59885695884971,37.11661871548357],[119.9406996102169,37.35291250820818],[120.16939071129111,37.57625540371599],[120.41806319664268,37.67865713711443],[120.65811446617393,37.73646505947771],[120.78740218590049,37.70487555142107],[121.18977645347861,37.42548330898943],[121.43434432457236,37.336837373930834],[121.89484694908408,37.37596472378435],[122.05756667564658,37.3635631429738],[122.26948836754111,37.30032309170427],[122.39285567711143,37.3005748617238],[122.28126815269736,36.98200567837419],[122.25558761070518,36.7336917745656],[121.9801283211544,36.822249971587084],[121.84669784019736,36.86017569180193],[121.60988143394736,36.834228121001146],[120.85548690269736,36.58444937344255],[120.53731063316611,36.386519991118334],[120.50483230064658,36.055568300444506],[120.26971724937705,35.98509558315935],[120.20366958092002,36.03586538906755],[120.19649032066611,36.156737886626146],[120.13933852623252,36.19480093594255],[119.91377547691611,36.14344366665544],[119.97557357261924,35.93359717007341],[119.90734389732627,35.768058382231615],[119.68883040855674,35.5449710714406],[119.06016066978721,35.04126700039568],[119.00324538658408,34.939471803862475],[119.02086165855674,34.6919322835988],[119.29992202232627,34.59093054409685],[119.62047866295127,34.369384371001146],[119.97359755943565,34.13522299404802],[120.14943221519736,33.894332491118334],[120.34028151939658,33.33605536099138],[120.64058974693565,33.04462393398943],[120.7193861336544,32.84798391934099],[120.66086104820518,32.543117128569506],[120.7383070320919,32.46073492642107],[121.05076125572471,32.328048311430834],[121.23053267906455,32.061767183501146],[121.4836683602169,31.948009096342943],[121.6059599251583,31.827626787382982],[121.64503768394736,31.688027940947435],[121.62330916832236,31.618154131132982],[121.26826766441611,31.452338777739428],[121.3078871102169,31.42066343899431],[121.49887374351768,31.28138693447771],[121.64023116539268,30.926120363432787],[121.63186934898643,30.7927680837697],[121.56893447349815,30.710101686674975],[121.32843306968955,30.69054754849138],[121.03547194908408,30.594703279692553],[120.6086683602169,30.346181474882982],[120.2269316048458,30.25015028591814],[119.94366744468955,30.116218172270678],[120.26755050133018,30.0216499197072],[120.43786147545127,29.99661024685564],[120.86273482750205,30.187980257231615],[121.0825224251583,30.213830553252123],[121.15524581383018,30.18857916470232],[121.39126876304893,29.922397218901537],[121.56523421715049,29.846555315215014],[121.77031997154502,29.834281526762865],[121.77436355064658,29.7644534933156],[121.67039016197471,29.624536119658373],[121.4984388680294,29.522582613188646],[121.36191085289268,29.4143501150197],[121.41146377037315,29.344604097563646],[121.55819991539268,29.357616029936693],[121.64916518638877,29.319707475859545],[121.56675246666221,29.173480592924975],[121.43251326988486,28.836659990507982],[121.34583571861533,28.544379793364428],[121.3585234017208,28.3856635915822],[121.25970748375205,28.182250581938646],[121.16591170738486,28.124896608549975],[121.00856307457236,28.276980959135912],[120.94237807701377,28.213330827910326],[120.68650344322471,27.86989554043474],[120.50590041588096,27.59010466213884],[120.40887740562705,27.310491167265795],[120.3518095345333,27.177013002592943],[120.08409408043174,26.985940538603685],[119.97135451744346,26.788837038237475],[119.85703566978721,26.706031404692553],[119.6007109017208,26.692800127226732],[119.42890456627158,26.590831361967943],[119.55488875816611,26.26721342678728],[119.43603042076377,26.03833922024431],[119.47034743736533,25.77168234463396],[119.42860701988486,25.650926195341967],[119.33538344810752,25.530067049223803],[119.09585860679893,25.440650545317553],[119.02366927574424,25.31348570461931],[118.94535354088096,25.135495744902514],[118.81294539879111,24.8494144308156],[118.53120711754111,24.690036379057787],[118.34562972496299,24.467338167387865],[118.12423995445518,24.53039129849138],[117.92490676353721,24.561727129179857],[117.86126235435752,24.510774217802904],[117.79609206627158,24.42171438809099],[117.84909347008018,24.047095857817553],[117.75324538658408,23.983384691435717],[117.40589431236533,23.6904731618947],[117.24540236900596,23.632972322661303],[116.96271041343955,23.556155763823412],[116.7091322274044,23.34602316494646],[116.45205977867393,23.250201784331225],[116.40389541099815,23.199287019926928],[116.40021804283408,22.983321748930834],[116.34061721275596,22.91333159084978],[116.08469680259971,22.8873782980031],[115.86004928062705,22.83609541531267],[115.70670607994346,22.638873659331225],[115.54251388023643,22.695684038359545],[115.30879500816611,22.771407686430834],[115.18552688072471,22.745751939970873],[115.04353621910361,22.599364839751146],[114.84781173179893,22.510015093047045],[114.55874923179893,22.46494825955095],[114.53746322105674,22.674502931792162],[114.30387404869346,22.64860113735857],[113.9891386360958,22.552667223173998],[113.84516433189658,22.463439546782396],[113.71678451011924,22.482215486723803],[113.53598311851768,22.704146944243334],[113.46257308433799,22.7738529073781],[113.37662032554893,22.646646105009935],[113.41929152916221,22.570508562285326],[113.39908889244346,22.475192629057787],[113.37770369957236,22.16390761013689],[113.28367904136924,22.03033026333513],[113.09672072838096,21.97912176724138],[112.87131026695518,22.061215959746264],[112.81556228111533,21.934060655791185],[112.8153333992794,21.826074205595873],[112.74952224205283,21.756068788725756],[112.47251418541221,21.73007734890642],[112.3078642220333,21.678912721831225],[112.03952315758018,21.65928991909685],[111.8312025399044,21.754121385771654],[111.73399642418174,21.70945509548845],[111.53608230064658,21.49307211514177],[111.43422225425986,21.461099230009935],[111.0855970711544,21.479402147490404],[110.74959853599815,21.37706335659685],[110.56641677330283,21.230577074248217],[110.36344436119346,21.242852770048998],[110.23882583092002,21.28069647427263],[110.23382094810752,21.25528486843767],[110.20257094810752,21.096425615507982],[110.07242873619346,20.91828878994646],[110.07721999595908,20.867482744414232],[110.29317000816611,20.582110964018725],[110.41411879967002,20.5251956808156],[110.43365767906455,20.436297975737475],[110.27128890465049,20.315265260893725],[109.92825606773643,20.2446723806447],[109.71159652183799,20.568162523466967],[109.6029310555294,20.87918051357927],[109.60814956138877,21.057046495634935],[109.78676131675986,21.406783662993334],[109.77981856773643,21.482984148222826],[109.51607802818565,21.596772752959154],[109.41431716392783,21.56479414578142],[109.32187941978721,21.4312015401906],[109.11740401695518,21.39900930996599],[108.81303695152549,21.493642412382982],[108.55499556968955,21.823396288115404],[108.46664718101768,21.78510435696306],[108.45892623375205,21.708860002715014],[108.38727096031455,21.53085287686052],[108.26594069908408,21.47342451687517],[108.1167021126583,21.498511873442553],[107.9000273079708,21.47900541897478],[107.8756132454708,21.462068163115404],[107.78977492759971,21.402537904936693],[107.41781142662315,21.18578680630388],[106.58540025991904,22.91894011470515],[105.18756703689463,25.829351906356514],[102.9612753970534,26.79730479324399],[101.21896020065596,26.990895370621487]]]]}},{"type":"Feature","properties":{"NAME":"Annam","ABBREVN":"Annam","INFO_UR":null,"SUBJECTO":"Annam","BORDERPRECISION":1,"PARTOF":"Annam"},"geometry":{"type":"MultiPolygon","coordinates":[[[[105.39971637868003,16.33097923887283],[104.93303328904541,17.450882698057654],[104.11128589985204,17.998714290853265],[103.05807068574218,17.998714290853265],[103.78688826983235,20.22182356891365],[104.02602357262965,20.1184298737204],[104.55839766041778,20.16682751806477],[104.84878352648401,21.763949781429105],[106.58540025991904,22.91894011470515],[107.41781142662315,21.18578680630388],[107.46579268883018,20.976270281035326],[107.37433913658408,20.880792223173998],[106.80704024742393,20.905006014067553],[106.74624923179893,20.815949999052904],[106.77157119224815,20.63813933010759],[106.6442900032833,20.46636541958513],[106.38092330406455,20.11008795376482],[106.28142836998252,20.046357713896654],[106.04167464683799,19.937850557524584],[105.9648695320919,19.88052328701677],[105.8433866829708,19.70240934963884],[105.70696547935752,19.2828803884572],[105.53258040855674,18.844211183745287],[105.65331557701377,18.742835603911303],[105.86413100670127,18.489196382719896],[106.36444381187705,18.007497392851732],[106.37519362877158,17.899535738188646],[106.39383986900596,17.66453894253435],[106.43306258629111,17.550279222685717],[106.62225631187705,17.328355394560717],[107.00507535871476,17.037970481707667],[107.11497024009971,16.954610429961107],[107.37534490539612,16.691467982144694],[106.79123775577712,16.373123435248296],[106.4514972658936,16.18796129096556],[106.2039175681265,16.053027748793],[105.39971637868003,16.33097923887283]]]]}},{"type":"Feature","properties":{"NAME":"Champa","ABBREVN":"Champa","INFO_UR":null,"SUBJECTO":"Champa","BORDERPRECISION":1,"PARTOF":"Champa"},"geometry":{"type":"MultiPolygon","coordinates":[[[[106.4514972658936,16.18796129096556],[106.79123775577712,16.373123435248296],[107.37534490539612,16.691467982144694],[107.6920194954708,16.37142714138689],[107.80916884849815,16.28274305935564],[108.09534743736533,16.25158842678728],[108.23614791343955,16.080380998808764],[108.3630628914669,15.623269640166185],[108.49894240806846,15.36310728665056],[108.78612044761924,15.090558611113451],[108.91776565025596,14.792262636382006],[109.07114699791221,14.170025430876635],[109.30712417076377,12.906332575041674],[109.17454055259971,12.709093652922533],[109.06843093345908,12.48651274319353],[109.0909452767208,12.118089281279467],[109.04842666099815,11.933768831450365],[109.07335189293174,11.635222040373705],[109.0613050789669,11.590727411467455],[108.94330729750659,11.41220059964261],[108.89730361412315,11.342598520476244],[108.69589522789268,11.145221315581225],[108.58152297447471,11.08779390927019],[108.35281661461143,11.042831026274584],[108.16427901695518,10.966188989836596],[107.9387235970333,10.806869112212084],[107.6728773445919,10.52675589199724],[107.41204360435752,10.3673587667531],[107.26571944664268,10.347982011992357],[107.03562453697471,10.436424814421557],[106.85380080650596,10.575815759856127],[106.77315810631065,10.63917215939226],[106.92988223329208,11.842432690832474],[107.89783512017955,12.56839735599808],[107.89783512017955,13.681543175918677],[107.4622563210802,14.988279573216772],[106.4514972658936,16.18796129096556]]]]}},{"type":"Feature","properties":{"NAME":null,"ABBREVN":null,"INFO_UR":null,"SUBJECTO":null,"BORDERPRECISION":1,"PARTOF":null},"geometry":{"type":"MultiPolygon","coordinates":[[[[140.86977675865438,-2.794752515595533],[142.03084853599813,-3.155563510697462],[142.4132643074825,-3.307272828858473],[142.8812818856075,-3.439716495316603],[143.44550612877157,-3.610096133988478],[143.826960596545,-3.838063157837965],[144.10290053795126,-3.983638442795851],[144.37172988365438,-4.0211910379344],[144.54267409752157,-3.995406307023146],[144.659480127795,-4.223943628113844],[144.78300002525594,-4.338082231324293],[145.06844619224813,-4.49634972934065],[145.37749770592,-4.673644937317945],[145.72822097252157,-4.99702922229109],[145.59342482994344,-5.423136152070143],[145.60814956138876,-5.524802602570631],[145.74540236900594,-5.626188195984938],[146.04450515220907,-5.676385797303297],[146.89342788170126,-6.03047648791609],[147.05289748619344,-6.042832769196608],[147.37649062584188,-6.124768174927809],[147.45795730064657,-6.238989270966627],[147.64393142174032,-6.480108178895094],[147.73859694908407,-6.740489877503492],[147.66384414146688,-6.791499055665113],[147.16231826256063,-6.824362195771315],[146.90914443443563,-6.894825376313307],[146.86498549888876,-6.964828408997633],[146.88602736900594,-7.117318548005201],[147.15124038170126,-7.5616602075511],[147.37603286217,-7.796340860169508],[148.03466323326376,-8.246194280427076],[148.13273147056844,-8.627350248139479],[148.45881179283407,-9.097000516694166],[148.58870986412313,-9.160280622284986],[148.72510817955282,-9.153623021882154],[149.04546645592,-9.114801801484205],[149.19771865318563,-9.120829023163893],[149.23676589439657,-9.209720052521803],[149.07787612388876,-9.457954801362135],[149.1757154793575,-9.553084768097975],[149.35651687095907,-9.61626283053694],[149.54644301842,-9.63492337588606],[149.82990554283407,-9.710580266755201],[149.87292006920126,-9.767703450959303],[149.85897353599813,-9.831288732331373],[149.56739333580282,-9.9272607934886],[149.69637587974813,-10.035046972077467],[150.17556289146688,-10.161140836518385],[150.41762832115438,-10.294100202363111],[150.52338698814657,-10.637121595185377],[150.4945631356075,-10.73889008883772],[150.00239089439657,-10.733601011078932],[149.9056959481075,-10.663879789155104],[149.84009841392782,-10.454260267060377],[149.78336623619344,-10.40988961581526],[149.32856276939657,-10.360017217438795],[148.84986403892782,-10.240275777619459],[148.5605268807247,-10.183689512055494],[148.22196486900594,-10.190774358552076],[147.87362197349813,-10.178817189972975],[147.61547378013876,-10.08402005557356],[147.39333632896688,-9.92559949282942],[147.29304030845907,-9.690630353730299],[147.18500808189657,-9.570095456879713],[146.85840896080282,-9.430965818207838],[146.6460981697872,-9.278875745576002],[146.58550551842,-9.190019048493483],[146.09553054283407,-8.466494954865553],[145.819636377795,-8.098442472260572],[145.61518386314657,-8.073457158845045],[144.92943862388876,-7.922387994568922],[144.62740615318563,-7.783210672181227],[144.37983230064657,-7.758321679871656],[144.193171534045,-7.841353811066725],[144.01603225181844,-7.873520768921949],[143.66479018638876,-7.670890725892164],[143.79181960533407,-8.013834394257643],[143.77961257408407,-8.109205640595533],[143.6674146981075,-8.141228116791822],[143.49586013267782,-8.084393895905592],[143.3560591072872,-8.129184163849928],[143.48932937095907,-8.306858457367994],[143.43680861900594,-8.357819951813795],[142.96996596763876,-8.37789384249983],[142.46399978111532,-8.296365178864576],[142.24891189049032,-8.30954495791731],[142.3556471199825,-8.366510785859205],[142.4637251229122,-8.436202443879225],[142.75283339927938,-8.51183930758772],[143.05065444420126,-8.670099653046705],[143.23267653892782,-8.822255529206373],[143.33112624595907,-9.000007070344068],[143.1459760994747,-9.089399732392408],[142.81331923912313,-9.28079739932356],[142.6074018807247,-9.376576818268873],[142.30655959556844,-9.332743085663893],[141.49615004967,-9.315418638032057],[140.9476118416622,-9.273864187043287],[140.71602920006063,-9.043785489838697],[140.29897597740438,-8.644266523163893],[139.976862940295,-8.2381738794261],[139.79406264732626,-8.213153280060865],[139.44507888267782,-8.258392728608229],[139.11237624595907,-8.322665609162428],[138.91701796959188,-8.31673661593733],[138.9579878182247,-8.145039953034498],[139.15363601158407,-7.852243818085768],[139.15613845299032,-7.725116647523024],[138.90395644615438,-7.490504182618238],[138.64956191490438,-7.141485608857252],[138.66239455650594,-7.039763368409254],[138.86135390709188,-7.090180314820387],[138.96779921959188,-7.070877946656324],[139.02826980064657,-7.01990929965315],[138.81806472252157,-6.836044706147291],[138.55056289146688,-6.652304090302565],[138.42139724205282,-6.480980790894606],[138.2974653572872,-6.188879884522535],[137.8235884041622,-5.427235997956373],[137.5953169197872,-5.2497705591136],[137.38517287681844,-5.123125947754957],[137.11291030357626,-5.034737504761793],[136.2206373543575,-4.763372815888502],[135.65355971763876,-4.592993654053785],[135.37775710533407,-4.561812318604566],[135.06051162193563,-4.454455293458082],[134.77680495689657,-4.308899797242262],[134.80968764732626,-4.156293309968092],[134.76578811119344,-4.035634435456373],[134.6786451668575,-4.023115552704908],[134.40088942955282,-4.068201936524488],[134.22614577720907,-4.036799825471022],[134.0406294197872,-3.948230661194899],[133.85700515220907,-3.770667947571852],[133.76272109459188,-3.510306514542677],[133.82253554771688,-3.287733472626783],[133.75252822349813,-3.18620363597212],[133.66883376549032,-3.237232602875807],[133.5632124275997,-3.415403760712721],[133.50826552818563,-3.714226163666822],[133.39547255943563,-3.987760223191358],[133.24489882896688,-4.108839429658033],[132.9316206307247,-4.268395341675856],[132.86176589439657,-4.192290223878004],[132.7128248543575,-3.887547172349073],[132.722956690295,-3.817619956772901],[132.89564040611532,-3.696492828171827],[132.82718947838094,-3.505969680588819],[132.749323877795,-3.398097671311476],[132.49538711021688,-3.220699466508009],[132.17724135826376,-3.043445504944899],[132.02495864342,-3.018357194703199],[131.9988813729122,-2.923082031052687],[132.0158033699825,-2.821360744279005],[132.20194533775594,-2.801898635666944],[132.37629226158407,-2.839650787156202],[132.64737990806844,-2.947101749222853],[132.71871474693563,-2.934237636368849],[132.88431838463094,-2.7813548219615],[133.12084487388876,-2.596534169953443],[133.18667128990438,-2.621814645569899],[133.32134536217,-2.742274202149488],[133.78078750084188,-2.722207464020826],[133.84302810142782,-2.664876855652906],[133.883601221545,-2.429650939744093],[133.85500625084188,-2.245414413254835],[133.74759963463094,-2.258355058472731],[133.5927534432247,-2.34766022090254],[133.32070449302938,-2.380026973527052],[133.02511123131063,-2.361604608338453],[132.68067458580282,-2.381411470215895],[132.21895888756063,-2.34427944545088],[132.0340376229122,-2.204873956482984],[131.97339919517782,-2.116036809723951],[131.90626052330282,-1.817490614693739],[131.81559279869344,-1.665172256272413],[131.626765284045,-1.595673717301466],[131.0644331307247,-1.539699472230055],[131.18339065025594,-1.405983485024549],[131.20951369713094,-1.291541494172193],[131.21142104576376,-1.024637974541761],[131.41967299888876,-1.011477566998579],[131.83364394615438,-0.826284266751387],[132.0541792244747,-0.654236055653669],[132.2540083260372,-0.52669767264662],[132.41230300377157,-0.539065576832868],[132.59240249107626,-0.570447958748915],[133.26497939537313,-0.861315585415937],[133.4962721199825,-0.937068201344587],[133.90731337974813,-1.006078935902693],[134.07917312095907,-1.323459185402967],[134.14098647545126,-1.501257814210035],[134.0138502449825,-1.838348544877149],[133.98336318443563,-2.009996928017713],[134.08280471275594,-2.181369699280836],[134.13430312584188,-2.403682388108351],[134.18630507896688,-2.619645274918653],[134.2830610604122,-2.854586995881178],[134.36635878990438,-2.943376220505812],[134.45540908287313,-3.000382579606153],[134.55695632408407,-2.707814611237623],[134.59516433189657,-2.758574880402662],[134.6340132088497,-2.822047866623976],[134.77306655357626,-3.304742254059889],[134.8491010994747,-3.380851424973585],[134.95438674400594,-3.463242925446608],[135.08674148033407,-3.513791717331983],[135.2464399666622,-3.538871921341993],[135.50757888267782,-3.44932619456587],[135.73424819420126,-3.251824773591139],[136.27088454674032,-2.418122447770216],[136.42882827232626,-2.411427892487623],[136.91410354088094,-2.315044320862867],[137.08423903892782,-2.251135267060377],[137.10439589927938,-2.212950624268629],[137.1106977791622,-1.984163798134901],[137.20882705162313,-1.907682098191358],[137.70389846275594,-1.633348025124647],[137.85431960533407,-1.613961375992872],[138.6342573494747,-1.955445445817091],[139.59199050377157,-2.379156745713331],[140.28515151451376,-2.612797416489698],[140.86977675865438,-2.794752515595533]]],[[[149.55416396568563,-6.406063951294996],[149.48011306236532,-6.298171914857008],[149.3790083260372,-6.209412015717604],[149.20858291099813,-6.152576841157057],[149.02149489830282,-6.241957582276441],[148.841609034045,-6.070749677460768],[148.71245864342,-5.988406575959303],[148.41572097252157,-5.881004251282789],[148.3063307137325,-5.773187555115797],[148.3766432137325,-5.658629812043287],[148.50721267174032,-5.671065725129225],[148.83649733970907,-5.644925512116529],[149.07856276939657,-5.701607621949293],[149.41283706138876,-5.739016927521803],[149.64846328209188,-5.713087476533033],[149.76441482017782,-5.630208410065748],[149.86927321861532,-5.401179708283522],[149.89423659752157,-5.445617116730787],[150.0519361824825,-5.623225606721022],[150.18082717369344,-5.705580629151441],[150.28934768150594,-5.711702264588453],[150.72159865806844,-5.62178508166609],[150.88651565025594,-5.519739068787672],[151.04922011802938,-5.195244230073072],[151.15742019127157,-5.099672235291578],[151.4516401619747,-5.086332715790846],[151.56986525963094,-5.028878606598951],[151.5876264900997,-4.901724733155348],[151.55880263756063,-4.647550023835279],[151.53931716392782,-4.406077302735426],[151.76227858970907,-4.494570173066236],[151.94422439049032,-4.519603170197584],[152.0899458260372,-4.360398210328199],[152.23322585533407,-4.620676435273268],[152.2681684822872,-4.779488481324293],[152.17965224693563,-5.002136625092604],[152.13552382896688,-5.084851659577467],[151.90656569908407,-5.104410089295484],[151.83486464927938,-5.206255353730299],[151.86217788170126,-5.282467759888746],[152.05868056724813,-5.498135484498121],[151.91993239830282,-5.657320417206861],[151.80153945396688,-5.708424485962965],[151.4672651619747,-5.67101661090193],[151.28005507896688,-5.671417630951979],[151.23925307701376,-5.792269147675611],[151.05570510338094,-6.015118516724684],[150.93188003013876,-6.085294164460279],[150.49410537193563,-6.276913083832838],[150.27627089927938,-6.340937532227613],[149.9171705574825,-6.354434407990553],[149.55416396568563,-6.406063951294996]]],[[[123.49192336509971,-10.352161802094557],[123.60406020592002,-10.129458822053053],[123.61453536461143,-9.887912191193678],[123.66542342613486,-9.747970022004225],[123.9687757820919,-9.53121415499983],[124.6198988289669,-9.25014726046858],[124.91790297935752,-9.046112455170729],[125.07982161949424,-8.772467054169752],[125.28976729820518,-8.702098287385084],[125.99981978843955,-8.656074918549635],[126.40941146324424,-8.559843457978346],[126.65290358970908,-8.540258802216627],[127.04376510093955,-8.475847638886549],[127.09718612144736,-8.507518209260084],[127.14146712730674,-8.596404470246412],[127.03492263267783,-8.691975988190748],[126.87253859947471,-8.806733526032545],[126.14822677086143,-9.081591047089674],[125.53232863853721,-9.279951490204908],[125.21153548668174,-9.395053304474928],[124.93854049156455,-9.554545797150709],[124.44806960533408,-9.9878076684886],[124.15423873375205,-10.20454350833235],[123.9563246102169,-10.243109144013502],[123.70786574791221,-10.345344938080885],[123.49192336509971,-10.352161802094557]]],[[[127.63065627525596,-0.016971982758619],[127.62749007652549,0.060609206814192],[127.44135573814658,0.536802314478777],[127.52215865562705,0.784808121878527],[127.48679641197471,0.848269008356951],[127.42350295494346,0.98157276983919],[127.43973067711143,1.127760850150011],[127.56863692711143,1.528372489172838],[127.79976943443565,1.897417865950487],[127.91808608482627,1.732464038092516],[127.9865980477169,1.57375558491411],[127.96258071373252,1.446609579283617],[127.85166457603721,1.268447004515551],[127.68892196129111,0.924957894045733],[127.71624282310752,0.778866015631579],[127.80199721763877,0.715509377676867],[127.84568313072471,0.779154144484423],[128.04166701744344,0.963846944529436],[128.1022291512325,1.19909270878496],[128.18233779381063,1.26281329270067],[128.5450239510372,1.447870336729906],[128.6085768074825,1.384465657431505],[128.58509353111532,1.270043812949083],[128.63190749595907,1.022326670843981],[128.4726362557247,0.926659070212267],[128.26258376549032,0.767338298518084],[128.18961623619344,0.627388440329455],[128.26124099205282,0.58306612845125],[128.4622602791622,0.526307069022081],[128.64156630943563,0.431374095637224],[128.63419631431844,0.367817424494646],[128.70582107017782,0.209110223013781],[128.39673903892782,0.278340481478594],[128.20275405357626,0.347818844277285],[128.03744033287313,0.366516731936358],[127.90069106529502,0.296321831900499],[127.86469558189658,0.099249944347761],[127.88679030845908,-0.016971982758619],[127.94561294029502,-0.326332218688108],[128.09920791099813,-0.605605162423231],[128.28150466392782,-0.802209891121962],[128.36971572349813,-0.929115451615431],[128.29943374107626,-1.024591006081678],[128.1827955574825,-0.929515994828321],[127.88390639732627,-0.637848056595899],[127.63631728599815,-0.3079381955081],[127.63526442955283,-0.130004316311457],[127.63065627525596,-0.016971982758619]]],[[[122.9486112923458,-8.377099431794264],[122.6961927742794,-8.49255505923567],[122.71121505211143,-8.597515500825025],[122.31264022300986,-8.744461454194166],[122.05070022056846,-8.86797944430647],[121.89853194664268,-8.849420942109205],[121.69440749595908,-8.995869077485182],[121.46780684898643,-8.964582837861158],[121.27553084800986,-8.914146817963697],[121.10566237877158,-9.028924382966139],[120.97090438316611,-9.054632581513502],[120.80924514244346,-9.023202337067701],[120.54856399009971,-8.934785283845045],[120.07785323570518,-8.916735090058424],[119.93528274009971,-8.936113752167799],[119.84039596031455,-8.68208257083235],[119.85252669761924,-8.574008382599928],[120.02511123131065,-8.48465768222151],[120.3275404305294,-8.395017064850904],[120.56500533531455,-8.388149656098463],[121.07881453941611,-8.571352399628736],[121.27935317467002,-8.717112935822584],[121.43144515465049,-8.723139203827955],[121.57821181724815,-8.589348233979322],[121.78684524009971,-8.582537092011549],[121.97980025718955,-8.550282872956373],[122.16588881920127,-8.63425198916731],[122.3759794564083,-8.581772245209791],[122.34357741783408,-8.482058919709303],[122.53314498375205,-8.398090757172682],[122.71499923179893,-8.293130315583326],[122.7569609017208,-8.22490540866194],[122.72278884361533,-8.172424711030104],[122.64020064781455,-8.182921804230787],[122.69243911217002,-8.093704618256666],[122.76436904381065,-8.098953641694166],[122.86320784996299,-8.140937246125318],[122.94306472252158,-8.240650571625807],[122.9486112923458,-8.377099431794264]]],[[[130.78383925865438,-3.879009164612867],[130.60927871177938,-3.847606815140821],[130.2970533699825,-3.676695026200392],[129.91410354088094,-3.385179199021437],[129.78130629967,-3.321906245987989],[129.59493545006063,-3.335030473511793],[129.56847670982626,-3.379573024552442],[129.57946303795126,-3.582920469086744],[129.48665908287313,-3.595832265656568],[129.03065017174032,-3.412512458603956],[128.91456130455282,-3.253879703324415],[128.65294936607626,-3.343426145356275],[128.52260878990438,-3.464457429688551],[128.37597182701376,-3.547393001359083],[128.29239943931844,-3.46495381717024],[128.15240004967,-3.261883176606275],[128.041804346545,-3.058756269257643],[128.15272048424032,-2.969546951096632],[128.2887983650997,-2.956538356583692],[128.41224196861532,-2.981694854539015],[128.9094038338497,-2.999676145356275],[129.1678266854122,-3.138942397873976],[129.3113813729122,-3.132275975983717],[129.55611709068563,-2.985571063798048],[129.74282363365438,-2.97880879763899],[129.9828901619747,-3.03549186114607],[130.36870864342,-3.129982627671339],[130.59347060631063,-3.307437099259474],[130.72524550865438,-3.485103763383009],[130.80581191490438,-3.76456753138838],[130.78383925865438,-3.879009164612867]]],[[[138.17585280845907,-8.553510106843092],[137.67589858482626,-8.459247983735182],[137.94112685631063,-7.994698442261793],[138.19266799400594,-7.676353849213697],[138.37630752037313,-7.555197633545973],[138.56801894615438,-7.523003019135572],[138.80544570396688,-7.675037301819899],[138.8947553963497,-7.782888330262281],[138.84481337974813,-7.865623391907789],[138.69900039146688,-8.151954091828443],[138.58381179283407,-8.228471196930983],[138.29720595787313,-8.54052869204817],[138.17585280845907,-8.553510106843092]]],[[[126.66047194908408,-3.87522951487837],[126.4719496102169,-3.850217260163404],[126.15001204918174,-3.628476537507154],[126.04566482017783,-3.425329126160719],[126.11113265465049,-3.298079885285475],[126.38226607750205,-3.253013051789381],[126.7265882820919,-3.233194030564405],[126.83733657310752,-3.290152705948927],[126.95238021324424,-3.429722703736402],[127.09376052330283,-3.518387712281324],[127.14246657799033,-3.619965471070387],[127.1121855110958,-3.721727050583937],[127.05604079674033,-3.74726263408003],[126.66047194908408,-3.87522951487837]]],[[[120.2798109383419,-10.378160871308424],[120.18238357017783,-10.346587575715162],[119.76977065513877,-10.074174321930983],[119.40983107994346,-9.871551908295729],[119.25387099693565,-9.827401555817701],[119.03172591636924,-9.770682729523756],[118.90040877769736,-9.681976712983229],[118.94903090904502,-9.586530126374342],[119.11625960777549,-9.522610105317213],[119.56256392906455,-9.508944906037428],[119.78872970054893,-9.457600988190748],[119.94579604576377,-9.590743459504225],[120.46243575523643,-9.926486409943678],[120.58129409263877,-10.097849286835768],[120.52504256675986,-10.244148649018385],[120.4142103524044,-10.352451719086744],[120.2798109383419,-10.378160871308424]]],[[[120.4319105477169,0.636000238615892],[120.56230452965049,0.776074849326037],[120.6355238289669,0.922386907297991],[120.76742843101768,1.138722025114916],[120.99067977379111,1.164634667593859],[121.2630873055294,1.1016778575963],[121.59117415855674,0.860923193652056],[121.79239180992393,0.848638795573137],[122.18085769127158,0.868553482252977],[122.39585402916221,0.792760812003038],[122.73288253258018,0.672761403281115],[122.99247268150596,0.774987183768175],[123.82620528648643,0.73866733189287],[124.15023330162315,0.796562575060747],[124.43217757652549,0.956035219389818],[124.52714827965049,1.083333216864489],[124.45688155601768,1.203904830176256],[124.54513839195518,1.331182442862413],[124.71951583336143,1.439590655524157],[124.85249618004111,1.624150954443834],[124.98246291588096,1.649851642805956],[125.01622298668174,1.541904054839037],[124.98322585533408,1.300364695746325],[124.93084243248252,1.160450540739916],[124.89410689781455,1.10318776245775],[124.85741713951377,1.04591306324663],[124.42142775963096,0.479422323662661],[124.23398116539268,0.301086150366686],[124.0254164070919,0.256151609379671],[123.4718046517208,0.153285958129786],[123.2489042610958,0.184571989137552],[122.98314193199424,0.374633483845614],[122.46555617759971,0.405279241759203],[121.94782546470908,0.378750823695086],[121.55244735191611,0.396952443081759],[121.08506301353721,0.376877628523729],[120.8263197274044,0.414438031870745],[120.5243177742794,0.401077620942019],[120.45365410653342,0.384119658456925],[120.33727553795127,0.356190972287081],[120.1429701180294,0.190549142915629],[120.02619460533408,-0.016971982758619],[119.95679763267783,-0.140282243233301],[119.87274459312705,-0.464555866759397],[119.90378097008018,-0.680548943322279],[120.02179244468955,-0.902709580700972],[120.10934737633018,-0.985140777867414],[120.29080489586143,-1.086422003548719],[120.40746596763877,-1.175135291855909],[120.50657180259971,-1.448180831711866],[120.58729079674033,-1.517908252518751],[120.68838790367393,-1.536749995987989],[121.05537703941611,-1.548669613640882],[121.16762069175986,-1.427686013024427],[121.46113112877158,-0.988569356244184],[121.63409713218955,-1.013609625142195],[121.77213576744346,-1.095924533646681],[121.99535659263877,-1.114498533051588],[122.15894607017783,-1.012472964566328],[122.45979598472861,-0.941913939755537],[122.73920730064658,-0.877764619629957],[122.85956862877158,-0.744048453610517],[122.98146346519736,-0.718368090432264],[123.19114974449424,-0.806881107133009],[123.25004104088096,-0.902080334466078],[123.21274856041221,-1.232609428208448],[123.00192550133018,-1.112321413796522],[122.75714400718955,-1.093783892434217],[122.59428695152549,-1.227595485489942],[122.41957381675986,-1.463097251694776],[122.22288802574424,-1.654172099869825],[121.74647048424033,-1.852209485810377],[121.65008071373252,-1.998589791100599],[121.58575728843955,-2.011434234421827],[121.4773207039669,-1.99260023955641],[121.26705459068565,-1.935861147683241],[121.25345138023643,-1.961313880723097],[121.26491073082236,-2.101103462021925],[121.36021712730674,-2.158090032380201],[121.66402724693565,-2.417983688157179],[121.8742704720333,-2.652677453797438],[122.25816634605674,-3.211096681397535],[122.21489242027549,-3.357360757630445],[122.14427474449424,-3.662573016923048],[122.19034865806846,-3.846769250672438],[122.39139846275596,-4.087840951722242],[122.64091018150596,-4.284319795411207],[122.66892531822471,-4.385944761078932],[122.64838698814658,-4.513099111359693],[122.4523954720333,-4.488106168549635],[122.15899947593955,-4.514159120362379],[121.9735136360958,-4.648028291504957],[121.87277511070518,-4.959664739411451],[121.64871505211143,-4.947441972535231],[121.44132522056846,-4.865271486085035],[121.39284041832236,-4.78910628680525],[121.41649154136924,-4.496701158326246],[121.50799849937705,-4.235927976410963],[121.06832412193565,-3.855556405823805],[120.88079360435752,-3.716151393693067],[120.80245498131065,-3.595567382615187],[120.81849959800986,-3.487484134476759],[120.94636825035361,-3.309265054505445],[120.99899581383018,-3.048587001603224],[120.9246855110958,-2.826322234910108],[120.59280684898643,-2.801614440720655],[120.41887688101208,-2.875300726781752],[120.36663344810752,-2.897433913987257],[120.1441908211544,-3.075864232819654],[120.21621993492393,-3.234580434601881],[120.2802992195919,-3.653891004365065],[120.24955275963096,-3.882746137421705],[120.14338210533408,-4.397769845765211],[120.30685714195518,-4.804168142121412],[120.30215743492393,-4.943993486207106],[120.13268569420127,-5.230362333100416],[120.1244154305294,-5.332062639039137],[120.24806502769736,-5.586007512848951],[119.92161849449424,-5.662985242646315],[119.69086745689658,-5.771526731293775],[119.47684005211143,-5.80376807574568],[119.36674788902549,-5.657827295106031],[119.2945814461544,-5.422828115265943],[119.36497024009971,-5.276509679596998],[119.44623855064658,-5.066603578370191],[119.4772978157833,-4.672496713440992],[119.50447371910361,-4.18941727999983],[119.44800857017783,-3.960755504410841],[119.46113112877158,-3.808197892945387],[119.36528304527549,-3.630455411713697],[119.22566512535361,-3.573552764695265],[119.04976180504111,-3.650206006806471],[118.79143813560752,-3.663470186036207],[118.7964125008419,-3.479157842438795],[118.68360427330283,-2.901070750992872],[118.74261764000205,-2.761141456406691],[118.96372512291221,-2.525512136262037],[119.17457107017783,-2.175528682511427],[119.2470732064083,-1.959309853356459],[119.20736983726768,-1.54632178668318],[119.20475295494346,-1.431936181824781],[119.24367049644736,-1.22849301223097],[119.39629653404502,-0.904066480439283],[119.59723952720908,-0.878214098256208],[119.57819655845908,-0.490620143454649],[119.69212630699424,-0.016971982758619],[119.69748977134971,0.005301356572531],[119.91373732994346,0.539560459811113],[120.10897353599815,0.724265299994372],[120.23886397789268,0.788090430457018],[120.4319105477169,0.636000238615892]]]]}},{"type":"Feature","properties":{"NAME":"Korea","ABBREVN":"Korea","INFO_UR":null,"SUBJECTO":"Korea","BORDERPRECISION":1,"PARTOF":"Korea"},"geometry":{"type":"MultiPolygon","coordinates":[[[[129.82471755455282,41.8613658773488],[129.64126113365438,41.655849062163256],[129.59070876549032,41.46990545864763],[129.63106826256063,41.277789674956225],[129.56141189049032,41.07268866177263],[129.47782424400594,40.682025514799975],[129.17704299400594,40.63022192593279],[129.01484206627157,40.52752264614763],[128.79102614830282,40.35433920498552],[128.446589502795,40.06586798306169],[128.23623183677938,39.96959265347185],[127.93131545494346,39.9562259542531],[127.67152694175986,39.86643561001482],[127.55238631675986,39.764159761626146],[127.4407987923458,39.623656831938646],[127.27688888023643,39.22168692227068],[127.40455916832236,39.07533987637224],[127.95601943443565,38.69407232876482],[128.1441450447872,38.534633241850756],[128.45106032799032,38.255424104887865],[128.98092177818563,37.53040655728044],[129.12926772545126,37.30785711880388],[129.24999526451376,37.008876405913256],[129.25080398033407,36.671527467924975],[129.2353315682247,36.24512442227068],[129.177546534045,35.958697878081225],[129.24174025963094,35.90793951626482],[129.4667768807247,35.92748602505388],[129.41224196861532,35.74289663906755],[129.2852583260372,35.50729712124529],[129.06002334068563,35.169784151274584],[128.91775039146688,35.02960928555193],[128.80851272056844,35.01031073208513],[128.5529585213497,35.105163179594896],[128.43801406334188,35.06042059536638],[128.1644850106075,34.799464784819506],[127.97069838951377,34.83716543789568],[127.84049514244346,34.93846472378435],[127.59600356529502,34.89353140469255],[127.35909560631065,34.80417975063982],[126.82445815513877,34.428554140288256],[126.61678603599815,34.40909155483904],[126.40957930992393,34.26900442715349],[126.38502791832236,34.52288397427263],[126.36014083336143,34.66883047695818],[126.28663924644736,34.98607977505388],[126.22541335533408,35.163993440825365],[126.30030349205283,35.36765249844255],[126.52496627281455,35.577987276274584],[126.52477553795127,35.73701056118669],[126.62643722008018,35.92805441494646],[126.60686019371299,35.99163397427263],[126.43670180748252,36.13125952358904],[126.39383223961143,36.26479300137224],[126.40061477134971,36.47480352993669],[126.36143783043174,36.62746389980974],[126.23150161217002,36.68448217983904],[125.96027663658408,36.722125612456225],[126.25480178306846,36.90731009121599],[126.39093306968955,36.95851095791521],[126.68535140465049,36.8381725179738],[126.79962447593955,36.94661673184099],[126.78633407066611,37.0739017355031],[126.44296554039268,37.47432669277849],[126.39185622642783,37.61432226772966],[126.33043197105674,37.66143377896013],[126.2097196907833,37.75405081387224],[126.05250075767783,37.60090597744646],[125.90900710533408,37.51145514126482],[125.74116805504111,37.78495367642107],[125.56173995445518,37.83554800625505],[125.26937392662315,37.48468359585466],[125.18160537193565,37.65644415493669],[125.07696059654502,37.770873628813646],[124.76971724937705,37.93585547085466],[124.69365981529502,38.13954123135271],[124.73619368980674,38.27978094692888],[124.92935470054893,38.46493872280779],[125.26861098717002,38.56758078213396],[125.29374221275596,38.68870123501482],[125.02792647789268,38.81562002773943],[125.21087935875205,39.211165987212084],[125.29609206627158,39.36432608242693],[125.20653823326377,39.485282503325365],[124.92233565758018,39.61860617275896],[124.85995772789268,39.61848028774919],[124.68842605064658,39.60537680264177],[124.54809096763877,39.541339479643725],[124.44284347008018,39.57300528164568],[124.2089872689083,39.738326631743334],[124.13388350914268,39.84314306851091],[124.1107912821878,39.87540244263934],[129.82471755455282,41.8613658773488]]]]}},{"type":"Feature","properties":{"NAME":"Liao","ABBREVN":"Liao","INFO_UR":null,"SUBJECTO":"Liao","BORDERPRECISION":1,"PARTOF":"Liao"},"geometry":{"type":"MultiPolygon","coordinates":[[[[131.86515334556844,43.29038199063005],[131.5842085213497,43.21272238369646],[131.3567915291622,42.99385031338396],[131.06461623619344,42.74924048062029],[130.46761611412313,42.298785768706225],[130.43509963463094,42.276759706694506],[129.82471755455282,41.8613658773488],[124.1107912821878,39.87540244263934],[124.10407546470908,39.884784303862475],[123.9165296883419,39.80788382168474],[123.36642745445518,39.749389253813646],[123.03905776451377,39.67220266934099],[122.0274916024044,39.25575979824724],[121.7431669564083,39.08944662686052],[121.4884062142208,38.87860449429216],[121.21647933433799,38.756957613188646],[121.0653333992794,38.7502818929738],[121.12369826744346,38.86512335415544],[121.51177504967002,39.171859346587084],[121.66015151451377,39.33151587124529],[121.44896224449424,39.38210257168474],[121.28217605064658,39.3498912679738],[121.21334365318565,39.48363836880388],[121.2394056649044,39.553832613188646],[121.66813186119346,39.90540655728044],[121.78898909996299,40.07807882900896],[122.03651717613486,40.264037691313646],[122.1079130501583,40.35372122402849],[122.08235457847861,40.48801382656755],[121.75361922691611,40.73695334072771],[121.42673018883018,40.86432608242693],[121.36801436851768,40.87061270352068],[121.08527663658408,40.85723456021013],[121.01060775230674,40.85068091030779],[120.78842452476768,40.68381460781755],[120.27274611900596,40.1517711507863],[120.11272719810752,40.0811038839406],[119.82381728599815,40.0421634542531],[119.54778579185752,39.933044038969896],[119.38549331138877,39.8434329855031],[119.21067336509971,39.63902624722185],[119.1494169564083,39.453979097563646],[119.09059432457236,39.339103304106615],[118.97764113853721,39.22413595791521],[118.78126815269736,39.16635855313005],[118.55933669517783,39.172286592680834],[118.41243270347861,39.05088003750505],[118.27459243248252,38.99961050625505],[118.06992629478721,39.2541881429738],[117.91011336754111,39.26024206753435],[117.75288680504111,39.20253714199724],[117.57505324791221,38.915336214262865],[117.51010318821041,38.76556942634748],[115.69615177411335,39.57198494999116],[111.41704028360716,39.57198494999116],[110.50008782135582,39.877635770741605],[109.37936814527087,41.202122660660194],[108.36053207610276,41.507773481410624],[113.82828820536925,43.24673927424578],[120.08357631770362,43.80414118524587],[123.61378842070424,43.989941822245896],[127.57753534337151,44.42347664191263],[131.91288354003893,46.52921719457966],[133.0276873620391,46.52921719457966],[133.70895636437257,45.414413372579475],[133.39928863603922,44.67121082457935],[131.86515334556844,43.29038199063005]]]]}},{"type":"Feature","properties":{"NAME":"minor Hindu and Buddhist states","ABBREVN":"minor Hindu and Buddhist states","INFO_UR":null,"SUBJECTO":"minor Hindu and Buddhist states","BORDERPRECISION":1,"PARTOF":"minor Hindu and Buddhist states"},"geometry":{"type":"MultiPolygon","coordinates":[[[[95.82762,4.22369],[95.64811,4.43286],[96.42005,4.41576],[97.14706,4.41576],[98.21162,3.4055],[98.79031,2.85721],[98.71031,2.85368],[97.59715,2.25138],[97.5433,2.41012],[97.5087,2.74047],[97.42768,2.92456],[97.25449,3.14023],[96.88596,3.51433],[96.72036,3.70459],[96.39438,3.64669],[96.11843,3.95109],[95.82762,4.22369]]]]}},{"type":"Feature","properties":{"NAME":"Yemen","ABBREVN":"Yemen","INFO_UR":null,"SUBJECTO":"Yemen","BORDERPRECISION":1,"PARTOF":"Yemen"},"geometry":{"type":"MultiPolygon","coordinates":[[[[46.877734106218426,13.47387160168308],[46.601199182970774,13.40054567928972],[46.079287561877024,13.399416528899096],[45.825903925402415,13.405233942229174],[45.69247725914265,13.347759805876635],[45.51863769005085,13.207596384245775],[45.395979914171946,13.07389887448015],[45.19341567466999,12.933683000761889],[44.963572535021555,12.825172029692553],[44.788802179796946,12.80573710079851],[44.681067499621165,12.82455977078142],[44.440535578234446,12.639777742583178],[44.062747034533274,12.613552652556322],[43.84059050987507,12.663913332182787],[43.60489847704723,12.828886858628167],[43.56005004356648,12.8602786886281],[43.483645472033274,12.93000467892351],[43.34084990928913,13.126665674406908],[43.30284789512898,13.240954004485033],[43.38397887657429,13.565180383879564],[43.34756377647663,13.851036630827807],[43.2069425911739,14.079471193510912],[43.05326369713093,14.60650786038103],[42.79587844322468,15.47008093472185],[42.763525995714915,15.666981302458666],[42.88387969444538,15.984922014433764],[42.828047785265696,16.321475588042162],[42.81439879844929,16.40412863369646],[42.76366332481648,16.64545591946306],[45.24036913418435,17.693671699410253],[46.2768914091897,17.117825991073957],[47.06392597669141,15.748244998241177],[48.87929629770282,14.168719980766738],[48.76460174034382,14.097749315459154],[48.536746057970774,14.046437822539232],[48.270144495470774,14.077626787382982],[48.0361662239864,14.045357309538744],[47.662295374377024,13.847587190825365],[47.36957457969929,13.6690526830739],[46.939394983752024,13.490221582610033],[46.877734106218426,13.47387160168308]]]]}},{"type":"Feature","properties":{"NAME":"Hadramaut","ABBREVN":"Hadramaut","INFO_UR":null,"SUBJECTO":"Hadramaut","BORDERPRECISION":1,"PARTOF":"Hadramaut"},"geometry":{"type":"MultiPolygon","coordinates":[[[[47.06392597669141,15.748244998241177],[47.837586523722635,16.42168231904352],[50.511135257684785,17.146712484185798],[51.81540992800966,18.124918486929445],[53.93854954569257,19.154590009908418],[56.72555910069305,19.154590009908418],[57.18620971153523,18.938108049590014],[56.90431121300007,18.81680067654314],[56.73888686607624,18.689376436430834],[56.608599695666086,18.466741167265795],[56.549361261828196,18.218829714018725],[56.4575529427364,18.09156187649431],[56.2575903267696,17.97677382107439],[56.01284316490437,17.93178518887224],[55.88154509971882,17.931510530669115],[55.70811751793171,17.95018347378435],[55.561072382433665,17.937171541411303],[55.38948729942585,17.8097415792531],[55.290408167345774,17.676099382597826],[55.23443511436726,17.44726141567888],[55.23563674400593,17.28843458767595],[55.19483855675007,17.148564897734545],[54.91061309288288,16.97005995388689],[54.756079706652415,16.95067175503435],[54.40687468956257,17.045220934111498],[54.08425811241413,17.01911886807146],[53.681250605089915,16.897540651518725],[53.33573440025593,16.763379656035326],[53.208453211291086,16.718633257109545],[53.02094939659382,16.653768144804857],[52.894324335558665,16.60995253201189],[52.65216735313679,16.488719545561693],[52.35659697960163,16.233945451933764],[52.23764327476765,16.10025557156267],[52.16285613487507,15.871372781950853],[52.135169062121165,15.687059961516283],[51.95041182945515,15.540526949126146],[51.599001747484536,15.378753642468041],[51.312563929064524,15.246890627104662],[50.29111770103718,14.958784662444017],[49.71286300133015,14.773288332182787],[49.33384993980671,14.632695757109545],[49.17317870567585,14.498915277678392],[48.96038726280476,14.21889742489519],[48.87929629770282,14.168719980766738],[47.06392597669141,15.748244998241177]]]]}},{"type":"Feature","properties":{"NAME":"Muscat","ABBREVN":"Muscat","INFO_UR":null,"SUBJECTO":"Muscat","BORDERPRECISION":1,"PARTOF":"Muscat"},"geometry":{"type":"MultiPolygon","coordinates":[[[[59.837283167345774,22.279178224760912],[57.716495831359865,22.18933374757559],[55.554391932724585,23.519093212830995],[54.77081969688679,24.73348196621599],[55.09080031822468,25.02003630276384],[55.457198175890696,25.420184694487475],[55.53048613975788,25.37295492764177],[55.633460077746165,25.4531741964406],[56.01545623253132,25.771625124174975],[56.15673354576374,25.9664798605031],[56.29730895469929,26.15973051663103],[56.36705306480671,26.23611982937517],[56.40502837608601,25.861381136137865],[56.214846643908274,25.543342195708178],[56.16130736778523,25.47334440823259],[56.28163579109504,25.46239995693982],[56.36601928184773,25.454724870879076],[56.406260523302805,25.308688722807787],[56.40648177574421,25.07998427029314],[56.405257257921946,24.918748460966967],[56.40537551353718,24.8195072042531],[56.610796961291086,24.47688253994646],[56.79418853233601,24.26761397000017],[57.146197351916086,23.9824710714406],[57.396296877561824,23.83704082328193],[57.45101455162312,23.805223070341967],[57.90421584556843,23.571113191801928],[58.08071807335163,23.501605592924975],[58.20529464195515,23.495515428740404],[58.46465590904499,23.50877150173845],[58.62849334190632,23.4582954275197],[59.02163604210163,23.020764909941576],[59.25432113121296,22.72900541897478],[59.46142104576374,22.538865648466967],[59.82569030235554,22.37445219631853],[59.837283167345774,22.279178224760912]]]]}},{"type":"Feature","properties":{"NAME":null,"ABBREVN":null,"INFO_UR":null,"SUBJECTO":null,"BORDERPRECISION":1,"PARTOF":null},"geometry":{"type":"MultiPolygon","coordinates":[[[[54.77081969688679,24.73348196621599],[55.554391932724585,23.519093212830995],[57.716495831359865,22.18933374757559],[59.837283167345774,22.279178224760912],[59.53569320152546,21.8020511495656],[59.25884917686726,21.47744711514177],[58.86135390709187,21.11447676296892],[58.7740605037841,20.941229844505898],[58.51204970787312,20.421229921538256],[58.403086695177805,20.357472978789232],[58.15044692466999,20.39505537625017],[58.04437163780476,20.43295057888689],[57.93127349327351,20.400937639433764],[57.80608275841023,20.171960436064623],[57.77755263756062,19.669990144926928],[57.778426203234446,19.31421049709978],[57.83862975548054,19.03480681057634],[57.65703490684773,18.970885835844896],[57.18620971153523,18.938108049590014],[56.72555910069305,19.154590009908418],[53.93854954569257,19.154590009908418],[51.81540992800966,18.124918486929445],[50.511135257684785,17.146712484185798],[47.837586523722635,16.42168231904352],[47.06392597669141,15.748244998241177],[46.2768914091897,17.117825991073957],[45.24036913418435,17.693671699410253],[42.76366332481648,16.64545591946306],[42.53529265831257,17.07066687222185],[42.206519159777415,17.514735780913256],[42.009444269640696,17.736680589873217],[41.628558191759836,18.047204576689623],[41.39917663048054,18.440644823271654],[41.033022913439524,19.28490790005388],[40.81975844810749,19.68472059841814],[41.922550674907015,20.766511713616353],[41.81245652795077,21.71258711091823],[41.13804430799662,22.406392976434496],[40.179837049325,24.027974491109504],[39.07421328931933,25.50213950445042],[37.42091198994014,27.834118954335942],[37.36353573525129,27.957371649593455],[36.59347946024947,29.78728888308865],[36.52476660895469,31.161545908983946],[37.211895121902344,33.56649570430072],[38.03644933743952,34.597188473722184],[38.37216217751843,35.140887776016086],[40.0291220249877,34.3910499198379],[44.083180251378806,30.33699169344677],[48.617171905951196,25.686974471197686],[50.8573158729301,23.88040675589211],[51.58590224693562,24.003221117216967],[51.764571222765696,24.00286444302263],[51.94559768150593,23.945495210844896],[52.25463775108601,23.987481676298998],[52.3010473580196,24.081946932036303],[52.38302901695515,24.10818251248064],[52.48116210411335,24.055703722197435],[52.671649012072336,24.074679933745287],[52.93944076011921,24.02441557522478],[53.040225061877024,24.0399604665822],[53.0757055611446,24.087190233427904],[53.68676284263874,23.987481676298998],[54.01652816246296,24.05045660610857],[54.006297144396555,24.181653581816576],[54.107520136339915,24.10293348904314],[54.27599242637898,24.109820924956225],[54.34709838341023,24.154452882964037],[54.48741439293171,24.34434279080095],[54.59216216514851,24.37732847805681],[54.7120581002071,24.59993704434099],[54.77081969688679,24.73348196621599]]]]}},{"type":"Feature","properties":{"NAME":"Chalukya Empire","ABBREVN":"Chalukya Empire","INFO_UR":null,"SUBJECTO":"Chalukya Empire","BORDERPRECISION":1,"PARTOF":"Chalukya Empire"},"geometry":{"type":"MultiPolygon","coordinates":[[[[72.70661,21.50432],[75.41139,21.86814],[78.46621,21.50883],[80.97968,20.85983],[81.26855,19.82944],[81.36636,19.48058],[78.7369,17.832],[77.65417,16.50198],[77.71674,14.32803],[76.67473,13.28601],[75.43987,11.7498],[75.21094,12.10237],[74.96174,12.87696],[74.7776,13.52791],[74.73362,13.68336],[74.70299,13.75127],[74.42144,14.37545],[74.40151,14.41964],[74.37707,14.46192],[74.15313,14.8495],[74.03218,15.05883],[73.84143,15.39048],[73.57273,16.03793],[73.50805,16.24396],[73.49424,16.28796],[73.40929,16.55854],[73.39573,16.61641],[73.18471,17.51733],[73.06423,18.03172],[72.97611,18.53857],[72.85335,19.24468],[72.78251,19.94969],[72.75949,20.05765],[72.86444,20.31198],[73.10968,20.68732],[73.11286,20.82709],[72.93113,20.95376],[72.76573,21.15036],[72.71466,21.43612],[72.70661,21.50432]]]]}},{"type":"Feature","properties":{"NAME":"Buyid Emirate","ABBREVN":"Buyid Emirate","INFO_UR":null,"SUBJECTO":"Buyid Emirate","BORDERPRECISION":1,"PARTOF":"Buyid Emirate"},"geometry":{"type":"MultiPolygon","coordinates":[[[[68.0721769661739,23.67518766995134],[68.04699996422077,23.764070116240404],[67.69232467125202,23.814155183989428],[67.48602584312702,23.928060136992357],[67.31589034508015,24.092885576445482],[67.2042341561153,24.588166795927904],[67.1535978646114,24.65159186001482],[66.99953750084187,24.714782320219896],[66.70171645591999,24.752278886992357],[66.65421584556843,24.783935152251146],[66.64811232994343,24.90462454434099],[66.70050338218952,25.114379488188646],[66.62050918052937,25.31748541470232],[66.43233016441609,25.488610826689623],[66.30008986900593,25.494687639433764],[65.76880172203327,25.309339128691576],[65.21567061851765,25.270059190947435],[64.85119155357624,25.20576437588396],[64.42497542808796,25.173116289336107],[64.23826125572468,25.210826479155443],[64.12006667564656,25.312226854521654],[64.05922225425984,25.401034914214037],[64.15758458069429,26.77241612690969],[63.60018266969418,28.0730205859099],[65.02465422002776,28.320754768576613],[67.37812895536148,30.11682759291024],[69.63591505614095,31.471499253377928],[71.40380942369548,32.53223587391065],[71.15607524102877,28.878156679576705],[70.28900560169531,27.577552220576486],[68.86453405136173,24.48087493724264],[68.0721769661739,23.67518766995134]]]]}},{"type":"Feature","properties":{"NAME":"Ghaznavid Emirate","ABBREVN":"Ghaz.Emirate","INFO_UR":null,"SUBJECTO":"Ghaznavid Emirate","BORDERPRECISION":1,"PARTOF":"Ghaznavid Emirate","DERIVADO":{"base":"world_1000.geojson","motivo":"cede territorio a «Seljuk Empire»: los selyúcidas vencen a los gaznávidas en Dandanaqan (1040) y se quedan con el Jorasán; toman Rayy (1042), Hamadán y Kermán (1048). Isfahán es de 1051 y Bagdad de 1055. Frontera aproximada · el Punjab y Lahore, gaznávidas desde Mahmud de Gazni (1020s) hasta 1186","fuente":"https://en.wikipedia.org/wiki/Ghaznavids"}},"geometry":{"type":"MultiPolygon","coordinates":[[[[67.3781,30.1168],[65.0247,28.3208],[63.6002,28.073],[62.857,28.4446],[62.0336,29.5973],[63.0,30.0],[63.0,39.5],[58.04,39.5],[63.1215,39.8087],[63.7291,39.4711],[64.6324,38.8388],[66.5293,38.1162],[66.7099,37.2129],[67.3422,37.2129],[67.8842,36.8516],[72.2104,33.3721],[75.5,33.236],[75.5,29.0497],[75.3819,29.0216],[75.291,29.0],[71.1643,29.0],[71.4038,32.5322],[69.6359,31.4715],[67.3781,30.1168]]]]}},{"type":"Feature","properties":{"NAME":"Georgia","ABBREVN":"Georgia","INFO_UR":null,"SUBJECTO":"Georgia","BORDERPRECISION":1,"PARTOF":"Georgia"},"geometry":{"type":"MultiPolygon","coordinates":[[[[44.78217985176953,41.30306486223932],[44.78217985176953,41.303064862239324],[44.811470027098224,41.34978827042802],[44.89118164269644,41.32922529206178],[44.78217985176953,41.30306486223932]]]]}},{"type":"Feature","properties":{"NAME":"Buwayhid Emirates","ABBREVN":"Buwayhid Em.","INFO_UR":null,"SUBJECTO":"Buwayhid Emirates","BORDERPRECISION":1,"PARTOF":"Buwayhid Emirates","DERIVADO":{"base":"world_1000.geojson","motivo":"cede territorio a «Seljuk Empire»: los selyúcidas vencen a los gaznávidas en Dandanaqan (1040) y se quedan con el Jorasán; toman Rayy (1042), Hamadán y Kermán (1048). Isfahán es de 1051 y Bagdad de 1055. Frontera aproximada"}},"geometry":{"type":"MultiPolygon","coordinates":[[[[45.5162,37.0345],[46.8225,37.6666],[46.9068,37.9194],[46.8225,38.3408],[46.1483,39.6892],[46.7382,40.0263],[46.8587,40.4479],[47.0624,40.4414],[47.129,39.6653],[47.8175,39.673],[47.9393,39.6743],[48.3732,39.9666],[48.5343,40.0619],[48.8945,39.954],[48.9516,39.8031],[49.0746,39.4782],[49.4035,39.4867],[49.4031,39.4851],[49.4988,39.3787],[49.4882,39.2936],[49.3818,39.3255],[49.3393,39.283],[49.3074,39.134],[49.2754,39.017],[49.2223,39.0383],[49.1797,39.1447],[49.1159,39.1872],[49.0414,39.1447],[49.0201,39.0064],[49.0521,38.9319],[48.9989,38.8787],[48.9457,38.8362],[48.9882,38.7192],[48.9322,38.5786],[48.5,38.5],[48.5,34.5],[51.0,33.5],[54.0,32.5],[55.0,29.0],[57.0,27.5],[62.0336,29.5973],[62.857,28.4446],[63.6002,28.073],[64.1576,26.7724],[64.0592,25.401],[63.6503,25.3366],[63.4035,25.1646],[63.0181,25.1574],[62.4496,25.1626],[62.1383,25.1048],[61.8133,25.0533],[61.57,25.0396],[61.344,25.0269],[60.8583,25.0957],[60.7522,25.1844],[60.4796,25.2982],[60.2982,25.3232],[59.6546,25.3219],[59.3021,25.3402],[59.0315,25.3079],[58.818,25.4789],[58.7444,25.536],[58.3687,25.5479],[58.1096,25.5473],[57.9005,25.5409],[57.8051,25.6483],[57.4649,25.7048],[57.328,25.7871],[57.2548,25.7933],[57.2451,26.0185],[57.1124,26.0762],[57.0663,26.3075],[56.935,26.4645],[56.9291,26.7519],[56.7904,26.9739],[56.6836,26.9684],[56.6678,27.0499],[56.4309,27.1066],[56.0678,27.1122],[55.8997,27.1048],[55.8053,27.0051],[55.6576,26.9969],[55.4249,26.9631],[55.3401,26.7994],[55.0981,26.7374],[54.9255,26.538],[54.7599,26.4106],[54.6461,26.3913],[54.0649,26.7014],[53.6339,26.7479],[53.3807,26.9096],[52.8908,27.0523],[52.7799,27.1878],[52.6338,27.3146],[52.4104,27.581],[51.9616,27.7769],[51.6989,27.8145],[51.6113,27.827],[51.3501,28.0361],[51.0823,28.512],[50.7968,29.0133],[50.7025,29.1338],[50.7047,29.4006],[50.3598,29.7429],[50.1324,30.0664],[49.7178,30.0021],[49.511,30.0207],[49.4524,30.0777],[49.3214,30.1029],[49.2351,30.2234],[49.2222,30.4775],[49.0202,30.4326],[48.9457,30.3879],[48.8013,30.0827],[48.7138,30.0],[48.5536,29.9946],[48.5106,29.9932],[48.2118,29.9481],[48.0283,29.9731],[47.9572,29.9476],[47.9114,29.8903],[47.9359,29.8014],[47.996,29.4903],[47.8449,29.5032],[47.614,29.2722],[47.8036,29.1849],[47.9915,29.2775],[48.1291,29.2682],[48.4435,28.4402],[48.4627,28.3859],[48.5875,28.0939],[48.7517,27.8719],[48.8318,27.5735],[48.855,27.5227],[49.1319,27.536],[49.2435,27.479],[49.1519,27.3725],[49.2392,27.2885],[49.3216,27.1616],[49.4273,27.131],[49.5325,27.0095],[49.9314,26.9341],[50.1218,26.7376],[50.0902,26.6115],[49.984,26.5957],[49.9342,26.4831],[50.0762,26.3118],[49.992,26.0448],[49.9369,25.9558],[50.0114,25.8352],[50.1469,25.5356],[50.2143,25.5881],[50.3819,25.4612],[50.4292,25.184],[50.6189,24.8709],[50.6065,24.6802],[50.7059,24.5597],[50.7783,24.4709],[50.9074,24.4331],[50.9683,24.4362],[50.9649,24.7127],[50.8962,24.9096],[50.8473,25.2652],[50.9311,25.5386],[51.0154,25.5881],[50.989,25.6721],[51.0688,25.9455],[51.217,26.0665],[51.3577,26.029],[51.3888,25.8873],[51.5059,25.8453],[51.5345,25.7558],[51.5867,25.6091],[51.5391,25.4202],[51.5529,25.1015],[51.6062,24.9873],[51.5589,24.8157],[51.412,24.6057],[51.2878,24.4108],[51.2914,24.2814],[51.4542,24.2182],[51.5229,24.1607],[51.6064,24.2026],[51.5859,24.0032],[50.8573,23.8804],[48.6172,25.687],[44.0832,30.337],[40.0291,34.391],[38.3722,35.1409],[37.0263,35.7499],[37.3835,36.6131],[37.5942,37.1609],[39.6168,37.8351],[41.0074,38.3408],[42.0187,38.1301],[44.4627,36.8238],[44.842,36.7816],[45.5162,37.0345]]],[[[48.2217,42.2794],[48.4195,42.0905],[48.5004,41.9287],[48.6623,41.9017],[48.6832,41.8359],[48.8925,41.687],[48.9989,41.5168],[49.1159,41.4317],[49.2435,41.2934],[49.2861,41.0594],[49.3499,40.953],[49.4775,40.836],[49.6052,40.7615],[49.6052,40.6871],[49.6585,40.659],[49.5404,40.5039],[47.8779,41.1677],[47.8493,41.1791],[47.745,41.1627],[46.8489,41.0214],[46.8225,41.2062],[46.7382,41.7118],[48.2217,42.2794]]],[[[47.1368,40.8098],[47.0311,40.795],[46.8725,40.856],[46.8612,40.9353],[47.1368,40.8098]]]]}},{"type":"Feature","properties":{"NAME":"Fatimid Caliphate","ABBREVN":"Fatimid Cal.","INFO_UR":null,"SUBJECTO":"Fatimid Caliphate","BORDERPRECISION":1,"PARTOF":"Fatimid Caliphate","DERIVADO":{"base":"world_1000.geojson","motivo":"cede territorio a «Zirid Emirate»: los ziríes de Ifriqiya rompen con El Cairo en 1048 y reconocen a los abasíes · cede territorio a «Hammadid Emirate»: emirato hammadí del Magreb central (Qal'at Beni Hammad), independiente desde 1014-1015"}},"geometry":{"type":"MultiPolygon","coordinates":[[[[16.3184,31.1653],[16.7825,31.1281],[16.9838,31.0967],[17.4216,30.996],[17.709,30.8949],[17.9572,30.7684],[18.5372,30.4137],[18.8854,30.2212],[18.915,30.2049],[19.1245,30.1989],[19.3188,30.2554],[19.3228,30.2565],[19.6639,30.4415],[19.9815,30.7217],[20.1168,30.9571],[20.1167,31.0715],[19.9921,31.3508],[19.9416,31.6112],[19.9615,31.7955],[20.0684,32.0371],[20.3657,32.2982],[20.5155,32.3875],[20.7651,32.496],[21.0545,32.6301],[21.6734,32.8156],[22.216,32.7913],[22.5431,32.7221],[22.9228,32.5577],[23.0073,32.4816],[23.0267,32.2529],[23.1533,32.1388],[23.2886,32.1327],[23.714,32.0764],[23.7424,32.0641],[24.0344,31.9373],[24.2369,31.925],[24.8159,31.9072],[24.9515,31.8185],[24.9822,31.647],[25.1066,31.5138],[25.2582,31.4379],[25.5072,31.4448],[25.7895,31.4898],[26.1433,31.4906],[26.824,31.3586],[27.0881,31.3067],[27.4388,31.2518],[27.7633,31.1826],[27.9194,30.9987],[28.0998,30.9991],[28.5172,30.9618],[28.9664,30.7848],[29.2488,30.7537],[29.3594,30.8111],[29.6831,31.0532],[30.0991,31.2319],[30.4761,31.3153],[30.8271,31.4367],[30.996,31.4689],[31.1514,31.4437],[31.3923,31.4443],[31.7174,31.3878],[31.8081,31.1783],[32.0765,31.0137],[32.3094,31.084],[32.5972,30.9639],[32.7687,30.9516],[33.0214,31.1321],[33.1296,31.0517],[33.2546,31.0265],[33.5576,30.9677],[33.7096,30.9957],[33.917,31.0701],[34.1463,31.2086],[34.1953,31.2381],[34.5007,31.6211],[34.5991,31.8179],[34.6813,32.046],[34.7585,32.3007],[34.8429,32.6707],[34.895,32.6628],[34.9566,32.7048],[34.9591,32.7967],[34.972,32.9384],[35.089,33.0693],[35.1323,33.2315],[35.2084,33.3336],[35.3561,33.6398],[35.3486,33.7445],[35.4299,33.7445],[35.4919,33.8308],[35.5244,33.9748],[35.5321,34.1187],[35.7162,34.3124],[35.821,34.3438],[35.8731,34.4223],[35.8519,34.4929],[36.8778,35.3911],[37.0263,35.7499],[38.3722,35.1409],[38.0364,34.5972],[37.2119,33.5665],[36.5248,31.1615],[36.5935,29.7873],[37.3635,27.9574],[37.4209,27.8341],[39.0742,25.5021],[40.1798,24.028],[41.138,22.4064],[41.8125,21.7126],[41.9226,20.7665],[40.8198,19.6847],[40.6938,19.8687],[40.3363,20.0967],[39.7641,20.4068],[39.5269,20.6922],[39.1667,21.2188],[39.1304,21.6508],[39.1033,22.0002],[39.1022,22.4004],[39.0556,22.5719],[38.9151,22.8702],[38.4901,23.6127],[38.3294,23.8347],[37.9884,24.1136],[37.7818,24.2148],[37.5572,24.2715],[37.4188,24.3983],[37.2015,24.6583],[37.2685,24.9698],[37.2183,25.1666],[37.0053,25.5347],[36.6693,26.0168],[36.3298,26.4028],[36.3122,26.4227],[35.8311,27.0952],[35.5948,27.514],[35.4365,27.7297],[35.1116,28.0721],[34.8756,28.097],[34.7639,28.0967],[34.7989,28.2302],[34.8856,28.3575],[35.0257,28.9486],[35.0721,29.2114],[35.0955,29.3427],[35.0734,29.4189],[34.9847,29.4672],[34.9543,29.4368],[34.9355,29.4181],[34.7643,29.2467],[34.5489,28.7316],[34.3988,28.096],[34.322,27.829],[34.2412,27.7589],[34.058,27.7903],[33.856,28.025],[33.5041,28.3292],[33.3307,28.5512],[33.1785,28.9956],[32.9438,29.1984],[32.8136,29.4777],[32.7373,29.6935],[32.648,29.8522],[32.4384,29.7755],[32.3185,29.5402],[32.5906,28.9372],[32.6493,28.7658],[32.9347,28.3788],[33.3542,27.9095],[33.5669,27.37],[33.8041,26.9321],[33.9288,26.5638],[34.1042,26.3545],[34.5148,25.5739],[34.9974,24.7172],[35.1899,24.3999],[32.5142,23.7331],[30.8189,23.6594],[29.3447,24.028],[27.4283,27.1974],[25.4382,28.0082],[21.6791,28.0819],[17.9705,28.6124],[17.002,28.751],[15.8,29.3033],[15.8,31.3222],[15.8433,31.285],[16.0134,31.2282],[16.3184,31.1653]]]]}},{"type":"Feature","properties":{"NAME":"Croatia","ABBREVN":"Croatia","INFO_UR":null,"SUBJECTO":"Croatia","BORDERPRECISION":1,"PARTOF":"Croatia"},"geometry":{"type":"MultiPolygon","coordinates":[[[[14.35449,45.32289],[14.52667,45.783],[14.79847,45.86455],[14.88001,45.48402],[15.42362,45.42966],[15.46982,45.73408],[15.91168,45.63098],[16.8077,44.93505],[16.81725,44.8202],[16.8651,44.24474],[16.70148,43.84666],[16.71152,43.77133],[16.63981,43.38974],[16.54851,43.46131],[16.36675,43.51302],[16.05941,43.43348],[15.91284,43.65225],[15.49437,43.88844],[15.41232,43.93476],[15.14947,44.23993],[15.27441,44.23661],[15.54822,44.22935],[15.28594,44.32892],[14.98911,44.54003],[14.90696,44.72332],[14.94553,44.92659],[14.81539,45.07787],[14.52459,45.26628],[14.35449,45.32289]]]]}},{"type":"Feature","properties":{"NAME":"Kanem","ABBREVN":"Kanem","INFO_UR":null,"SUBJECTO":"Kanem","BORDERPRECISION":1,"PARTOF":"Kanem"},"geometry":{"type":"MultiPolygon","coordinates":[[[[17.097154687995427,16.219046743184023],[18.450511765438094,15.74139130408662],[19.166994924084193,15.18412662513964],[19.405822643632902,14.467643466493527],[18.768948724836363,13.512332588298705],[17.654419366942406,13.193895628900435],[15.819260203866392,13.119153392386728],[13.833175854163116,13.432723348449137],[12.639037256419599,14.467643466493527],[12.639037256419599,15.661782064237052],[12.877864975968308,16.05982826348489],[14.667427034122326,16.230053155654872],[17.097154687995427,16.219046743184023]]]]}},{"type":"Feature","properties":{"NAME":"Makkura","ABBREVN":"Makkura","INFO_UR":null,"SUBJECTO":"Makkura","BORDERPRECISION":1,"PARTOF":"Makkura"},"geometry":{"type":"MultiPolygon","coordinates":[[[[37.76123717735554,18.642554842192553],[37.89511991723812,18.56012241001322],[37.07907389023707,17.094748381529286],[35.32767061354657,15.42295434468835],[34.4519689752013,16.457874462732732],[33.81509505640476,16.776311422131002],[32.38212873911253,16.69670218228144],[31.665645580466432,16.617092942431867],[31.187990141369013,16.219046743184023],[30.789943942121184,15.50256358453791],[29.516196104528078,17.652013060476257],[29.27736838497937,18.84615165821978],[29.3447242012693,24.027974491109504],[30.818889214610195,23.659433237774273],[32.51417897995226,23.73314148844132],[35.189864191515696,24.39991911526384],[35.45345977257038,24.152688585478685],[35.65656951378132,23.994273744780443],[35.72469619224812,23.91181906338396],[35.61630156944538,23.835347734648607],[35.48792937706257,23.790595613676928],[35.468489679796946,23.720668398100756],[35.575850519640696,23.231660448271654],[35.689288172228586,23.021319948393725],[35.74630263756062,22.914340578276537],[36.1113615364864,22.64825590725603],[36.29022124717976,22.572381578642748],[36.47324660728718,22.337684236723803],[36.66042998741413,22.166537843901537],[36.800112757189524,21.91489943142595],[36.90349868248249,21.728648744780443],[37.12776854942585,21.227176271635912],[37.16502690169837,20.76426918196936],[37.25457290123249,19.651727281767748],[37.39818480919148,18.91500052090349],[37.47998717735554,18.819871507841967],[37.76123717735554,18.642554842192553]]]]}},{"type":"Feature","properties":{"NAME":"Alwa","ABBREVN":"Alwa","INFO_UR":null,"SUBJECTO":"Alwa","BORDERPRECISION":1,"PARTOF":"Alwa"},"geometry":{"type":"MultiPolygon","coordinates":[[[[31.187990141369013,16.219046743184023],[31.665645580466432,16.617092942431867],[32.38212873911253,16.69670218228144],[33.81509505640476,16.776311422131002],[34.4519689752013,16.457874462732732],[35.32767061354657,15.42295434468835],[35.64610757294484,12.795849429652591],[35.40727985339613,11.28327387251079],[34.4519689752013,10.248353754466407],[33.57626733685608,10.009526034917698],[31.745254820315992,10.248353754466407],[31.267599381218602,10.646399953714244],[30.789943942121184,11.203664632661223],[30.471506982722886,13.512332588298705],[30.471506982722886,14.308424986794392],[30.789943942121184,15.50256358453791],[31.187990141369013,16.219046743184023]]]]}},{"type":"Feature","properties":{"NAME":null,"ABBREVN":null,"INFO_UR":null,"SUBJECTO":null,"BORDERPRECISION":1,"PARTOF":null},"geometry":{"type":"MultiPolygon","coordinates":[[[[-17.22054,14.72501],[-17.43318,14.80717],[-17.19023,14.9602],[-16.86477,15.29771],[-16.60032,15.74949],[-16.45006,16.11839],[-16.4057,16.48996],[-16.3788,16.71591],[-16.12548,17.30111],[-16.04107,17.66988],[-15.98269,18.1784],[-16.05569,18.67393],[-16.19065,19.02953],[-16.4716,19.36574],[-16.35131,19.4931],[-16.2696,19.68392],[-16.23957,20.12249],[-16.26904,20.36391],[-16.34728,20.52262],[-16.71087,20.89044],[-16.8445,20.94099],[-17.02129,20.74361],[-17.04622,20.83252],[-17.05191,21.0041],[-17.01608,21.31415],[-16.98365,21.59527],[-16.80602,21.98965],[-16.5719,22.238],[-16.35253,22.49266],[-16.24251,22.72168],[-15.71403,23.87306],[-15.60704,23.98132],[-14.97521,24.51012],[-14.82005,24.73288],[-14.79722,25.146],[-14.67117,25.59596],[-14.66006,25.63563],[-14.36725,26.11923],[-14.18776,26.27213],[-14.0058,26.36148],[-13.62873,26.59106],[-13.46632,26.81383],[-13.31602,27.16368],[-13.12364,27.54634],[-13.06014,27.67262],[-12.86621,27.85732],[-12.67412,27.89585],[-12.09062,28.02418],[-11.57646,28.22862],[-11.37266,28.36886],[-10.85623,28.75123],[-10.33931,29.14632],[-9.86959,29.64298],[-9.66259,29.95482],[-9.60267,30.18372],[-9.62504,30.4061],[-1.80221,32.42724],[-1.08128,32.45393],[0.4578,32.54744],[2.45312,32.66868],[5.68125,32.81541],[6.50289,32.73261],[7.89229,32.5926],[12.5327,30.8049],[17.00195,28.75095],[17.97053,28.6124],[21.67907,28.08193],[25.43819,28.00822],[27.42831,27.19743],[29.34472,24.02797],[29.27737,18.84615],[29.5162,17.65201],[30.78994,15.50256],[30.47151,14.30842],[30.47151,13.51233],[30.78994,11.20366],[31.2676,10.6464],[31.74525,10.24835],[33.57627,10.00953],[34.45197,10.24835],[35.40728,11.28327],[35.64611,12.79585],[35.32767,15.42295],[37.07907,17.09475],[37.89512,18.56012],[38.0286,18.47794],[38.30665,18.24978],[38.52747,18.16132],[38.64174,18.06071],[38.68567,18.00281],[38.90386,17.36407],[38.96278,17.19158],[39.00883,17.05678],[39.20794,16.32651],[39.51793,15.46305],[39.79645,15.08877],[39.88854,15.18427],[39.85619,15.40024],[39.89788,15.50199],[40.03721,15.38792],[40.21745,15.08332],[40.38988,14.90579],[40.63053,14.92535],[40.73914,14.91924],[41.34125,14.34232],[41.70526,13.9301],[41.76109,13.88575],[42.07898,13.86101],[42.35708,13.46767],[42.36642,13.35968],[42.35496,13.2707],[42.40844,13.1755],[42.63644,13.09338],[43.04802,12.70231],[43.33048,12.43407],[43.45868,12.22466],[43.47482,12.09762],[43.42193,12.04667],[43.25914,11.96372],[43.06185,11.91882],[42.80996,11.77849],[42.55533,11.56825],[42.66877,11.51131],[42.95915,11.53736],[43.10357,11.53131],[41.52688,10.27988],[40.19073,10.0072],[40.17238,9.84285],[39.75203,7.95127],[38.87938,7.85431],[38.60502,6.59731],[35.57782,5.52701],[33.02152,6.86454],[32.34881,9.52765],[32.84695,10.10465],[31.74525,10.24835],[31.2676,10.6464],[30.78994,11.20366],[30.78671,11.22708],[30.59976,11.11597],[24.07447,11.18197],[23.19994,11.7753],[20.67329,11.95622],[18.62795,10.16949],[15.65736,11.30618],[14.58174,12.67336],[8.26576,12.36735],[2.3459,13.28563],[-4.95821,13.34116],[-4.56452,12.76224],[-5.01366,13.4227],[-7.78335,13.89446],[-8.73964,13.89446],[-13.39553,14.91667],[-13.6203,14.89493],[-13.74219,14.40735],[-13.55835,15.14273],[-13.65027,15.78618],[-13.83411,16.15387],[-14.10988,16.33772],[-14.38565,16.52156],[-14.84526,16.52156],[-15.39679,16.42964],[-15.76448,16.2458],[-16.04024,15.97003],[-16.13217,15.60234],[-16.22409,15.14273],[-16.22409,15.05081],[-16.04024,14.40735],[-16.11072,14.65403],[-17.03326,14.56479],[-17.05007,14.58556],[-17.22054,14.72501]],[[-11.6995,17.11366],[-11.90847,16.38225],[-11.80398,15.75532],[-8.87835,14.2925],[-6.99758,14.39699],[-4.80335,15.54635],[-5.01232,16.69571],[-7.83347,17.63609],[-11.6995,17.11366]],[[14.66743,16.23005],[12.87786,16.05983],[12.63904,15.66178],[12.63904,14.46764],[13.83318,13.43272],[15.81926,13.11915],[17.65442,13.1939],[18.76895,13.51233],[19.40582,14.46764],[19.16699,15.18413],[18.45051,15.74139],[17.09715,16.21905],[14.66743,16.23005]]]]}},{"type":"Feature","properties":{"NAME":"Takrur","ABBREVN":"Takrur","INFO_UR":null,"SUBJECTO":"Takrur","BORDERPRECISION":1,"PARTOF":"Takrur"},"geometry":{"type":"MultiPolygon","coordinates":[[[[-16.13216660782693,15.602340498482718],[-16.040244472213956,15.970029040934591],[-15.764478065375059,16.24579544777349],[-15.396789522923186,16.429639718999432],[-14.845256709245362,16.5215618546124],[-14.385646031180542,16.5215618546124],[-14.109879624341616,16.33771758338645],[-13.834113217502718,16.15387331216052],[-13.650268946276796,15.786184769708647],[-13.55834681066382,15.14272982041787],[-13.742191081889743,14.407352735514124],[-14.201801759954591,14.03966419306225],[-14.66141243801944,13.763897786223353],[-15.212945251697235,13.763897786223353],[-15.672555929762083,13.855819921836314],[-16.040244472213956,14.407352735514124],[-16.224088743439907,15.050807684804909],[-16.224088743439907,15.14272982041787],[-16.13216660782693,15.602340498482718]]]]}},{"type":"Feature","properties":{"NAME":"Chimú Empire","ABBREVN":"Chimú Empire","INFO_UR":null,"SUBJECTO":"Chimú Empire","BORDERPRECISION":1,"PARTOF":"Chimú Empire"},"geometry":{"type":"MultiPolygon","coordinates":[[[[-77.99172997938516,-10.234450054395033],[-78.30214401771282,-9.668905652802565],[-78.7509431510136,-8.786702550690748],[-79.06024643470501,-8.215522207062818],[-79.14755189281526,-8.092909334779115],[-77.71674779479613,-8.264360049160892],[-77.29200263149461,-8.983159556286537],[-77.99172997938516,-10.234450054395033]]]]}},{"type":"Feature","properties":{"NAME":"Huari Empire","ABBREVN":"Huari Empire","INFO_UR":null,"SUBJECTO":"Huari Empire","BORDERPRECISION":1,"PARTOF":"Huari Empire"},"geometry":{"type":"MultiPolygon","coordinates":[[[[-77.33550735999798,-11.509389318268873],[-77.46394058753704,-11.388950742524244],[-77.67389389564251,-11.294097341340162],[-77.70724960853313,-11.256047643464186],[-77.68253799964641,-11.014555372040846],[-77.69160934974407,-10.836669362824537],[-77.75874802161907,-10.658920682709791],[-77.99172997938516,-10.234450054395033],[-77.29200263149461,-8.983159556286537],[-77.71674779479613,-8.264360049160892],[-79.14755189281526,-8.092909334779115],[-79.67460342933391,-7.352711595337965],[-79.79706284095501,-7.194126523774244],[-80.0659074454472,-6.756278909485914],[-80.27396866370891,-6.566111959260084],[-80.34278098141169,-6.52611556736435],[-79.87486037276376,-6.087462262665014],[-79.39720493366634,-6.087462262665014],[-78.83994025471937,-6.644726941611992],[-77.5146800419541,-6.970188117179617],[-77.33812023288645,-7.676427353450222],[-75.57639985719698,-10.61262797959937],[-71.23082293049625,-12.726692430426755],[-69.53613386666227,-13.823255942319332],[-71.61186691810344,-17.22145501498518],[-71.86322495033001,-17.120342649262525],[-72.08997818519329,-16.99376527194319],[-72.30994888831829,-16.879755414765455],[-72.58723923255657,-16.74070779208479],[-72.98006149818157,-16.53188554171858],[-73.28297897865032,-16.367351926606275],[-73.6725968985722,-16.196661390107252],[-74.04964157630657,-16.044990934174635],[-74.6214265494511,-15.665019429963209],[-75.23090836097454,-15.221601880829908],[-75.78529068519329,-14.727239049714186],[-76.05259415199016,-14.41014710788069],[-76.24178024818157,-14.105595983307936],[-76.23820969154094,-13.908625997346022],[-76.23803421546673,-13.502021230500318],[-76.35918137122844,-13.22907964114485],[-76.71058365394329,-12.75967923526106],[-77.33550735999798,-11.509389318268873]]]]}},{"type":"Feature","properties":{"NAME":"Tiahuanaco Empire","ABBREVN":"Tiahuanaco E","INFO_UR":null,"SUBJECTO":"Tiahuanaco Empire","BORDERPRECISION":1,"PARTOF":"Tiahuanaco Empire"},"geometry":{"type":"MultiPolygon","coordinates":[[[[-70.49769302894329,-24.829849637787916],[-70.51942917396282,-24.45509568576155],[-70.45283981849407,-24.34695664767561],[-70.46275040199016,-23.934050000947096],[-70.3594636588261,-23.660654462617018],[-70.4152497916386,-23.52737466220198],[-70.57964035560344,-23.489599622529127],[-70.5527238516972,-23.343433774750807],[-70.57323929359173,-23.165594495576002],[-70.47307297279094,-23.076443113129713],[-70.29201218177532,-22.98712579135237],[-70.23022934486126,-22.79640427951155],[-70.23394485999798,-22.42795030001936],[-70.20114278957332,-22.217460821970175],[-70.1923494010136,-22.161034024994947],[-70.11063095618938,-21.74793664340315],[-70.11244675208782,-20.693352140229322],[-70.18984695960735,-19.75962869052229],[-70.20851608802532,-19.06719819430647],[-70.29601761390423,-18.629028714936354],[-70.36356827308391,-18.454983152192213],[-70.45393082191204,-18.22277680758772],[-70.58412643958782,-18.083280957978346],[-71.22404953529094,-17.80511895541487],[-71.3652009635136,-17.69742051486311],[-71.47015854408001,-17.392696775239088],[-71.61186691810344,-17.22145501498518],[-69.53613386666227,-13.823255942319332],[-69.23420650471483,-14.018620705932378],[-67.94227822920921,-15.427997006483967],[-67.23759007893341,-18.364197632633108],[-67.35618174619,-19.194339303429263],[-67.82483020416323,-22.474878509241908],[-68.0338990208006,-26.029048392077136],[-68.05972625425517,-26.46811136080474],[-69.40554769037634,-29.641195435870635],[-70.0274937150467,-30.677772143654593],[-71.51984879066204,-32.18117562655745],[-71.65150162269329,-31.24144593600569],[-71.69539352943157,-30.85409013156233],[-71.68157669593548,-30.60000077609358],[-71.49606796790813,-30.345560468476393],[-71.32951065589641,-30.10385362033186],[-71.2366609244511,-29.84959260348616],[-71.23363968421673,-29.519295133393385],[-71.38621231605266,-29.28459206942854],[-71.43014999915813,-29.100479520600416],[-71.29720017005657,-28.668276227753736],[-71.19901749183391,-28.244963086884596],[-71.14201065589641,-27.994638837617018],[-70.93462082435344,-27.727417386811354],[-70.8574113516972,-27.314379133027174],[-70.84899998033765,-27.280671044654337],[-70.74798294593548,-26.875851072114088],[-70.69128128577923,-26.513653196137525],[-70.6546296744511,-26.2594780099803],[-70.68299576331829,-25.770412839692213],[-70.49319168616985,-25.471443570893385],[-70.39814468909954,-25.24891320590315],[-70.49769302894329,-24.829849637787916]]]]}},{"type":"Feature","properties":{"NAME":"Maya city-states","ABBREVN":"Maya","INFO_UR":null,"SUBJECTO":"Maya city-states","BORDERPRECISION":1,"PARTOF":"Maya city-states"},"geometry":{"type":"MultiPolygon","coordinates":[[[[-90,19.38150557156267],[-90,19.75351484890642],[-90,19.946675859648607],[-90,20.1612983572072],[-90,20.67639311428728],[-90,20.991174303252123],[-90,21.141408525664232],[-90,21.160729967314623],[-89.86282822181438,21.249875627715014],[-89.54745956947063,21.295051180083178],[-89.05808731605266,21.397792421538256],[-88.6010636954472,21.564044557768725],[-88.33372208167766,21.59004171963396],[-88.10938736488079,21.565087877470873],[-87.59693619300579,21.48353727932634],[-87.37093063880657,21.570655428130053],[-87.20057388831829,21.528873048979662],[-86.92158981849407,21.30062636013689],[-86.9002351432011,21.167178713042162],[-86.93589493324016,20.976399980742357],[-87.06995865394329,20.80448492642107],[-87.31330582191204,20.581485353667162],[-87.5081452994511,20.39022787686052],[-87.65071579505657,20.18991049404802],[-87.65972610999798,19.87513693447771],[-87.77397629310344,19.741412721831225],[-87.85821243812298,19.58231123562517],[-87.78857895423626,19.512536607939623],[-87.63708969642376,19.57466276760759],[-87.68220993568157,19.281348787505053],[-87.80035873939251,18.74336203213396],[-87.84949204017376,18.488984667021654],[-87.87709518958782,18.380864702422045],[-88.03013321449016,18.621284090239428],[-88.10500809241985,18.824548326689623],[-88.13767715980266,18.894399248320482],[-88.31140610267376,18.74146994229021],[-88.32046219398235,18.49439962979021],[-88.39922043372844,18.309028230864428],[-88.12371536781048,18.387090288359545],[-88.11193558265423,18.193929277617357],[-88.30037399818157,17.635434709746264],[-88.22047897865032,17.51429136868181],[-88.32700821449016,17.15658339138689],[-89.67633418976318,17.4639727224165],[-90,17.715700452355904],[-92.1070222525761,18.515859209257982],[-91.72974106361126,18.415704332548998],[-91.61098953773235,18.544532381255053],[-91.47900101234173,18.633794389922045],[-91.52561661292766,18.7447944509572],[-91.7024812369511,18.823484026152514],[-91.21970078040813,19.102496706206225],[-90,19.38150557156267]]]]}},{"type":"Feature","properties":{"NAME":null,"ABBREVN":null,"INFO_UR":null,"SUBJECTO":null,"BORDERPRECISION":1,"PARTOF":null},"geometry":{"type":"MultiPolygon","coordinates":[[[[-89.67633418976318,17.4639727224165],[-88.32700821449016,17.15658339138689],[-88.24188705970501,17.01350363369646],[-88.28342911292766,16.83465155239763],[-88.44453903724407,16.44117697354021],[-88.57977005531048,16.283786379057787],[-88.74182602454876,16.26947935696306],[-88.76614853431438,16.140704714018725],[-88.94081589271282,16.033393465239428],[-88.94077774574016,15.904618822295092],[-88.80428024818157,15.861696802336596],[-88.66434189368938,15.725766740996264],[-88.60139175941204,15.81161745663347],[-88.63129898597454,15.983316026884935],[-88.48015305091594,15.912461839873217],[-88.27393051673626,15.747230135161303],[-88.13347336341594,15.760648332793139],[-87.8581437735722,15.882015787321947],[-87.57061478187298,15.908048235136889],[-87.23618027259563,15.851557337004564],[-87.02135941077923,15.820244394499682],[-86.37202927161907,15.802567087370775],[-86.05767532874798,15.904934488493822],[-85.88712784339641,15.994289003569506],[-85.6320466666386,15.87406977291765],[-85.27741715003704,15.88754519100847],[-84.93398758460735,15.932765566069506],[-84.65045639564251,15.933375917632006],[-84.4252824454472,15.876661859709642],[-84.17139908363079,15.762790285307787],[-84.18845840980266,15.603841386992357],[-84.2343644766972,15.502042375761889],[-84.13201614906048,15.375135027129076],[-83.77785965491985,15.267836176115892],[-83.52716538001751,15.236602388579271],[-83.41719528724407,15.000858865935228],[-83.31351944495891,14.767507158476732],[-83.29642197181438,14.61499937649431],[-83.32192703773235,14.386119447905443],[-83.41799637366985,14.068114839751146],[-83.66236588050579,13.705296121794603],[-83.7072648673222,13.368327699858568],[-83.68813797523235,12.961587511259935],[-83.7981843619511,12.452874742705248],[-83.88305374671673,12.122196756560228],[-83.90005714740884,11.888261763836482],[-83.9283342032597,11.499222360808275],[-83.91412827064251,11.251382433134935],[-83.83133408118938,11.041812502104662],[-83.74664017249798,10.878459535796068],[-83.37719437171673,10.480383478361986],[-83.2040910391972,10.200237833220385],[-83.06267258216594,10.055239282805346],[-82.9615373282597,10.034444414336107],[-82.75197311927532,9.744477831084154],[-82.55354782630657,9.586018167693041],[-82.5599260001347,9.583112322050951],[-82.32602402259563,9.444949709135912],[-82.23838516761516,9.214680277068041],[-82.22958847572063,9.046509348112963],[-82.06641098548626,8.976955019194506],[-81.78364273597454,8.96598871823015],[-81.6740388541386,9.058097444731615],[-81.49503037025188,8.864669405180834],[-81.16840836097454,8.827826105315111],[-80.96249863197063,8.864939295012377],[-80.35566422034954,9.203076921660326],[-80.12428757240032,9.223890863615892],[-79.50042435218548,9.638376795012377],[-79.33251663734173,9.57391222592058],[-78.99839493324016,9.542852960783861],[-78.96670242835735,9.4725833761281],[-78.61175247718548,9.48012503262224],[-78.26649185706829,9.385549150664232],[-77.96716019202923,9.214597307402514],[-77.67754074622844,8.96100767727556],[-77.49470230628704,8.6614843236989],[-77.43079849769329,8.627805315215014],[-77.24171921302532,8.475687586028002],[-77.06297012855266,8.247281633574389],[-76.96389481116985,8.018701158720873],[-76.85815140296673,7.929960809904955],[-76.76850601722454,8.006409250456713],[-76.70225235511516,8.114596925932787],[-76.85147568275188,8.463816248137377],[-76.84245773841594,8.559167467314623],[-76.76352402259563,8.692807756621264],[-76.56314560462688,8.84576567288103],[-76.38335129310344,8.979613863188646],[-76.15768906165813,9.310580812651537],[-76.01035782386516,9.380817018706225],[-75.70266434241985,9.425959192473314],[-75.60487839271282,9.597771249968432],[-75.65161606361126,9.769267641264818],[-75.57332321693157,10.118981920439623],[-75.54328629066204,10.411405168730639],[-75.45044418861126,10.627693735319994],[-75.22642227699016,10.825208269316576],[-75.03349777747844,10.95273359890642],[-74.76690384437298,11.06134947415056],[-74.7162980704472,11.061465822417162],[-74.54816910316204,10.968883119780443],[-74.4489640860722,10.769680582243822],[-74.32281204749798,10.922489725310228],[-74.30854507972454,11.11953981991472],[-74.21892258216594,11.367601953703783],[-74.12012955238079,11.399594865996264],[-74.00004288245891,11.342646204192064],[-73.61538406898235,11.324416719633959],[-73.36232468177532,11.32496031399431],[-73.0822419791386,11.446318231779955],[-72.97528549720501,11.560949884611986],[-72.76138016273235,11.694874368864916],[-72.37965866615032,11.810100160796068],[-72.1838044791386,11.988483034331225],[-72.05884262611126,12.236620508391283],[-71.90886398841594,12.351349436003588],[-71.69791122962688,12.428066812712572],[-71.43680283118938,12.422281824309252],[-71.20015427161907,12.270248018462084],[-71.13045212318157,12.21319159146013],[-71.06055923988079,12.060808740813158],[-71.18874832679485,11.911603532988451],[-71.5936174063847,11.843575082976244],[-71.9228181510136,11.703040682036303],[-71.98786636878704,11.607564531523607],[-71.90224167396282,11.334449373442553],[-71.83819290687298,11.151430689055346],[-71.73761459876751,11.094842516142748],[-71.7570466666386,11.029700838286303],[-71.6879548697636,10.769269548613451],[-71.74870010902141,10.603895746428392],[-71.89590164710735,10.44007547970476],[-72.05224319984173,10.069379411894701],[-72.11403366615032,9.904005609709642],[-72.00001999427532,9.688166223723314],[-71.87054916908001,9.574048601347826],[-71.75801559974407,9.250166498381517],[-71.60471817542766,9.09161242123308],[-71.36940475990032,9.142963968474291],[-71.28671738197063,9.213054262358568],[-71.09831711341594,9.327861391264818],[-71.181697710123,9.277051023594622],[-70.68184887203134,8.55721593295672],[-65.96541257261946,8.180441590467876],[-63.06524366801216,8.32539786170036],[-62.12781533520979,8.644111545049048],[-61.695771781275944,8.610088933385873],[-61.76469513465618,8.582813821989916],[-61.539601293103445,8.554083429533861],[-61.27064224769329,8.51016768093767],[-61.10530563880657,8.523243509489916],[-60.95672699500774,8.587117754179857],[-60.53887268592571,8.600727640349291],[-60.2125024466679,8.563296877104662],[-59.83440491248821,8.440183244902514],[-59.801983800427664,8.418018900114916],[-59.57888886024212,8.265977464873217],[-59.404269398007315,8.159742308981507],[-59.19375320960735,8.031668268401049],[-58.88106247474407,7.797195039946459],[-58.616635289685476,7.499081217009447],[-58.55890747596477,7.314900003630541],[-58.57506653358196,6.984399877745531],[-58.508526769177664,6.558970533568285],[-58.374554601208914,6.825959764677904],[-58.27531525184368,6.870654188353441],[-58.00565430213665,6.788627706725023],[-57.96033951331829,6.731524549681566],[-57.73216339637493,6.598564706999682],[-57.41366669227337,6.351412378508471],[-57.23322006751751,6.129375063139818],[-57.065140691296804,5.837398611266039],[-56.9184236197636,5.977533899504564],[-56.746396031872976,6.00331839199724],[-56.120221105115164,5.794956289488695],[-55.91075989295696,5.776344381529711],[-55.873402562634695,5.96072395916643],[-55.809796300427664,5.998992525298021],[-55.65813538123821,5.986605726439379],[-55.28337189246868,5.981066786009691],[-54.89482208778118,5.994618974882982],[-54.56969543983196,5.963541589934252],[-54.28620621253704,5.881543241698168],[-53.83686157752727,5.689471327025316],[-53.73890396644329,5.647584997374437],[-53.27408310462688,5.515142523009203],[-53.226820724594276,5.498247524768843],[-53.02668091346477,5.426703058440111],[-52.66687866737102,5.17963560696306],[-52.421551735998705,4.969164363525159],[-52.22391681121512,4.79960911684563],[-52.09794708778118,4.691536985594652],[-51.85281845618938,4.437868677336596],[-51.710125890271414,4.228457056242846],[-51.62341782142376,4.215936266142748],[-51.439320531384695,4.32437142010393],[-51.31519409705852,4.261091791350267],[-51.20926758338665,4.070678793150805],[-51.13540741492962,3.714953266341112],[-50.94903656532024,3.111646972853563],[-50.9003686576054,2.838497244078539],[-50.68808075477337,2.216172300536059],[-50.554928746716726,1.968626819807909],[-50.40909287025188,1.822782956320665],[-49.96920868446087,1.728416405875109],[-49.881039586560476,1.576098166663073],[-49.86389252235149,1.328292690474413],[-49.88430496741985,1.21387108441057],[-50.120079961316335,1.054482542235277],[-50.53970810462688,0.418111048895739],[-50.64682480384563,0.271723442036532],[-50.876149144665945,0.086943470198534],[-51.0605134635136,-0.016971982758619],[-51.17041870643352,-0.078918590884783],[-51.529381719128835,-0.429196335118391],[-51.774151769177664,-0.855490602295973],[-51.96263977576946,-1.313421286385633],[-52.143490758435476,-1.51716021422682],[-52.021561589734304,-1.567728794854261],[-51.79126450111126,-1.535458124917128],[-51.5678376822636,-1.446008600037672],[-51.02714630653118,-1.127111591141798],[-50.97677704383587,-1.114295281212904],[-50.84198853065227,-1.514342821877577],[-50.64313980628704,-1.882471717637159],[-50.52847382117962,-1.933060563843824],[-50.39929291297649,-1.964546955865003],[-49.888607945935476,-1.95073810939131],[-49.884914663735586,-1.95037752679648],[-49.622338262097585,-1.924741662781813],[-49.29055496741985,-1.790577329438307],[-49.41520020057415,-2.095865882676222],[-49.42279907752727,-2.358843244355299],[-49.221146550671804,-2.108145631592848],[-48.656884160535085,-1.655764735978224],[-48.527028050915945,-1.585577524941542],[-48.38951965858196,-1.413708962243177],[-48.16512009193157,-0.993826545518019],[-48.042530980603445,-0.815624035637953],[-47.927445378796804,-0.770901240151503],[-47.47448059608196,-0.769916809838392],[-47.316220250622976,-0.680611468594648],[-47.237137761609304,-0.680439270775892],[-46.928299870984304,-0.927592195313551],[-46.63376328040813,-1.047699965279676],[-46.48993774940227,-1.034671582024671],[-46.123593297497976,-1.160977162163832],[-45.642567601697195,-1.363271511834242],[-45.49212738563274,-1.490044988434889],[-45.3713159232304,-1.756672538560011],[-45.33543488074993,-1.769296921532728],[-45.256310430066335,-1.762774623673536],[-45.075638738171804,-1.603522099297621],[-44.93192383338665,-1.622268236916639],[-44.79592606116985,-1.736357845109083],[-44.55380722572063,-2.091690696518995],[-44.46174332191204,-2.26941315059004],[-44.52027222205852,-2.383922733109571],[-44.65867706824993,-2.56850401286421],[-44.71102997352337,-2.759242214005567],[-44.670277562634695,-2.9688548219615],[-44.593365636365164,-3.146605647843458],[-44.222123113171804,-2.777243770402052],[-44.05594727088665,-2.70699278239546],[-43.78189941932415,-2.636500991623976],[-43.33403870155071,-2.432190097611524],[-43.233231511609304,-2.419258273881056],[-43.0680932669804,-2.450668014329054],[-42.724476781384695,-2.621496595185377],[-42.31647202064251,-2.817604697983839],[-42.10834976722454,-2.861631072800733],[-41.60564514686321,-2.93680349711714],[-41.10252472449993,-2.973839916031935],[-40.8936433463261,-2.947966970246412],[-40.6777124076054,-2.934785999100782],[-40.41797348548626,-2.857973493378736],[-40.23088928748821,-2.8512109888011],[-39.72181030799602,-3.008974946778395],[-39.39290329505657,-3.19254342440901],[-39.050106969372976,-3.407845414918043],[-38.78636261512493,-3.604257978242018],[-38.06839844276165,-4.231795228760816],[-37.73482224036907,-4.529729284089186],[-37.365109410779226,-4.802162088196852],[-37.180600133435476,-4.954271711152174],[-36.96609970618938,-5.042764581482984],[-36.635949101941335,-5.118308461945631],[-36.074940648572195,-5.161570943635084],[-35.66476532508587,-5.17974463824568],[-35.464371648328054,-5.268277086060621],[-35.34490295936321,-5.47770491961775],[-35.305680242078054,-5.750867761414625],[-35.039113011853445,-6.652605451386549],[-34.91841599036907,-7.167046941559889],[-34.890675511853445,-7.611789144318678],[-34.924611058728445,-7.872391618531324],[-35.00502487708782,-8.279249585908033],[-35.114186254040945,-8.660737432282545],[-35.36562058021282,-9.245868123810865],[-35.5985994010136,-9.627626813691236],[-36.20459839393352,-10.156334317963697],[-36.828934636609304,-10.735910810273268],[-37.026905980603445,-10.825291074555494],[-37.18652435828899,-10.844699300568678],[-37.36214157630657,-11.13101998690901],[-37.40425583411907,-11.30901948336897],[-37.40968033363079,-11.467892087739088],[-37.63658997108196,-11.951296247284986],[-37.90627762366985,-12.390306867402174],[-38.266137090222585,-12.886686719697096],[-38.38593002845501,-12.982259191315748],[-38.47313019324993,-12.988799489777662],[-38.508831944958914,-12.798260129731275],[-38.633839574353445,-12.665090001862623],[-38.79886719276165,-12.627316869538404],[-38.827862706677664,-12.983214772980787],[-39.069691625134695,-13.72078935031233],[-39.09182449866985,-14.051242269318678],[-39.126217809216726,-14.324533857148268],[-38.983212438122976,-15.556898511689283],[-38.94815537025188,-16.001592077057936],[-39.20771118690227,-17.145834363740065],[-39.22504135658001,-17.44450417880354],[-39.16210266639446,-17.736639417451002],[-39.142498937146414,-17.77471772555647],[-39.48419663001751,-17.99783364657698],[-39.666134801404226,-18.226957715790846],[-39.783497777478445,-18.583013929169752],[-39.80140015174602,-18.748253263276197],[-39.69133850623821,-19.40879670504866],[-39.73901840736126,-19.574093259614088],[-39.83545776893352,-19.7013725412303],[-40.13977524329876,-19.975227750580885],[-40.47830292274212,-20.64943925265608],[-40.932816472546804,-21.279411710541822],[-41.0234155326054,-21.52104798678694],[-41.048138585583914,-21.660875715058424],[-40.983502355115164,-22.08642999057112],[-41.52487274696087,-22.252769864838697],[-41.769642797009695,-22.380363858979322],[-41.929196324841726,-22.545891202729322],[-41.96725937415813,-22.755642331879713],[-41.95784470130657,-22.92082253817854],[-42.138424840466726,-22.97202912692366],[-42.5270776419804,-22.953785337250807],[-42.967404332654226,-23.0309623849803],[-43.26187225867962,-23.03158036593733],[-43.60584732581829,-23.006899274628736],[-43.81523987342571,-22.95650712374983],[-44.23002716590618,-22.98916093234358],[-44.561295476453054,-22.989857114594557],[-44.65750214149212,-23.263258374970533],[-44.7901277213261,-23.352487958710768],[-45.148156133191335,-23.493021405976393],[-45.36444946815227,-23.69678918246565],[-45.459210362927664,-23.855831540864088],[-45.795304265515554,-23.735821164887525],[-45.95288559486126,-23.767919935029127],[-46.20621201087688,-23.882822431367018],[-47.04512497474407,-24.43733636264143],[-47.28293320228313,-24.615724958222486],[-47.60905548621868,-24.787956632416822],[-47.886151280896414,-24.98549882296858],[-48.12549683143352,-25.290943540375807],[-48.34439941932415,-25.399406827729322],[-48.599450078503835,-25.4317192209178],[-48.72452255775188,-25.425621427338697],[-48.721756902234304,-25.533623136323072],[-48.57032105018352,-25.63495293978987],[-48.51618668128704,-25.87625161532698],[-48.56617065955852,-26.11778298739729],[-48.61063095618938,-26.244936384003736],[-48.73746582557415,-26.31508294467268],[-48.77539536048626,-26.385036863129713],[-48.60260864783977,-26.676922239106275],[-48.586300817029226,-27.210539258759596],[-48.56390854408001,-27.68059388522444],[-48.58936020423626,-27.82041779879866],[-48.639080968396414,-28.08733979586897],[-48.72837921668743,-28.367052472870924],[-48.85215473085459,-28.563025096783424],[-48.796904749948716,-28.475548314302703],[-49.83871578487881,-26.797313680361846],[-49.48718016007792,-24.553337158794967],[-48.46896037885509,-23.748769173313708],[-53.123378851919725,-14.275041705614404],[-53.128470905039926,-14.264677204916623],[-46.280890913956334,-3.552810001275475],[-49.06606977620206,-4.743578120004467],[-54.16333633581491,-4.626791146196514],[-56.33113935542037,-4.334740468715777],[-58.44035310422569,-2.287649024474563],[-57.97163893782451,-0.589157846288572],[-55.80383591821904,0.875529465609527],[-55.8624251890192,1.695565793857857],[-58.55753164582598,3.977596077854006],[-62.65878060183632,4.152921580887431],[-66.40849393304576,3.041936481420927],[-70.15820726425522,-5.735421450211085],[-69.04501111905242,-8.235853806057],[-64.1940629085568,-14.694582386569342],[-64.66180129731615,-16.804676207468987],[-65.90622541609757,-18.31105888474315],[-66.59524723372101,-19.145123826644383],[-67.35618174619,-19.194339303429263],[-67.23759007893341,-18.364197632633108],[-67.94227822920921,-15.427997006483967],[-69.23420650471483,-14.018620705932378],[-69.53613386666227,-13.823255942319332],[-71.23082293049625,-12.726692430426755],[-75.57639985719698,-10.61262797959937],[-77.33812023288645,-7.676427353450222],[-77.5146800419541,-6.970188117179617],[-78.83994025471937,-6.644726941611992],[-79.39720493366634,-6.087462262665014],[-79.87486037276376,-6.087462262665014],[-80.34278098141169,-6.52611556736435],[-80.61159225990032,-6.369872010987379],[-81.02270218421673,-6.205557740967848],[-81.29700943519329,-6.040935910981275],[-81.24355789710735,-5.964570916932203],[-81.1623201041386,-5.913574136536695],[-80.88809677650188,-5.900269426148512],[-80.82338425208782,-5.715860761445143],[-80.87624832679485,-5.58888713244734],[-81.14286514808391,-5.195517457764723],[-81.30149551917766,-4.998885549347975],[-81.41761490394329,-4.675080694001295],[-81.41332718421673,-4.567058004181959],[-81.30361649085735,-4.331714547913649],[-81.04177567054485,-4.051563180726149],[-80.58289810706829,-3.656617797654249],[-80.3715715079472,-3.567196286957838],[-80.22890945960735,-3.471247113984205],[-80.1441545157597,-3.414210237305738],[-80.02521225501751,-3.274164356034376],[-79.76177689124798,-2.797014869492628],[-79.74477097083782,-2.676250852387525],[-79.83896347572063,-2.346026576798536],[-79.81301590491985,-2.170478500168898],[-80.02785965491985,-2.448112643998243],[-80.35725876380657,-2.728416360657789],[-80.50732895423626,-2.684253610413649],[-80.77762314368938,-2.538698591034986],[-80.9610490470097,-2.354813731949903],[-80.78616043616985,-2.227343715470411],[-80.74118515540813,-2.119224466126539],[-80.81634232093548,-1.858862794678785],[-80.81377884437298,-1.661865867417433],[-80.7538957266972,-1.452044643204786],[-80.80300613929485,-1.325063265603163],[-80.96610733558391,-1.033107079308607],[-80.8793611197636,-0.956666148942091],[-80.66320511390423,-0.867236293595411],[-80.33884903480266,-0.663181163113691],[-80.4822663932011,-0.485572792332746],[-80.48215958167766,-0.3838998747283],[-80.40312668372844,-0.224856026213743],[-80.17984482337688,-0.016971982758619],[-80.10896011878704,0.049028903502844],[-80.04623886634563,0.430440627295397],[-80.09817215491985,0.633673213679216],[-80.1348771720097,0.716208599764727],[-80.0855607657597,0.817998133856676],[-79.77687546302532,0.863141022879503],[-79.37601181556438,1.016531788069628],[-79.19764420081829,1.124947510916613],[-78.98431107093548,1.296987973410509],[-78.94347855140423,1.380803190428637],[-78.92853256751751,1.41149767513933],[-78.98112961341594,1.551179491240404],[-79.0624665885136,1.678105674940966],[-79.0138826041386,1.773532711226366],[-78.7847566275761,1.824865661818407],[-78.57526871253704,1.774477444846056],[-78.49182602454876,1.920829616743944],[-78.64825150062298,2.174676977354906],[-78.60953232337688,2.365407787520311],[-78.46819778968548,2.467397295195482],[-78.07328506995891,2.493669830519579],[-77.98651596595501,2.474799953658007],[-77.80209824134563,2.576873623091601],[-77.60178848792766,2.882342182356737],[-77.39906784583782,3.314928613860033],[-77.10599991370891,3.792188965041063],[-77.16080185462688,3.91282185192766],[-77.41248032142376,4.09656962032976],[-77.44452377845501,4.179111562926195],[-77.3067292838261,4.503531538206957],[-77.26658340980266,4.738755308348559],[-77.33365341712688,5.126281343657396],[-77.50037857581829,5.51357754345598],[-77.46189590980266,5.628058992583178],[-77.24131485511516,5.692084394652269],[-77.18051621009563,5.78754051800432],[-77.2203035025761,5.876424871642016],[-77.4745988516972,6.091959558684252],[-77.49352737952923,6.193592630583666],[-77.4471101432011,6.282669626433275],[-77.33848282386516,6.429078184325121],[-77.32217117835735,6.543500028807543],[-77.40016647865032,6.67044600125017],[-77.73283859779094,6.993840299803637],[-77.89673325111126,7.171753011900805],[-78.06693741370891,7.542917810637377],[-78.26545425941204,7.885670267302416],[-78.3271150260136,8.088914476591967],[-78.24659439613079,8.1971288549489],[-78.14776321937298,8.235473238188646],[-77.79424759437298,8.179334245879076],[-77.94562241126751,8.265966974455736],[-78.00187393714641,8.339653574187182],[-78.0447663932011,8.551500879485033],[-78.1837052970097,8.413340173918627],[-78.38149735023235,8.394918047148607],[-78.49124619056438,8.565209947783373],[-78.50551315833782,8.685937486845873],[-78.59241196204876,8.8128515111989],[-78.65198990394329,8.744928919035814],[-78.7535066275761,8.873879991728685],[-78.80318161536907,8.827826105315111],[-78.86238571693157,8.94756659146013],[-79.06764694740032,9.034267984587572],[-79.32061478187298,9.040073000151537],[-79.54492661048626,8.931553446013353],[-79.71689316322063,8.883091531950853],[-79.74870773841594,8.721376978117846],[-79.71208664466594,8.615977846342943],[-79.9504289298222,8.473086916167162],[-80.11870285560344,8.390103899199389],[-80.26944443275188,8.377067171294115],[-80.4246492057011,8.1924320089406],[-80.40260788490032,8.059011064726732],[-80.26013657142376,7.925166689116381],[-80.05132004310344,7.731739126402758],[-79.9711579947636,7.557874284941576],[-79.97634598304485,7.492256246764086],[-80.10268875648235,7.455903612334154],[-80.21182724525188,7.474727235991381],[-80.40581985999798,7.298828684050463],[-80.66141220618938,7.251325689513109],[-80.81377121497844,7.270063482481859],[-80.8990373282597,7.33567341442766],[-80.85046860267376,7.409360014159105],[-81.00740524818157,7.78442772503557],[-81.11725327064251,7.943068586546801],[-81.19685837318157,7.639630399901293],[-81.56210800697063,7.823846422392748],[-81.6642732291386,8.16464766140642],[-81.75740524818157,8.146224580962084],[-82.18935867835735,8.201490961272142],[-82.38439652015423,8.32122954006853],[-82.65388962318157,8.321073137480639],[-82.79510971595501,8.269931398589037],[-82.95746323158001,8.047210298735521],[-82.95613571693157,8.256755434233568],[-83.08955856849407,8.394918047148607],[-83.08514877845501,8.650628648955248],[-83.25491806556438,8.71729715939226],[-83.36231705238079,8.763351045805834],[-83.4124421744511,8.726508699614428],[-83.26605698158001,8.542193018156908],[-83.22823044349407,8.440971933562182],[-83.27895065833782,8.413340173918627],[-83.60548111488079,8.547818742949389],[-83.66387650062298,8.674799524504564],[-83.55081650306438,8.827565752226732],[-83.53288742591594,8.999204240996264],[-83.61494156409954,9.151563249785326],[-83.83384415199016,9.29726370449724],[-84.14668747474407,9.426528536040209],[-84.18226334144329,9.491004549223803],[-84.49248215247844,9.537350259978197],[-84.63473984290813,9.684430681425951],[-84.63129898597454,9.873896204192064],[-84.69706436683391,9.988387666899584],[-84.80889603187298,10.032406412321947],[-85.06826492835735,10.191024385649584],[-85.25545212318157,10.310764871794603],[-85.15429398109173,10.080495439726732],[-85.11555954505657,9.980900369841478],[-84.92559525062298,9.960756860930346],[-84.84416672279094,9.84101542111101],[-85.08879562904094,9.583112322050951],[-85.15362259437298,9.701166712004564],[-85.31414505531048,9.827929102141283],[-85.56641098548626,9.92272814388933],[-85.71159836341594,10.030457102019213],[-85.77779099036907,10.138352953154467],[-85.82429977943157,10.36070593472185],[-85.76652237464641,10.550249658781908],[-85.61732956458782,10.651567064482592],[-85.62086197425579,10.826575838286303],[-85.87022110511516,10.92789229031267],[-85.70701309730266,10.983156763274096],[-85.73269363929485,11.08545836086931],[-85.83965775062298,11.077582918364428],[-86.01414200355266,11.367618166167162],[-86.43359085609173,11.767129503447435],[-86.88496872474407,12.255553804594896],[-87.26144882728313,12.623397432524584],[-87.58677383949016,12.832435213286303],[-87.67490860511516,12.914873682219408],[-87.68542954017376,13.016548715788744],[-87.40427109290813,13.029873453337572],[-87.54422470618938,13.327498995024584],[-87.5555314688847,13.365615450102709],[-87.77058121253704,13.50085028286638],[-87.75484177161907,13.466874681670092],[-87.84631058265423,13.441262804228685],[-87.84171768714641,13.321997247893236],[-87.94866653968548,13.171761118132494],[-88.25457474281048,13.19249304409685],[-88.63806625892376,13.255229555327318],[-89.4019670157597,13.482405267912767],[-89.98917099525188,13.67818697567644],[-90,13.772705637175463],[-90,13.79778631802263],[-91.2420320182011,13.951556764799975],[-91.5157136588261,14.058868013579271],[-91.92468735267376,14.354133211333178],[-92.15540024329876,14.542796693999193],[-92.47207352210735,14.792342745024584],[-92.90052506019329,15.191875063139818],[-93.33048721839641,15.534199320036791],[-93.58785745357416,15.741059799706633],[-94.24197098304485,18.240150057036303],[-93.7849015860722,18.349187456328295],[-93.08748337318157,18.554090105254076],[-92.45908829261516,18.68892058010759],[-92.09788223792766,18.759616457182787],[-92.1070222525761,18.515859209257982],[-90,17.715700452355904],[-89.67633418976318,17.4639727224165]]],[[[-67.82483020416323,-22.474878509241908],[-68.0338990208006,-26.029048392077136],[-67.95249314419908,-24.64514848985134],[-67.82483020416323,-22.474878509241908]]],[[[-68.05972625425517,-26.46811136080474],[-69.40554769037634,-29.641195435870635],[-69.28299898778518,-29.352258637737357],[-68.05972625425517,-26.46811136080474]]],[[[-69.07692429115032,-51.49934808139143],[-69.16695114661907,-51.14943734530745],[-69.11474151787864,-51.35236245613261],[-69.07692429115032,-51.49934808139143]]],[[[-52.14021349238029,-31.740936200871825],[-52.04218765784954,-31.556572355073072],[-52.14362427283977,-31.747351087372877],[-52.14021349238029,-31.740936200871825]]]]}},{"type":"Feature","properties":{"NAME":"Mesoamerican city-states and chiefdoms","ABBREVN":"Mesoamerican city-states and chiefdoms","INFO_UR":null,"SUBJECTO":"Mesoamerican city-states and chiefdoms","BORDERPRECISION":1,"PARTOF":"Mesoamerican city-states and chiefdoms"},"geometry":{"type":"MultiPolygon","coordinates":[[[[-95.13016983558391,16.29946859951677],[-95.49766251136516,16.12070807095232],[-95.99271103431438,15.865374170500658],[-96.33293625404094,15.750238977629564],[-96.75166031409954,15.781122766692064],[-97.07761856605266,15.875764452177904],[-97.2937898307011,15.964297853667162],[-97.88092514564251,16.052028261382006],[-98.14564987708782,16.172238908965014],[-98.43546005775188,16.362310014922045],[-98.85616013099407,16.596610628325365],[-99.20922562171673,16.71663054104509],[-99.97906967689251,16.892968736845873],[-100.41263290931438,17.05732115383806],[-100.7374162345097,17.221908174712084],[-101.22077652503704,17.41792257900896],[-101.48717972327923,17.57628210659685],[-101.99260422279094,18.02653082485857],[-102.08551498939251,18.058112703520678],[-102.35832687904094,18.032111726958178],[-102.6682023673222,18.095017992216967],[-103.49393936683391,18.353892885405443],[-103.7482576041386,18.594913088042162],[-103.97491165687298,18.880490862090014],[-104.19729324866985,19.05801161404314],[-104.66939255286907,19.317647539336107],[-104.94791122962688,19.437839113432787],[-105.17298599769329,19.65986784573259],[-105.50686356116985,20.10414847012224],[-105.67043015052532,20.351729952055834],[-105.68733688880657,20.402551256377123],[-105.61999222327923,20.472619615752123],[-105.39281937171673,20.51125296230974],[-105.31201645423626,20.587705217558764],[-105.29104324866985,20.67039068813982],[-100.89169969304979,20.740851566639506],[-100.25482577425323,22.571864083179577],[-97.70927879907207,21.801006985850215],[-97.62811752845501,21.55123671169939],[-97.50419327308391,21.189153276640795],[-97.22339340736126,20.7638374197072],[-96.88145157386516,20.3577094900197],[-96.79518600990032,20.154473863798998],[-96.57883926917766,19.91973456021013],[-96.3406648307011,19.4816108572072],[-96.01226517249798,18.92925604458513],[-95.84385391761516,18.79612501736345],[-95.53918167640423,18.764991365630053],[-95.34308334876751,18.771762453276537],[-95.08328720618938,18.702395998198412],[-94.81647202064251,18.49954756375017],[-94.58994003822063,18.27118834133806],[-94.24197098304485,18.240150057036303],[-93.58785745357416,15.741059799706633],[-93.8116120963261,15.920901857573412],[-94.05164047767376,16.07930716152849],[-94.07539078284954,16.11115988369646],[-94.36295029212688,16.22483404751482],[-94.83466049720501,16.319173418242357],[-95.13016983558391,16.29946859951677]],[[-100.01599805470454,21.298116245586485],[-100.65287197350108,18.909839050099436],[-100.49365349380194,18.352574371152457],[-99.29951489605843,18.352574371152457],[-97.78693933891662,19.467103729046414],[-97.54811161936792,20.58163308694037],[-98.26459477801403,21.377725485436045],[-99.06068717650972,21.616553204984754],[-100.01599805470454,21.298116245586485]]]]}},{"type":"Feature","properties":{"NAME":"Toltec Empire","ABBREVN":"Toltec Emp.","INFO_UR":null,"SUBJECTO":"Toltec Empire","BORDERPRECISION":1,"PARTOF":"Toltec Empire"},"geometry":{"type":"MultiPolygon","coordinates":[[[[-100.01599805470454,21.298116245586485],[-99.06068717650972,21.616553204984754],[-98.26459477801403,21.377725485436045],[-97.54811161936792,20.58163308694037],[-97.78693933891662,19.467103729046414],[-99.29951489605843,18.352574371152457],[-100.49365349380194,18.352574371152457],[-100.65287197350108,18.909839050099436],[-100.01599805470454,21.298116245586485]]]]}},{"type":"Feature","properties":{"NAME":"Celtic kingdoms","ABBREVN":"Celtic kingdoms","INFO_UR":null,"SUBJECTO":"Celtic kingdoms","BORDERPRECISION":1,"PARTOF":"Celtic kingdoms"},"geometry":{"type":"MultiPolygon","coordinates":[[[[-2.750154700772512,51.644027315337084],[-3.172751632230032,51.46690710659685],[-3.49911757995342,51.459655367094896],[-4.159330811993826,51.67681463833513],[-4.998957601086843,51.70170172329607],[-5.178603139416921,51.78747137661638],[-5.248757806317556,51.860213838774584],[-5.061464276807058,52.006434999663256],[-4.619082894818533,52.09351690884294],[-4.294657674329031,52.20032080288591],[-4.123608317868459,52.37326391812029],[-4.093874898450125,52.745509706694506],[-4.147546020047415,52.83189734097185],[-4.468318429486501,52.81130179043474],[-4.621350255505789,52.8309818136281],[-4.491883245007742,52.99097784634294],[-4.317542043225515,53.09120901699724],[-3.956724610821951,53.20515020962419],[-3.329535689847219,53.233016573149584],[-2.914475408093679,53.267142854887865],[-2.750154700772512,51.644027315337084]]],[[[-7.42751547385906,55.06380423184099],[-7.225492921368826,55.10419043179216],[-6.996823754803884,55.172023378569506],[-6.645197835461843,55.20642813320818],[-6.454310384289968,55.186549745757006],[-6.279264417187918,55.139693819243334],[-6.116521325604666,55.16022451992693],[-6.018187966840017,55.093001924712084],[-5.784886327283132,54.737418733794115],[-5.76368376304363,54.65699347134294],[-5.799925771252859,54.522887788969896],[-5.661512818829763,54.32224615688982],[-5.731388535992849,54.17486914272966],[-5.912154164807546,54.02737768765154],[-6.071708169476736,53.973590456206225],[-6.206393208997,53.95674856777849],[-6.343146768109548,53.93964346523943],[-6.443396058575857,53.899379335600756],[-6.334980454938162,53.78598364468279],[-6.172213521497,53.43919714565935],[-6.043061223523367,52.89308889980974],[-6.070682969586599,52.76660498257341],[-6.23211285163616,52.613334261137865],[-6.34089609672283,52.427062593657396],[-6.405971017377126,52.21443899746599],[-6.489150014416921,52.19435843105974],[-6.616821256177175,52.22066458340349],[-6.893897023694265,52.206649385649584],[-6.961679425732839,52.11120184536638],[-7.372407880322683,52.09211310024919],[-7.75064894248699,52.032706819731615],[-7.861649480359304,51.96809347744646],[-8.158813920514334,51.839644991118334],[-8.565231290356863,51.61545141812029],[-8.847757306592214,51.59982260342302],[-9.243309941785085,51.47262915249529],[-9.819109883801687,51.434554659087084],[-9.79524418403362,51.604632936674975],[-9.835420575635183,51.80326422329607],[-10.216907468335378,51.7583499776906],[-10.294031110303152,51.977626405913256],[-9.963774648205984,52.09211310024919],[-10.497328725354421,52.10165365811052],[-10.469237294690359,52.206649385649584],[-9.890640225903738,52.19443091030779],[-9.801606145398367,52.24108465786638],[-9.78400322486614,52.34070547695818],[-9.735718694226492,52.48028143521013],[-9.503988233105886,52.54054983730974],[-9.192634549634207,52.55445822354021],[-9.134288754956472,52.68089636440935],[-9.615690198437918,52.6366344320363],[-9.441564527051199,52.833278261382006],[-9.525756803052175,52.90455587979021],[-9.309349980847585,53.11526831265154],[-8.996998754040945,53.12044485684099],[-8.923582997815359,53.160575472075365],[-9.001670804517019,53.30037649746599],[-9.15815922309612,53.22069891567888],[-9.29735943366741,53.279803835112475],[-9.440665212170828,53.26620825405779],[-9.616703954236257,53.345878206450365],[-9.802919354932058,53.34535177822771],[-9.884814229504812,53.29739721890154],[-10.159825292126882,53.37412222500505],[-10.021073308484304,53.51185568447771],[-10.151425328747976,53.575641237456225],[-9.809599843518484,53.63241537686052],[-9.872389760510671,53.767718874174975],[-9.696483579175222,53.87342032070818],[-9.912850347058523,53.96955832119646],[-10.17853733588909,53.91187246914568],[-10.159675565259207,54.13307150479021],[-9.988787618176687,54.253715120512865],[-9.89197441627239,54.32558401699724],[-9.474293675915945,54.24130972500505],[-9.322905507580984,54.275069795805834],[-9.085844960705984,54.25818976040544],[-8.590084996716726,54.20284994717302],[-8.686731305615652,54.36411245938005],[-8.300579991833914,54.48934897061052],[-8.211479154126394,54.63391836758318],[-8.829358068005789,54.63391836758318],[-8.760042157666433,54.70142706509294],[-8.503739324109304,54.74964483853044],[-8.47625347663616,54.87985190029802],[-8.34538075019573,55.09528311367693],[-8.118318048016775,55.17663153286638],[-7.756225076215017,55.25272711392107],[-7.657281365887869,55.11682852383318],[-7.497830834882009,55.04973944302263],[-7.42751547385906,55.06380423184099]]],[[[-5.698169675366628,55.3307262289113],[-5.755679574506033,55.47726782437029],[-5.688657250897634,55.62812002773943],[-5.517836537854421,55.668021761137865],[-5.482397046582449,55.44269903774919],[-5.620342221753347,55.329520784575365],[-5.698169675366628,55.3307262289113]]]]}},{"type":"Feature","properties":{"NAME":"England","ABBREVN":"England","INFO_UR":null,"SUBJECTO":"England","BORDERPRECISION":1,"PARTOF":"England"},"geometry":{"type":"MultiPolygon","coordinates":[[[[-0.203663793103445,53.52328451748552],[0.081015858156931,53.38622625942888],[0.174518886311304,53.29305990811052],[0.267848494751703,53.12666281338396],[0.250867608292353,53.04005392666521],[0.005501198871386,52.786666475493334],[0.326831850512278,52.707477174956225],[0.504670116408121,52.84751089688005],[0.741839024527323,52.90119513149919],[1.012664350970041,52.88841589565935],[1.375926765902292,52.8092418539113],[1.585714611513865,52.650043092924975],[1.691691669924509,52.311420046049975],[1.656872066958201,52.211783968169115],[1.511889729006541,52.025756441313646],[1.031286153300059,51.81272085781755],[0.686218056185496,51.56038626309099],[0.254172805054438,51.453597627837084],[0.80425361107136,51.37826880093279],[1.030067357523691,51.35884817715349],[1.189365777476084,51.40547140713396],[1.364680680735361,51.352904878813646],[1.334964427454722,51.12069662686052],[0.886016640169871,50.981891237456225],[0.888346943362009,50.89267309780779],[0.672568890555155,50.93066748257341],[0.191810223562968,50.73128470059099],[-0.203663793103445,50.79532965298357],[-0.335705709354627,50.81671484585466],[-0.839040127293813,50.721801363188646],[-1.103359904782522,50.81671484585466],[-1.37251218845104,50.7662731039113],[-2.085358706013906,50.70282324429216],[-2.023685899274099,50.57001074429216],[-2.431994643704641,50.64588888760271],[-2.550505128400076,50.57001074429216],[-2.960618939892996,50.721801363188646],[-3.110884395138967,50.65736349697771],[-3.521466937558401,50.617431246001146],[-3.563183036343801,50.361434541899584],[-3.71503612090801,50.21933706875505],[-3.881743398205984,50.200397096831225],[-4.004238095776785,50.31406363125505],[-4.242629018323171,50.39146002407732],[-4.303295102612722,50.32354315396013],[-4.540565457837332,50.35795172329607],[-4.967033830182302,50.212245546538256],[-5.282338586346853,49.963824831206225],[-5.429218259351003,50.06785162563982],[-5.777813401715505,50.13411673184099],[-5.237766232983816,50.34629400845232],[-5.016647305981863,50.56051977749529],[-4.815270391003835,50.60416754360857],[-4.604564633862722,50.778747163969896],[-4.551536527173269,50.997157655913256],[-4.442557302014578,50.96866186733904],[-4.277284589307058,51.06367071743669],[-4.28099390556072,51.18723639126482],[-3.825231519238699,51.2347789632863],[-3.482996192471731,51.181109987456225],[-3.066043344037283,51.17773779507341],[-3.033148971097219,51.329894624907396],[-2.894663301007498,51.3938480245656],[-2.750154700772512,51.644027315337084],[-2.914475408093679,53.267142854887865],[-3.056740966336477,53.51361425991716],[-2.97954126884197,53.820853792387865],[-2.865320411221731,54.02827414150896],[-2.885938134686697,54.168666444975756],[-1.896904541783826,54.33615232553669],[-2.064587801416323,55.30033106842362],[-1.941995468632925,55.55607184048357],[-1.719010558621633,55.45374258633318],[-1.66597982932781,55.37958868618669],[-1.695988979832876,55.27250250454607],[-1.555618610875356,54.92161139126482],[-1.388892021672476,54.680480562407396],[-1.192056861417043,54.595355592924975],[-0.870595899121511,54.5471683370656],[-0.60480349947666,54.300162874419115],[-0.295500931040991,54.033168398100756],[-0.234880952806819,53.79938467617693],[-0.319215585188616,53.57891424771013],[-0.203663793103445,53.52328451748552]]]]}},{"type":"Feature","properties":{"NAME":"Scotland","ABBREVN":"Scotland","INFO_UR":null,"SUBJECTO":"Scotland","BORDERPRECISION":1,"PARTOF":"Scotland"},"geometry":{"type":"MultiPolygon","coordinates":[[[[-2.885938134686697,54.168666444975756],[-3.261474338071096,54.14118155117693],[-3.479265180127371,54.27460058804216],[-3.569233384625662,54.41502722378435],[-3.430405822293508,54.64308127041521],[-3.152525153653372,54.838058077055834],[-3.308701720731008,54.88473471279802],[-3.576675858990896,54.924483858305834],[-3.907677379147756,54.78966864224138],[-4.121606317059744,54.762435518462084],[-4.621757510812088,56.348351441126795],[-4.915203215168972,56.93524284984056],[-4.831361585352724,57.773659148003105],[-4.15045568038677,57.83481558438005],[-4.24850460578655,57.63632925625505],[-4.14842554618572,57.55452688809099],[-3.795819249646414,57.541530214507006],[-3.400818553464163,57.57644613857927],[-3.092637029187429,57.577025972563646],[-2.853980508343923,57.543319307524584],[-2.1503629355595,57.571979128081225],[-1.944626775281179,57.4016605245656],[-2.107808676259268,57.21033056851091],[-2.203161802785147,57.064811311919115],[-2.158947673337209,57.0143199789113],[-2.41314050246929,56.71725424404802],[-2.514751401440847,56.66733893032732],[-2.667135921017874,56.471000276762865],[-2.980528798596609,56.35358389492693],[-3.152406898038137,56.336818300444506],[-2.949428287045706,56.25300558682146],[-2.720856156842459,56.17819174404802],[-2.77286025573467,56.1713138448781],[-2.89533945609783,56.085502229887865],[-3.169811215893972,56.06210669155779],[-3.293507066266287,55.9739147054738],[-3.894964662091482,55.98506888027849],[-3.713039603726614,55.884696565825365],[-3.577178683774221,55.884696565825365],[-3.355851378934133,55.8426891195363],[-3.161462274090994,55.84568365688982],[-2.927901473538626,55.94603308315935],[-2.742131438748586,55.95718725796404],[-2.540346112744558,55.884696565825365],[-2.245011058346975,55.810966097075365],[-1.941995468632925,55.55607184048357],[-2.064587801416323,55.30033106842362],[-1.896904541783826,54.33615232553669],[-2.885938134686697,54.168666444975756]]]]}},{"type":"Feature","properties":{"NAME":null,"ABBREVN":null,"INFO_UR":null,"SUBJECTO":null,"BORDERPRECISION":1,"PARTOF":null},"geometry":{"type":"MultiPolygon","coordinates":[[[[-4.121606317059744,54.762435518462084],[-4.460701909558523,54.86240347500505],[-4.500273671643484,54.77510794277849],[-4.599911656872976,54.68775519009294],[-4.902518239514578,54.734115205962084],[-5.111419168011892,54.79407461758318],[-5.066654172436941,54.94846686001482],[-4.909992661969412,55.110343538481615],[-4.638357129590261,55.42791327114763],[-4.770515409009207,55.488421999174975],[-4.907764401929128,55.663871370512865],[-4.895102468030203,55.77210577603044],[-4.758425202862966,55.81971319790544],[-4.623294320599783,55.90796240444841],[-4.710717168347585,56.13130911465349],[-4.848367181317556,56.097159944731615],[-5.134628739850271,55.89342840786638],[-5.333552804486501,55.87952002163591],[-5.570167508618582,55.75051840420427],[-5.633057561413992,55.93986090298357],[-5.497018781201589,56.177272402007006],[-5.300114598767507,56.42866095181169],[-5.270704236523855,56.544147096831225],[-5.458254781262625,56.632140718657396],[-5.546579804913748,56.65235098477068],[-5.644504037396658,56.5162845480031],[-5.821677175061453,56.400497041899584],[-6.043546166913259,56.47476538296404],[-5.908959832684744,56.73325689907732],[-5.665934529797781,56.93784292813005],[-5.625289407269705,56.99921377773943],[-5.726338830487478,57.25800665493669],[-5.561600652234304,57.29925879116716],[-5.460639920727957,57.38814505215349],[-5.762965646283376,57.619777284819506],[-5.568463769452322,57.777389131743334],[-5.229971375958669,57.7096439230031],[-5.055585351483572,57.75101812954607],[-5.345933404462087,58.09274252529802],[-4.907128301160085,58.168963991362475],[-5.11271473457073,58.39491995449724],[-4.925559487836111,58.566955171782396],[-4.50985189964031,58.40292700405779],[-4.138885226742971,58.444816194731615],[-3.830548015134084,58.50719030972185],[-3.440544810788381,58.528548799712084],[-3.165008988873709,58.522201143462084],[-3.028389659421194,58.405746065337084],[-3.166374650494802,58.27510794277849],[-3.943202701108206,57.958419405180834],[-4.15045568038677,57.83481558438005],[-4.831361585352724,57.773659148003105],[-4.915203215168972,56.93524284984056],[-4.621757510812088,56.348351441126795],[-4.121606317059744,54.762435518462084]]]]}},{"type":"Feature","properties":{"NAME":null,"ABBREVN":null,"INFO_UR":null,"SUBJECTO":null,"BORDERPRECISION":1,"PARTOF":null},"geometry":{"type":"MultiPolygon","coordinates":[[[[13.252219233019602,79.8007312643117],[13.282957109911692,79.487086855132],[13.396730455858957,79.43371161099138],[14.15889171074177,79.36382635708513],[14.258088144762766,79.53364904995622],[14.316590342028391,79.72191961880388],[14.574694666369211,79.78525885220232],[14.810112032397043,79.80369146938982],[15.23718932579304,79.5891834127492],[15.774143251879465,79.24228247280779],[16.133173975451243,79.13635595913591],[16.388812098009836,79.23457678433122],[16.289153131945383,79.36790808315935],[16.08195784996296,79.52817877407732],[15.935030970080149,79.74293860073747],[15.916598352892649,79.84177740688982],[16.326283487780344,80.02513464565935],[16.77664664696003,79.97855719204607],[16.99532798240925,79.89783819790544],[17.570580515368235,79.8899417745656],[17.834054026110422,79.80945166226091],[17.798193964464915,79.62093695278826],[17.722178492052805,79.4866443502492],[17.769005808336985,79.41530188198747],[18.015986475451243,79.36228521938982],[18.350546869738352,79.51463659878435],[18.5487394661739,79.5597186910695],[18.8464632363155,79.38169439907732],[19.151581797106516,79.23094519253435],[19.504874262316477,79.16055639858904],[19.93185141990925,79.10815008755388],[20.684187921984446,78.91487463589372],[20.90809539268757,78.80939062710466],[20.321175608141672,78.6849857198781],[19.429148706896555,78.58662756558122],[19.115822824938547,78.45454748745622],[18.7867765755489,77.93978460903826],[18.388615641100657,77.54162176724138],[17.829443964464915,77.48894842739763],[17.484860453112375,77.24806555386247],[17.27989295433308,76.9829593526906],[17.266999277575266,76.81286200161638],[16.912959131701243,76.71886786099138],[16.662911447985422,76.72687109585466],[15.946103128893625,76.88682135220232],[15.098876032336008,77.11526831265154],[14.484577211840403,77.37091406460466],[14.777924570544016,77.53477057095232],[15.482050928576243,77.55328711147966],[16.286809000475657,77.61515387173357],[16.71155456016804,77.78861578579607],[16.418047937853586,77.90059240933122],[15.598077806933176,77.83839758511247],[14.893422159655344,77.78515204067888],[14.131029161913645,77.7664066183156],[13.905090364916575,77.9999042379445],[14.336516413195383,78.02679022427263],[14.953421625597727,78.12359198208513],[15.920889887316477,78.26488073940935],[16.617047342760813,78.46726568813982],[15.480342897875559,78.64941748257341],[15.083908113940012,78.78065069790544],[14.819029840929758,78.71849402065935],[14.35282710502888,78.42791327114763],[13.871756586535227,78.29587896938982],[13.618432077868235,78.26922949429216],[13.062086138232004,78.34677466030779],[12.910100969774973,78.42518194790544],[12.437473330004465,78.59088476772966],[12.074569735033762,78.69565161343279],[11.760330233080637,78.88018377896013],[12.524833712084543,79.05856665249529],[12.156988176806223,79.31544836636247],[11.545166048510325,79.1720233785695],[11.33522513817097,79.20714148159685],[10.919441256029856,79.54516943569841],[11.284340891344797,79.70714148159685],[11.516539606554758,79.71653326626482],[12.00031188438679,79.77136572476091],[12.45769313286091,79.75425299282732],[12.717382463915598,79.78171118374529],[13.252219233019602,79.8007312643117]]],[[[21.970780405504954,79.78285559292497],[21.252636942370188,79.78903540249529],[20.34421065758015,79.79628332729997],[19.561673197253,79.76781805630388],[19.21806434105183,79.74022253628435],[18.3305940956905,79.88236578579607],[18.695826563341868,80.08740576382341],[19.067618402941477,80.16498144741716],[19.398766550524485,80.36864813442888],[19.915396723253977,80.63342627163591],[20.524457010729563,80.32244452114763],[20.973664316637766,80.27496679897966],[21.47587111900593,80.314723573882],[21.881182703478586,80.2768054830617],[22.19769957969929,80.12329443569841],[22.587399515612375,80.2686038839406],[22.826014551623118,80.47298773403826],[23.216382059557688,80.61079748745622],[23.076764139635813,80.24058874722185],[23.115408930285227,80.0963397848195],[23.498261484606516,80.0971179830617],[23.944243463976633,80.31975897427263],[24.42143538902546,80.43727453823747],[24.782862696154368,80.379664980132],[25.03397658775593,80.16746863003435],[25.351296457751047,80.14890631313982],[26.254410776598704,80.19886358853044],[26.94861510704304,80.11370428677263],[27.196795496447336,79.94435461636247],[26.968630823595774,79.85386236782732],[26.066958460314524,79.57410009976091],[25.336686167223704,79.40301092739763],[24.855160746081125,79.37533911343279],[24.416337046129954,79.31215246792497],[23.820517572863352,79.14745672817888],[20.998293909533274,79.19108160610857],[20.98332503746296,79.36089666958513],[21.65486625145222,79.4780994283742],[21.970780405504954,79.78285559292497]]]]}},{"type":"Feature","properties":{"NAME":null,"ABBREVN":null,"INFO_UR":null,"SUBJECTO":null,"BORDERPRECISION":1,"PARTOF":null},"geometry":{"type":"MultiPolygon","coordinates":[[[[22.869903425427715,38.83716368115139],[23.014345698977706,38.961408842619434],[23.242412446688213,39.04411813294447],[23.409661395009252,38.943672845059965],[23.78977264119343,38.71863293758614],[24.131872762759194,38.65335708482884],[24.207895011996026,38.5523591317064],[24.291519486156545,38.19476089687233],[24.588006258180208,38.15292605377605],[24.527188458790736,37.967368965721576],[24.3143261609276,37.98534666287396],[24.192690562148663,38.15292605377605],[24.02544161382762,38.38569989188942],[24.02544161382762,38.38569989188942],[23.660534817490806,38.40357465937644],[23.59971701810134,38.45717244335585],[23.63772814271976,38.52262680680808],[23.462876969475033,38.62366656002873],[23.120776847909273,38.86676557896794],[22.869903425427715,38.83716368115139]]]]}},{"type":"Feature","properties":{"NAME":null,"ABBREVN":null,"INFO_UR":null,"SUBJECTO":null,"BORDERPRECISION":1,"PARTOF":null},"geometry":{"type":"MultiPolygon","coordinates":[[[[25.73594222165643,36.38653506822634],[25.789157796122215,36.40489303146257],[25.872782270282734,36.35592882884054],[25.76635112135116,36.33755930622052],[25.713135546885383,36.34980613615219],[25.73594222165643,36.38653506822634]]],[[[25.3330243007012,36.45994089964729],[25.37103542531962,36.49661778527289],[25.492671024098556,36.42324665835019],[25.492671024098556,36.331435169041356],[25.386239875166982,36.319185450416924],[25.31781985085383,36.39877419215787],[25.31781985085383,36.39877419215787],[25.3330243007012,36.45994089964729]]],[[[25.751146671503797,36.81375611186905],[25.857577820435367,36.83809722624421],[25.857577820435367,36.83809722624421],[25.94880451951957,36.91107409621058],[26.024826768756405,36.95968659606273],[26.024826768756405,36.95968659606273],[26.085644568145874,36.89891612690345],[25.956406744443257,36.84418129487496],[25.834771145664316,36.78331883149609],[25.751146671503797,36.78331883149609],[25.751146671503797,36.78331883149609],[25.751146671503797,36.81375611186905]]],[[[24.29912171108023,36.75286945753905],[24.42835953478285,36.79549519508755],[24.588006258180208,36.86851272864293],[24.67923295726441,36.75896029963509],[24.46637065940127,36.649251177336765],[24.29912171108023,36.75286945753905]]],[[[24.8236752308144,36.637051610171376],[24.8236752308144,36.661448812220584],[24.876890805280183,36.679741640978875],[24.97571972928807,36.637051610171376],[24.94531082959334,36.56991946228899],[24.8236752308144,36.637051610171376]]],[[[25.044139753601222,36.661448812220584],[25.16577535238016,36.74068632260297],[25.196184252074893,36.673644514576154],[25.10495755299069,36.637051610171376],[25.05934420344859,36.618748636935905],[25.044139753601222,36.661448812220584]]],[[[25.241797601616994,36.75286945753905],[25.249399826540678,36.75896029963509],[25.29501317608278,36.807669623462985],[25.29501317608278,36.807669623462985],[25.431853224709084,36.6980301207178],[25.386239875166982,36.637051610171376],[25.26460427638805,36.704125314038706],[25.241797601616994,36.75286945753905]]],[[[24.42835953478285,37.20833853996449],[24.534790683714423,37.11746294371295],[24.44356398463022,37.0992747162255],[24.42835953478285,37.20833853996449]]],[[[24.29912171108023,37.66107502189996],[24.39795063508812,37.667092994189616],[24.382746185240748,37.570746906161986],[24.261110586461815,37.540613155635555],[24.29912171108023,37.66107502189996]]],[[[24.39795063508812,37.46824245164144],[24.48917733417232,37.39580161737422],[24.3599395104697,37.30515202694268],[24.3599395104697,37.39580161737422],[24.39795063508812,37.46824245164144]]],[[[24.861686355432816,37.52855624381453],[24.94531082959334,37.51046722146939],[25.044139753601222,37.377680456560746],[24.84648190558545,37.36559724964213],[24.861686355432816,37.52855624381453]]],[[[24.65642628249336,37.901413077728705],[24.76285743142493,38.003319956303606],[25.27220650131173,37.56472113091166],[25.469864349327505,37.43806729073237],[25.31781985085383,37.40184103098311],[24.922504154822285,37.69116000393879],[24.65642628249336,37.901413077728705]]],[[[24.648824057569676,37.014338584785854],[24.71724408188283,37.050751425742014],[24.78566410619598,36.947536378182036],[24.67923295726441,36.90499535372954],[24.648824057569676,37.014338584785854]]],[[[25.15057090253279,37.17200141281893],[25.31021762593015,37.19622810717101],[25.31021762593015,37.00219709179456],[25.112559777914374,36.94146054239683],[24.937708604669652,36.95968659606273],[25.15057090253279,37.17200141281893]]],[[[25.378637650243302,37.11746294371295],[25.538284373640657,37.220447029530426],[25.538284373640657,37.220447029530426],[25.60670439795381,37.12352471549815],[25.599102173030126,37.026478138264174],[25.545886598564337,36.95968659606273],[25.454659899480134,36.9232301280182],[25.36343320039593,37.00826808071462],[25.34062652562488,37.087146804747654],[25.34062652562488,37.087146804747654],[25.378637650243302,37.11746294371295]]]]}},{"type":"Feature","properties":{"NAME":"Guanches","ABBREVN":"Guanches","INFO_UR":null,"SUBJECTO":"Guanches","BORDERPRECISION":1,"PARTOF":"Guanches"},"geometry":{"type":"MultiPolygon","coordinates":[[[[-14.50982440309849,28.050049749026638],[-14.147020770578637,28.391039461179965],[-13.808404046893443,29.04858821187777],[-13.518161140877563,29.42848330171172],[-13.421413505538938,29.090868332331816],[-13.784217138058787,28.87929453021188],[-13.880964773397412,28.19936673357924],[-14.50982440309849,28.050049749026638]]],[[[-15.574048391823386,28.178048475293522],[-15.404740029980792,28.19936673357924],[-15.211244759303536,27.900525135454227],[-15.574048391823386,27.729386561264484],[-15.912665115508583,27.900525135454227],[-15.574048391823386,28.178048475293522]]],[[[-17.291318919084016,28.284597224515256],[-16.880141468894855,28.327186915315913],[-16.081973477351177,28.539879155715276],[-16.22709493035912,28.36975954738149],[-16.638272380548287,28.050049749026638],[-17.339692736753328,28.028701784947305],[-17.291318919084016,28.284597224515256]]]]}},{"type":"Feature","properties":{"NAME":"Sweden","ABBREVN":"Sweden","INFO_UR":null,"SUBJECTO":"Sweden","BORDERPRECISION":1,"PARTOF":"Sweden"},"geometry":{"type":"MultiPolygon","coordinates":[[[[19.334442,57.955826],[19.286663,57.937492],[19.277496,57.940277],[19.274441,57.945],[19.268055,57.948608],[19.256664,57.94944],[19.238052,57.946938],[19.170555,57.929443],[19.16277700000012,57.92694100000011],[19.150833,57.91861],[19.145832,57.913605],[19.1416660000001,57.907776],[19.139999,57.901665],[19.12611,57.839722],[19.09333,57.851944],[19.077774,57.85833],[19.073055,57.862495],[19.037498,57.896385],[19.034443,57.901108],[19.034443,57.912498],[19.03611,57.91861],[19.088886,57.970276000000126],[19.095833,57.97361],[19.104721,57.975273],[19.285831,57.976662],[19.296387,57.976662],[19.307499,57.974442],[19.332497,57.965271],[19.335552,57.960548],[19.334442,57.955826]]]]}},{"type":"Feature","properties":{"NAME":null,"ABBREVN":null,"INFO_UR":null,"SUBJECTO":null,"BORDERPRECISION":1,"PARTOF":null},"geometry":{"type":"MultiPolygon","coordinates":[[[[-68.195282,12.221109],[-68.19278,12.210278],[-68.193069,12.204721],[-68.20556599999986,12.113054],[-68.228897,12.039721],[-68.235565,12.025555],[-68.238892,12.022221],[-68.251114,12.020555],[-68.255844,12.022778],[-68.259171,12.02611],[-68.275284,12.051388],[-68.278625,12.061666],[-68.285278,12.102221],[-68.279175,12.139999],[-68.279175,12.146666],[-68.281403,12.157776],[-68.286667,12.173054],[-68.28862,12.177776],[-68.298615,12.195276],[-68.304733,12.203054],[-68.312225,12.209444],[-68.328064,12.215277],[-68.354736,12.217499],[-68.367508,12.216389],[-68.388336,12.216944],[-68.39418,12.218611],[-68.398895,12.220833],[-68.402237,12.224165],[-68.416946,12.250555],[-68.416122,12.256943],[-68.404449,12.292776],[-68.399445,12.301666],[-68.395004,12.304165],[-68.384171,12.307499],[-68.369736,12.306944000000101],[-68.363892,12.305277],[-68.199448,12.224165],[-68.195282,12.221109]]]]}},{"type":"Feature","properties":{"NAME":"Arawaks","ABBREVN":"Arawaks","INFO_UR":null,"SUBJECTO":"Arawaks","BORDERPRECISION":1,"PARTOF":"Arawaks"},"geometry":{"type":"MultiPolygon","coordinates":[[[[-61.468056,15.628054],[-61.452225,15.631943],[-61.433617,15.631666],[-61.427223,15.630278],[-61.31778,15.581944],[-61.304169,15.57361],[-61.267227,15.516666],[-61.253334,15.461388],[-61.250557,15.329166],[-61.250839,15.323055],[-61.254448,15.291666],[-61.25528,15.285],[-61.25695,15.278889],[-61.265007,15.258055],[-61.270004,15.248333],[-61.280281,15.237499],[-61.363617,15.198055],[-61.37056,15.199165],[-61.374168,15.202499],[-61.375839,15.207499],[-61.377502,15.236387],[-61.377785,15.248055],[-61.374451,15.268332],[-61.374168,15.274443],[-61.391396,15.349722],[-61.392784,15.354721],[-61.395004,15.359444],[-61.422783,15.4175],[-61.450562,15.455555],[-61.462502,15.471109],[-61.474724,15.486387],[-61.476395,15.491388],[-61.491394,15.540554],[-61.482506,15.587776],[-61.474724,15.61861],[-61.468056,15.628054]]],[[[-61.59639,12.125555],[-61.611115,12.07944300000014],[-61.628616,12.048054],[-61.631668,12.044167],[-61.642502,12.034166],[-61.65139,12.029165],[-61.683334,12.016109],[-61.717506,12.003887000000134],[-61.746948,11.997499],[-61.752502,11.996387],[-61.780151,12],[-61.783615,12.001389],[-61.787224,12.004721],[-61.789726,12.009165],[-61.724724,12.172222],[-61.707504,12.196943],[-61.686668,12.218054],[-61.675835,12.227777000000117],[-61.658615,12.236666],[-61.653061,12.237778],[-61.647507,12.237499],[-61.6175,12.232777000000112],[-61.611946,12.23111],[-61.610001,12.227777000000117],[-61.606392,12.224165],[-61.604729,12.220554],[-61.599724,12.186666000000116],[-61.59639,12.125555]]],[[[-60.940834,14.740833],[-60.942505,14.727777],[-60.90667,14.652498],[-60.849724,14.594721],[-60.829727,14.57],[-60.817223,14.47611],[-60.816673,14.470554],[-60.820557,14.455832],[-60.82695,14.439722],[-60.82917,14.434444],[-60.839447,14.415277],[-60.855003,14.403055],[-60.86084,14.402777],[-60.886948,14.465555],[-60.975006,14.471388],[-61.011116,14.469999],[-61.03389,14.465832],[-61.172501,14.693054],[-61.231674,14.809444],[-61.231392,14.815554],[-61.226669,14.832222],[-61.212784,14.846666],[-61.198616,14.858889],[-61.174728,14.876944],[-61.165001,14.880278],[-61.158615,14.879999],[-61.14473,14.877777],[-61.100006,14.861387],[-61.094727,14.859165],[-61.039726,14.831944],[-61.034447,14.829166],[-60.940834,14.740833]]],[[[-61.011673,14.009722],[-60.945839,14.104721],[-60.936394,14.109165],[-60.930283,14.109444],[-60.919724,14.105555],[-60.91584,14.102499],[-60.914452,14.099722],[-60.888062,14.013054],[-60.878616,13.975832],[-60.878059,13.956665],[-60.885284,13.854166],[-60.886116,13.848055],[-60.890007,13.82361],[-60.900284,13.778332],[-60.938339,13.717777],[-60.951393,13.709999],[-60.954727,13.709444],[-60.956116,13.714998],[-60.968056,13.728054],[-60.986389,13.744444],[-60.995003,13.749722],[-61.001396,13.750832],[-61.01445,13.75],[-61.026115,13.752499],[-61.039169,13.761389],[-61.05056,13.770555],[-61.067505,13.78861],[-61.072784,13.796944],[-61.074448,13.801943],[-61.075005,13.808054],[-61.079727,13.873333],[-61.079445,13.879999],[-61.075005,13.896944],[-61.035004,13.969721],[-61.011673,14.009722]]],[[[-61.45417,12.593887],[-61.446396,12.607222],[-61.443336,12.611111000000108],[-61.437782,12.612499],[-61.425835,12.612499],[-61.412506,12.608610000000112],[-61.406952,12.606943],[-61.403061,12.603888],[-61.405281,12.599165],[-61.416946,12.590277],[-61.443893,12.584444],[-61.448616,12.586943],[-61.452225,12.590277],[-61.45417,12.593887]]],[[[-61.585556,12.294443],[-61.589172,12.298054],[-61.58889,12.30361],[-61.585556,12.314444],[-61.583336,12.31916600000011],[-61.578896,12.323055],[-61.573891,12.320833],[-61.572227,12.315832000000114],[-61.572502,12.30888700000014],[-61.574173,12.30361],[-61.580002,12.295555],[-61.585556,12.294443]]],[[[-61.419449,12.5075],[-61.418617,12.494999],[-61.425285,12.457499],[-61.428337,12.453609],[-61.491669,12.434999],[-61.49556,12.438055],[-61.496948,12.443609],[-61.49556,12.469444],[-61.493896,12.474998],[-61.490837,12.478888],[-61.434448,12.529165],[-61.427505,12.528889],[-61.42556,12.526943],[-61.420563,12.512777],[-61.419449,12.5075]]],[[[-61.30584,12.725832],[-61.305,12.720276],[-61.30584,12.714167],[-61.314728,12.702221],[-61.320839,12.69416600000011],[-61.328056,12.687777],[-61.332504,12.686666],[-61.336395,12.689444],[-61.347778,12.698889],[-61.347778,12.701666],[-61.329727,12.732498],[-61.326668,12.736387],[-61.323616,12.737499],[-61.310562,12.734999],[-61.30584,12.725832]]],[[[-61.213615,13.002222],[-61.216667,12.998055],[-61.239449,12.974998],[-61.247505,12.980833],[-61.252228,12.988609],[-61.228058,13.023333],[-61.206116,13.042776000000117],[-61.199722,13.044722],[-61.197227,13.033609000000126],[-61.213615,13.002222]]],[[[-61.265556,13.273054],[-61.208893,13.367777],[-61.205284,13.37083200000012],[-61.182503,13.382221],[-61.177223,13.384165],[-61.14389,13.378332],[-61.141113,13.374166000000116],[-61.123611,13.331110000000137],[-61.122223,13.325554],[-61.120285,13.307499],[-61.123337,13.248888000000136],[-61.124168,13.242777],[-61.130005,13.220276000000126],[-61.148056,13.167776],[-61.165001,13.138332],[-61.16806,13.134443],[-61.173058,13.1325],[-61.184448,13.130278],[-61.243614,13.156111],[-61.263062,13.178333],[-61.278893,13.203609],[-61.281395,13.207777000000135],[-61.278061,13.250277],[-61.265556,13.273054]]]]}},{"type":"Feature","properties":{"NAME":null,"ABBREVN":null,"INFO_UR":null,"SUBJECTO":null,"BORDERPRECISION":1,"PARTOF":null},"geometry":{"type":"MultiPolygon","coordinates":[[[[-68.965561,12.198889],[-68.911957,12.181665],[-68.886124,12.183054],[-68.878891,12.182777],[-68.861679,12.178888000000143],[-68.85112,12.175278],[-68.83667,12.16861],[-68.824173,12.160276000000124],[-68.753067,12.064999],[-68.746948,12.040277000000117],[-68.798889,12.040277000000117],[-68.816956,12.043333],[-68.82751499999989,12.047222],[-68.83223,12.049444000000108],[-68.96167,12.112499000000128],[-68.969727,12.118055],[-69.0625,12.188332000000116],[-69.134445,12.273333],[-69.15834,12.311388],[-69.16362,12.366388000000143],[-69.146393,12.383888],[-69.097778,12.363333],[-69.08139,12.351944],[-69.077789,12.34861],[-69.06723,12.331665],[-69.05833399999989,12.313055],[-69.055557,12.288887],[-69.047791,12.269722],[-69.040283,12.256388],[-69.031403,12.244444],[-69.028061,12.24111],[-68.997223,12.21611],[-68.980835,12.204721],[-68.965561,12.198889]]]]}},{"type":"Feature","properties":{"NAME":null,"ABBREVN":null,"INFO_UR":null,"SUBJECTO":null,"BORDERPRECISION":1,"PARTOF":null},"geometry":{"type":"MultiPolygon","coordinates":[[[[-168.22346970130656,53.58995398159685],[-167.96077438880656,53.49010809536638],[-167.86543747474406,53.3234134542531],[-168.040715184705,53.30942877407732],[-168.3743333487675,53.2352786886281],[-168.51413437415812,53.29514654751482],[-168.55403610755656,53.37528570767107],[-168.5073442130253,53.42886313076677],[-168.35590073158,53.54953344937029],[-168.22346970130656,53.58995398159685]]]]}},{"type":"Feature","properties":{"NAME":null,"ABBREVN":null,"INFO_UR":null,"SUBJECTO":null,"BORDERPRECISION":1,"PARTOF":null},"geometry":{"type":"MultiPolygon","coordinates":[[[[-97.44714829017376,27.985446535307787],[-97.56782242347454,27.908885561186693],[-97.31670090247844,27.75047072048845],[-97.2665681510136,27.674275957304857],[-97.56320663978313,27.36210211392107],[-97.63229843665813,27.228431307036303],[-97.63798996497844,26.846942506987475],[-97.57326981116985,26.560979448515795],[-97.45142075111126,26.217908464629076],[-97.25996109534954,25.811372362334154],[-97.42493149329876,25.44227751370134],[-97.65813919593548,25.073043428618334],[-97.74189468909954,24.72957571621599],[-97.82254501868938,24.20810469265642],[-97.8147859244511,23.37533339138689],[-97.87469193031048,22.841205202299975],[-97.88202377845501,22.33262213345232],[-97.70927879907207,21.801006985850215],[-100.25482577425323,22.571864083179577],[-100.89169969304979,20.740851566639506],[-105.29104324866985,20.67039068813982],[-105.43972488929485,20.835366808134935],[-105.23433395911907,21.140950761992357],[-105.21614548255657,21.31262358303728],[-105.29359909583782,21.522262178618334],[-105.62825485755657,21.95383986111345],[-105.57400986243938,22.087449632841967],[-105.50843521644329,22.163882814604662],[-105.53994461585735,22.284598909575365],[-105.83889481116985,22.563691698271654],[-106.51164719154094,23.36329611416521],[-106.75728317786907,23.585286699492357],[-107.19062515784954,24.06117209072771],[-107.40375229408001,24.295949541289232],[-107.7706193595097,24.5558296072072],[-107.91568466712688,24.644536577422045],[-107.9866838126347,24.765176378447435],[-108.01261612464641,24.981280885893725],[-108.07753464271282,25.06379660244646],[-108.22551437904094,25.152492128569506],[-108.49932571937298,25.240926347929857],[-108.68295761634563,25.380416475493334],[-108.84755417396282,25.615321718413256],[-108.96924301673626,25.627786241728685],[-109.15561386634563,25.57652624722185],[-109.26274582435344,25.64623602505388],[-109.33612534095501,25.81138952847185],[-109.33828445960735,25.957625948149584],[-109.13188644935344,26.288686357695482],[-109.18879410316204,26.441173158842943],[-109.52662369300579,26.720227800566576],[-109.72421738197063,26.60536345120134],[-109.8926896720097,26.884776674467943],[-109.94591995765423,27.043618761259935],[-110.10728165199016,27.138665758330248],[-110.38207718421673,27.214393221098803],[-110.5255021720097,27.34762343044939],[-110.58186813880657,27.46195562954607],[-110.55912491370891,27.63368376370134],[-110.5213517813847,27.754569612700365],[-110.60444351722454,27.856137834746264],[-110.85694595863079,27.95099028225603],[-111.06416031409954,27.99507101650896],[-111.27093979408001,28.10909231777849],[-111.69163223792766,28.49610289211931],[-111.90643021156048,28.813590608794115],[-112.03291794349407,29.061330400664232],[-112.3232316641972,29.435903154570482],[-112.65433212806438,29.918511949736498],[-112.7371492057011,30.109120928007982],[-112.89227829173785,30.38599388801684],[-112.90797897865032,30.41401632900896],[-113.01670548011516,30.566411577422045],[-113.08502670814251,30.76977690334978],[-113.06633469154094,30.998756014067553],[-113.05207535316204,31.13870009060564],[-113.30399033118938,31.246297441679857],[-113.66166397620891,31.334586702544115],[-113.68861862708782,31.538037859160326],[-113.74631973792766,31.60787924404802],[-113.9521379141972,31.690127931792162],[-114.08228012611126,31.543586336333178],[-114.19511887122844,31.52427443142595],[-114.83865067054485,31.815496050078295],[-114.96706100990032,31.36367567654314],[-114.98750778724407,31.166480623442553],[-114.97266098548626,31.128356538969896],[-114.85349747230266,30.97596891995134],[-114.73472305824016,30.84266813870134],[-114.72235580970501,30.372075639922045],[-114.68277451087688,30.14322432156267],[-114.45304581214641,29.838450990874193],[-114.38871475745891,29.76227720852556],[-114.09960648109173,29.64205893154802],[-113.82907578040813,29.400966249663256],[-113.59289261390423,29.102586351591967],[-113.32190414954876,28.55627592678728],[-113.12408920814251,28.42951353665056],[-112.97636124183391,28.410745226103685],[-112.86987015296673,28.334659181792162],[-112.7236222891972,27.70545347805681],[-112.67780777503704,27.62924154873552],[-112.56714340736126,27.55953177090349],[-112.34384628822063,27.534553133208178],[-112.28406998206829,27.50925215359392],[-112.18733688880657,27.31233938809099],[-112.11509415199016,27.019992433745287],[-111.91486069251751,26.6643501150197],[-111.69413467933391,26.69659575100603],[-111.59381577064251,26.760396562773607],[-111.48350235511516,26.55715139980974],[-111.32870956947063,25.89621504421892],[-111.0898332266972,25.419850908476732],[-110.79756638099407,24.8800483572072],[-110.76643082191204,24.613084398466967],[-110.7724275260136,24.377841554839037],[-110.65569778968548,24.21915205593767],[-110.48522659827923,24.1495796072072],[-110.31049057533001,24.2262397634572],[-110.20493790199016,24.31546553250017],[-109.9402970938847,23.95364149685564],[-109.82423874427532,23.693231188017748],[-109.6152009635136,23.57923849697771],[-109.48859879066204,23.573146425444506],[-109.42892929603313,23.433415971953295],[-109.51689621497844,23.19163092251482],[-109.57826706458782,23.13429983730974],[-109.88921066810344,22.8666206228322],[-110.00360580970501,22.885448061186693],[-110.1165666251347,23.06958159084978],[-110.22465988685344,23.39993818875017],[-110.5024308829472,23.660007082182787],[-110.78369614173626,23.799275957304857],[-111.0158586173222,24.014943681914232],[-111.39151474525188,24.24302443142595],[-111.90574356605266,24.686976991850756],[-112.09280869056438,24.890025697905443],[-112.16581436683391,25.010667406279467],[-112.06849381019329,25.455945574004076],[-112.0843400626347,25.570357881743334],[-112.30381485511516,26.021325670439623],[-112.41098496009563,26.19277151699724],[-112.55796524574016,26.319634996611498],[-112.7558488516972,26.36372526760759],[-112.98117538978313,26.503144823271654],[-113.28500839759563,26.807702623564623],[-113.42209335853313,26.743829332548998],[-113.58534714271282,26.76893004055681],[-114.15325638343548,27.104739748198412],[-114.47785660316204,27.243947588164232],[-114.8813371329472,27.68185385342302],[-114.94397446204876,27.738952242094896],[-115.05460831214641,27.853173814970873],[-114.74889847327923,27.785588823515795],[-114.47916885902141,27.77978666897478],[-114.21439835120891,27.907517992216967],[-114.10466476966594,28.05399664517107],[-114.06274887611126,28.34024580593767],[-114.06728836585735,28.42289312954607],[-114.27322861243938,28.708621584135912],[-114.48294540931438,28.911672197539232],[-114.97781082679485,29.31125982876482],[-115.42139908363079,29.53289946194353],[-115.60230728675579,29.685151659209154],[-115.69373032142376,29.92025526638689],[-115.81609055091594,30.212537370879076],[-115.85713669349407,30.282409273344896],[-116.05837723304485,30.339219652373217],[-116.12582871009563,30.49807699795427],[-116.13782974769329,30.765149675566576],[-116.22926041175579,30.943025194365404],[-116.5094880728886,31.273152910429857],[-116.70472427894329,31.590745531279467],[-116.70605942298626,31.70522268887224],[-116.61071487952923,31.877143465239428],[-116.96032425452923,32.15626104946794],[-117.07459732581829,32.30230291958513],[-117.17368027259563,32.520553194243334],[-117.19301315833782,32.56282766934099],[-117.28205582191204,32.72463186855974],[-117.30405136634563,32.754867159087084],[-117.31843277503704,32.73596914883318],[-117.3311662345097,32.7132945882863],[-117.34905716468548,32.754867159087084],[-117.34806534339641,33.053405367094896],[-117.49671646644329,33.325431429106615],[-117.7093400626347,33.52853735562029],[-118.00658890296673,33.73146017666521],[-118.23708054115032,33.82004126187029],[-118.28837296058391,33.84322317715349],[-118.35371109534954,33.82810553188982],[-118.35272690345501,33.7865367757863],[-118.39270493079876,33.77520331021013],[-118.43768021156048,33.794173799712084],[-118.5031404166386,33.85834082241716],[-118.46909042884563,33.892352663237475],[-118.50195023109173,33.98304709072771],[-118.60435196449016,34.096419893462084],[-118.73173996497844,34.10775717373552],[-118.87235733558391,34.069964967924975],[-119.29153915931438,34.221122347075365],[-119.42016312171673,34.36850317593279],[-119.61284348060344,34.47809942837419],[-119.78493210365032,34.45920523281755],[-120.20444199134563,34.53100927944841],[-120.52868362952923,34.50833090420427],[-120.58253952552532,34.5914684164113],[-120.68786331702923,34.621703706938646],[-120.70843216468548,34.70106085415544],[-120.66632553626751,34.75397070522966],[-120.7371720938847,34.980712496001146],[-120.67728897620891,35.18933447476091],[-120.77957626868938,35.23243673916521],[-120.8367585807011,35.22865255947771],[-120.94863602210735,35.289229952055834],[-120.94855972816204,35.33465918179216],[-120.91479965736126,35.37630423184099],[-120.92773148109173,35.47474249478044],[-121.08413406898235,35.55812796230974],[-121.19852158118938,35.686793886382006],[-121.38518997718548,35.78525503750505],[-121.5611238150761,36.06552466030779],[-121.65173813392376,36.09962042446794],[-121.74290176917766,36.239772402007006],[-121.92680069495891,36.33826788540544],[-121.99720474769329,36.57644613857927],[-121.9980363516972,36.678493105132006],[-121.91785904456829,36.67547949429216],[-121.85145279456829,36.74896963711443],[-121.83826920081829,36.89572485562029],[-121.93205734779094,37.00897558804216],[-122.01836868812298,37.02933844204607],[-122.11721512366985,37.01276358242693],[-122.25330826331829,37.06961401577654],[-122.49409958411907,37.30083807583513],[-122.45914169837688,37.39560660000505],[-122.50000473548626,37.53588446255388],[-122.55814072181438,37.566215120512865],[-122.57808395911907,37.77476080532732],[-122.55206009437298,37.843017183501146],[-122.49871536781048,37.85439261074724],[-122.45412918616985,37.82405813809099],[-122.42120071937298,37.78992422695818],[-122.46006485511516,37.74442633267107],[-122.39091965247844,37.65342291470232],[-122.26291367103313,37.596549593169115],[-122.21055313636516,37.54347189541521],[-122.11918350745891,37.53588446255388],[-122.29259964515423,37.78992422695818],[-122.37463852454876,37.85439261074724],[-122.38383194495891,37.96057470913591],[-122.46683212806438,38.00988348599138],[-122.48976608802532,38.16452749844255],[-122.54826828529094,38.16159018154802],[-122.55302902747844,38.09711035366716],[-122.53137680579876,37.896110140044115],[-122.57305618812298,37.88852652188005],[-122.70501419593548,37.9757457601613],[-122.75864121009563,37.956786714751146],[-122.9908113150761,38.13883551235857],[-123.05200668861126,38.301932893950365],[-123.22155472327923,38.533439241606615],[-123.46047684241985,38.70407065029802],[-123.6484726898424,38.880148963177184],[-121.16971848831042,38.880148963177184],[-109.04855657130156,38.880148963177184],[-102.5682060899621,38.880148963177184],[-102.5682060899621,32.42779661849105],[-102.5682060899621,29.99225368312217],[-97.75841820818601,28.695265355313026],[-96.60265928396231,28.383607986771057],[-96.68452927161907,28.2477298605031],[-96.71434059402569,28.22960513995072],[-96.83145615150188,28.15840109463396],[-97.11536881019329,28.10694845791521],[-97.44714829017376,27.985446535307787]]],[[[-124.15713846161013,44.726541207842374],[-124.23045217275275,44.45096392151133],[-124.1404924063847,44.7891116964406],[-124.15713846161013,44.726541207842374]]]]}},{"type":"Feature","properties":{"NAME":null,"ABBREVN":null,"INFO_UR":null,"SUBJECTO":null,"BORDERPRECISION":1,"PARTOF":null},"geometry":{"type":"MultiPolygon","coordinates":[[[[-132.08231064368937,54.02106054897966],[-131.95637985755656,53.967712007719896],[-131.89424606849406,53.89415320034685],[-131.99947067786906,53.793544374663256],[-132.07715317298624,53.539176546294115],[-132.08984848548624,53.398803316313646],[-132.35136887122843,53.36487158413591],[-132.56876083900187,53.27950247402849],[-132.56876083900187,53.2795024740285],[-132.35136887122846,53.36487158413591],[-132.08984848548627,53.398803316313646],[-132.07715317298627,53.539176546294115],[-131.99947067786908,53.793544374663256],[-131.89424606849408,53.89415320034685],[-131.95637985755658,53.967712007719896],[-132.0823106436894,54.02106054897966],[-132.08231064368937,54.02106054897966]]],[[[-132.7298783927128,54.066711031157396],[-132.37852951575968,53.9869876730031],[-132.3785295157597,53.9869876730031],[-132.72987839271283,54.066711031157396],[-132.7298783927128,54.066711031157396]]]]}},{"type":"Feature","properties":{"NAME":null,"ABBREVN":null,"INFO_UR":null,"SUBJECTO":null,"BORDERPRECISION":1,"PARTOF":null},"geometry":{"type":"MultiPolygon","coordinates":[[[[-132.63325974036906,55.90010794277849],[-132.59436508704874,55.81202276821794],[-132.62077805091593,55.75095327969255],[-132.68808456947062,55.64917715664568],[-132.5547074942753,55.45311316128435],[-132.17720505286906,55.28475149746599],[-132.17378708411906,54.84630926724138],[-132.17378708411908,54.8463092672414],[-132.17720505286908,55.28475149746599],[-132.55470749427533,55.45311316128435],[-132.68808456947065,55.64917715664568],[-132.62077805091596,55.75095327969255],[-132.59436508704877,55.81202276821794],[-132.63325974036908,55.90010794277849],[-133.1572618155644,56.11630972500505],[-133.28069016029096,56.231566988188646],[-133.48555466224406,56.25834234829607],[-133.28069016029093,56.231566988188646],[-133.15726181556437,56.11630972500505],[-132.63325974036906,55.90010794277849]]]]}},{"type":"Feature","properties":{"NAME":null,"ABBREVN":null,"INFO_UR":null,"SUBJECTO":null,"BORDERPRECISION":1,"PARTOF":null},"geometry":{"type":"MultiPolygon","coordinates":[[[[-166.61009689857218,53.70682867642107],[-166.6428422599003,53.572921358305834],[-166.74185654212687,53.53258093472185],[-166.92722031165812,53.4589115011281],[-167.002629247205,53.72617300625505],[-167.14842697669718,53.94021566982927],[-166.7705735831425,54.001239381987475],[-166.5796556143925,53.96140631313982],[-166.383488622205,53.85458334561052],[-166.49316879798624,53.733844362456225],[-166.61009689857218,53.70682867642107]]]]}},{"type":"Feature","properties":{"NAME":null,"ABBREVN":null,"INFO_UR":null,"SUBJECTO":null,"BORDERPRECISION":1,"PARTOF":null},"geometry":{"type":"MultiPolygon","coordinates":[[[[-164.94884201575968,54.42737539883318],[-165.00973984290812,54.52799566860857],[-164.7861528067753,54.68968542690935],[-164.5609330802128,54.831317506987475],[-164.1312455802128,54.90613897915544],[-163.74278732825968,55.061915956694506],[-163.56741806556437,55.021754823882006],[-163.36018845130656,54.9210582601613],[-163.20639511634562,54.73718603726091],[-163.32181259681437,54.69922979946794],[-163.57271286536906,54.63152655239763],[-164.07188889075968,54.657455049712084],[-164.24597641517374,54.59664877529802],[-164.42503830482218,54.401534639555834],[-164.56448837806437,54.33413656826677],[-164.94884201575968,54.42737539883318]]]]}},{"type":"Feature","properties":{"NAME":null,"ABBREVN":null,"INFO_UR":null,"SUBJECTO":null,"BORDERPRECISION":1,"PARTOF":null},"geometry":{"type":"MultiPolygon","coordinates":[[[[-162.96799179603312,54.94873388882341],[-163.19971176673624,55.04272040005388],[-163.26241013099406,55.17098196621599],[-163.0908860831425,55.27271994229021],[-162.78760239173624,55.15161856289568],[-162.74593063880656,55.06385382290544],[-162.8006028800175,54.99619253750505],[-162.96799179603312,54.94873388882341]]]]}},{"type":"Feature","properties":{"NAME":null,"ABBREVN":null,"INFO_UR":null,"SUBJECTO":null,"BORDERPRECISION":1,"PARTOF":null},"geometry":{"type":"MultiPolygon","coordinates":[[[[-161.60892197181437,55.844562135893725],[-161.31807419349406,55.87905081387224],[-160.67599960853312,55.764945589262865],[-160.35571762611124,55.65710791226091],[-160.391301122205,55.562186800200365],[-160.52776047279093,55.541610323149584],[-160.8670854239628,55.57481726284685],[-161.09033676673624,55.560844026762865],[-161.57512375404093,55.47864111538591],[-161.69585129310343,55.3768802511281],[-162.21831223060343,55.13241537686052],[-162.54619308997843,55.145309053618334],[-162.5897416739628,55.25339850063982],[-162.58459946204874,55.38870581265154],[-162.22379013587687,55.49771078701677],[-162.0772905020878,55.5928226339406],[-161.81046005775187,55.78313788052263],[-161.60892197181437,55.844562135893725]]]]}},{"type":"Feature","properties":{"NAME":null,"ABBREVN":null,"INFO_UR":null,"SUBJECTO":null,"BORDERPRECISION":1,"PARTOF":null},"geometry":{"type":"MultiPolygon","coordinates":[[[[-135.4412278800175,57.42754706021013],[-135.2580766349003,57.414210878569506],[-135.0023393302128,57.325770937163256],[-134.82126328040812,56.916339479643725],[-134.76378342200968,56.79368170376482],[-134.80276962806437,56.670951448637865],[-134.94566818763468,56.45350226040544],[-135.1973313956425,56.8201175558156],[-135.46605392982218,57.22919806118669],[-135.48392197181437,57.3317142355031],[-135.4412278800175,57.42754706021013]]]]}},{"type":"Feature","properties":{"NAME":null,"ABBREVN":null,"INFO_UR":null,"SUBJECTO":null,"BORDERPRECISION":1,"PARTOF":null},"geometry":{"type":"MultiPolygon","coordinates":[[[[-154.66135117103312,57.2335697042531],[-154.58517929603312,57.36365469570818],[-154.34203049232218,57.48731955166521],[-154.18864914466593,57.63143118496599],[-153.86636826087687,57.4676891195363],[-153.7312669425175,57.426871858794115],[-153.52180954505656,57.543639742094896],[-153.4248246817753,57.63974341030779],[-153.39587875892374,57.80431707974138],[-153.17781540443156,57.82532461758318],[-152.67949387122843,57.76453741665544],[-152.43838974525187,57.61420401211443],[-152.3783158927128,57.51843603726091],[-152.71849533607218,57.4903941976613],[-152.91156479408,57.49002417202654],[-153.1770677237675,57.407401643950365],[-153.22644516517374,57.36624106045427],[-153.27119919349406,57.26356085415544],[-153.49213120033,57.0513072835988],[-153.67001816322062,56.96903570767107],[-153.8777513175175,56.94134863491716],[-154.16014572669718,56.981742464262865],[-154.59257980872843,57.144836031157396],[-154.66135117103312,57.2335697042531]]]]}},{"type":"Feature","properties":{"NAME":null,"ABBREVN":null,"INFO_UR":null,"SUBJECTO":null,"BORDERPRECISION":1,"PARTOF":null},"geometry":{"type":"MultiPolygon","coordinates":[[[[-136.23701950599406,57.727313600737475],[-136.59644028236124,57.90492209072771],[-136.4182328849003,58.111190401274584],[-136.30008408118937,58.1800914632863],[-136.02452560950968,58.214965425688646],[-135.67184921790812,58.04393347378435],[-135.324894872205,58.09266623135271],[-135.11499496986124,57.67462881680193],[-135.14702316810343,57.59923132534685],[-135.54253098060343,57.721801363188646],[-135.82173630286906,57.75551565762224],[-135.7914018302128,57.556911073882006],[-135.81644150306437,57.454207979399584],[-136.23701950599406,57.727313600737475]]]]}},{"type":"Feature","properties":{"NAME":null,"ABBREVN":null,"INFO_UR":null,"SUBJECTO":null,"BORDERPRECISION":1,"PARTOF":null},"geometry":{"type":"MultiPolygon","coordinates":[[[[-123.05698105384563,74.43905218716326],[-122.37542435218548,74.48072394009294],[-121.79778763343548,74.54656561489763],[-121.2387361197636,74.5800052511281],[-121.01623245765423,74.5237537252492],[-119.55740067054485,74.163112245757],[-119.14411636878704,74.12362249966326],[-118.82578751136516,74.14837225552263],[-118.23335739661907,74.20589026089372],[-117.68313309241985,74.19886358853044],[-117.33621689368938,74.16727789517107],[-116.72863480140423,73.99942358608904],[-115.6536760001347,73.63253363247576],[-115.76273056556438,73.56834753628435],[-115.95703598548626,73.55200537319841],[-116.07413193275188,73.5198245870656],[-116.79817673255657,73.37477453823747],[-117.28129288245891,73.31010016079607],[-117.685761580263,73.21545873829851],[-119.25235436535371,73.55256742458035],[-121.65451446815976,73.99457995121038],[-123.14841770273145,74.44057077628655],[-123.49339005042766,74.44630011196794],[-123.05698105384563,74.43905218716326]]]]}},{"type":"Feature","properties":{"NAME":null,"ABBREVN":null,"INFO_UR":null,"SUBJECTO":null,"BORDERPRECISION":1,"PARTOF":null},"geometry":{"type":"MultiPolygon","coordinates":[[[[-60.259755101697195,46.938312135893725],[-60.42846008826946,46.74282034512224],[-60.47882935096477,46.53463705654802],[-60.58390900184368,46.38494452114763],[-60.701649632947195,46.33273275967302],[-60.96255203773235,46.18930395718279],[-61.07202621986126,45.98780783291521],[-60.83698746253704,45.87793692227068],[-60.761254277722585,45.89105948086443],[-60.63574692298626,46.008143984038256],[-60.446495976941335,46.17084082241716],[-60.16898056556438,46.314288698393725],[-60.02992722083782,46.28857000942888],[-59.80716034461712,46.081195436674975],[-59.88658234168743,45.925231538969896],[-59.997216191785085,45.853622041899584],[-60.507443395154226,45.66449698086443],[-60.81411835242962,45.644427858549975],[-61.02502914954876,45.6699596273488],[-61.24845978309368,45.79276617642107],[-61.40875336219524,46.04556234951677],[-61.38057419349407,46.33138998623552],[-61.04663178016399,46.66355475063982],[-60.62712189246868,47.132892214018725],[-60.259755101697195,46.938312135893725]]]]}},{"type":"Feature","properties":{"NAME":null,"ABBREVN":null,"INFO_UR":null,"SUBJECTO":null,"BORDERPRECISION":1,"PARTOF":null},"geometry":{"type":"MultiPolygon","coordinates":[[[[-100.61935898353313,75.78890570278826],[-101.57794663001751,75.68686255093279],[-102.00087448646282,75.6526599752492],[-102.14959427406048,75.64403875942888],[-102.53358170081829,75.76855810757341],[-102.51604935218548,75.91925390835466],[-102.18336197425579,75.928248964507],[-101.93975540687298,76.03777655239763],[-101.67547318031048,76.06351050015154],[-101.88489243079876,76.3326679098195],[-101.80561539222454,76.44272955532732],[-101.7463044791386,76.54449041958513],[-101.52595230628704,76.53641852017107],[-101.13950058509563,76.43551977749529],[-100.26542374183391,76.0998035299367],[-100.07378098060344,76.01615484829607],[-99.86651321937298,76.05853613491716],[-99.91217514564251,76.1677738058156],[-100.34354874183391,76.38631018276872],[-100.51054092933391,76.44520147915544],[-100.6937150626347,76.6058841573781],[-100.49760910560344,76.648707948882],[-100.06742569495891,76.6749988424367],[-99.74658676673626,76.6161609518117],[-99.2816056876347,76.49833258267107],[-99.02444931556438,76.42261847134294],[-98.90289780189251,76.41439398403826],[-98.82989975501751,76.61788519497576],[-98.61478134681438,76.67779120083513],[-98.28622910072063,76.62742193813982],[-97.96370407630657,76.55167730923357],[-97.81654068519329,76.47571142788591],[-97.65134140540813,76.13839300747576],[-97.66669937659954,75.86142309780779],[-97.77784439613079,75.7524906026906],[-98.15150162269329,75.6016116964406],[-98.1590470938847,75.44350012417497],[-98.00159164954876,75.16206701870622],[-98.1638078360722,75.09569128628435],[-98.90576645423626,75.13558539028826],[-99.29350754310344,75.08530768032732],[-99.94418808509563,75.08407171841326],[-100.38708206702923,75.18238409634294],[-100.47400375892376,75.31466253872576],[-100.13029190589641,75.48964270229997],[-99.9355134635136,75.5399433004445],[-99.8957185416386,75.61497839565935],[-100.0970124869511,75.76481207485857],[-100.61935898353313,75.78890570278826]]]]}},{"type":"Feature","properties":{"NAME":null,"ABBREVN":null,"INFO_UR":null,"SUBJECTO":null,"BORDERPRECISION":1,"PARTOF":null},"geometry":{"type":"MultiPolygon","coordinates":[[[[-113.16021439124798,77.79247625942888],[-113.00970169593548,77.92320593472185],[-112.39570328284954,78.00277289028826],[-111.99119278480266,77.97737463589372],[-110.93312546302532,78.02299078579607],[-110.71011826087688,78.02342566128435],[-109.66120621253704,77.94987066860857],[-110.3687638907597,77.65907629604997],[-110.61967178870891,77.53749426479997],[-111.45208450843548,77.51861914272966],[-111.91035172034954,77.48321875210466],[-112.76443192054485,77.55070074673357],[-113.02425095130657,77.60209234829607],[-113.16021439124798,77.79247625942888]]]]}},{"type":"Feature","properties":{"NAME":null,"ABBREVN":null,"INFO_UR":null,"SUBJECTO":null,"BORDERPRECISION":1,"PARTOF":null},"geometry":{"type":"MultiPolygon","coordinates":[[[[-97.30984207679485,78.82218512173357],[-96.49246689368938,78.6823001730031],[-95.09702774574016,78.4384036886281],[-95.11810013343548,78.28045233364763],[-95.23254105140423,78.1315189230031],[-95.42885300208782,78.1136966573781],[-96.13238998939251,78.03383215542497],[-96.60195633460735,77.99805792446794],[-97.08681198646282,78.01454504604997],[-97.45977493812298,78.10106238003435],[-97.92270371009563,78.31891211147966],[-98.43719955970501,78.66092260952654],[-98.45085617591594,78.75806769009294],[-98.34324356605266,78.80250128384294],[-97.30984207679485,78.82218512173357]]]]}},{"type":"Feature","properties":{"NAME":null,"ABBREVN":null,"INFO_UR":null,"SUBJECTO":null,"BORDERPRECISION":1,"PARTOF":null},"geometry":{"type":"MultiPolygon","coordinates":[[[[-171.85837265540812,63.49976309414568],[-172.05232712318156,63.59952887173357],[-171.97160812904093,63.72852667446794],[-171.73936935950968,63.750445924956225],[-171.22862717200968,63.651183687407396],[-170.96809860755656,63.65167578335466],[-170.72348496009562,63.68790014858904],[-170.48152634193156,63.688373171049975],[-170.10889145423624,63.56027182217302],[-169.33293625404093,63.39732702847185],[-169.13988205482218,63.29059561367693],[-169.11923691322062,63.240680299956225],[-169.3753099112675,63.25446661587419],[-169.66586777259562,63.239650331694506],[-169.90311142493937,63.07521017666521],[-170.6289720206425,63.36632879849138],[-170.96640488197062,63.45857199307146],[-171.3225755362675,63.48649176235857],[-171.72774216224406,63.45713003750505],[-171.85837265540812,63.49976309414568]]]]}},{"type":"Feature","properties":{"NAME":null,"ABBREVN":null,"INFO_UR":null,"SUBJECTO":null,"BORDERPRECISION":1,"PARTOF":null},"geometry":{"type":"MultiPolygon","coordinates":[[[[-178.89124008704874,68.64245184536638],[-178.12918564368937,68.37364538784685],[-177.70938583900187,68.29199560757341],[-175.99059006263468,67.84674414272966],[-175.5139817862675,67.66881140347185],[-175.42215439368937,67.60198553677263],[-175.38904282142374,67.50534399624529],[-175.18892380286906,67.31261023159685],[-175.00623032142374,66.95733221646013],[-175.10054489661906,66.76504858608904],[-174.63516708900187,66.40478857632341],[-174.19333359290815,66.2879596578664],[-174.19333359290815,66.28795965786638],[-174.6351670890019,66.40478857632341],[-175.10054489661908,66.76504858608904],[-175.00623032142377,66.95733221646013],[-175.18892380286908,67.31261023159685],[-175.38904282142377,67.50534399624529],[-175.4221543936894,67.60198553677263],[-175.51398178626752,67.66881140347185],[-175.9905900626347,67.84674414272966],[-177.7093858390019,68.29199560757341],[-178.1291856436894,68.37364538784685],[-178.89124008704877,68.64245184536638],[-180,68.91692694302263],[-178.89124008704874,68.64245184536638]]],[[[-173.87494370033,67.1593280660695],[-173.87494370033002,67.1593280660695],[-173.43222519447065,67.03428228970232],[-173.17439743568158,66.99037512417497],[-172.82922836829877,66.96141394253435],[-173.17439743568156,66.99037512417497],[-173.43222519447062,67.03428228970232],[-173.87494370033,67.1593280660695]]],[[[-172.37796494056437,67.01405676479997],[-171.95799728919718,66.95566900845232],[-171.53966232825968,66.76436194058122],[-171.227238622205,66.60267218228044],[-170.47313400794718,66.29494055386247],[-170.32910629798624,66.25848730679216],[-170.06616684486124,66.1781726705617],[-169.8727006583378,66.08316382046404],[-169.83243271400187,66.0245624410695],[-169.98691269447062,66.00963934536638],[-169.98691269447065,66.00963934536638],[-169.8324327140019,66.0245624410695],[-169.87270065833783,66.08316382046404],[-170.06616684486127,66.1781726705617],[-170.32910629798627,66.25848730679216],[-170.4731340079472,66.29494055386247],[-171.22723862220502,66.60267218228044],[-171.5396623282597,66.76436194058122],[-171.9579972891972,66.95566900845232],[-172.3779649405644,67.01405676479997],[-172.37796494056437,67.01405676479997]]],[[[-170.61266037513468,66.03776129360857],[-170.97617050697062,65.67843969937029],[-170.97617050697065,65.67843969937029],[-170.6126603751347,66.03776129360857],[-170.44873520423627,66.05273779507341],[-170.61266037513468,66.03776129360857]]],[[[-171.60648056556437,65.80885656948747],[-171.40962692786906,65.70685156460466],[-171.20030685950968,65.56117590542497],[-171.2003068595097,65.56117590542497],[-171.40962692786908,65.70685156460466],[-171.6064805655644,65.80885656948747],[-171.6685685782597,65.88923987026872],[-171.66856857825968,65.88923987026871],[-171.60648056556437,65.80885656948747]]],[[[-172.98259445716593,65.74776037808122],[-172.8526811270878,65.63107641812029],[-172.85268112708783,65.63107641812029],[-172.98259445716596,65.74776037808122],[-173.04314133216596,65.80616339321794],[-173.04314133216593,65.80616339321794],[-172.98259445716593,65.74776037808122]]],[[[-172.81468674232218,65.63114508267107],[-172.56233688880656,65.51480444546404],[-172.47015854408,65.37645300503435],[-172.41122910072062,65.17272528286638],[-172.43655869056437,65.020045839507],[-172.80272385169718,64.99756201382341],[-173.16508957435343,64.96792944546404],[-173.25040146400187,64.89551123257341],[-173.02515121986124,64.50645788784685],[-173.07701584388468,64.3839832174367],[-173.0770158438847,64.3839832174367],[-173.02515121986127,64.50645788784685],[-173.2504014640019,64.89551123257341],[-173.16508957435346,64.96792944546404],[-172.8027238516972,64.99756201382341],[-172.4365586905644,65.020045839507],[-172.41122910072065,65.17272528286638],[-172.47015854408002,65.37645300503435],[-172.56233688880658,65.51480444546404],[-172.8146867423222,65.63114508267107],[-172.81468674232218,65.63114508267107]]],[[[-173.7237748770878,64.38278540249529],[-173.72377487708783,64.38278540249529],[-173.54488083411908,64.4190936910695],[-173.54488083411906,64.4190936910695],[-173.7237748770878,64.38278540249529]]],[[[-175.30087753822062,64.72565039272966],[-175.30087753822065,64.72565039272968],[-175.18715378333783,64.84854467983904],[-175.1871537833378,64.84854467983904],[-175.30087753822062,64.72565039272966]]],[[[-177.12561508704874,65.62305029507341],[-176.7827500968144,65.63828619595232],[-177.12561508704877,65.62305029507341],[-177.51186081458783,65.52012213345232],[-178.1162767081425,65.4824939596242],[-177.5118608145878,65.52012213345232],[-177.12561508704874,65.62305029507341]]],[[[-179.37857529212687,65.99599035854997],[-179.58118149329874,65.81180151577654],[-180,65.2592273580617],[-179.58118149329877,65.81180151577654],[-179.3785752921269,65.99599035854997],[-178.9750871329472,66.05139502163591],[-179.37857529212687,65.99599035854997]]]]}},{"type":"Feature","properties":{"NAME":null,"ABBREVN":null,"INFO_UR":null,"SUBJECTO":null,"BORDERPRECISION":1,"PARTOF":null},"geometry":{"type":"MultiPolygon","coordinates":[[[[-115.37674423743938,76.38309057827654],[-114.94804092933391,76.44312628384294],[-114.37239548255657,76.4696308004445],[-114.1376847891972,76.38546331997576],[-113.84507462074016,76.21712835903826],[-113.54858871986126,76.1334720480031],[-112.85117813636516,76.22745855923357],[-112.57360550452923,76.1605716573781],[-111.84267899085735,75.8177982198781],[-111.38564011146282,75.65990790005388],[-110.98180862952923,75.64398535366716],[-110.54980179359173,75.66985663052263],[-109.91188522865032,75.62935217495622],[-109.64591690589641,75.63817175503435],[-109.14380356361126,75.71422155972185],[-109.10258957435344,75.84810217495622],[-109.35303970863079,76.09938391323747],[-109.77642532874798,76.27548559780779],[-110.38248154212688,76.4348865377492],[-109.95056625892376,76.57979162808122],[-109.71452805091594,76.75022467251482],[-109.4584626822636,76.818873964507],[-108.96501633216594,76.87095984097185],[-108.73676010658001,76.79466589565935],[-108.38873764564251,76.48948248501482],[-108.39633652259563,76.3034168111867],[-108.16327377845501,76.0091815816945],[-107.90874191810344,75.95932348843279],[-107.50361343909954,75.94330175991716],[-106.69147965003704,75.76065405483904],[-106.84192368079876,75.96972235317888],[-106.77398392249798,76.09585913296404],[-106.5899552970097,76.12985571499529],[-105.9172029166386,76.02183874722185],[-105.49804398109173,75.84656866665544],[-105.62946793128704,75.66247137661638],[-105.61217972327923,75.43771704312029],[-105.77345749427532,75.23006781216326],[-106.03122421790813,75.10556372280779],[-106.37100693275188,75.05539282437029],[-106.72284409095501,75.05475195522966],[-107.47962662269329,75.01208075161638],[-107.99983688880657,75.0440936910695],[-108.7904939322636,75.12514074917497],[-109.07034012366985,75.13287695522966],[-109.57822128822063,75.00809820767107],[-110.08770462562298,74.91732367153826],[-110.42956253577923,74.83542212124529],[-110.86916824866985,74.720973573882],[-111.6005525260136,74.5899158346242],[-112.20279404212688,74.49975927944841],[-113.10612961341594,74.51426275845232],[-113.44279190589641,74.54597815151872],[-114.09329697181438,74.67438086147966],[-114.2172746329472,74.84457739468279],[-113.92581650306438,74.90203436489763],[-113.37738510658001,74.91930731411638],[-113.0450105338261,74.98504980679216],[-112.66200729896282,75.01877173062029],[-112.1374406485722,75.0444827901906],[-111.85770126868938,75.03678473110857],[-111.36728378822063,75.10374792690935],[-111.14969345618938,75.35251959438982],[-112.39542862464641,75.39164312954607],[-112.81146713783001,75.41577490444841],[-113.51533218909954,75.2899890768117],[-114.24673935462688,75.21405371304216],[-114.82800003577923,75.19640692349138],[-115.18592545081829,75.1543460714406],[-115.94211288978313,75.3102527486867],[-116.1580476432011,75.23527105923357],[-116.57205673743938,75.20137365933122],[-117.01242538978313,75.25847967739763],[-117.39662643958782,75.40709265347185],[-117.38604446937298,75.45695074673357],[-116.99784561683391,75.6492420064992],[-116.50357529212688,75.67523535366716],[-115.58224960853313,75.68534430142107],[-115.15033432533001,75.75680121060076],[-116.15000626136516,75.93451269741716],[-116.29640671302532,76.23778875942888],[-116.06982132484173,76.26353033657732],[-115.80212112952923,76.3400379049367],[-115.37674423743938,76.38309057827654]]]]}},{"type":"Feature","properties":{"NAME":null,"ABBREVN":null,"INFO_UR":null,"SUBJECTO":null,"BORDERPRECISION":1,"PARTOF":null},"geometry":{"type":"MultiPolygon","coordinates":[[[[-121.71133896400188,76.1769290792531],[-122.28210159827923,76.1505618917531],[-122.63580032874798,76.27636297817888],[-122.7630510001347,76.41981848354997],[-122.65935226966594,76.53863104458513],[-122.15077683021282,76.58204229946794],[-121.92444321204876,76.64194067593279],[-121.57771774818157,76.70210608120622],[-121.1380510001347,76.88191565151872],[-120.75637527991985,76.97665747280779],[-120.42987534095501,77.05430945034685],[-120.18304916908001,77.20914038296404],[-119.69557663490032,77.31325110073747],[-119.12110611488079,77.34878882046404],[-117.98157974769329,77.41988714810076],[-117.2255525260136,77.41268499966326],[-116.82597061683391,77.54295691128435],[-116.35908218909954,77.578395448882],[-115.68244644691204,77.3811756002492],[-116.02256485511516,77.33745916958513],[-116.40591904212688,77.23350103970232],[-116.50471207191204,77.11317022915544],[-116.4506730704472,76.99339636440935],[-116.23955246497844,76.78039892788591],[-116.58939072181438,76.7797122823781],[-116.9998674063847,76.72786291714372],[-117.41303726722454,76.42998846646013],[-117.86330124427532,76.43759497280779],[-118.25322433997844,76.87889441128435],[-118.56545731116985,76.9466052877492],[-118.73600479652141,76.93774756069841],[-118.83890244056438,76.8095203268117],[-119.10330673743938,76.65579565640154],[-119.38677689124798,76.37546881313982],[-119.6547517447636,76.30734594937029],[-119.78256699134563,76.13846167202654],[-120.09985825111126,75.97814520474138],[-120.45403000404094,75.95227392788591],[-120.69237991859173,76.0357929098195],[-121.11997696449016,76.24549444790544],[-121.3107576041386,76.29576452847185],[-121.45937058021282,76.27013739224138],[-121.71133896400188,76.1769290792531]]]]}},{"type":"Feature","properties":{"NAME":null,"ABBREVN":null,"INFO_UR":null,"SUBJECTO":null,"BORDERPRECISION":1,"PARTOF":null},"geometry":{"type":"MultiPolygon","coordinates":[[[[-101.16788193275188,78.2688709127492],[-102.56360336829876,78.31003149624529],[-103.23246475745891,78.27368506069841],[-103.51249405433391,78.27315100308122],[-104.16248032142376,78.29821356411638],[-104.50756546546673,78.36770971890154],[-104.96614548255657,78.53385504360857],[-105.03872391273235,78.6394763814992],[-104.88800522376751,78.70157965298357],[-104.52705856849407,78.70228155728044],[-103.76779648353313,78.59781988735857],[-103.37756058265423,78.60736425991716],[-103.39164444495891,78.71326788540544],[-103.50526901771282,78.83688696499529],[-104.11021133949016,79.05759771938982],[-104.37077805091594,79.10160406704607],[-104.85461899329876,79.13631018276872],[-105.48097702552532,79.22424658413591],[-105.45151230384563,79.40311773892107],[-104.44108292152141,79.4587894308156],[-103.36479660560344,79.38917120571794],[-103.01836868812298,79.22005041714372],[-102.56874558021282,79.01609381313982],[-101.67850967933391,78.9290042745656],[-100.6933488516972,78.87771948452654],[-100.16321274329876,78.772487245757],[-99.89162155677532,78.65814550991716],[-99.38644882728313,78.33363684292497],[-99.12512680579876,78.13284643765154],[-99.04938980628704,77.94112738247576],[-99.2658357291386,77.85375555630388],[-99.67964645911907,77.7921863424367],[-100.19978043128704,77.81724127407732],[-100.47145554115032,77.89491613979997],[-100.88823410560344,78.18188055630388],[-101.16788193275188,78.2688709127492]]]]}},{"type":"Feature","properties":{"NAME":"Polynesians","ABBREVN":"Polynesians","INFO_UR":"https://doi.org/10.7183/0002-7316.79.1.144","SUBJECTO":"Polynesians","BORDERPRECISION":1,"PARTOF":"Polynesians"},"geometry":{"type":"MultiPolygon","coordinates":[[[[-155.93127914954874,20.283723436552904],[-155.772160497205,20.212861620146654],[-155.47876450111124,20.08738478298845],[-155.21165939857218,19.896211229521654],[-155.21848007728312,19.772206865507982],[-155.11150070716593,19.751538835722826],[-155.0576371817753,19.622369371611498],[-154.92001816322062,19.555200182158373],[-154.94768234779093,19.48286589260759],[-155.05991074134562,19.419589601714037],[-155.13718124915812,19.327859483916185],[-155.48196884681437,19.240022264677904],[-155.65012070228312,19.13668593044939],[-155.78282639075968,18.945514284331225],[-156.03416916419718,19.10568770046892],[-156.05415817786906,19.503530107695482],[-156.16333481361124,19.808374010283373],[-155.94658371497843,19.989215456206225],[-155.96237656165812,20.078939043242357],[-156.03244492103312,20.19588430996599],[-156.00906845618937,20.263055406767748],[-155.93127914954874,20.283723436552904]]],[[[-158.31357285072062,21.575152956206225],[-158.17906662513468,21.68914373989763],[-158.09471603919718,21.591111742216967],[-158.04683395911906,21.458880983549975],[-157.94652267982218,21.415565096098803],[-157.84164902259562,21.29017599697771],[-157.89636704017374,21.25141867275896],[-158.02176376868937,21.237739168364428],[-158.0719194083378,21.297015749174975],[-158.15170761634562,21.299295030791185],[-158.29761215736124,21.276496492583178],[-158.43440720130656,21.45204313870134],[-158.4663285880253,21.57059248562517],[-158.31357285072062,21.575152956206225]]],[[[-156.11853500892374,20.79007490750017],[-156.12085434486124,20.712571703154467],[-156.25298019935343,20.629903398711107],[-156.50670334388468,20.598901354033373],[-156.576359715955,20.635068498808764],[-156.61497971107218,20.795238100249193],[-156.82249924232218,20.93991049404802],[-156.77998825599406,21.04324873562517],[-156.71565720130656,21.069081865507982],[-156.55081650306437,20.974736772734545],[-156.39587875892374,20.9502445089406],[-156.11853500892374,20.79007490750017]]]]}},{"type":"Feature","properties":{"NAME":"Innu","ABBREVN":"Innu","INFO_UR":null,"SUBJECTO":"Innu","BORDERPRECISION":1,"PARTOF":"Innu"},"geometry":{"type":"MultiPolygon","coordinates":[[[[-60.12421127845501,53.51734503384294],[-60.24602600623821,53.27679785366716],[-59.71703430701946,53.4313121664113],[-60.1714630701033,53.29857710058178],[-58.78822689960135,52.57259027862411],[-56.12695583342671,53.46584387832734],[-55.88126083900188,53.35193213101091],[-55.77977081824993,53.23871573086443],[-55.76966568519329,53.15869864102068],[-55.904347386853445,52.96515997524919],[-55.92698761512493,52.805255495268725],[-56.10974213172649,52.60522802944841],[-55.6590242057011,52.18734701748552],[-55.82356735755657,52.0210338460988],[-56.181271520154226,51.89429052944841],[-56.666153874890554,51.614886842924975],[-56.96410461951946,51.4884410726613],[-57.45761581947063,51.46762045498552],[-57.82794663001751,51.413924776274584],[-58.52433868934368,51.37948568936052],[-58.71933075477337,51.19382055874529],[-59.13156220008587,50.83605536099138],[-59.43996902991985,50.643966280180834],[-59.71551987220501,50.511466585356615],[-60.13784500648235,50.411700807768725],[-60.80984970618938,50.33399923916521],[-61.64020630408977,50.27692373867693],[-62.2935571341679,50.30863531704607],[-63.20739075233196,50.34640463467302],[-63.36737152625774,50.33290060635271],[-63.85007187415813,50.298995577055834],[-64.3259172110722,50.304671846587084],[-64.35688598810621,50.306306422737876],[-62.4855338033173,54.513109291987426],[-60.221656217027494,53.32492080384565],[-60.12421127845501,53.51734503384294]]]]}},{"type":"Feature","properties":{"NAME":"Navarre","ABBREVN":"Navarre","INFO_UR":null,"SUBJECTO":"Navarre","BORDERPRECISION":1,"PARTOF":"Navarre"},"geometry":{"type":"MultiPolygon","coordinates":[[[[-0.524120412124032,42.75779810968423],[-0.602910658888251,42.416071314630244],[-1.004394268999434,41.918819988381074],[-1.004394268999434,41.918819988381074],[-2.583406756168917,41.358525234869326],[-2.716581352055106,42.42514305123075],[-3.19584389294759,42.3979239039955],[-3.356120708930975,43.39527132213779],[-3.195965257184255,43.446883760649584],[-3.007205691830862,43.55027350063982],[-2.768362489239919,43.53787573452654],[-2.367384400861013,43.32624395962419],[-2.142923348755843,43.331471028881836],[-2.065644708173025,43.333270631987475],[-1.914577808873403,43.30541571255388],[-1.702391829983938,43.19593771572771],[-1.491382804410208,43.209621034819506],[-1.465651360051382,43.15488775845232],[-1.557671156422842,43.04543264980974],[-1.515127864377249,42.99756201382341],[-1.447552409665334,42.983878694731615],[-1.397272315518606,43.031756960112475],[-0.907353666321981,42.88129767056169],[-0.840018358723867,42.90865286465349],[-0.611982133881796,42.73087652798357],[-0.586789485709417,42.765060030180834],[-0.524120412124032,42.75779810968423]]]]}},{"type":"Feature","properties":{"NAME":"Kingdom of France","ABBREVN":"Kingdom of France","INFO_UR":null,"SUBJECTO":"France","BORDERPRECISION":1,"PARTOF":"Kingdom of France"},"geometry":{"type":"MultiPolygon","coordinates":[[[[-0.524120412124032,42.75779810968423],[-0.586789485709417,42.765060030180834],[-0.611982133881796,42.73087652798357],[-0.840018358723867,42.90865286465349],[-0.907353666321981,42.88129767056169],[-1.397272315518606,43.031756960112475],[-1.447552409665334,42.983878694731615],[-1.515127864377249,42.99756201382341],[-1.557671156422842,43.04543264980974],[-1.465651360051382,43.15488775845232],[-1.491382804410208,43.209621034819506],[-1.702391829983938,43.19593771572771],[-1.914577808873403,43.30541571255388],[-1.746070232884634,43.360160433012865],[-1.561407771603811,43.52442511196794],[-1.314379182355154,44.55896338101091],[-1.135849919812429,44.60010107632341],[-1.230320539967764,44.73041113491716],[-1.331778016583669,44.61382635708513],[-1.27551409293865,45.12873037930193],[-1.175191727177847,45.50050314541521],[-1.123440351979482,45.43161734219255],[-0.90036418725704,45.293910585600756],[-0.814226654069174,45.12184103604021],[-0.728486028210867,45.018642030913256],[-0.854702380196798,45.3214488851613],[-1.138394918935049,45.58316382046404],[-1.247395124928701,45.6881481039113],[-1.236505594746816,45.80004461880388],[-1.075199690358389,46.01461752529802],[-1.165981498257864,46.183681093413256],[-1.256056633488882,46.30683096523943],[-1.402668443219412,46.40393408413591],[-1.71072646667217,46.448791109282396],[-1.942478147046316,46.70579870815935],[-2.129660335080374,46.85084494229021],[-2.004645553128469,47.04250296230974],[-2.109477606312979,47.124042116362475],[-2.263749804990042,47.18288382168474],[-2.493711915509451,47.24692114468279],[-2.575529757355312,47.32396831567053],[-2.010361521016347,47.745650369834415],[-1.75196905427781,48.17821145459153],[-1.999109269065851,48.67695685862887],[-2.07596763649823,48.65615805240039],[-2.200072136315125,48.598983369783205],[-2.342885461243409,48.67414816470508],[-2.636378016861695,48.55200155825977],[-2.79053541699292,48.58958014102344],[-2.914459433945435,48.70678671450977],[-3.091225352677125,48.87155111880664],[-3.435057845505494,48.83645971866016],[-3.557670083435791,48.810077272371096],[-3.607873406800049,48.692950807527346],[-3.821306434067505,48.721149049714846],[-3.902217355164307,48.64596136660938],[-3.998872962387818,48.73053701968555],[-4.251477208527344,48.65191229434375],[-4.488299336823243,48.61226614566211],[-4.625704255493897,48.546668611482424],[-4.761963334473389,48.55200155825977],[-4.779634442695328,48.35477408049929],[-4.779634442822683,48.3547740804738],[-4.761963334576834,48.552001558501146],[-4.625704255597341,48.5466686117238],[-4.488299336926687,48.61226614590349],[-4.251477208630789,48.65191229458513],[-3.998872962491262,48.73053701992693],[-3.902217355267751,48.645961366850756],[-3.82130643417095,48.721149049956225],[-3.607873406903494,48.692950807768725],[-3.557670083539236,48.810077272612475],[-3.435057845608938,48.83645971890154],[-3.091225352780569,48.87155111904802],[-2.914459434048879,48.706786714751146],[-2.790535417096365,48.58958014126482],[-2.636378016965139,48.552001558501146],[-2.342885461346853,48.67414816494646],[-2.200072136418569,48.598983370024584],[-2.075967636601675,48.65615805264177],[-1.870566812054861,48.71174200649919],[-1.857612696187246,48.60836752529802],[-1.591356840626943,48.6375003683156],[-1.456587758557546,48.683551393706225],[-1.575547900693167,48.76814230557146],[-1.58841225196575,48.88095053311052],[-1.563408580319631,49.036239229399584],[-1.579779472844351,49.22901114102068],[-1.63899978687023,49.21960791226091],[-1.891543593899954,49.526351534087084],[-1.941284146802175,49.70930441494646],[-1.524247136609304,49.652770601469896],[-1.250969496266592,49.6998782980031],[-1.28866049339031,49.52097281094255],[-1.177143421666372,49.33254965420427],[-1.023191001908529,49.39845999355974],[-0.464948442475546,49.351378999907396],[-0.23936493013953,49.285487734038256],[-0.203663793103445,49.29181250210466],[0.032870042426836,49.333705507475756],[0.330848249895823,49.454955660063646],[0.090372207863581,49.51055487271013],[0.115054044230234,49.60227545376482],[0.18937284062649,49.68102606411638],[0.528559717638743,49.82580145474138],[0.868757519228708,49.90724905605974],[1.27451888035084,50.00430258389177],[1.416228327257883,50.10984381313982],[1.551989111407053,50.2288089620656],[1.528296861155283,50.57772787686052],[1.588920149309885,50.821883760649584],[1.796177011821854,50.92141446466974],[1.823555263979685,50.934562288481615],[2.030328068239939,51.00665625210466],[2.442595991595041,51.04803045864763],[2.522131952746165,51.09112127896013],[2.995262178881418,51.31347998257341],[3.213605198366892,51.353568636137865],[3.472019943697703,51.314391695219896],[3.681297096712839,51.32141836758318],[3.438438188525268,51.00828455744539],[3.820330011209577,50.039445521437685],[4.255215473045936,49.887235609794956],[5.361129202495775,49.69675577751063],[5.909256214630872,49.20085986849827],[5.903866258867552,49.19576772547515],[5.611623228513523,49.20968406025392],[5.722953906743626,48.95919003423617],[5.876033589310012,49.070520712466276],[6.001280602318886,48.90352469512112],[5.83428458497373,48.77827768211225],[6.015196937097656,48.65303066910337],[5.945615263203834,48.34687130397059],[6.237858293557863,48.29120596485552],[6.251774628336634,47.95721393016521],[6.098694945770248,48.02679560405903],[6.056945941433938,47.95721393016521],[5.959531597982604,47.985046599722736],[5.959531597982604,47.80413424759881],[5.82036825019496,47.734552573705],[5.917782593646322,47.59538922591736],[5.792535580637448,47.51189121724478],[5.778619245858678,47.35881153467838],[5.736870241522396,47.23356452166951],[5.667288567628574,47.10831750866063],[5.793872737744621,46.99723694614843],[5.757015581792146,46.886665478291036],[5.646444113934749,46.84980832233856],[5.625539563292293,46.64907846096145],[5.739656949946507,46.59782978796446],[5.7249265287996,46.47998641878918],[5.645716162473704,46.45672279658608],[5.415587684714509,46.52417768222992],[5.268283473245404,46.31795178617317],[5.533431053889771,46.096995468969524],[5.533431053889771,46.008612942088064],[5.35666600012685,46.05280420552879],[5.35666600012685,45.876039151765866],[5.607083159624338,45.84657830947205],[5.823360340392597,45.39624171904667],[5.934538658234075,45.32212284048569],[5.946891804660893,45.26035710835154],[6.058070122502372,45.22329766907106],[6.033363829648707,45.33447598691252],[6.082776415356037,45.37153542619302],[6.144542147490156,45.32212284048569],[6.218661026051151,45.346829133339355],[6.268073611758453,45.32212284048569],[6.243367318904816,45.29741654763204],[6.2804267581853,45.198591376217394],[6.507319483263743,45.115707002837084],[6.665318045122874,44.954520784575365],[6.942603620989573,44.868651949126146],[7.003469976885569,44.719535433012865],[6.924694094164622,44.715018831450365],[6.782917532427561,44.54787405605974],[6.869778189165842,44.3491702901906],[6.786905761685304,44.29681168705886],[6.786905761685304,44.19798651564423],[6.836318347392606,44.11151449065642],[6.885730933099936,44.1485739299369],[6.935143518807266,44.13622078351008],[6.972202958087749,44.0621019049491],[6.996909250941385,44.04974875852227],[6.922790372380419,43.9756298799613],[6.959849811660902,43.913864147827155],[6.885730933099936,43.90151100140032],[6.922790372380419,43.815038976412524],[7.355150497319457,43.90151100140032],[7.397118601305735,43.76409491177263],[7.297616514666331,43.66730078335466],[6.923080000384104,43.44766577358904],[6.52301410148884,43.15085180874529],[6.331224951250803,43.111869417387865],[6.187778505785715,43.09228857632341],[5.828570398791086,43.02081640835466],[5.646554979784739,43.033317171294115],[5.434490236742747,43.103656374174975],[5.051816973192942,43.32809790249529],[4.909845861895334,43.366439424712084],[4.750594648821604,43.35325964565935],[4.646513971789133,43.32086523647966],[4.416764769060862,43.34614523525896],[4.078196081621897,43.487086855132006],[3.807468924029124,43.46722754116716],[3.478712830050242,43.31209524746599],[3.317868027193796,43.19595297451677],[3.067900213701975,42.944564424712084],[3.001891169054758,42.77080877896013],[3.045898947222483,42.539455019194506],[3.087081465227854,42.368644319731615],[3.086528334124338,42.32911261196794],[3.086286100847971,42.12072332974138],[3.1565537781551,42.0757213460988],[3.128878864748728,41.8572269308156],[2.628259214861643,41.61954077358904],[2.200590166552317,41.44614752407732],[2.080724749071848,41.298488222319506],[1.609828624232065,41.2091556417531],[1.442095519139158,41.17999861944361],[1.033602271149519,41.8780600575781],[0.94167853178931,41.894281893935776],[1.366509726328981,42.408778868910595],[1.364396247370493,42.40964087124529],[1.348705086214792,42.539481722075365],[1.307450088961374,42.63517340298357],[0.744199428065073,42.77189215298357],[0.584142002566111,42.77189215298357],[0.591923627360117,42.6283336507863],[0.347843679888499,42.63517340298357],[0.196265372736704,42.6078258382863],[0.179550382597697,42.66251715298357],[-0.165626824544418,42.64883764858904],[-0.203663793103445,42.70031317349138],[-0.216141254352081,42.7172008382863],[-0.409914609687078,42.785567842680834],[-0.468836572663534,42.7513919698781],[-0.524120412124032,42.75779810968423]]],[[[-2.576483932034719,47.3248668539113],[-2.465543475735389,47.49438437086202],[-2.465543475540894,47.49438437075977],[-2.576483931872982,47.324866853759],[-2.576483932034719,47.3248668539113]]],[[[-4.364373651044119,47.829310976225756],[-4.390935388053524,47.94184836004228],[-4.390935388001221,47.94184836001758],[-4.364373650999572,47.82931097623392],[-4.364373651044119,47.829310976225756]]],[[[-4.700306382672537,48.06380423184099],[-4.312866178052175,48.10133322354021],[-4.350984063553778,48.20456656070424],[-4.350984063538331,48.204566560701174],[-4.312866177948731,48.10133322329883],[-4.700306382545573,48.06380423160189],[-4.700306382672537,48.06380423184099]]],[[[-4.587968316571462,48.25149496670427],[-4.388901677624929,48.29843863125505],[-4.350201573972039,48.39050634950665],[-4.350201573761719,48.390506349519534],[-4.388901677521485,48.298438631013674],[-4.58796831595886,48.25149496658296],[-4.587968316571462,48.25149496670427]]]]}},{"type":"Feature","properties":{"NAME":"Aragón","ABBREVN":"Aragón","INFO_UR":null,"SUBJECTO":"Aragón","BORDERPRECISION":1,"PARTOF":"Aragón"},"geometry":{"type":"MultiPolygon","coordinates":[[[[-1.004394268999434,41.918819988381074],[-0.602910658888251,42.416071314630244],[-0.524120412124032,42.75779810968423],[-0.468836572663534,42.7513919698781],[-0.409914609687078,42.785567842680834],[-0.216141254352081,42.7172008382863],[-0.203663793103445,42.70031317349138],[-0.165626824544418,42.64883764858904],[0.179550382597697,42.66251715298357],[0.196265372736704,42.6078258382863],[0.347843679888499,42.63517340298357],[0.591923627360117,42.6283336507863],[0.584142002566111,42.77189215298357],[0.744199428065073,42.77189215298357],[1.307450088961374,42.63517340298357],[1.348705086214792,42.539481722075365],[1.364396247370493,42.40964087124529],[1.366509726328981,42.408778868910595],[0.94167853178931,41.894281893935776],[0.340683447498876,42.00033984998703],[-1.004394268999434,41.918819988381074]]]]}},{"type":"Feature","properties":{"NAME":"Australian aboriginal hunter-gatherers","ABBREVN":"Australian aboriginal hunter-gatherers","INFO_UR":null,"SUBJECTO":"Australian aboriginal hunter-gatherers","BORDERPRECISION":1,"PARTOF":"Australian aboriginal hunter-gatherers"},"geometry":{"type":"MultiPolygon","coordinates":[[[[142.33755019615435,-10.91538277987776],[142.64426711509967,-11.092706121247389],[142.74920180748248,-11.321312345307447],[142.77031997154498,-11.613681234162428],[142.82346633384967,-11.918680585663893],[142.93834975670123,-12.007422841828443],[143.12742141197467,-12.01337090853987],[143.17309096763873,-12.12133923892317],[142.9707899422481,-12.534967817109205],[143.29229262779498,-12.686838544648268],[143.37115004966998,-12.813800252717115],[143.43748000572467,-13.080647863190748],[143.4735212654903,-13.665407575409986],[143.5380964608028,-13.944986738007643],[143.7431745858028,-14.465823568146803],[143.87487319420123,-14.586329854767897],[144.06472304771685,-14.592281736176588],[144.21230605552935,-14.452100194733717],[144.38535598228717,-14.369087613862135],[144.5291853279903,-14.667567647736647],[144.6925917000606,-14.72443047885237],[144.94622329185748,-14.908246434968092],[145.11966994713092,-14.977798856537916],[145.1843366951778,-15.047596372407057],[145.18485549400592,-15.231954015534498],[145.22220900963092,-15.66417542819319],[145.34638503502154,-16.013568319123365],[145.32554152916217,-16.4904293191844],[145.45112136314654,-16.598232663910963],[145.86948684166217,-17.194960035126783],[145.99418166588092,-17.51257745150862],[146.01871779869342,-17.862209714692213],[145.92455581138873,-18.25660363559065],[146.10622695396685,-18.548672117035963],[146.22996047447467,-18.923536695283033],[146.32175734947467,-19.082291044037916],[146.94948867271685,-19.443359769623854],[147.07758620689654,-19.51303140048323],[147.41271499107623,-19.563177503388502],[147.5935926766231,-19.855278409760572],[147.97294143150592,-20.09608117465315],[148.1904402108028,-20.171909726899244],[148.70373061607623,-20.202618039887525],[148.75644973228717,-20.291510022919752],[148.68986037681842,-20.399742521088697],[148.56704238365435,-20.65432778720198],[148.70600417564654,-20.844784177582838],[149.10148147056842,-21.06012383822737],[149.2001600594356,-21.31423989657698],[149.41137221763873,-21.917835630219557],[149.50620559166217,-22.254627622407057],[149.55675795982623,-22.432550824921705],[149.67019179771685,-22.57220307711897],[150.01726821373248,-22.730434812348463],[150.00811294029498,-22.673225797455885],[149.94477370689654,-22.323645032685377],[150.35558608482623,-22.55167428378401],[150.61091140220904,-22.621080793183424],[150.69362929771685,-22.67811814669905],[150.7544050545528,-22.811520017426588],[150.80247024009967,-23.599888242524244],[151.2001600594356,-23.942411817353346],[151.4582167000606,-24.08811227206526],[151.73014357994342,-24.15748826388655],[151.85947707603717,-24.290745176117994],[151.9692488045528,-24.5512203348094],[152.07273391197467,-24.74175874118147],[152.31797316978717,-24.817552961152174],[152.3967390389278,-24.950924314301588],[152.39982131431842,-25.07173577670393],[152.48574355552935,-25.31320420626936],[152.5335798592403,-25.363981641572096],[152.76116469810748,-25.420729078095533],[152.83135512779498,-25.471462644379713],[152.90423110435748,-25.63030091647444],[153.06907180259967,-26.227749265473463],[153.0810194344356,-26.622030652802565],[153.08671096275592,-27.00997392062483],[153.02762893150592,-27.19453851107893],[152.94622329185748,-27.340992368500807],[153.2964735359981,-27.912666715424635],[153.39640334556842,-28.12870828036604],[153.47783950279498,-28.503797925751783],[153.4934950203731,-28.840868390839674],[153.36136916588092,-29.159185804169752],[153.2027235359981,-29.910084165375807],[152.93955520103717,-30.69940034274397],[153.00107863853717,-31.05550614718733],[152.97185805748248,-31.418175138276197],[152.83397963951373,-31.768339551728346],[152.5367079109981,-32.20791665438948],[152.44512465904498,-32.507114805024244],[152.17618850181842,-32.87666741732893],[151.97365859459185,-32.95978204135237],[151.76464370201373,-33.00473824862776],[151.5743055672481,-33.21509209994612],[151.36449721763873,-33.52090112094221],[151.2169294686153,-34.208328641694166],[151.00255874107623,-34.4950794351512],[150.84971145103717,-34.71808282260237],[150.8557234139278,-35.01075402621565],[150.7619734139278,-35.253128446381666],[150.61310866783404,-35.39366189364729],[150.34281447838092,-35.547222532075025],[150.22150710533404,-35.694107450287916],[150.08652785728717,-36.153511441987135],[150.01073745201373,-36.62571755770979],[149.97519973228717,-37.04692498568831],[149.98484328697467,-37.34688226107893],[149.85709670494342,-37.63442269686995],[149.7123670906856,-37.79433480624495],[149.50414565513873,-37.928848661225416],[149.1647596688106,-37.97423974398909],[148.64345839927935,-38.013611234467604],[148.27416518638873,-38.02713815097151],[148.0369978279903,-38.09787026767073],[147.80524733970904,-38.232456601899244],[147.11680129478717,-38.655456937592604],[146.91714003990435,-38.71336404208479],[146.82104018638873,-38.84133569125471],[146.6653700203731,-38.8736080301219],[146.42768386314654,-38.89964715365706],[146.29922011802935,-38.89352074984846],[146.43192580650592,-39.059387601655104],[146.52591994713092,-39.180637754242994],[145.93387893150592,-38.881470121186354],[145.53591445396685,-38.72253838900862],[145.53713515709185,-38.51171532992659],[145.50425246666217,-38.44150582675276],[145.25207045982623,-38.23123971347151],[144.96982863853717,-38.0657581460887],[144.78031447838092,-38.05975762728987],[144.56174758384967,-38.13682977084456],[144.41111281822467,-38.24571648959456],[144.74758437584185,-38.455810941498854],[144.31142714927935,-38.56529275302229],[143.89345839927935,-38.757793821137525],[143.46447280357623,-38.95674554232893],[143.36480239341998,-38.96973077182112],[143.09292128990435,-38.86803857211409],[142.69431594322467,-38.67078057650862],[142.39293960045123,-38.56917230014143],[141.90403274009967,-38.42963067416487],[141.67472365806842,-38.410923398774244],[141.56707290123248,-38.48141518954573],[141.54719069908404,-38.53255120639143],[141.22526076744342,-38.456550992768385],[140.88732436607623,-38.2975582254344],[140.6521864266231,-38.16391030673323],[140.2491560311153,-37.79436913852034],[140.01201919029498,-37.64163247470198],[139.82250503013873,-37.246258176606275],[139.86265090416217,-36.78035394076643],[139.82567885826373,-36.5954212320262],[139.74335769127154,-36.372330106537916],[139.44448378990435,-36.04130593661604],[139.38100722740435,-35.80551186923323],[139.36791518638873,-35.614273465912916],[139.12746718834185,-35.60838738803206],[138.77366164634967,-35.78762856845198],[138.50551894615435,-35.83917657260237],[138.35236648033404,-35.865005887787916],[138.27248671959185,-35.83327905062971],[138.19716933677935,-35.75692788485823],[138.42983535240435,-35.55244866732893],[138.53460219810748,-35.29727212313948],[138.56762221763873,-34.92772332553206],[138.45405105064654,-34.78163567904768],[138.21262649009967,-34.51493111972151],[138.10149672935748,-34.35610619906721],[137.88285354088092,-34.68737069491682],[137.68332961509967,-35.330879606049635],[137.59804824302935,-35.38203851107893],[137.23948195884967,-35.38277856234846],[137.14982131431842,-35.453079618256666],[137.06188491295123,-35.459629453461744],[136.94704726646685,-35.4726184976512],[137.03612807701373,-35.29395715121565],[137.0724745125606,-35.11543694857893],[137.1083631844356,-35.07076684359846],[137.39342788170123,-35.08929101352034],[137.5022840828731,-35.025345243256666],[137.55924514244342,-34.910705961030104],[137.51188186119342,-34.45911065463362],[137.71604445884967,-34.083347715180494],[137.8637342781856,-33.8794674051219],[137.90459731529498,-33.70126382235823],[137.91250136802935,-33.51676217440901],[137.98064711998248,-33.45936242465315],[138.09084609459185,-33.452774442475416],[138.18874648521685,-33.2935413492137],[138.16576674888873,-33.19179955844221],[138.0200300545528,-32.96945992831526],[137.86823562095904,-32.74712411288557],[137.81986525963092,-33.06528512362776],[137.69018081138873,-33.18006554965315],[137.45717910240435,-33.31413308505354],[137.31748488853717,-33.524490751069166],[137.27878859947467,-33.594395078461744],[137.19341567466998,-33.804504789155104],[137.06711867759967,-33.951084531586744],[136.7308454842403,-34.05992165927229],[136.40008071373248,-34.276897825043775],[136.10612014244342,-34.53196755770979],[135.9439344734981,-34.84402505282698],[135.71242812584185,-35.207439817231275],[135.52807143638873,-35.054886258881666],[135.3573103279903,-34.45715752963362],[135.23900893638873,-34.196575559418775],[135.15310195396685,-34.05044213656721],[134.84369948814654,-33.69482842807112],[134.71023086021685,-33.36431161288557],[134.63109878013873,-33.26905480746565],[134.31438735435748,-33.30151788119612],[134.2084608406856,-33.257202543061354],[134.14605239341998,-33.149185575287916],[134.1077986092403,-33.0284046304637],[134.25809768150592,-32.87542382602034],[134.23699477623248,-32.741890348237135],[134.08124831627154,-32.56410638217268],[133.83703139732623,-32.34197274569807],[133.71750930259967,-32.29769555453596],[133.34406569908404,-32.36843530062971],[133.1250868172481,-32.337078489106275],[132.69767287681842,-32.08988992099104],[132.57413772056842,-32.083782590668775],[132.37664321373248,-32.160522855561354],[132.18223098228717,-32.148201383393385],[131.99254897545123,-32.06590691928206],[131.69445327232623,-31.831182874482252],[131.2801618904903,-31.634849942963697],[131.18235305259967,-31.63506165866194],[130.85727981041217,-31.73113862399397],[130.28022292564654,-31.770496763032057],[129.97918227623248,-31.771118558686354],[129.1853895516231,-31.798204816620924],[128.91025832603717,-31.85602227572737],[128.61481765220904,-31.952036298554518],[128.17002395103717,-32.15013543490706],[127.73266128013874,-32.26553002719221],[127.26507857750202,-32.38098565463362],[126.58870223472859,-32.42055550936995],[126.23124984215046,-32.41492883090315],[126.05894759605671,-32.43436471347151],[125.64190963218952,-32.56243173007307],[125.19517043541218,-32.77325860385237],[124.84723189781452,-32.95208398227034],[124.60478499840046,-33.016182340424635],[124.41095260093952,-33.054748929780104],[124.24838546226765,-33.1441272867137],[123.97165969322468,-33.45637933139143],[123.62303451011921,-33.915073789399244],[123.3585539192989,-34.04284325961409],[123.01397231529499,-34.037186063569166],[122.76803115318562,-34.0313343179637],[122.35103133629109,-34.09579507235823],[122.17092421959187,-34.17886010531721],[121.87240889976765,-34.00136224154768],[121.74030593345906,-33.9634632242137],[121.40951827476765,-33.97050515536604],[120.70223525474812,-34.048294462006666],[120.28013900230671,-34.11913720492659],[120.07367232750202,-34.10046807650862],[119.77148726890827,-34.12017098788557],[119.5920744271114,-34.22230950717268],[119.32982924888874,-34.5790523660594],[119.17498305748249,-34.63661614779768],[118.74418929527546,-34.58025018100081],[118.67277053306843,-34.605842984955885],[118.41594222496296,-34.92440453891096],[118.20707992027546,-35.090340055268385],[117.79331496666218,-35.212253965180494],[117.52976516197468,-35.25102273349104],[116.84779647300984,-35.21419183139143],[116.56097701500202,-35.18929711703596],[116.25139144371296,-35.100723661225416],[115.96654036949421,-34.93578378085432],[115.61626723716999,-34.63118401889143],[115.28334334800984,-34.472847379487135],[115.11485579918171,-34.45411340121565],[115.04692367027546,-34.42245522860823],[114.96134475181843,-33.86925546054182],[114.98578933189656,-33.754715360444166],[115.20575240562702,-33.80515328769026],[115.40850356529499,-33.7665638101512],[115.5580168099239,-33.575447477143385],[115.64668563316609,-33.36537591342268],[115.7668562264278,-32.75454369906721],[115.74726394127156,-32.20761147860823],[115.67698195884968,-31.927919782441236],[115.56090072105671,-31.66103021029768],[115.0582609505489,-30.80351296786604],[114.96464827965046,-30.517527021210768],[114.89996627281452,-30.142443097870924],[114.91221145103718,-29.697262204926588],[114.84051040123249,-29.3858150613719],[114.63039687584187,-28.90295831088362],[114.33208754966999,-28.477526105683424],[114.06081679771687,-28.147436536591627],[113.96464065025593,-28.033178724091627],[114.02223494957234,-27.62608949069319],[113.92522719810749,-27.38466874484358],[113.5954695076778,-26.883037961762525],[113.15806868980671,-26.425062574189283],[113.03511336754109,-26.162660993378736],[113.0915861458614,-26.057699598115065],[113.17618850181843,-26.141670621674635],[113.24452498863484,-26.34109536532698],[113.32664779136921,-26.41456834201155],[113.43298629234577,-26.572010434907057],[113.57982924888874,-26.655979551117994],[113.73937514732624,-26.66653481845198],[113.58323195884968,-26.152166761201002],[113.38659957359577,-25.973730481904127],[113.28495315025593,-25.826788343232252],[113.32116225670124,-25.690336622040846],[113.65769484947468,-26.068197644990065],[113.88065627525593,-26.50903169040022],[114.09509566734577,-26.53862038974104],[114.05043319175984,-26.288614667695143],[114.18084243248249,-26.271389402192213],[114.18252089927937,-26.0170406473094],[114.0553083748653,-25.801126874726393],[113.59189895103718,-25.185356534760572],[113.43258956383015,-24.874161161225416],[113.37920669029499,-24.61360589389143],[113.36190322349812,-24.2830375802928],[113.52196029136921,-24.015673078339674],[113.66741469810749,-23.780147947114088],[113.76201919029499,-23.481134809296705],[113.72466567466999,-23.017105497162916],[113.6101179451778,-22.731264509003736],[113.62543014000202,-22.56592980746565],[113.82230666588093,-22.253988660615065],[113.87154677818562,-22.10767022494612],[113.90056899498249,-22.0376762521678],[114.02252486656452,-22.329861081879713],[114.02734664390827,-22.5205806863719],[114.07483199547077,-22.60312692050276],[114.23199752281452,-22.61550370578108],[114.30904677818562,-22.56448403720198],[114.39310744713093,-22.310005582612135],[114.45634749840046,-22.093716062348463],[114.8002043099239,-21.883192457001783],[115.34923842857624,-21.60229340915022],[115.56738570640827,-21.455606855195143],[115.87116530845906,-21.194311536591627],[116.1345548958614,-20.983953870576002],[116.41879561851765,-20.83712235812483],[116.77440932701374,-20.785517133515455],[117.08811477134968,-20.778484739106275],[117.40317824791218,-20.77781525973616],[117.59692672203327,-20.75833360080061],[117.75520614097859,-20.675350583832838],[117.96847060631062,-20.471458829682447],[118.19072249840046,-20.413759626191236],[118.6086759896114,-20.381090558808424],[118.73431685875202,-20.31724587802229],[118.86508468101765,-20.06903497103987],[118.93625167320515,-20.024374402802565],[119.13646224449421,-20.03666726474104],[119.53112319420124,-20.137548841279127],[119.81251815269734,-20.117874540131666],[120.22289565513874,-19.983488477509596],[120.71038344810749,-19.7726558816844],[120.87214950035359,-19.676941312592604],[121.19428542564656,-19.377451337617018],[121.38649276207234,-19.116382993500807],[121.51682570884968,-18.83638421420393],[121.57633498619343,-18.702747739594557],[121.76076796959187,-18.537056363862135],[122.19645217369343,-18.243687070649244],[122.23190597008015,-18.16732255343733],[122.20167830894734,-17.98303071383772],[122.09275344322468,-17.62090150241194],[122.08547500084187,-17.398397840302565],[122.56406691978718,-16.895162977021315],[122.73833754966999,-16.58328477267561],[122.86900618980671,-16.659296430390455],[123.02266982506062,-16.856033719819166],[123.30124953697468,-17.46574441317854],[123.41870406578327,-17.579918302338697],[123.49824813316609,-17.319094098847486],[123.50830367515827,-17.109293378632643],[123.70408919761921,-17.21694413546858],[123.82684615562702,-17.248470701020338],[123.91204360435749,-16.974916852753736],[123.88523391197468,-16.911405957978346],[123.63165572593952,-16.803881086152174],[123.55294326256062,-16.695965207856275],[123.55619338463093,-16.441679395478346],[123.5758390755489,-16.390787519257643],[123.97947219322468,-16.408991254609205],[124.27727034996296,-16.5227836740428],[124.56586745689656,-16.50945130709944],[124.71627334068562,-16.496412671845533],[124.8463468880489,-16.53004113559065],[124.53141311119343,-16.32516709689436],[124.33776381920124,-16.26200906161604],[124.39524367759968,-16.020317472260572],[124.36374953697468,-15.886891759675123],[124.42450240562702,-15.657898343842604],[124.61432937095906,-15.498568929474928],[124.68864730308796,-15.466621793549635],[125.01804641197468,-15.643917478364088],[125.10913375328327,-15.624654210846998],[125.05853560875202,-15.421336568635084],[125.10795882652546,-15.205084241669752],[125.17386916588093,-15.039676107209303],[125.15565780113484,-14.80450574282942],[125.31700423668171,-14.727873243134596],[125.49717238853718,-14.676636136811354],[125.86320022056843,-14.694914258759596],[126.10146621177937,-14.204934514802076],[126.26835921715046,-14.071074880402662],[126.42573836754109,-14.147019780915358],[126.54604628990437,-14.350181974213697],[126.66506484459187,-14.102008260529615],[126.7646589608028,-14.00008622531233],[126.8534269661739,-13.783772863190748],[127.16648391197468,-14.06279603366194],[127.39746383140827,-14.100444234650709],[127.52909377525593,-14.195505536835768],[127.67795852134968,-14.436746038239576],[127.96256545494343,-14.703128255646803],[128.01755813072467,-15.020859159272291],[127.9848738045528,-15.287912763398268],[128.06614211509967,-15.376742757599928],[128.18139174888873,-15.249349988740065],[128.38897231529498,-14.943780339997389],[128.45885756920123,-14.886408246796705],[128.98087600181842,-14.923437513154127],[129.1964216561153,-14.992895520966627],[129.4828749031856,-15.214777387421705],[129.63227370689654,-15.27802983645735],[129.70249465416217,-15.06174508456526],[129.83855727623248,-14.927954114716627],[129.84861281822467,-14.81985989932356],[129.7288465828731,-14.6739009988719],[129.4588270516231,-14.496494687836744],[129.42302993248248,-14.413933194916822],[129.42655471275592,-14.305860914033033],[129.49160293052935,-14.261222280305006],[129.76328566978717,-14.019071973603346],[129.76626113365435,-13.81564847354231],[129.85227492759967,-13.72011796359358],[130.0855360359981,-13.592476285737135],[130.20598891685748,-13.484157003205397],[130.27386001060748,-13.363228238862135],[130.23192885826373,-13.280684865754225],[130.23289016197467,-13.147189534943678],[130.46349624107623,-12.758938230317213],[130.51760390709185,-12.733391202729322],[130.6604872078731,-12.72037259463606],[130.83957961509967,-12.707269109528639],[130.95127395103717,-12.630752958100416],[130.85886672447467,-12.446610845368483],[131.02834609459185,-12.268255628388502],[131.1829481453731,-12.23614922885237],[131.53991225670123,-12.400642789643385],[131.8174696297481,-12.368270314972975],[132.3980360359981,-12.328884519379713],[132.62845900963092,-12.27117005709944],[132.73310378502154,-12.194671071808912],[132.75112441490435,-12.169199384492018],[132.71654799888873,-12.080284513276197],[132.62626174400592,-11.74993745211897],[132.51459792564654,-11.623050130646803],[132.30280593345904,-11.502738393586256],[132.13444045494342,-11.541232503693678],[132.02456191490435,-11.47790376071272],[132.04062941978717,-11.382525838654615],[132.20559218834185,-11.318603910248854],[132.38376906822467,-11.299159444611647],[132.66144851158404,-11.533748067658522],[132.7760114998653,-11.577992833893873],[132.92898086021685,-11.533173955720045],[133.09293654869342,-11.672655500214674],[133.39728835533404,-11.881771482270338],[133.55918410728717,-11.951347745698072],[134.14269545982623,-12.08357182864485],[134.40871718834185,-12.121143735688307],[134.59479812095904,-12.057175077241041],[134.76211074302935,-12.06317273501692],[134.93998244713092,-12.33612195376692],[135.12852004478717,-12.386565603058912],[135.19175246666217,-12.373721517365553],[135.4445448250606,-12.17612496737776],[135.6490125984981,-12.188396848481275],[135.9424696297481,-12.359384931367018],[136.09121230552935,-12.575194753449537],[136.29860976646685,-12.511177457612135],[136.35337356041217,-12.155095495026686],[136.43450454185748,-12.116775907319166],[136.6396131844356,-12.326100744050123],[136.79108718345904,-12.370272077363111],[136.85967544029498,-12.440060056489088],[136.66369155357623,-12.624820150178053],[136.60668471763873,-12.815645612519361],[136.52762893150592,-12.91117135409651],[136.52297500084185,-13.108231939118483],[136.4690809578731,-13.22276917819319],[136.23832229088092,-13.229627050202467],[136.0086317391231,-13.331823743622877],[135.8308973641231,-13.484774030488111],[135.8288221688106,-13.73269120578108],[135.96454909752154,-13.891323484223463],[135.88064101646685,-14.202999509614088],[135.70904067466998,-14.464002050202467],[135.45757583091998,-14.680681623261549],[135.38805678795123,-14.896969236176588],[135.41660598228717,-14.973190702241041],[135.6274519295528,-15.169813550751783],[136.0943708748653,-15.448520101349928],[136.4586286873653,-15.752892888825514],[136.6871443123653,-16.025764859955885],[136.79784682701373,-16.070034421723463],[136.95487502525592,-16.018833555024244],[137.07371047447467,-16.031298078339674],[137.42570022056842,-16.189468778412916],[137.75956252525592,-16.39855805758772],[137.95461562584185,-16.601568616669752],[138.26032546470904,-16.842495359223463],[138.41083816002154,-16.89939729098616],[138.61010268638873,-16.911690152924635],[138.96274856041217,-16.993572629731275],[139.07531264732623,-17.075981534760572],[139.17309096763873,-17.355503476899244],[139.24831679771685,-17.431642926972486],[139.4762831063106,-17.571018613617994],[139.81826308677935,-17.761026777070143],[140.06020644615435,-17.830437101166822],[140.2497206063106,-17.79824296359358],[140.43633559654498,-17.721550382416822],[140.70754531334185,-17.631971753876783],[140.80094436119342,-17.561829007905104],[141.1324110359981,-16.957149900239088],[141.31382277916217,-16.448162473481275],[141.40151503990435,-15.856735624116041],[141.51760390709185,-15.532259382050611],[141.71129897545123,-15.226692594330885],[141.65236953209185,-15.036095060151197],[141.4681501717403,-14.75677625064192],[141.47809890220904,-14.616904653351881],[141.58454421470904,-14.330600179474928],[141.66839126060748,-14.114287771027662],[141.59475234459185,-13.987305082123854],[141.51232436607623,-13.809475339692213],[141.55216506431842,-13.497904218476393],[141.59882644127154,-13.046469129365065],[141.6997938484981,-12.912751592438795],[141.84760573814654,-12.842509664338209],[141.91894057701373,-12.702511228364088],[141.67852309654498,-12.467817701142408],[141.69340041588092,-12.378801740449049],[141.95302871177935,-11.952336705964186],[142.09292128990435,-11.532499707978346],[142.12565139244342,-11.157391942780592],[142.21161941002154,-11.04914800051985],[142.33755019615435,-10.91538277987776]]]]}},{"type":"Feature","properties":{"NAME":"Tasmanian hunter-gatherers","ABBREVN":"Tasmanian hunter-gatherers","INFO_UR":null,"SUBJECTO":"Tasmanian hunter-gatherers","BORDERPRECISION":1,"PARTOF":"Tasmanian hunter-gatherers"},"geometry":{"type":"MultiPolygon","coordinates":[[[[146.7127333016231,-43.721809781830885],[146.49712661216998,-43.61904946688948],[145.96689895103717,-43.40729180697737],[145.72265151451373,-43.24016610507307],[145.4938612313106,-42.918430722992994],[145.27936843345904,-42.6676754129344],[145.1825056404903,-42.48116723422346],[145.30095961998248,-42.4616207254344],[145.37702468345904,-42.506531156342604],[145.56630996177935,-42.58340493563948],[145.62429336021685,-42.51891747836409],[145.53049758384967,-42.345310605805494],[145.2141981453731,-42.03065911654768],[144.9360456795528,-41.70970574740706],[144.86892226646685,-41.59412804965315],[144.70011428306842,-41.16398660067854],[144.69687941978717,-40.862190641205885],[144.7761335701778,-40.84276238803206],[145.22802260826373,-40.983108915131666],[145.89188674400592,-41.142315305512525],[146.3822126717403,-41.30834618930159],[146.74070266197467,-41.29478494052229],[146.94913772056842,-41.23012200717268],[147.12060073326373,-41.17839089755354],[147.2885847420528,-41.15234795932112],[147.59635451744342,-41.16458932284651],[147.73382094810748,-41.02944222811995],[148.05588820884967,-40.919651426117994],[148.26952651451373,-41.09258309726057],[148.26568129966998,-41.137554563325025],[148.32305434654498,-41.497234739106275],[148.31925490806842,-41.80580560092268],[147.98119643638873,-42.48201409701643],[147.9256697029903,-42.82340279940901],[147.8153181404903,-42.96535149936018],[147.39066604088092,-43.08217660311995],[147.14171889732623,-43.256687558930494],[146.92144301841998,-43.566597379487135],[146.83597854088092,-43.68932381991682],[146.7127333016231,-43.721809781830885]]]]}},{"type":"Feature","properties":{"NAME":"Paleo-Siberian hunter-gatherers","ABBREVN":"Paleo-Siberian hunter-gatherers","INFO_UR":null,"SUBJECTO":"Paleo-Siberian hunter-gatherers","BORDERPRECISION":1,"PARTOF":"Paleo-Siberian hunter-gatherers"},"geometry":{"type":"MultiPolygon","coordinates":[[[[105.40307092131953,72.748726095192],[105.60022262047077,72.74426611538591],[106.08698562095906,72.8553958761281],[106.50154403160359,73.06131323452654],[107.24994185875202,73.13382300015154],[107.80428603599812,73.1427722799367],[108.74962905357624,73.26322516079607],[109.59518722008015,73.39159735317888],[109.99058822105671,73.43995245571794],[110.44228652427937,73.56786688442888],[110.40001967857624,73.74287756558122],[110.17844680259968,73.79822119351091],[110.16323378990437,73.83008917446794],[110.28963759849812,73.9420657980031],[110.55127242515827,74.03844793911638],[110.94413283775593,73.94327124233904],[111.21531203697468,73.76829870815935],[111.49485305259968,73.74487646694841],[111.76165297935749,73.65779455776872],[112.09338668297077,73.63455542202654],[112.47680190513874,73.65914496060076],[112.99697402427937,73.779567323882],[113.22158339927937,73.74810370083513],[113.30773452232624,73.61295660610857],[113.31173995445515,73.38266333218279],[113.54699233482624,73.20093115444841],[114.1866789192989,73.55099829312029],[114.9341154427364,73.56032141323747],[115.61149123619343,73.62520178433122],[116.67113784263874,73.61922796841326],[117.53464797447468,73.54927404995622],[117.91884902427937,73.53409155483904],[118.46038344810749,73.51922949429216],[118.33846572349812,73.18611487026872],[118.49779799888874,73.03624304409685],[119.41744521568562,72.96692999478044],[119.79856399009968,72.91246374722185],[120.11277297447468,72.88152655239763],[120.57851699302937,72.83511694546404],[121.69950393150593,72.9002185689992],[122.24328139732624,72.90912207241716],[122.88243392418171,72.75281103726091],[123.51475051353718,73.17200811978044],[123.44220260093952,73.33018835659685],[123.42497542808796,73.43322332974138],[123.40985396812702,73.48077734585466],[123.5007008987776,73.50494943844788],[124.54383390453704,71.58610355723228],[130.86731605142418,69.90104204211539],[155.89216029229675,68.16901029658281],[168.13549806605704,67.45778023799447],[171.76813674618367,65.85917681241212],[172.4408476128738,63.07842210456581],[169.48091979943723,61.192640399715565],[170.34409823134902,60.27960975244485],[170.3368025154903,60.27710302944841],[170.26842788170123,60.14513739224138],[170.27305129478717,60.01343115444841],[170.06013015220904,59.881801210600756],[169.87749770591998,59.8745609151906],[169.61364272545123,60.01220282192888],[169.53161147545123,60.12989386196794],[169.45571425865435,60.29626806851091],[169.15412429283404,60.43464239712419],[168.67075637291217,60.45457800503435],[168.2109022469356,60.432860933501146],[167.68961623619342,60.35544928188982],[167.10398391197467,60.27102621670427],[166.8684187264278,60.17341574307146],[166.2685194344356,59.833278261382006],[166.02721694420123,59.70872076626482],[165.94497207115435,59.77061041470232],[166.20342544029498,60.35263785000505],[165.95633986900592,60.31051596279802],[165.7799940438106,60.35411413784685],[165.41538527916217,60.11518820400896],[165.11359694908404,60.03144034023943],[164.93296340416217,59.96187552090349],[164.88157180259967,59.73413809414568],[164.5846052498653,59.66465338345232],[164.4419050545528,59.74018820400896],[164.32805922935748,59.96072729702654],[164.11052993248248,60.07820852871599],[163.64969924400592,59.79202231045427],[163.76682570884967,59.88375815029802],[163.51627639244342,59.85569342251482],[163.3886823983028,59.81406363125505],[163.10639480064654,59.57917364712419],[163.04290297935748,59.462001405913256],[163.09977248619342,59.35886725063982],[163.25451186607623,59.29037436123552],[162.8352156014278,59.055907808501146],[162.75344375084185,58.96646460171404],[162.90740493248248,58.891280733305834],[162.61590102623248,58.732963167387865],[162.22001174400592,58.48553045864763],[161.93841079185748,58.25918539639177],[161.80436232994342,58.1017223226613],[161.7999372811153,57.86273535366716],[161.9892225594356,57.71985205288591],[162.20365432213092,57.67936285610857],[162.82566359947467,57.700980745512865],[163.0783796639278,57.62649878140154],[163.12783339927935,57.55162390347185],[162.93203261802935,57.37424048062029],[162.5932722420528,57.169540010649584],[162.51240066002154,57.033492647368334],[162.61281875084185,56.802882753569506],[162.74430373619342,56.59970816250505],[163.09797194908404,56.55972632046404],[163.17226699302935,56.383815370757006],[163.16599563072467,56.106498323637865],[163.00907424400592,55.94406851406755],[162.77128127525592,55.91659506436052],[162.55463698814654,56.01072271938982],[162.54719069908404,56.10531576748552],[162.72187331627154,56.34234961147966],[162.5218153328731,56.34873541470232],[162.31757644127154,56.24010046597185],[161.86132338951373,55.86087378140154],[161.60943129966998,55.55691488857927],[161.50274184654498,55.287372194487475],[161.64737990806842,54.985091768462084],[161.93853286216998,54.84510000820818],[162.00820449302935,54.73822363491716],[161.8758650154903,54.56412848110857],[161.5666151375606,54.42324026699724],[161.1363630623653,54.40906866665544],[160.83759597252154,54.448566042143725],[160.68291762779498,54.4482799398488],[160.4043073983028,54.36758764858904],[160.02738479088092,54.15326651211443],[159.93114760826373,54.086356722075365],[159.69506362388873,53.85922583218279],[159.63321975181842,53.70584448452654],[159.68349746177935,53.579433046538256],[159.90476516197467,53.40018042202654],[159.9220838875606,53.300468050200365],[159.8968611092403,53.24057730313005],[159.5917616219356,53.133624635893725],[159.31981948326373,53.12647207852068],[158.78814223716998,52.95936545010271],[158.46136001060748,52.82596167202654],[158.43166640709185,52.71308477993669],[158.4623670906856,52.58713873501482],[158.38950637291217,52.2026859151906],[158.2580213875606,52.01712378140154],[157.89777663658404,51.66602285977068],[157.20952895591998,51.229003511626146],[156.82464126060748,51.00411947842302],[156.6963758797481,50.957748018462084],[156.5637312264278,51.234359346587084],[156.4746961922481,51.603820406157396],[156.36185744713092,51.914237581450365],[156.33323195884967,52.27155645962419],[156.17524245689654,52.60925634976091],[156.0380964608028,52.78148993130388],[155.94184401939654,53.193080507475756],[155.71079543541217,53.80493887539568],[155.70746901939654,54.06495245571794],[155.6380720467403,54.3184085714406],[155.63018325279498,54.465350710112475],[155.58306411216998,54.55207403774919],[155.46520522545123,54.91977270718279],[155.45347121666217,55.27581366177263],[155.50568679283404,55.63962133999529],[155.6275739998653,56.26791723843279],[155.70299819420123,56.36959799404802],[156.23583510826373,56.756827913481615],[156.5578718514278,56.94747122402849],[156.81467727134967,57.26057013149919],[156.8776502938106,57.36274298306169],[156.8394880623653,57.50565680142107],[156.77685073326373,57.58045538540544],[157.51116469810748,57.74545248623552],[157.96169570396685,57.88275869961443],[158.3262586922481,58.026820741850756],[159.10428908775592,58.424884401518725],[159.39269545982623,58.610351167876146],[159.58628371666217,58.80267675991716],[159.64911941002154,58.95374640103044],[160.45193007896685,59.35388907070818],[160.8442488045528,59.554244600493334],[161.5352430672481,59.9416881429738],[161.70084670494342,60.07350882168474],[161.81792739341998,60.2679935323781],[162.38112929771685,60.46357306118669],[163.32929519127154,60.69494970913591],[163.44480422447467,60.89026602383318],[163.79265883873248,61.128192506987475],[163.83137038658404,61.23308905239763],[163.57572463463092,61.330470644194506],[163.94228652427935,61.73741491909685],[163.92588332603717,61.955001436430834],[164.00829604576373,62.1308971273488],[164.27720168541217,62.22288092251482],[165.05478957603717,62.25954397793474],[165.28571608970904,62.2881351339406],[165.06716445396685,62.435687624174975],[164.13767531822467,62.532653413969896],[163.81841567466998,62.489738069731615],[163.34025100181842,62.411300264555834],[162.9902448983028,62.32608374233904],[163.00915053795123,62.17827948208513],[162.71056655357623,61.76318701382341],[162.7668562264278,61.67209967251482],[162.74877456138873,61.60898550625505],[162.45061782310748,61.559379183012865],[162.2352400154903,61.5099254476613],[161.5357771248653,61.1868167745656],[160.6449842781856,60.71775396938982],[160.11884597252154,60.563624941069506],[160.00710586021685,60.59125097866716],[160.0769911141231,60.7375865804738],[160.23559096763873,60.94700964565935],[159.8155165047481,60.98108252163591],[159.74351027916217,61.099635683257006],[159.85686782310748,61.30249746914568],[160.0562391609981,61.51285132046404],[160.14934829185748,61.66016729946794],[160.1182508797481,61.75127752896013],[159.96580031822467,61.765040956694506],[159.45463088463092,61.56075247402849],[159.23105910728717,61.546310030180834],[159.10642531822467,61.70729025479021],[158.84125808189654,61.78396948452654],[158.11835769127154,61.719474397856615],[157.52826980064654,61.66927298184099],[157.0979872078731,61.63339956875505],[156.82523635338092,61.56281241055193],[156.42315200279498,61.40100439663591],[156.38117507408404,61.20508154507341],[156.41843703697467,61.121329866606615],[155.85076430748248,60.88296850796404],[155.66668227623248,60.778041444975756],[155.7338972420528,60.55536612148943],[155.15180495689654,60.39435156460466],[154.6933241219356,60.199019991118334],[154.31565383384967,59.98334845181169],[154.09215835045123,59.775878511626146],[153.94297316978717,59.56882818813982],[153.9444685311153,59.39667852993669],[154.18178847740435,59.30077704067888],[154.75280288170123,59.28121908779802],[154.87804702232623,59.15770300503435],[154.9058943123653,59.102767549712084],[154.38708022545123,59.03995092983904],[153.92443374107623,58.922347627837084],[153.45414260338092,58.94891699429216],[153.13988784263873,59.010123811919115],[152.96824172447467,58.99606665249529],[152.8283338875606,58.947738252837084],[152.50420669029498,58.76871832485857],[152.1912489266231,58.9259410726613],[151.69065383384967,58.75345953579607],[151.35448745201373,58.691119753081225],[151.13540175865435,58.73182638760271],[151.00748732994342,58.79334219570818],[151.05617812584185,58.923812471587084],[151.39268020103717,58.97937353726091],[151.78330520103717,59.03504904385271],[151.8572645516231,59.055812441069506],[151.52360061119342,59.34394415493669],[151.14020827720904,59.43957098599138],[150.6634168953731,59.4318004476613],[150.2786512703731,59.36224707241716],[150.12006667564654,59.3894534933156],[149.7295790047481,59.595328890044115],[149.38030532310748,59.60845526333513],[149.04528335045123,59.58715399380388],[148.72844985435748,59.476337038237475],[148.7472029061153,59.29743155117693],[148.63029006431842,59.19402655239763],[148.41608718345904,59.09739264126482],[148.10282424400592,59.20679815884294],[147.91918471763873,59.261474214751146],[147.35222915123248,59.23288687344255],[146.99962905357623,59.19095953579607],[146.70640090416217,59.22479590054216],[146.30735305259967,59.28595312710466],[146.0539656014278,59.25107153530779],[146.02347854088092,59.19599493618669],[145.95696547935748,58.98285635586443],[145.65258315513873,58.97540625210466],[145.51279738853717,59.03694876309099],[145.49566176841998,59.20875128384294],[145.4041395516231,59.32550390835466],[144.84569838951373,59.283195100981615],[144.38981154869342,59.309859834868334],[143.82409194420123,59.29501303311052],[143.30285170982623,59.2665286886281],[142.92681411216998,59.27957113857927],[142.84585097740435,59.27252539272966],[142.35776809166217,59.140956484038256],[142.72148001084966,59.23899962729002],[137.17796706332177,61.33433849362306],[127.80939535096982,61.80384030510338],[116.96157547350965,59.88266776324234],[115.20548227520561,57.386117039726635],[114.0159088408366,59.54672904426065],[107.9615110406255,59.8183896994711],[99.48535412032993,55.65854236961009],[99.53745541241915,55.2811223478262],[98.38454408182852,55.51880503133128],[93.70004066679506,56.48455609390737],[78.36223290626025,56.41019430623805],[65.31164209247186,55.04663307077481],[59.189973205591734,56.41019430623805],[59.09429166962169,56.4318399506882],[62.80579411405116,56.95520024672745],[75.85638492783956,61.42677903286463],[98.45947004862771,69.79094730127832],[105.40307092131953,72.748726095192]]]]}},{"type":"Feature","properties":{"NAME":"Guanahatabeyes","ABBREVN":"Guanahatabeyes","INFO_UR":null,"SUBJECTO":"Guanahatabeyes","BORDERPRECISION":1,"PARTOF":"Guanahatabeyes"},"geometry":{"type":"MultiPolygon","coordinates":[[[[-81.35133888616838,22.150710712300835],[-81.5723390249336,22.16377218814258],[-81.7923097280586,22.207803331331057],[-82.17722794094922,22.365911088899416],[-82.04057022610547,22.38526877017383],[-81.66258713284375,22.506841264680666],[-81.73938461819532,22.621106706575198],[-81.87978073635938,22.67165144534473],[-82.0456056264961,22.69673880191211],[-82.33874985257032,22.68975218387012],[-82.56240555325391,22.70836027713184],[-82.85274216214063,22.637816987947268],[-83.38968369046094,22.223493181184573],[-83.55666824856641,22.210414491609377],[-83.85055252591016,22.209794603303713],[-83.94530197659375,22.15874060244922],[-84.03049942532422,21.955144487336916],[-84.20862289944532,21.827642045930666],[-84.35245987454297,21.80826147647266],[-84.70640274563672,21.769591890291018],[-84.58989426175,21.91581305117969],[-84.37717911282422,22.056123338655276],[-84.43468948880079,22.322982393220705],[-84.30804153958204,22.494884096101565],[-84.25643631497266,22.539485536531252],[-83.69038864651563,22.81403311343555],[-82.95926376858594,23.025355897859377],[-82.43556686917188,23.06459578128223],[-82.05677506008985,23.135327897981448],[-81.68569656887891,23.117036424592776],[-81.43114944973829,23.136655412629885],[-81.36276706801664,23.120923686012283],[-81.35133888616838,22.150710712300835]]]]}},{"type":"Feature","properties":{"NAME":"Taino","ABBREVN":"Taino","INFO_UR":null,"SUBJECTO":"Taino","BORDERPRECISION":1,"PARTOF":"Taino"},"geometry":{"type":"MultiPolygon","coordinates":[[[[-62.98583999999988,17.519722],[-62.942505,17.493610000000103],[-62.938614,17.490276000000108],[-62.936394,17.48583200000013],[-62.940285,17.474442],[-62.947784,17.467777],[-62.95195,17.464996],[-62.961113,17.460831],[-62.971947,17.458054],[-62.976669,17.460831],[-62.979446,17.464722],[-62.995285,17.489719],[-62.997505,17.494164000000126],[-62.998062,17.514442],[-62.996674,17.520554],[-62.991112,17.521942],[-62.98583999999988,17.519722]]],[[[-61.887222,17.105274],[-61.884171,17.109722],[-61.832779,17.163887],[-61.826393,17.167221],[-61.794449,17.16333],[-61.784172,17.158333],[-61.744171,17.137218],[-61.674171,17.093609],[-61.67028,17.090275],[-61.668892,17.084999],[-61.666389,17.04583],[-61.667503,17.040554],[-61.682503,17.027496],[-61.686668,17.024441000000138],[-61.73806,16.989719],[-61.82917,16.996944],[-61.876114,17.016941],[-61.880562,17.019722],[-61.883614,17.023609],[-61.885834,17.028053],[-61.887222,17.033054000000106],[-61.891113,17.094166],[-61.887222,17.105274]]],[[[-61.847504,17.580830000000105],[-61.853058,17.583054],[-61.856674,17.592499],[-61.873894,17.688889],[-61.875282,17.698608],[-61.873062,17.703888],[-61.850281,17.722775000000127],[-61.845558,17.724998],[-61.839172,17.724720000000104],[-61.787224,17.700554],[-61.783615,17.69722],[-61.74334,17.653053],[-61.74028,17.649166],[-61.73806,17.644722000000115],[-61.731674,17.624996],[-61.729172,17.608608],[-61.731117,17.547222],[-61.73278,17.541111],[-61.738892,17.5405540000001],[-61.751945,17.549442],[-61.815559,17.583885],[-61.834724,17.588608],[-61.839447,17.586666],[-61.842781,17.582775],[-61.847504,17.580830000000105]]],[[[-69.89751907864454,19.50615271182422],[-69.746632543,19.353932939485354],[-69.50909134426954,19.20824011416797],[-69.35819717923047,19.170419298127932],[-69.0687760976875,19.075702272371096],[-68.65684982815625,18.8731761798418],[-68.47713181057813,18.714660249666018],[-68.37292954007032,18.57504042239551],[-68.45882889309766,18.498578630403323],[-68.52344986477735,18.36497076602344],[-68.66471573391797,18.199407182649416],[-68.77203842678907,18.243671022371096],[-68.98589798489454,18.510177217439455],[-69.15604874173047,18.528874956086916],[-69.51068588772657,18.502696596101565],[-69.64012619534375,18.546914659456057],[-69.80801865139844,18.546546541169924],[-69.95595261135938,18.501741014436526],[-70.29922195950391,18.259479127839846],[-70.47737595120313,18.284516893342776],[-70.62097641507032,18.506677232698244],[-70.69551559964063,18.519239030793948],[-70.76542374173047,18.493663392976565],[-71.06150528469922,18.346831880525393],[-71.21652695217969,17.99692114444141],[-71.40075394192579,17.704131685212893],[-71.53066727200391,17.754708848909182],[-71.67702957669141,18.002502046541018],[-71.97817703762891,18.262244783357424],[-72.1782960561836,18.287250123933596],[-72.52073380032422,18.222953401521487],[-72.91549393216016,18.228465639070315],[-73.21522995510938,18.291394792512698],[-73.47379013577344,18.31626471133594],[-73.68713852444532,18.27130850406055],[-73.85703751126172,18.11204680056934],[-73.91776749173047,18.130984865144534],[-74.36476608792188,18.377919755891604],[-74.44179245510938,18.52395399661426],[-74.4240007070625,18.612981401399416],[-74.30322739163282,18.695867143586916],[-73.83023544827344,18.652387224153323],[-73.5463151601875,18.60214003177051],[-73.04026505032422,18.52694471927051],[-72.74589249173047,18.508500657991213],[-72.47153946438672,18.591725908235354],[-72.29777237454297,18.66201552005176],[-72.38686844387891,18.73174437137012],[-72.69836136380079,18.940839372590823],[-72.75935837307813,19.07419165225391],[-72.6764650014961,19.39217909427051],[-72.7671632436836,19.525476060823244],[-72.94463821926954,19.595008455232424],[-73.35536667385938,19.657699190095705],[-73.49257370510938,19.75275381656055],[-73.47450729885938,19.835433565095705],[-73.42115494290235,19.873681627229494],[-73.26623245755079,19.918500505403323],[-72.94038864651563,19.944619737581057],[-72.58875748196485,19.88816984744434],[-72.10268875637891,19.755714021638674],[-71.84328934231641,19.730846010164065],[-71.77705856839063,19.771005235627932],[-71.550587621125,19.89672239871387],[-71.37389847317579,19.83353766055469],[-71.22025772610547,19.833875261262698],[-71.04739090481641,19.91051634402637],[-70.88160416165235,19.929931245759768],[-70.81868454495313,19.84108503909473],[-70.73888107815625,19.790402971223635],[-70.28918930569532,19.651521287874026],[-69.99339005032422,19.68393477054004],[-69.89751907864454,19.50615271182422]]],[[[-65.95150467434766,18.47215612979297],[-65.77500626126172,18.39626082034473],[-65.72408005276563,18.33280523867969],[-65.80848404446485,18.17372664065723],[-65.84002396145704,18.129159532502932],[-65.96735092678907,18.02719458194141],[-66.11842056790235,18.00780638308887],[-66.45086380520704,18.045222841218752],[-66.74635788479688,18.012820802644534],[-66.90559860745313,17.936208330110354],[-67.15195175686719,17.986524187043948],[-67.15195175694825,17.986524187280757],[-67.18456741848829,18.08180197329883],[-67.16167923489454,18.329742036775393],[-67.16167923499897,18.329742037005953],[-67.16167923499897,18.329742037005946],[-67.21057602444532,18.437686525300784],[-67.21057602444183,18.43768652530614],[-67.21057602444183,18.437686525306134],[-67.16099258938672,18.51406057925586],[-67.05517288723829,18.54607542605762],[-66.81060501614454,18.514813981965823],[-66.6288346914375,18.521562181428713],[-65.95150467434766,18.47215612979297]]],[[[-77.76949783841016,18.510497652009768],[-77.15585037747266,18.39738615603809],[-76.71915909329297,18.239417634919924],[-76.42635056057813,18.1192642077959],[-76.30068680325391,17.99240645022754],[-76.31858536282422,17.90338858218555],[-76.46769424954297,17.871293626741213],[-76.80554672757032,18.004052720979494],[-77.05025955716016,17.978101335481448],[-77.15228745022657,17.86346586795215],[-77.29082962551954,17.805966936067385],[-77.42530533352735,17.831100069001955],[-77.73733994046094,17.932134233430666],[-77.84049698391797,18.05268820376758],[-78.05180832425,18.217500291780276],[-78.26112839260938,18.25519522281055],[-78.32486435452344,18.35040434451465],[-78.08641525784375,18.478032670930666],[-77.76949783841016,18.510497652009768]]],[[[-62.20723,16.811108],[-62.20195,16.81361],[-62.176392,16.808609],[-62.148056,16.751663],[-62.146393,16.746666],[-62.137505,16.692776],[-62.140282,16.688332],[-62.15139,16.678055],[-62.155556,16.675278],[-62.165558,16.671665],[-62.171394,16.671387],[-62.190002,16.672497],[-62.208618,16.683609],[-62.212502,16.686943],[-62.229729,16.70472],[-62.236671,16.711941],[-62.237228,16.717499],[-62.23584,16.730553],[-62.20723,16.811108]]],[[[-62.978889,18.276665],[-62.972504,18.276665],[-62.970001,18.272221],[-62.969452,18.266388],[-62.986671,18.235554],[-62.993057,18.227219],[-63.021118,18.214443],[-63.030838,18.210278],[-63.074173,18.192776],[-63.140007,18.168331],[-63.150841,18.165554],[-63.15667,18.164997],[-63.167778,18.164444],[-63.158615,18.175831],[-63.155281,18.179443],[-63.141396,18.194164],[-63.057503,18.256386],[-63.053337,18.259163],[-63.048615,18.261387],[-63.022507,18.268887],[-62.978889,18.276665]]],[[[-62.626114,17.126663],[-62.625557,17.139164],[-62.623611,17.151108000000136],[-62.620285,17.16333],[-62.610001,17.191109],[-62.599724,17.19722],[-62.582779,17.199718],[-62.576118,17.199444],[-62.548615,17.189999000000114],[-62.544724,17.18666500000012],[-62.542503,17.18222],[-62.541389,17.176941],[-62.535278,17.144997],[-62.534172,17.13361],[-62.535278,17.120831],[-62.538612,17.108608000000117],[-62.544449,17.09972],[-62.547783,17.096107],[-62.55278,17.094166],[-62.585007,17.091663],[-62.591393,17.091942],[-62.610558,17.095276],[-62.617226,17.102497],[-62.621948,17.111385],[-62.625282,17.120831],[-62.626114,17.126663]]],[[[-62.671112,17.25722100000013],[-62.677223,17.264999000000103],[-62.692505,17.278332],[-62.707504,17.285831000000144],[-62.71389,17.28611],[-62.725006,17.284164],[-62.73806,17.284721],[-62.759445,17.287498],[-62.778336,17.292221],[-62.793335,17.299999],[-62.835281,17.324444],[-62.839172,17.327774],[-62.861671,17.366386],[-62.863892,17.370831000000123],[-62.856392,17.38583],[-62.849449,17.393055],[-62.838615,17.401943],[-62.817505,17.410831],[-62.812782,17.409443000000124],[-62.734726,17.368053],[-62.730003,17.365276],[-62.701668,17.336941],[-62.622505,17.241943],[-62.62056,17.231388],[-62.621674,17.224442000000124],[-62.625282,17.220833],[-62.653893,17.208885],[-62.662224,17.239166],[-62.671112,17.25722100000013]]],[[[-64.721954,17.75805300000013],[-64.709167,17.754997],[-64.696671,17.745552],[-64.689728,17.74472],[-64.687225,17.750000000000114],[-64.683899,17.753887],[-64.674454,17.75805300000013],[-64.663071,17.767776],[-64.657791,17.7691650000001],[-64.638062,17.765274],[-64.610001,17.762218000000132],[-64.590286,17.761944],[-64.576675,17.76083],[-64.570282,17.759441],[-64.565002,17.757221],[-64.560837,17.753887],[-64.560287,17.748333],[-64.564178,17.745277],[-64.578064,17.74638700000014],[-64.590561,17.749443],[-64.59584,17.749443],[-64.600571,17.747219],[-64.61084,17.736111],[-64.618896,17.730274000000122],[-64.628067,17.72583],[-64.64418,17.721664],[-64.668335,17.710831],[-64.691956,17.708332],[-64.714172,17.704166],[-64.726395,17.70527600000014],[-64.738892,17.708054],[-64.744446,17.706665],[-64.757782,17.699444],[-64.763062,17.698055],[-64.776947,17.699165],[-64.78862,17.697777],[-64.804459,17.6936070000001],[-64.815567,17.69166600000011],[-64.823059,17.684719],[-64.828339,17.683331],[-64.833618,17.683331],[-64.843063,17.688889],[-64.852234,17.684444],[-64.858612,17.685833000000116],[-64.862503,17.68916300000012],[-64.868057,17.68972],[-64.872223,17.686943],[-64.877502,17.685555],[-64.896118,17.676666000000125],[-64.895844,17.679443],[-64.891953,17.68249900000012],[-64.888901,17.686943],[-64.881958,17.71027800000013],[-64.880005,17.723888],[-64.883057,17.733887],[-64.890839,17.746666],[-64.891678,17.752499000000114],[-64.890015,17.758331],[-64.886398,17.762218000000132],[-64.882507,17.764999],[-64.87973,17.769722],[-64.870834,17.774719],[-64.864456,17.774441],[-64.861954,17.770832],[-64.844452,17.761665],[-64.838058,17.760277],[-64.831955,17.76083],[-64.82695,17.762218000000132],[-64.818619,17.768055],[-64.815567,17.771942],[-64.811401,17.774719],[-64.796951,17.788887],[-64.786957,17.792500000000132],[-64.773346,17.789997],[-64.769455,17.786942],[-64.766403,17.783054],[-64.761948,17.774166],[-64.758621,17.7716640000001],[-64.753342,17.773052],[-64.741394,17.774166],[-64.73584,17.772221],[-64.729736,17.764442],[-64.721954,17.75805300000013]]],[[[-64.790009,18.336941],[-64.781952,18.343052000000114],[-64.744171,18.36861],[-64.739182,18.370831000000123],[-64.731949,18.371944],[-64.708618,18.370552],[-64.668335,18.35083],[-64.664459,18.3475],[-64.65834,18.33972200000011],[-64.661118,18.335278],[-64.665283,18.332222],[-64.704453,18.307499],[-64.76918,18.31583],[-64.774734,18.317776],[-64.788071,18.326385],[-64.790283,18.33083],[-64.790009,18.336941]]],[[[-65.011948,18.349163],[-65.018341,18.350555],[-65.026123,18.356941],[-65.026947,18.362778000000105],[-65.02417,18.367222],[-64.976669,18.377777],[-64.950012,18.3752750000001],[-64.9039,18.364719],[-64.846954,18.338608],[-64.834457,18.328888],[-64.831955,18.324444],[-64.833069,18.317497],[-64.835846,18.313053],[-64.841675,18.312496],[-64.878067,18.310555],[-64.886398,18.316666],[-64.923065,18.336388000000113],[-64.928619,18.338608],[-64.979446,18.346943],[-65.011948,18.349163]]],[[[-61.310005,15.882776],[-61.316948,15.889999000000103],[-61.329445,15.92861],[-61.329727,15.934444],[-61.309174,15.972776],[-61.275284,16.009163000000115],[-61.266945,16.014999],[-61.261391,16.012775],[-61.23806,15.993332],[-61.202224999999885,15.952499],[-61.196114,15.944721],[-61.186951,15.92111],[-61.186394,15.915554],[-61.1875,15.910000000000139],[-61.19445,15.902777],[-61.222778,15.882776],[-61.230835,15.877222],[-61.24556,15.871666],[-61.256668,15.869999],[-61.275841,15.870832],[-61.283058,15.871944],[-61.305557,15.879999],[-61.310005,15.882776]]],[[[-61.08222999999987,16.308331],[-61.05944799999986,16.325554],[-61.047226,16.334164],[-61.025284,16.346664],[-61.020836,16.348888],[-61.015282,16.350277],[-61.001945,16.348888],[-60.988617,16.34610700000013],[-60.990837,16.340832],[-60.998894,16.33527800000013],[-61.037224,16.311108],[-61.081673,16.295555],[-61.08667,16.29583],[-61.087784,16.30083100000013],[-61.085838,16.304722],[-61.08222999999987,16.308331]]],[[[-61.268615999999895,16.318886],[-61.260002,16.312775],[-61.205559,16.26722],[-61.225838,16.253052],[-61.454727,16.200554],[-61.466949,16.200275],[-61.474167,16.201385],[-61.498337,16.208332],[-61.509171,16.212776],[-61.521118,16.222221],[-61.53334,16.231667],[-61.54723,16.22953200000012],[-61.563892,16.228111000000126],[-61.567062,16.226944],[-61.568893,16.224277],[-61.581116,16.204720000000123],[-61.58139,16.198608],[-61.580833,16.19305400000013],[-61.576668,16.166111],[-61.575279,16.160831],[-61.567505,16.142498],[-61.555557,16.076111],[-61.55277999999987,16.054443000000106],[-61.559448,16.033886],[-61.5625,16.029442],[-61.572784,16.018330000000105],[-61.606949,15.989721],[-61.648338,15.965277],[-61.685005,15.947777],[-61.690559,15.946388],[-61.695007,15.949165],[-61.736946,16.015831000000105],[-61.75695,16.047775000000115],[-61.761391,16.056664],[-61.793892,16.241943000000106],[-61.796112,16.264164],[-61.793617,16.306942],[-61.783615,16.333054],[-61.759727,16.351109000000122],[-61.747779999999864,16.359722],[-61.7425,16.361111],[-61.730835,16.362221],[-61.726669,16.360275],[-61.655838,16.324718],[-61.609726,16.283886],[-61.610283,16.27861],[-61.606674,16.275276000000133],[-61.581547,16.275103],[-61.557926,16.284374],[-61.556717,16.284899],[-61.54187,16.290249],[-61.49889399999989,16.34861000000012],[-61.522507,16.393055000000118],[-61.529449,16.417774],[-61.532784,16.433331000000123],[-61.53334,16.439163],[-61.53167,16.451942],[-61.526115,16.460831],[-61.50695,16.484997],[-61.470284,16.510830000000112],[-61.466118,16.513611],[-61.460281,16.514164000000108],[-61.456673,16.513054],[-61.436111,16.498886],[-61.407784,16.476665],[-61.404724,16.472775],[-61.402504,16.468052],[-61.39305899999988,16.4327770000001],[-61.391396,16.42194400000011],[-61.399445,16.39971900000012],[-61.400284,16.392776],[-61.398895,16.387775],[-61.39473,16.378887],[-61.373337,16.351387],[-61.366394,16.344166],[-61.35778,16.338055],[-61.346115,16.334164],[-61.339447,16.333054],[-61.333618,16.333611],[-61.291672,16.326664000000108],[-61.279167,16.323330000000112],[-61.268615999999895,16.318886]]],[[[-62.872505,17.9175],[-62.873062,17.923332],[-62.869171,17.92972200000014],[-62.863335,17.930275],[-62.811668,17.9180530000001],[-62.79083999999989,17.912498],[-62.789452,17.907497],[-62.79083999999989,17.902775],[-62.811394,17.888332],[-62.835556,17.87833],[-62.841118,17.87916600000011],[-62.845001,17.882500000000107],[-62.870003,17.913055],[-62.872505,17.9175]]],[[[-63.146667,18.071941],[-63.142227,18.074165000000107],[-63.045006,18.121387],[-63.039169,18.121944],[-63.019173,18.11777500000011],[-63.016113,18.113888],[-63.006393,18.086941],[-63.006668,18.080555],[-63.011459,18.067276],[-63.010284,18.047775],[-63.012222,18.035553000000107],[-63.01667,18.024998],[-63.019447,18.020554],[-63.028336,18.015553],[-63.03334,18.015553],[-63.072784,18.024998],[-63.07917,18.026665],[-63.116112,18.042774],[-63.139839,18.058601],[-63.14389,18.061943],[-63.146118,18.066387000000134],[-63.146667,18.071941]]],[[[-81.10255905667188,23.061061464265627],[-80.72121902981641,23.02372892947559],[-80.44970413723829,22.935313783601565],[-80.19896408596875,22.884994111970705],[-79.98462387600782,22.879092775300784],[-79.75995346585157,22.75878294558887],[-79.50222488919141,22.517778001741213],[-79.33041855374219,22.403718553499026],[-79.06898972073438,22.32799109073047],[-78.72328659573438,22.27787359805469],[-78.17056747952344,22.120128236726565],[-77.71176620999219,21.898629747346682],[-77.50780197659375,21.759212099031252],[-77.33981796780469,21.51166494937305],[-77.19125839749219,21.44841345401172],[-76.97576614895704,21.429809175447268],[-76.20890518704297,21.196246705964846],[-75.7509050039375,21.12094458194141],[-75.60392471829297,21.013194642976565],[-75.75852676907422,20.752248369172854],[-75.65366074124219,20.682548128083987],[-75.40194412747266,20.664010606721682],[-75.06188675442579,20.69652136416797],[-74.8390626577461,20.620719514802737],[-74.61082932034375,20.44957312198047],[-74.34484573880079,20.32301291079883],[-74.1733903555,20.189893327668948],[-74.27815720120313,20.15153845401172],[-74.71963974514844,20.11245497317676],[-75.2372331289375,19.933379732087893],[-75.51905533352735,19.907353959993166],[-75.9933595327461,20.001693330720705],[-76.39845749417188,20.019895158723635],[-76.81869217434766,19.936366640046877],[-77.24315353909375,19.884612642244143],[-77.46084305325391,19.87143477054004],[-77.66295334378125,19.902789674714846],[-77.5041017202461,20.07475432010059],[-77.17660995999219,20.355134569124026],[-77.09872910061719,20.533275209382815],[-77.20989700833204,20.647460542634768],[-77.29118057766797,20.70449598880176],[-77.57123276272657,20.767461381868166],[-77.88634201565625,20.766793809846682],[-78.15738388577344,20.81706579776172],[-78.45036026516797,20.969003282502932],[-78.51363083401563,21.30576666446094],[-78.62955185452344,21.547069154695315],[-78.72787949124219,21.61678846927051],[-78.90588852444532,21.629113756135744],[-79.35811325589063,21.609088502839846],[-79.7345475820625,21.671853624299807],[-80.01402756253125,21.77296408267383],[-80.4441651968086,21.994531236604494],[-80.77649399319532,22.101897798494143],[-81.0531739858711,22.133088670686526],[-81.35133888616838,22.150710712300835],[-81.36276706801664,23.120923686012283],[-81.10255905667188,23.061061464265627]]]]}},{"type":"Feature","properties":{"NAME":"Karelians","ABBREVN":"Karelians","INFO_UR":null,"SUBJECTO":"Karelians","BORDERPRECISION":1,"PARTOF":"Karelians"},"geometry":{"type":"MultiPolygon","coordinates":[[[[32.50469510305382,61.10369722772446],[32.367066425,61.1664983],[32.061015675,61.2531171],[31.83156545,61.345486175],[31.67871575,61.443605525],[31.621319825,61.466981825],[31.659377675,61.415615075],[31.661105,61.394661875],[31.6265018,61.404122225],[31.5915486,61.4235049],[31.5562454,61.4528099],[31.546214625,61.477445975],[31.561456275,61.497413125],[31.528937825,61.5389463],[31.448659275,61.6020455],[31.37901505,61.6214813],[31.32000515,61.5972537],[31.259987225,61.6057416],[31.198961275,61.646945],[31.163884675,61.662696175],[31.154757425,61.652995125],[31.15774155,61.636011475],[31.17283705,61.611745225],[31.1625367,61.598926825],[31.1268405,61.597556275],[31.10597425,61.619680525],[31.09993795,61.665299575],[31.01378205,61.712378025],[30.84750655,61.760915875],[30.737198675,61.754910525],[30.682858425,61.694361975],[30.671829175,61.651660075],[30.704110925,61.626804825],[30.674480575,61.60772995],[30.582938125,61.59443545],[30.562708225,61.5777445],[30.613790875,61.5576571],[30.581713675,61.54590725],[30.466476625,61.54249495],[30.423590125,61.52509375],[30.453054175,61.49370365],[30.403510925,61.490072325],[30.274960375,61.514199775],[30.22028495,61.50006995],[30.227236874468524,61.48110136391141],[29.018890834539626,61.77074313018303],[21.225993499342607,62.4179537846397],[21.200139078600653,62.43518408413591],[21.03372863243366,62.47729834194841],[21.061806711657294,62.61173590298357],[21.19480613182331,62.76068457241716],[21.48128417442585,62.888812624174975],[21.545966181261786,62.974059663969896],[21.494656595690497,63.123031221587084],[21.666478189928778,63.1873050558156],[21.95132354210163,63.13101538296404],[22.075043711169013,63.1028209554738],[22.292357477648505,63.20269354458513],[22.42877486656452,63.39496573086443],[22.475831064684638,63.601615511137865],[22.569018396837958,63.723014436919115],[22.704222712023505,63.58064230557146],[22.82553008507038,63.58087881680193],[23.130561750232243,63.78342849447229],[27.231594534992126,63.35447998456054],[30.603998127121553,64.93804540067741],[34.293414148791086,65.39624365444841],[34.332015070421946,65.3455081808156],[34.425662073595774,65.10652502651872],[34.772864374621165,64.68222387905779],[34.814768824084055,64.45981939907732],[34.88461211632038,64.3667713033742],[35.081763300402415,64.28833349819841],[35.62327102134968,64.2535663473195],[35.81679017081891,64.22566772716998],[32.50469510305382,61.10369722772446]]]]}},{"type":"Feature","properties":{"NAME":"Arctic marine mammal hunters","ABBREVN":"Arctic marine mammal hunters","INFO_UR":null,"SUBJECTO":"Arctic marine mammal hunters","BORDERPRECISION":1,"PARTOF":"Arctic marine mammal hunters"},"geometry":{"type":"MultiPolygon","coordinates":[[[[-78.58926865150188,54.92203100796404],[-78.30785843421673,55.04375799771013],[-77.51691910316204,55.47071417446794],[-77.23383804847454,55.60653647061052],[-76.76447006751751,56.02744253750505],[-76.56940170814251,56.272121034819506],[-76.46291061927532,56.57139166470232],[-76.46228683413294,56.57751271564082],[-62.50972764527455,57.9717281924346],[-62.49481293250774,57.95677527065935],[-62.34917542030071,57.90222509976091],[-62.01471802283977,57.841212831694506],[-61.888112035290945,57.72504385586443],[-61.828446355359304,57.55411871548357],[-61.99918457557415,57.512775026518725],[-62.186017003552664,57.437240205962084],[-62.00141235877727,57.294147096831225],[-61.82238098670696,57.19208105679216],[-61.476098027722585,57.104064546782396],[-61.350628819958914,57.001998506743334],[-61.33525177528118,56.811263643462084],[-61.36063477088665,56.77717169399919],[-61.544598546521414,56.72915991421404],[-61.84880920936321,56.74220236416521],[-62.1840600638554,56.79603537197771],[-62.326432195203054,56.768512331206225],[-62.28564545203899,56.69371374722185],[-62.16278931190227,56.61230047817888],[-62.07783981849407,56.50366934414568],[-61.92769333411907,56.27295645352068],[-61.743023839490164,56.171493135649584],[-61.45779892493938,56.15847738857927],[-61.24986359168743,56.07745703335466],[-60.87275406409954,55.8545299398488],[-60.46834274818157,55.65896566982927],[-60.357628789441335,55.510375581938646],[-60.373307195203054,55.42248114224138],[-60.57453247596477,55.07102545376482],[-60.34573837806438,55.04450186367693],[-60.04724213172649,55.11924322720232],[-59.69376083900188,55.15365942593279],[-59.33820053626751,55.08015402432146],[-59.079754796521414,54.99299200649919],[-58.557171788708914,54.772323213774584],[-58.11545273353313,54.71277960415544],[-57.43287369300579,54.579913698393725],[-57.51535126258587,54.46576651211443],[-57.83856674720501,54.37130697842302],[-58.16992279578899,54.27685888882341],[-58.46811005164837,54.256217561919115],[-58.84362122108196,54.14833792324724],[-59.106163945691335,53.96711691494646],[-59.398724523083914,53.86623343105974],[-59.862973180310476,53.838580690581225],[-59.991532292859304,53.804923616606615],[-60.13723846961712,53.684318147856615],[-60.12421127845501,53.51734503384294],[-60.221656217027494,53.32492080384565],[-62.593886961730774,54.56997808041503],[-62.88947585561168,54.72511691082654],[-65.64317158321862,55.262874161982396],[-71.0333844968322,55.19604828321671],[-74.19720512004018,52.927225836668605],[-78.74176950876009,52.74413883037645],[-78.8420304923222,53.0342288839406],[-78.84399124671673,53.28100927944841],[-78.93640610267376,53.54791983242693],[-79.03455826331829,53.74155005093279],[-78.75791641761516,53.74876745815935],[-78.80141922523235,53.96274145718279],[-78.93461319495891,54.07629736538591],[-79.23003860999798,54.14938315029802],[-79.39867874671673,54.276351534087084],[-79.54511734534954,54.69186361904802],[-78.98181625892376,54.813800417143725],[-78.58926865150188,54.92203100796404]]],[[[-122.99113937904094,71.15299566860857],[-123.46767136146282,71.19864233608904],[-123.6304597525761,71.40821417446794],[-123.87772842933391,71.61818274136247],[-124.07214066077923,71.73496588345232],[-124.57726761390423,71.89828070278826],[-125.18922897865032,71.92847784634294],[-125.61702438880657,71.9903827535695],[-125.82783218909954,72.07625158901872],[-125.90372940589641,72.15463598843279],[-125.66236588050579,72.20223578091326],[-125.39703842689251,72.33649023647966],[-125.1806535391972,72.43140753384294],[-125.14468857337688,72.60512121792497],[-125.34129044105266,72.96895941372576],[-125.0927400260136,72.96944006558122],[-124.88213058997844,73.0492435323781],[-124.74393936683391,73.21648748989763],[-124.24723526527141,73.45660742397966],[-124.01027390052532,73.72098883267107],[-124.06482407142376,73.86521490688982],[-124.18706985999798,73.93727453823747],[-124.74035355140423,74.24206884976091],[-124.90926071693157,74.44366034146013],[-124.51832291175579,74.4443851339406],[-124.14805313636516,74.46935614224138],[-123.49339005042766,74.44630011196794],[-123.14841770273145,74.44057077628655],[-121.65451446815976,73.99457995121038],[-119.25235436535371,73.55256742458035],[-117.685761580263,73.21545873829851],[-118.10413071204876,73.11756476040544],[-118.58500381995891,72.97368963833513],[-119.30700394202923,72.6476322042531],[-119.76836868812298,72.39426764126482],[-120.0154924063847,72.35442694302263],[-120.45359512855266,72.2985111105031],[-120.42398544837688,71.88257940884294],[-120.54559799720501,71.65563543911638],[-120.8434953360722,71.53027685757341],[-121.39040085365032,71.47469671841326],[-121.93623062659954,71.50484045620622],[-122.17036911536907,71.28651007290544],[-122.57442184974407,71.14598425503435],[-122.99113937904094,71.15299566860857]]],[[[-41.10417267371868,64.0885501730031],[-40.89255234290813,64.03168066616716],[-40.691220250622976,63.931869112212084],[-40.51624771644329,63.782069765288256],[-40.51624771653382,63.78206976521294],[-40.691220250519535,63.931869111970705],[-40.89255234280469,64.03168066592579],[-41.10417267361524,64.08855017276173],[-41.484120335968754,64.2741886004961],[-41.4841203356568,64.27418860053452],[-41.10417267371868,64.0885501730031]]],[[[-41.223019567029226,63.30993231411638],[-41.22301956703556,63.30993231402599],[-41.37823959866407,63.52343710513477],[-41.37823959860122,63.523437105147416],[-41.223019567029226,63.30993231411638]]],[[[-41.789105382458914,62.84676321621599],[-41.78910538246961,62.84676321617914],[-41.90392395535352,63.05252417178516],[-41.90392395536651,63.05252417186445],[-41.789105382458914,62.84676321621599]]],[[[-42.91909882117962,62.461906038481615],[-42.420365300671804,62.28601416226091],[-42.27136322547649,62.19441946621599],[-42.27136322548921,62.194419466046014],[-42.42036530056836,62.286014162019534],[-42.919098821076176,62.46190603824024],[-43.22596832791211,62.68092306704883],[-43.22596832768264,62.680923067052596],[-42.91909882117962,62.461906038481615]]],[[[-42.817120519177664,61.02562292690935],[-42.81712051918131,61.02562292679738],[-43.03725906887891,61.29165991397266],[-43.03725906877628,61.291659913965],[-42.817120519177664,61.02562292690935]]],[[[-42.75409027625774,60.69687231655779],[-42.75409027627035,60.69687231648925],[-42.8244142202461,60.801612459138674],[-42.82441422024338,60.80161245922195],[-42.75409027625774,60.69687231655779]]],[[[-43.15411850501751,60.30526693936052],[-42.96204468299602,60.03407248135271],[-42.96204468301419,60.03407248128303],[-43.15411850491407,60.30526693911914],[-43.49708649197461,60.47896917910938],[-43.497086491664206,60.47896917914115],[-43.15411850501751,60.30526693936052]]],[[[-39.69494684817376,65.18696970170159],[-39.68630692054485,65.1705585348195],[-39.68630692055211,65.1705585347884],[-39.69494684819829,65.18696970170329],[-39.69494684817376,65.18696970170159]]],[[[-40.827748265759695,64.89353521938982],[-40.4836206107304,64.68540533657732],[-40.350705113904226,64.52752264614763],[-40.3507051139094,64.52752264603527],[-40.48362061062696,64.68540533633595],[-40.827748265656254,64.89353521914845],[-41.060334172638676,65.0374942645586],[-41.06033417230478,65.03749426452929],[-40.827748265759695,64.89353521938982]]],[[[-49.14827438880657,61.77232702847185],[-49.11644455483647,62.10383185010049],[-49.116444554718754,62.103831850007815],[-49.148274388695974,61.77232702830497],[-49.14827438880657,61.77232702847185]]],[[[-50.15892883826946,62.462428652007006],[-50.095936742322195,62.66799124355974],[-49.889325109021414,62.84574469204607],[-49.857483830998824,62.96654471015333],[-49.8574838308418,62.96654471011524],[-49.88932510891797,62.84574469180469],[-50.095936742218754,62.66799124331836],[-50.158928838152896,62.462428651808466],[-50.15892883826946,62.462428652007006]]],[[[-50.59093567420696,63.14998587246599],[-50.616742101189125,63.4348064288882],[-50.61674210110547,63.43480642886524],[-50.590935674119066,63.14998587239622],[-50.59093567420696,63.14998587246599]]],[[[-51.365765538708914,63.726012788969896],[-51.35501572181438,63.81178244229021],[-51.26595017005657,63.92637213345232],[-50.98794647742962,64.09154089565935],[-50.439015355603445,64.2430911886281],[-50.2569245963261,64.37973364468279],[-50.04263397742962,64.4375720846242],[-50.01991364053109,64.61005743606879],[-50.01991364041211,64.61005743594532],[-50.042633977326176,64.43757208438282],[-50.25692459622266,64.37973364444142],[-50.439015355500004,64.24309118838673],[-50.987946477326176,64.09154089541798],[-51.26595016995313,63.92637213321094],[-51.35501572171094,63.81178244204883],[-51.36576553858967,63.7260127888546],[-51.365765538708914,63.726012788969896]]],[[[-51.95738312293743,64.37656744595232],[-51.940175023572195,64.65683325405779],[-51.99165436316861,65.00974615686789],[-51.99165436306836,65.00974615664845],[-51.940175023468754,64.65683325381642],[-51.95738312282562,64.37656744584733],[-51.95738312293743,64.37656744595232]]],[[[-52.084332433240164,65.21262701626482],[-52.0777330069747,65.37242468462348],[-52.07773300686719,65.37242468448048],[-52.084332433136154,65.21262701603713],[-52.084332433240164,65.21262701626482]]],[[[-53.10253998328899,65.87324865933122],[-53.10843369056438,66.03403814907732],[-52.72966095496868,66.27637823696794],[-52.61050125724438,66.26797827364275],[-52.61050125637891,66.26797827334767],[-52.72966095486524,66.27637823672657],[-53.10843369046094,66.03403814883595],[-53.10253998319148,65.87324865925153],[-53.10253998328899,65.87324865933122]]],[[[-53.34805389930462,66.32427557583513],[-53.39427277137493,66.45181616421404],[-53.22169968177532,66.53085669155779],[-52.916851964490164,66.54446753140154],[-52.65323730994915,66.56776770229997],[-52.448048558728445,66.60731085415544],[-52.303170171389,66.90946539493805],[-52.30317017117383,66.9094653949297],[-52.448048558625004,66.60731085391407],[-52.65323730984571,66.5677677020586],[-52.91685196438672,66.54446753116017],[-53.22169968167188,66.53085669131642],[-53.39427277127149,66.45181616397267],[-53.348053899288985,66.32427557583605],[-53.34805389930462,66.32427557583513]]],[[[-53.4495629935429,67.08444555874529],[-53.34943100501751,67.2102542745656],[-53.25116440345501,67.2139392721242],[-53.170311894910085,67.28580816860857],[-52.97809692939004,67.31033667198822],[-52.97809692898633,67.31033667178517],[-53.170311894806645,67.2858081683672],[-53.25116440335157,67.21393927188282],[-53.34943100491407,67.21025427432423],[-53.44956299341718,67.08444555853191],[-53.4495629935429,67.08444555874529]]],[[[-53.494122472302664,67.47349890347185],[-53.46844574500774,67.55819281216326],[-53.43576141883587,67.61761816616716],[-53.31903549720501,67.6178470480031],[-53.18010803748821,67.6626468526906],[-52.80789658118938,67.77477606411638],[-52.25998398353313,67.73864325161638],[-51.87598511268352,67.66508062954607],[-51.52680298377727,67.65088232632341],[-51.3565339713261,67.59181555386247],[-50.93936249305462,67.52581366177263],[-50.53911897259659,67.48805571153352],[-50.53911897190013,67.4880557112362],[-50.939362492951176,67.52581366153126],[-51.35653397122266,67.5918155536211],[-51.52680298367383,67.65088232608204],[-51.87598511258008,67.6650806293047],[-52.25998398342969,67.73864325137501],[-52.80789658108594,67.77477606387501],[-53.18010803738477,67.66264685244923],[-53.31903549710157,67.61784704776173],[-53.435761418732426,67.61761816592579],[-53.4684457449043,67.55819281192188],[-53.494122472170865,67.473498903324],[-53.494122472302664,67.47349890347185]]],[[[-47.82239243079876,60.778190218169115],[-47.8693551687786,60.93902548408627],[-47.869355168732426,60.93902548404102],[-47.82239243075323,60.77819021812609],[-47.82239243079876,60.778190218169115]]],[[[-160.94391342689252,64.52476843472185],[-160.7896623282597,64.64031561489763],[-160.90219589759565,64.81319006558122],[-161.12569138099408,64.9282947408742],[-161.29062363197065,64.96410711880388],[-162.13664719154096,64.78921850796404],[-162.5615129141972,64.60096319790544],[-162.80194565345502,64.47088202114763],[-163.02521225501752,64.44165381069841],[-163.88339706947065,64.59127386685076],[-164.26511093665815,64.60499914761247],[-164.59991928626752,64.61876257534685],[-165.17119308997846,64.54565008755388],[-165.74068161536908,64.5589862691945],[-166.34773727943158,64.63710363979997],[-166.58603378822065,64.73040350552263],[-166.66852280189252,65.0846210348195],[-166.6037950186894,65.15014990444841],[-166.31743332435346,65.16522558804216],[-165.86377426673627,65.16608008022966],[-165.66328903724408,65.2464862691945],[-166.1386613516972,65.35480078335466],[-166.9990586905644,65.49169500942888],[-167.60156723548627,65.6000018941945],[-168.1797990470097,65.69388922329607],[-168.0813340811894,65.74522741909685],[-167.73000046302533,65.8629642355031],[-167.02422043372846,65.95946844692888],[-166.42819687415815,66.10719641323747],[-165.99724289466596,66.2034183370656],[-165.52136704017377,66.36595495815935],[-165.09273239661908,66.46976050015154],[-164.46313950111127,66.59615667935076],[-163.78244492103315,66.53848608608904],[-163.85339829017377,66.30294378872576],[-163.84308334876752,66.17811163540544],[-163.37004562904096,66.10560186978044],[-162.75850388099408,66.06275519009294],[-162.27507492591596,66.07097967739763],[-161.97949692298627,66.1155506002492],[-161.6268205313847,66.22629126187029],[-161.37917038490033,66.35901220913591],[-161.26143356849408,66.39603003140154],[-160.9229631095097,66.36724432583513],[-160.58469101478315,66.316432558257],[-160.1252336173222,66.33931311245622],[-160.03540512611127,66.48662909146013],[-160.03227707435346,66.56761511440935],[-160.34265610267377,66.59653051968279],[-161.2183732657597,66.72757300015154],[-161.79561325599408,66.74863012905779],[-161.93573471595502,67.08837469692888],[-162.5987443595097,67.16118963833513],[-163.03088852454877,67.17517431851091],[-163.73874374915815,67.21832617397966],[-163.82597824622846,67.44821508999529],[-164.04396530677533,67.5890384542531],[-164.51266953040815,67.796657167632],[-164.74297043372846,67.86329229946794],[-165.93999191810346,68.1598163473195],[-166.84352585365033,68.40520819302263],[-166.70106979896283,68.480495058257],[-166.33539291908002,68.66138037319841],[-166.29680344154096,68.87961920376482],[-165.33554550697065,68.90401800747576],[-164.89020248939252,68.93497046108904],[-164.06718918372846,69.06467779751482],[-163.71423813392377,69.22388800259294],[-163.5107316641972,69.50418432827654],[-163.15620895911908,69.7627673971242],[-162.87912460853315,69.99906500454607],[-162.51103683997846,70.18374975796404],[-162.1772355704472,70.28422125454607],[-161.69739243079877,70.33124121304216],[-161.18759628822065,70.4398914205617],[-160.71655746986127,70.45616491909685],[-159.90466782142377,70.42692144985857],[-159.83911606361127,70.51173742886247],[-159.9095811515019,70.60412939663591],[-160.24831100990033,70.76563604946794],[-160.24033066322065,70.85846289272966],[-159.36935898353315,70.89876135464372],[-158.85516830970502,70.88426550503435],[-158.4168595938847,70.90831335659685],[-157.81194016029096,70.97140081997576],[-157.31787582923627,71.1584964620656],[-156.90474411536908,71.34585913296404],[-156.47401901771283,71.3544422018117],[-156.34712692786908,71.33133276577654],[-156.04321762611127,71.22303351040544],[-155.97292038490033,71.14548071499529],[-156.14545151283002,71.08307226772966],[-156.1379747061894,70.92808111782732],[-155.66579147865033,70.86703070278826],[-155.47481247474408,70.85190161343279],[-155.23369308997846,70.98398169155779],[-155.09985825111127,71.07726629849138],[-154.4612931876347,70.99315985317888],[-153.77106186439252,70.97122534390154],[-153.29306503822065,70.9489017355031],[-152.97116562415815,70.9340091573781],[-152.65120407630658,70.8185306417531],[-152.48952194740033,70.69520147915544],[-152.1371202140019,70.53390081997576],[-151.91501328040815,70.4957767355031],[-151.72560593177533,70.53467138882341],[-151.1442002921269,70.48183020229997],[-150.63855454017377,70.47509344692888],[-149.9385118155644,70.49947699185076],[-149.28632065345502,70.5392337667531],[-148.74062058021283,70.4940448629445],[-148.12077805091596,70.37976416226091],[-147.7235459952519,70.32667120571794],[-146.18263718177533,70.26810034390154],[-145.60702988197065,70.19242437954607],[-145.27254196693158,70.1163822042531],[-144.3603410391972,70.13342627163591],[-143.30757614661908,70.19675024624529],[-142.8024797110722,70.09034308071794],[-141.7039689688847,69.73443945522966],[-141.16135117103315,69.59894140835466],[-141.05925461341596,69.59546240444841],[-140.73939987708783,69.58456762905779],[-140.33456894447065,69.6232410299367],[-139.90065475990033,69.57098730679216],[-138.99545761634565,69.36829718228044],[-138.27507492591596,69.13548620815935],[-137.72852036048627,69.01584204312029],[-137.2608537345097,68.96400030728044],[-136.93156906654096,68.94952734585466],[-136.20306870033002,68.87561377163591],[-135.80328842689252,68.77105291958513],[-135.61018845130658,68.70377691860857],[-135.49577805091596,68.71902807827654],[-135.69887253333783,68.98949774380388],[-135.85951706458783,69.07965429897966],[-136.01494308997846,69.14723547573747],[-136.04396530677533,69.3359866964406],[-135.4391984610722,69.52628668423357],[-135.10397812415815,69.49662359829607],[-134.84383102943158,69.5273929464406],[-134.77597519447065,69.57298620815935],[-133.99483200599408,69.5062518941945],[-133.64763351966596,69.50691565151872],[-133.14131638099408,69.67456396694841],[-133.00215622474408,69.75827368374529],[-132.8031358390019,69.75862463589372],[-132.50795456458783,69.85788305874529],[-132.16646286536908,69.88893469448747],[-131.77655502845502,69.9276386129445],[-131.44623276283002,69.96627386685076],[-131.2355088858769,70.07374914761247],[-131.05905624915815,70.15834387417497],[-130.71191879798627,70.2050052511281],[-130.24182602454877,70.20590551968279],[-129.8494767813847,70.15069159146013],[-130.0497941641972,69.96887549038591],[-130.20801254798627,69.91536291714372],[-130.70325180579877,69.85365637417497],[-131.1946153311894,69.68578680630388],[-131.7543840079472,69.60890539761247],[-132.3032121329472,69.48670538540544],[-132.61789413978315,69.25174292202654],[-133.41318222572065,69.13702734585466],[-133.71957871009565,68.9178729879445],[-133.33893295814252,68.79822119351091],[-132.69037338783002,68.46158941860857],[-132.7889756827519,68.7090564596242],[-132.71330734779096,68.8670917379445],[-132.1749620108769,68.98101385708513],[-131.9994249015019,69.08687933560076],[-131.67297836829877,69.27615698452654],[-130.89580246497846,69.30025824185076],[-130.46362778236127,69.4674335348195],[-129.94267746497846,69.64258917446794],[-129.01314255286908,69.72018011685076],[-128.72375961829877,69.87253912563982],[-128.30908676673627,69.99500616665544],[-127.93980118324016,70.07992132778826],[-127.72553726722454,70.18759497280779],[-127.80552383949016,70.31023748989763],[-128.121151891248,70.48648413296404],[-128.41585251380658,70.686305605132],[-128.01105972816205,70.6407962667531],[-127.66734024574016,70.51815374966326],[-127.35170456458782,70.38026007290544],[-127.16631790687298,70.23468359585466],[-126.99711319495891,70.0204349386281],[-126.79519363929485,69.78502234097185],[-126.61845871497844,69.6791492330617],[-126.0578508048222,69.4605213033742],[-125.97399612952923,69.43039282437029],[-125.45461746741985,69.33309515591326],[-125.27735611488079,69.34096106167497],[-125.1877107291386,69.40919836636247],[-125.41768356849407,69.69653662319841],[-125.38623520423626,69.81800421353044],[-125.13956924964641,69.83365210171404],[-124.98927780677532,69.8947025167531],[-124.70693680335735,69.94081457729997],[-124.5343904166386,69.7816425191945],[-124.50809952308391,69.59213598843279],[-124.60000320960735,69.46324499722185],[-124.22530075599407,69.40343054409685],[-123.80283829261516,69.43445929165544],[-123.29193588783001,69.63985022183122],[-123.05067917396282,69.86033209438982],[-122.83527847816204,69.89112433071794],[-122.32606216956829,69.88448675747576],[-121.63505264808391,69.76427801724138],[-120.84985825111126,69.56864508267107],[-120.22155472327923,69.41844519253435],[-119.97896171213529,69.37805753048482],[-120.4025902968914,67.94746792457464],[-110.86015901801942,65.94354545380173],[-97.36110989181023,65.12429440026054],[-87.82447739136254,64.34703526339813],[-87.43523117591594,64.568873964507],[-87.9917878775761,64.25168188687029],[-88.3770646720097,64.0573230611867],[-88.7044572501347,63.985065065581225],[-89.07741257240032,63.96287115688982],[-89.49484726478313,64.01940497036638],[-89.97269150306438,64.19054754849138],[-89.99451157142376,64.03280218716326],[-90.00580307533001,63.9038577901906],[-89.86152359534954,63.6466556417531],[-89.87039658118938,63.57521780605974],[-90.20366379310344,63.56135138149919],[-90.22967239906048,63.56026419277849],[-90.8438615470097,63.609088503081225],[-91.5861711173222,63.793544374663256],[-91.98384567786907,63.82856329556169],[-93.31687637855266,63.97362097378435],[-92.3510408072636,63.58483465786638],[-91.64173599769329,63.51474722500505],[-91.02674576331829,63.39461477871599],[-90.77393814613079,63.302386842924975],[-90.62544724036907,63.181544862944506],[-90.6305818228886,63.09612616177263],[-90.9196443228886,62.94618948574724],[-91.41749283363079,62.852889620024584],[-92.06037613441204,62.88721426602068],[-92.29017349769329,62.9152103292531],[-92.45530411292766,62.7941051351613],[-91.8908586173222,62.6035533773488],[-92.10219284583782,62.411822878081225],[-92.5791902213261,62.269340120512865],[-93.23328873206829,61.971297823149584],[-93.42261978675579,61.858031831938646],[-93.3245744376347,61.54114111538591],[-93.46560379554485,61.435348116118334],[-93.87430283118938,61.343192659575365],[-94.01383682777141,61.21648748989763],[-94.25195023109173,60.92843588467302],[-94.37603470374798,60.79513510342302],[-94.48430344154094,60.49420889492693],[-94.60756393958782,60.24970587368669],[-94.75318619300579,59.94999273892107],[-94.72808548499798,59.762904726225756],[-94.80027481605266,59.513549410063646],[-94.74500748206829,59.119803987700365],[-94.68383499671673,58.87849386807146],[-94.41486069251751,58.71365316982927],[-94.30231186439251,58.70698507900896],[-94.18649765540813,58.66588934536638],[-93.88757034827923,58.65957983608904],[-93.36378952552532,58.701869569975756],[-93.23948380042766,58.68147238369646],[-93.07417770911907,58.55101355190935],[-92.88842484046673,58.207694612700365],[-92.52271744300579,57.687274538237475],[-92.42361923743938,57.386466585356615],[-92.48305222083782,56.97671469326677],[-92.40409578747519,56.97508393725052],[-92.71141469288669,56.83125797836517],[-93.82461083808953,56.86329884105465],[-102.14428729171048,57.21394132630312],[-111.28421353653351,58.55314202309659],[-114.56521270134176,60.59956315497872],[-118.19565657401094,62.711419272008236],[-118.19774749095093,62.712635573894396],[-124.93551363296793,64.83463268032534],[-132.43494029538678,62.496969371290604],[-139.52424206220468,62.41569007667785],[-140.05179264318338,62.49514157669758],[-144.68009789261768,63.19218524961806],[-150.1289000770314,63.324002732781025],[-160.9394989447178,63.98492305338062],[-161.00630661536908,64.15789373989763],[-161.37294479896283,64.46636541958513],[-161.3609971671269,64.50956305142107],[-160.94391342689252,64.52476843472185]]],[[[-89.7355851798222,68.53431280728044],[-90,68.36909826870622],[-90,68.37464344694608],[-89.7355851798222,68.53431280728044]]],[[[-69.04484268714641,76.29375799771013],[-68.35297104408001,76.54862555142107],[-68.1443986563847,76.59984930630388],[-68.18594070950977,76.70160254092814],[-68.18594070950391,76.70160254092579],[-68.14439865628125,76.59984930606251],[-68.35297104397657,76.5486255511797],[-69.04484268664832,76.29375799761414],[-69.04484268714641,76.29375799771013]]],[[[-71.44827744056438,77.12186010952654],[-71.18388077308391,77.25953253384294],[-70.61842056800579,77.27779730435076],[-69.25207230140423,77.21171148892107],[-68.34064194251751,77.19630774136247],[-67.73630234290813,77.18888434048357],[-66.7837800650761,77.2593265401906],[-66.30934616615032,77.35474737759294],[-66.17778488685344,77.39800604458513],[-66.15340897135454,77.55317267038065],[-66.15340897122266,77.55317267032032],[-66.17778488675,77.39800604434376],[-66.30934616604688,77.35474737735157],[-66.78378006497266,77.25932653994923],[-67.73630234280469,77.1888843402422],[-68.34064194241407,77.1963077411211],[-69.25207230130079,77.2117114886797],[-70.61842056790235,77.27779730410938],[-71.18388077298047,77.25953253360157],[-71.44827744017556,77.12186010943377],[-71.44827744056438,77.12186010952654]]],[[[-72.5253801016972,78.16613348599138],[-72.5452775626347,78.3235355245656],[-72.38322922279094,78.52572973843279],[-72.0187654166386,78.57922705288591],[-71.46276566077923,78.62432440396013],[-70.78020187904094,78.68733557339372],[-69.84684464027141,78.75975378628435],[-69.26627060462688,78.7961917745656],[-68.83852860023235,78.97410925503435],[-68.34851547767376,79.0904804098195],[-67.96912857581829,79.12678869839372],[-66.85430618812298,79.12891729946794],[-66.35871597816204,79.1743656026906],[-65.48489090491985,79.15823706265154],[-65.30409714271282,79.22092016812029],[-65.16448685218548,79.3103748189992],[-64.89053818275188,79.3823734151906],[-64.79951187659954,79.67840155239763],[-64.67545792152141,79.90390356655779],[-64.62318131038467,79.949214540513],[-64.62318131008985,79.94921454043751],[-64.67545792141797,79.90390356631642],[-64.7995118764961,79.67840155215626],[-64.89053818264844,79.38237341494923],[-65.16448685208204,79.31037481875782],[-65.30409714260938,79.22092016787892],[-65.48489090481641,79.15823706241017],[-66.3587159780586,79.17436560244923],[-66.85430618801954,79.12891729922657],[-67.96912857571485,79.12678869815235],[-68.34851547757032,79.09048040957813],[-68.83852860012891,78.97410925479298],[-69.26627060452344,78.79619177432423],[-69.84684464016797,78.75975378604298],[-70.7802018789375,78.68733557315235],[-71.46276566067579,78.62432440371876],[-72.01876541653516,78.57922705264454],[-72.3832292226875,78.52572973819142],[-72.54527756253125,78.32353552432423],[-72.52538010162098,78.16613348596546],[-72.5253801016972,78.16613348599138]]],[[[-67.41029068519329,80.2107425558156],[-67.14280411292766,80.56214483853044],[-66.52167984534954,80.71127661343279],[-65.24133774329876,80.87276800747576],[-64.60832687904094,80.9739490377492],[-63.72541138221477,81.08617743130388],[-62.81141255638844,81.15595684596342],[-62.81141255643579,81.15595684571052],[-63.72541138211133,81.08617743106251],[-64.6083268789375,80.97394903750782],[-65.24133774319532,80.87276800723438],[-66.5216798452461,80.71127661319142],[-67.14280411282422,80.56214483828907],[-67.41029068496067,80.21074255574393],[-67.41029068519329,80.2107425558156]]],[[[-90,74.62996252651872],[-89.69807907630657,74.61462744351091],[-90.15305801917766,74.62996252651872],[-90.20365616370891,74.64215429897966],[-90.52029892493938,74.71844061489763],[-91.05400558997844,74.97726782437029],[-90,74.71844061489763],[-90,74.64215429897966],[-90,74.62996252651872]]],[[[-90.05632831416011,75.95130924483698],[-90.41722050141492,75.95886416115277],[-90.20364853431438,75.96699865933122],[-90.18295761634563,75.96777685757341],[-90.05632831416011,75.95130924483698]]],[[[-53.61670013953899,70.15783270474138],[-53.037491765515554,70.03655584927263],[-52.701188054578054,69.91539343472185],[-52.433556523816335,69.870387636382],[-52.08398529578899,69.772487245757],[-51.81285187293743,69.62156256313982],[-51.81285187303099,69.62156256300811],[-52.08398529568555,69.77248724551563],[-52.433556523712895,69.87038763614063],[-52.70118805447461,69.91539343448048],[-53.03749176541211,70.03655584903126],[-53.61670013943555,70.15783270450001],[-54.13745972195508,70.18746527285938],[-54.42833801785352,70.24819525332813],[-54.59369751492383,70.24023779483204],[-54.72269150296094,70.08692511172657],[-54.68687531034951,69.70702704060214],[-54.68687531043743,69.70702704067888],[-54.72269150306438,70.08692511196794],[-54.59369751502727,70.24023779507341],[-54.42833801795696,70.2481952535695],[-54.13745972205852,70.18746527310076],[-53.61670013953899,70.15783270474138]]],[[[-57.2630395560429,54.02418097134294],[-57.105824437634695,53.870631777007006],[-57.285199132458914,53.66976126309099],[-57.268944707410085,53.616324983794115],[-57.13083359290813,53.48302801724138],[-56.85379883338665,53.58374365444841],[-56.64929291297649,53.65759619351091],[-56.35446259071087,53.57132300015154],[-56.12695583342671,53.46584387832734],[-58.78822689960135,52.57259027862411],[-60.1714630701033,53.29857710058178],[-59.71703430701946,53.4313121664113],[-59.47287079383587,53.471854768950365],[-59.18075653602337,53.51914175625505],[-58.64011093665813,53.867675386626146],[-58.07691666175579,54.08285864468279],[-57.56114288856243,54.13071020718279],[-57.2630395560429,54.02418097134294]]],[[[123.5007008987776,73.50494943844788],[124.22215560386921,73.69691046353044],[124.45666793297077,73.70529516812029],[124.8176603646114,73.658229433257],[125.3346281380489,73.5240741598195],[125.71732619713093,73.39780005093279],[126.48701766441609,73.38340338345232],[127.0968351692989,73.41625555630388],[127.71956160972859,73.4015384542531],[128.3147840828731,73.20751532192888],[128.49888137291217,73.12594183560076],[128.52492812584185,72.9523425924367],[128.29104140709185,72.91247900601091],[128.17055800865435,72.89652594204607],[127.31350234459187,72.71388586636247],[126.2164411873653,72.38231238003435],[126.11130050133015,72.28037603970232],[126.22529891441609,72.24934729214372],[126.69000533531452,72.21892889614763],[127.12090590904499,72.21193274136247],[127.41754439781452,72.14218481655779],[127.71409896324421,72.01011236782732],[128.1701307625606,71.83187445278826],[128.43249038170123,71.75462683315935],[128.7835340828731,71.53804358120622],[129.35520461509967,71.1756854879445],[130.1717176766231,70.81534918423357],[130.77927688072467,70.67834051724138],[131.05480483482623,70.68650396938982],[131.4126844734981,70.86376532192888],[131.79166701744342,71.18792303677263],[132.28361037681842,71.66087683315935],[132.55375197838092,71.80897101040544],[132.68426040123248,71.80141028042497],[132.7906141609981,71.59201391812029],[133.13840774009967,71.45321234341326],[133.7439070076778,71.32284887905779],[134.24135878990435,71.26194342251482],[134.62290481041217,71.30131109829607],[135.51061538170123,71.51182135220232],[135.86063674400592,71.54344519253435],[136.22661879966998,71.51315649624529],[136.7650251717403,71.40578039761247],[137.62967971275592,71.07541998501482],[137.77126601646685,71.0988269674367],[137.8549452156856,71.12980230923357],[138.07578566978717,71.24595221157732],[138.17544082115435,71.3620105611867],[138.11381057213092,71.38510473843279],[138.1193952889278,71.47020300503435],[138.44611648033404,71.61027105923357],[138.67487624595904,71.61844977017107],[138.89985183189654,71.50264319058122],[139.15876296470904,71.41796454067888],[139.7444715828731,71.40359839077654],[139.8256941170528,71.62836035366716],[139.73856643150592,71.83789404507341],[139.80597976158404,72.00147589321794],[139.84789565513873,72.23560675259294],[139.33877089927935,72.1643558370656],[139.04995253990435,72.16382177944841],[138.96934035728717,72.2105213033742],[139.16831496666217,72.34379156704607],[139.31179336021685,72.38319738979997],[139.75561049888873,72.42317541714372],[140.21502211998248,72.43185003872576],[140.5890760750606,72.49523504849138],[141.29397109459185,72.78707464810076],[141.40839675377154,72.78729590054216],[142.20023635338092,72.67872198696794],[142.90252211998248,72.617213808257],[143.81882766197467,72.53262671108904],[144.26743606041217,72.50207861538591],[144.56183913658404,72.45562323208513],[145.59995559166217,72.42622717495622],[144.82036879966998,72.14334448452654],[145.2095594734981,72.1206775533742],[145.66462233970904,72.16052588101091],[145.81499770591998,72.09839972134294],[145.6781874031856,71.92672308560076],[145.26140883873248,71.8403812276906],[144.88077834556842,71.72314795132341],[144.80126479576373,71.5911136495656],[145.10038283775592,71.57618292446794],[145.33378127525592,71.63085516567888],[145.74624160240435,71.69371374722185],[146.18606093834185,71.84209784146013],[146.9151258797481,72.20190008755388],[148.15946486900592,72.19639929409685],[148.6979627938106,72.1661868917531],[149.10447219322467,72.08892401333513],[149.53032973716998,72.02736242886247],[149.62253859947467,71.94185980435076],[149.72198012779498,71.89520605679216],[148.71085647056842,71.62939795132341],[148.9621687264278,71.56785925503435],[149.7154188484981,71.4376483785695],[150.69370559166217,71.34668310757341],[151.1194715828731,71.25476416226091],[151.47996047447467,71.08581122036638],[151.64484694908404,70.89377936001482],[151.89907363365435,70.73301275845232],[152.13401320884967,70.66443213101091],[152.79058364341998,70.68098791714372],[153.4044294686153,70.72815283413591],[153.91649917076373,70.79046972866716],[155.04923537681842,70.9385486471242],[156.0431776375606,70.98655279751482],[157.39641860435748,70.927516542632],[158.07795241783404,70.86731299038591],[158.40867141197467,70.81418951626482],[158.93413833091998,70.62346991177263],[159.2292127938106,70.54745062466326],[159.46557143638873,70.39498480435076],[159.62790969322467,70.21980627651872],[159.57267287681842,69.99896582241716],[159.4438124031856,69.76456030483904],[159.67295363853717,69.6519275533742],[160.0166120858028,69.62243231411638],[160.39239028404498,69.61560400601091],[160.6816053719356,69.57847937222185],[160.6740370125606,69.27026709194841],[160.86234572838092,69.08311804409685],[161.17081740806842,69.15864904995622],[161.4161024422481,69.35423620815935],[161.96099379966998,69.52816351528826],[162.1177625984981,69.55855902310076],[162.27485183189654,69.5362811910695],[163.03823378990435,69.54520758267107],[163.72240737388873,69.6744876730031],[164.05369094322467,69.66003759976091],[164.31817153404498,69.46485479946794],[164.63646987388873,69.41282232876482],[165.33014968345904,69.40657385464372],[166.30924514244342,69.37832983608904],[166.70035842369342,69.43165930386247],[167.3200788826778,69.65857275601091],[167.50323012779498,69.56856115933122],[167.92161086509967,69.32873877163591],[168.09997085045123,69.23150213833513],[168.5924177498653,69.11246069546404],[168.98606399009967,68.96339758511247],[169.11321547935748,68.784205995757],[169.38860610435748,68.71748694058122],[170.08889296959185,68.77854498501482],[170.83280471275592,68.9219470846242],[170.9048719734981,69.03432043667497],[170.79320815513873,69.18400152798357],[170.43130019615435,69.55891760464372],[170.05626967857623,69.61091955776872],[170.2362928719356,69.76195105190935],[170.45170119713092,70.0192142355031],[171.30224135826373,69.97523077603044],[171.84838393638873,69.93847998257341],[172.35924819420123,69.9092288839406],[172.9081678719356,69.8347659933156],[173.00828078697467,69.69170721646013],[173.63665297935748,69.76070746060076],[174.57445815513873,69.7850604879445],[175.6109724373653,69.77942999478044],[176.19217971275592,69.71265753384294],[176.54601577232623,69.62294348354997],[177.07915786216998,69.53360327358904],[177.70499709556842,69.48964270229997],[178.04284194420123,69.40761145229997],[178.62885573814654,69.25851782437029],[178.96496108482623,69.22913702603044],[179.28148940513873,69.14725836392107],[180,68.91989477749529],[180,67.96313055630388],[180,66.96313055630388],[180,65.96313055630388],[180,65.38163336392107],[180,65.31103094692888],[180,65.05193670864763],[180,64.95347937222185],[179.30910781334185,64.78647192593279],[179.01597121666217,64.77292975063982],[178.72602370689654,64.60632666226091],[178.4738417000606,64.57721289272966],[178.00438979576373,64.54774054165544],[177.8441267342403,64.58320959683122],[177.42666152427935,64.6067386495656],[177.37353042076373,64.76135595913591],[177.25146010826373,64.8561054098195],[177.0262556404903,64.84421881313982],[177.1346540779903,64.9274402486867],[176.71245864341998,64.78165777798357],[176.33170607994342,64.77292975063982],[176.18017104576373,64.8679920064992],[175.9650526375606,64.90365942593279],[176.15595534752154,64.6779285299367],[175.89977553795123,64.54742773647966],[176.04404738853717,64.50115545864763],[176.4677839608028,64.4089847433156],[176.75323012779498,64.57114752407732],[176.93052199791217,64.5528827535695],[177.08159926841998,64.51739843960466],[177.08158400963092,64.30297430630388],[177.19323256920123,64.2103534566945],[177.53472426841998,64.08968695278826],[178.01113418052935,64.19211157437029],[177.81341079185748,64.0474353658742],[178.14725783775592,64.15663488979997],[178.17650893638873,64.0053211080617],[178.28776076744342,63.91291388149919],[178.37162307213092,63.749381624419115],[178.40261367271685,63.66409262295427],[178.07767775963092,63.42905005093279],[178.3443708748653,63.45795782681169],[178.50112441490435,63.380187593657396],[178.7139540047481,63.153731905180834],[178.93949416588092,63.08333548184099],[179.0042829842403,62.970199190337084],[178.93163588951373,62.765067659575365],[179.28769973228717,62.81507834072771],[179.2317762703731,62.63853796597185],[179.24216750572467,62.52569922085466],[179.04876235435748,62.3913951742238],[178.73766616295123,62.29927023525896],[178.4518690438106,62.31985434170427],[178.25026992271685,62.382873140532396],[177.69097426841998,62.45226629849138],[177.29084304283404,62.48678549404802],[177.13486770103717,62.5499645101613],[177.19034865806842,62.67001303311052],[176.9683485359981,62.69078405972185],[176.83198073814654,62.676410280424975],[176.58050063560748,62.42905005093279],[176.54911330650592,62.3796878683156],[175.17263320396685,61.96908529873552],[174.6526747078731,61.89086493130388],[174.54230788658404,61.89065512295427],[174.3487196297481,61.79903372402849],[174.25043776939654,61.71468313809099],[173.9267683358028,61.61596258755388],[173.48090651939654,61.601100527007006],[173.34258559654498,61.55182226772966],[173.12633803795123,61.36941488857927],[172.91828444908404,61.278129183012865],[172.4924421639278,61.263324342924975],[172.1081648201778,60.98328360195818],[172.0000868172481,60.85757406826677],[171.24840835045123,60.65417822476091],[171.07238295982623,60.45214422817888],[170.51969436119342,60.33994253750505],[170.34409823134902,60.27960975244485],[169.48091979943723,61.192640399715565],[172.4408476128738,63.07842210456581],[171.76813674618367,65.85917681241212],[168.13549806605704,67.45778023799447],[155.89216029229675,68.16901029658281],[130.86731605142418,69.90104204211539],[124.54383390453704,71.58610355723228],[123.5007008987776,73.50494943844788]]],[[[-170.6126603751347,66.03776129360857],[-170.97617050697065,65.67843969937029],[-171.6685685782597,65.88923987026872],[-171.6064805655644,65.80885656948747],[-171.40962692786908,65.70685156460466],[-171.2003068595097,65.56117590542497],[-171.73003098060346,65.61127050991716],[-172.1836290030644,65.58850439663591],[-172.72432419349408,65.76287420864763],[-173.04314133216596,65.80616339321794],[-172.98259445716596,65.74776037808122],[-172.85268112708783,65.63107641812029],[-172.8146867423222,65.63114508267107],[-172.56233688880658,65.51480444546404],[-172.47015854408002,65.37645300503435],[-172.41122910072065,65.17272528286638],[-172.4365586905644,65.020045839507],[-172.8027238516972,64.99756201382341],[-173.16508957435346,64.96792944546404],[-173.2504014640019,64.89551123257341],[-173.02515121986127,64.50645788784685],[-173.0770158438847,64.3839832174367],[-173.54488083411908,64.4190936910695],[-173.72377487708783,64.38278540249529],[-174.26068588783002,64.46094092007341],[-174.37944504310346,64.6192127096242],[-175.18715378333783,64.84854467983904],[-175.30087753822065,64.72565039272966],[-175.8273820548222,64.93402441616716],[-175.95168015052533,65.0061756002492],[-176.07092758704877,65.18765600796404],[-175.99268051673627,65.2678714620656],[-176.13722702552533,65.45704229946794],[-176.52850815345502,65.60957678433122],[-176.7827500968144,65.63828619595232],[-177.12561508704877,65.62305029507341],[-177.51186081458783,65.52012213345232],[-178.11627670814252,65.4824939596242],[-178.65353867103315,65.5398670064992],[-178.6272325186894,65.68596991177263],[-178.69694992591596,65.83212622280779],[-178.9750871329472,66.05139502163591],[-179.3785752921269,65.99599035854997],[-179.58118149329877,65.81180151577654],[-180,65.2592273580617],[-180,65.31103094692888],[-180,65.381618105132],[-180,65.96313055630388],[-180,66.96313055630388],[-180,67.96313055630388],[-180,68.91692694302263],[-178.89124008704877,68.64245184536638],[-178.1291856436894,68.37364538784685],[-177.7093858390019,68.29199560757341],[-175.9905900626347,67.84674414272966],[-175.51398178626752,67.66881140347185],[-175.4221543936894,67.60198553677263],[-175.38904282142377,67.50534399624529],[-175.18892380286908,67.31261023159685],[-175.00623032142377,66.95733221646013],[-175.10054489661908,66.76504858608904],[-174.6351670890019,66.40478857632341],[-174.19333359290815,66.28795965786638],[-174.2020158438847,66.36881598110857],[-174.0682725577519,66.43529089565935],[-174.09120651771283,66.5235858785695],[-174.37830063392377,66.699977480132],[-174.37114426185346,66.94374426479997],[-174.33661362220502,67.07699926968279],[-173.87494370033002,67.1593280660695],[-173.43222519447065,67.03428228970232],[-173.17439743568158,66.99037512417497],[-172.82922836829877,66.96141394253435],[-172.3779649405644,67.01405676479997],[-171.9579972891972,66.95566900845232],[-171.5396623282597,66.76436194058122],[-171.22723862220502,66.60267218228044],[-170.4731340079472,66.29494055386247],[-170.32910629798627,66.25848730679216],[-170.06616684486127,66.1781726705617],[-169.87270065833783,66.08316382046404],[-169.8324327140019,66.0245624410695],[-169.98691269447065,66.00963934536638],[-170.44873520423627,66.05273779507341],[-170.6126603751347,66.03776129360857]]]]}},{"type":"Feature","properties":{"NAME":"Dorset","ABBREVN":"Dorset","INFO_UR":null,"SUBJECTO":"Dorset","BORDERPRECISION":1,"PARTOF":"Dorset"},"geometry":{"type":"MultiPolygon","coordinates":[[[[-116.81318375159954,68.91183050747576],[-116.32002731849407,68.89770849819841],[-115.68983170081829,68.93648871060076],[-115.28510757972454,68.89208563442888],[-114.83145615150188,68.76513250942888],[-114.38960739661907,68.60825689907732],[-114.19450851966594,68.49615057583513],[-114.10867020179485,68.34652289028826],[-114.3446931510136,68.2862048971242],[-114.7653703360722,68.30038794155779],[-115.02009293128704,68.27746924038591],[-115.40214249183391,68.21693762417497],[-115.56165787269329,67.89568670864763],[-114.06628891517376,67.734645448882],[-113.2897615103886,67.69891699429216],[-112.5025300650761,67.69295843716326],[-112.11188217689251,67.72342260952654],[-111.77983566810344,67.74637182827654],[-111.35673233558391,67.82159002896013],[-110.95406052161907,67.87451513882341],[-110.53196426917766,67.92000921841326],[-110.13336655189251,67.9058338033742],[-109.48879715491985,67.69111975308122],[-108.83538528968548,67.61059912319841],[-108.64619919349407,67.55892523403826],[-108.09502121497844,67.35959967251482],[-108.10113235999798,67.2188220846242],[-108.32774063636516,67.18139227505388],[-108.48516556312298,67.07013281460466],[-108.34801956702923,67.00387152310076],[-107.52763840247844,66.56298407192888],[-107.60024735023235,66.73958929653826],[-107.6110734610722,66.87971838589372],[-107.40584274818157,66.90224035854997],[-107.12817856361126,66.9618411886281],[-107.15620895911907,67.0430408346242],[-107.59381577064251,67.33831366177263],[-107.65141006995891,67.42718084927263],[-107.7165193228886,67.62755926724138],[-107.66202255775188,67.96261938687029],[-107.50445267249798,67.97784002896013],[-106.62961288978313,68.03915747280779],[-106.21191879798626,68.10709723110857],[-106.11858841468548,68.24175604458513],[-105.9119538932011,68.33936651821794],[-105.6359758048222,68.35485418911638],[-105.14194199134563,68.22861822720232],[-104.45434280921673,68.10291632290544],[-104.01886459876751,68.07389410610857],[-103.58273788978313,68.11950262661638],[-103.3074617057011,67.93351324673357],[-103.19611832191204,67.89646490688982],[-102.76308914710735,67.80044897671404],[-102.21799179603313,67.74194677944841],[-101.91296860267376,67.70532568569841],[-101.39744278480266,67.70627936001482],[-101.00199600745891,67.79630621548357],[-100.21192642738079,67.8052249776906],[-99.3676652579472,67.79192694302263],[-98.88602921058391,67.81515081997576],[-98.35487839271282,67.93530615444841],[-97.92310806800579,67.72021826382341],[-97.49550339271282,67.58721502896013],[-97.26068588783001,67.59509619351091],[-97.15115829993938,67.7365222799367],[-97.15858933021282,67.96737249966326],[-97.45818039466594,68.07123144741716],[-97.78757950355266,68.13031347866716],[-98.40710922767376,68.15903051968279],[-98.36706253577923,68.36095007534685],[-97.83035751868938,68.39937170620622],[-97.57178970863079,68.36991461392107],[-97.2100495963261,68.27335699673357],[-96.81831833411907,68.18440588589372],[-96.43210312415813,68.16273077603044],[-96.20792862464641,68.07355078335466],[-96.1680574088261,67.99158819790544],[-96.21100327064251,67.93185003872576],[-96.34024521400188,67.5448261129445],[-96.25960251380657,67.31505163784685],[-96.12275406409954,67.241237245757],[-96.04299637366985,67.21179541226091],[-95.68652054359173,67.16807135220232],[-95.2586564688847,67.02838476772966],[-95.29073044349407,67.27984198208513],[-95.50044724036907,67.72474249478044],[-95.43879410316204,67.94077643032732],[-95.32254501868938,68.06028326626482],[-95.00205704261516,68.05342444058122],[-94.63704392005657,68.0690189230031],[-94.08401199866985,68.45131262417497],[-93.8626603751347,68.47417791958513],[-93.64680191566204,68.47459753628435],[-93.41411301185344,68.54245337124529],[-93.39924332191204,68.60245855923357],[-93.46689316322063,68.76744421597185],[-93.63582321693157,68.92499121304216],[-93.77388474036907,68.92471655483904],[-94.13840958167766,68.841334902007],[-94.58306595374798,68.87808569546404],[-94.34251114417766,69.11190374966326],[-93.97977158118938,69.1427265035695],[-93.78439804603313,69.21850927944841],[-93.52708145667766,69.21897467251482],[-93.19426437904094,69.03869970913591],[-92.98549362708782,68.96380957241716],[-92.95613571693157,69.08434637661638],[-92.99247452308391,69.5145755636281],[-93.32716080238079,69.48372992153826],[-93.73071762611126,69.49808081265154],[-94.0367326407597,69.55047949429216],[-94.4232072501347,69.6936527120656],[-94.74957748939251,69.65517004604997],[-95.30957504798626,69.73746832485857],[-95.6969880728886,69.84295233364763],[-96.12698074866985,69.9408450948781],[-96.42262741615032,70.09300573940935],[-96.46397110511516,70.15418585415544],[-96.4740876822636,70.29984625454607],[-96.32550522376751,70.36152990933122],[-95.94667526771282,70.56986578579607],[-96.16534134437298,70.66958960171404],[-96.69965073158001,70.83835943813982],[-96.65924545814251,70.93118628140154],[-96.39831253577923,71.2027850973195],[-96.13158890296673,71.33528479214372],[-95.95746323158001,71.35116156216326],[-95.49297806312298,71.23551519985857],[-95.43042465736126,71.25116308804216],[-95.35268112708782,71.40671118374529],[-95.67177292396282,71.56962164517107],[-95.7620515494511,71.69424780483904],[-95.65868851234173,71.71004828091326],[-95.41064926673626,71.85898932095232],[-95.24577042152141,71.8749500143117],[-94.41721054603313,71.88431128140154],[-94.16578384925579,71.84570654507341],[-93.83813950111126,71.76034887905779],[-93.27116867591594,71.5585437643117],[-93.07691666175579,71.41099890347185],[-92.98890396644329,71.24022253628435],[-93.0994538932011,70.9687991964406],[-92.53204056312298,70.7303958761281],[-92.16814896156048,70.50767859097185],[-91.65772720863079,70.28584631558122],[-91.82776352454876,70.13225897427263],[-92.27079483558391,70.1161151754445],[-92.48423477699016,69.99328955288591],[-92.67121597816204,69.74241217251482],[-92.45926376868938,69.7124515401906],[-91.97731491615032,69.60731085415544],[-91.6150788932011,69.5852542745656],[-91.44098373939251,69.6461673605031],[-91.1724519400761,69.64666327114763],[-90,69.4889636861867],[-90,69.3299823629445],[-90,69.23138769741716],[-90,69.16359289761247],[-90,68.95337256069841],[-90,68.68316992397966],[-90,68.36909826870622],[-89.7355851798222,68.53431280728044],[-89.44108292152141,69.0457034933156],[-89.14040848304485,69.2346912252492],[-88.9050187735722,69.22760351772966],[-88.5761384635136,69.1000476705617],[-88.09737106849407,68.8525882589406],[-87.88440414954876,68.68025549526872],[-87.79025742103313,68.47801550503435],[-87.86149307777141,68.2833515035695],[-88.0130510001347,68.26810034390154],[-88.37113663245891,68.31228979702654],[-88.46198746253704,68.17760809536638],[-88.48145767738079,67.99102362271013],[-88.32388016273235,67.8125491964406],[-87.80835434486126,67.5162616598195],[-87.53399368812298,67.29434546108904],[-87.3254060416386,67.16891058560076],[-87.05794235755657,67.24338873501482],[-86.65454575111126,67.31820257778826],[-86.48843857337688,67.37778814907732],[-86.39503189613079,67.67486151333513],[-86.05096146156048,67.85401495571794],[-85.78174301673626,68.04082831021013],[-85.66953751136516,68.3397937643117],[-85.50632950355266,68.67721136685076],[-85.39984604408001,68.7599597799367],[-84.77272507240032,68.7235828268117],[-84.62458511878704,68.75390967007341],[-84.56435104896282,68.98704870815935],[-85.00759598304485,69.13682898159685],[-85.42065140296673,69.29444464321794],[-85.3810701041386,69.695338808257],[-85.1133699088261,69.81714972134294],[-84.75945755531048,69.80261572476091],[-84.57021805335735,69.8333240377492],[-84.31351944495891,69.82621344204607],[-82.75667282630657,69.54878576870622],[-82.16050430824016,69.2477069723195],[-81.93275925208782,69.24814184780779],[-81.68396469642376,69.27876623745622],[-81.47992416908001,69.1886478292531],[-81.36990829993938,68.72242315884294],[-81.58302780677532,68.6020007955617],[-81.77710434486126,68.55667456265154],[-81.88645645667766,68.57896002407732],[-82.20959183265423,68.81850012417497],[-82.3278474478886,68.81827124233904],[-82.68726822425579,68.69747503872576],[-82.63178726722454,68.5550800191945],[-82.49299332191204,68.32328375454607],[-82.17829605628704,67.99535711880388],[-81.79372879554485,67.75780066128435],[-81.29496475745891,67.4987293111867],[-81.28435226966594,67.35788305874529],[-81.49921890784954,67.06891211147966],[-81.69673630286907,66.98728521938982],[-82.32999130775188,66.63962133999529],[-82.63348099281048,66.60227545376482],[-83.13871475745891,66.37349279995622],[-83.48195358802532,66.49772223110857],[-84.2264070182011,66.93088873501482],[-84.49036881019329,67.0485339986867],[-84.7138566641972,67.07027777310076],[-85.02158829261516,66.9441409933156],[-84.4077043204472,66.70936926479997],[-83.74045273353313,66.30630835171404],[-84.05871292640423,66.27637060757341],[-84.3699845938847,66.31246527310076],[-84.94954392005657,66.2747073995656],[-85.11850449134563,66.33306463833513],[-85.38676163245891,66.61182745571794],[-85.90318008949016,66.61822851772966],[-86.73898788978313,66.5651355611867],[-86.8531388907597,66.46201666470232],[-86.5768708853886,66.35237463589372],[-85.9871492057011,66.16278418179216],[-86.05865952064251,66.07476385708513],[-86.3337068228886,65.92789801235857],[-87.25401016761516,65.43011816616716],[-87.54983994056438,65.3495365011281],[-87.78694626380657,65.34908636685076],[-88.17352768470501,65.45750006313982],[-88.54085251380657,65.67544897671404],[-88.64201065589641,65.71173437710466],[-89.17739578773235,65.81294592495622],[-89.50872513343548,65.9292484151906],[-89.77756973792766,65.97996100063982],[-90,65.97355230923357],[-90,65.97159918423357],[-90,65.8931156026906],[-90,65.76792486782732],[-89.6923722891972,65.67328222866716],[-88.90442368079876,65.32516058560076],[-88.17144485999798,65.13038214321794],[-87.61630722572063,65.0733905660695],[-87.15728470374798,65.05958899136247],[-87.43523117591594,64.568873964507],[-87.82447739136254,64.34703526339813],[-97.36110989181023,65.12429440026054],[-110.86015901801942,65.94354545380173],[-120.4025902968914,67.94746792457464],[-119.97896171213529,69.37805753048482],[-119.27894302894329,69.26151617642107],[-118.81795212318157,69.16424139614763],[-118.53954788734173,69.13460119839372],[-117.83234116126751,69.00779303188982],[-117.32801529456829,68.97860296841326],[-116.81318375159954,68.91183050747576]]],[[[-78.06480118324016,58.407577120024584],[-78.26871201087688,58.53095205898943],[-78.33678909827923,58.551471315581225],[-78.46879288245891,58.70949514980974],[-78.43261429359173,58.7577396261281],[-78.04195114661907,58.99277456875505],[-77.7932023673222,59.38671454067888],[-77.66153427650188,59.573634706694506],[-77.54865738441204,59.61535986538591],[-77.34766098548626,59.62266119595232],[-77.21478745033001,59.747516237456225],[-77.26242538978313,59.983024202544115],[-77.3433732657597,60.14297827358904],[-77.4854402213261,60.32394751187029],[-77.50717636634563,60.414630495268725],[-77.39095017005657,60.575458131987475],[-77.38847824622844,60.69431646938982],[-78.17645737220501,60.74176748867693],[-77.68836685706829,61.156058870512865],[-77.46218582679485,61.4725833761281],[-77.4590959220097,61.52888067837419],[-77.60143753577923,61.620101534087084],[-77.87536331702923,61.739318453032396],[-77.98535629798626,61.8589244710988],[-78.00491806556438,62.09885748501482],[-77.86758896400188,62.29000052090349],[-77.61822220374798,62.432006441313646],[-77.36155411292766,62.5174938070363],[-76.98962112952923,62.48983725186052],[-76.18819138099407,62.3214488851613],[-75.69460007240032,62.21628912563982],[-75.35587021400188,62.18159063931169],[-74.7077531485722,62.17575415249529],[-74.2219133048222,62.2402835714406],[-73.83501144935344,62.34003409023943],[-73.74016281654094,62.36142309780779],[-73.65973373939251,62.38989981289568],[-73.39458176185344,62.354999147612475],[-72.94855972816204,62.17197378750505],[-72.83432480384563,62.11566885586443],[-72.49496933509563,61.91160162563982],[-72.08188339759563,61.74319800015154],[-71.72385880042766,61.54673346157732],[-71.85619827796673,61.37070425625505],[-71.67342087318157,61.265685640532396],[-70.90924545814251,61.04263647671404],[-70.02829453040813,60.883170686919115],[-69.70210739661907,60.89780005093279],[-69.53632828284954,60.98915060635271],[-69.38380142738079,60.85639151211443],[-69.38945480872844,60.67446859951677],[-69.64902206947063,60.52024420376482],[-69.7043122916386,60.31776007290544],[-69.50727554847454,59.720538698393725],[-69.44611069251751,59.39558371182146],[-69.34257217933391,59.209334932524584],[-69.36467453529094,59.050597749907396],[-69.4760408072636,58.974532686430834],[-69.6764802603886,58.98103293057146],[-69.83239456702923,58.98765143032732],[-69.89423080970501,58.68445547695818],[-69.7258195548222,58.56093557949724],[-69.2142228751347,58.74767645474138],[-69.04963394691204,58.768642030913256],[-68.6982316641972,58.7899661886281],[-68.56939407874798,58.78334768887224],[-68.26482864906048,58.63936575527849],[-68.09467026283001,58.4814945089406],[-68.09272476722454,58.36469992275896],[-68.12936874915813,58.30967291470232],[-68.00455185462688,58.16574057217302],[-67.77240463783001,58.24854239102068],[-67.63468643714641,58.269408785063646],[-67.10699173499798,58.3047366964406],[-66.82087418128704,58.387694917876146],[-66.62459274818157,58.55993231411638],[-66.47463699866985,58.80796011563005],[-66.3281144766972,58.801356874663256],[-66.24101730872844,58.746444307524584],[-65.92905136634563,58.423751436430834],[-65.91018387366985,58.45127066250505],[-65.86144730140423,58.795341097075365],[-65.71872421790813,59.05748327847185],[-65.50514694740032,59.17517813320818],[-65.26260849525188,59.348231874663256],[-65.55537125159954,59.575770937163256],[-65.55168625404094,59.714164339262865],[-65.42895218421673,59.776717745024584],[-64.9879045157597,59.81909521694841],[-64.90073868324016,59.88158758755388],[-64.6706208853886,60.18091925259294],[-64.37056442786907,60.01439245815935],[-64.09742828895305,59.74460562344255],[-63.744103398816335,59.516959749419115],[-63.47582336951946,59.15830572720232],[-63.0057153372929,58.814532839018725],[-62.886959996716726,58.65644415493669],[-63.04202362586712,58.52547415371599],[-62.99899765540813,58.37437780972185],[-62.74108215858196,58.38857992764177],[-62.576710668103445,58.03888281460466],[-62.509727645274545,57.9717281924346],[-76.46228683413294,56.57751271564082],[-76.43862625648235,56.80968817349138],[-76.55453964759563,57.280055605132006],[-76.66497513343548,57.51904638882341],[-76.77238174964641,57.662501894194506],[-77.19423386146282,57.990504823882006],[-77.40435501624798,58.1135745870656],[-77.65972593116685,58.236497284684546],[-77.90158554603313,58.35291632290544],[-78.06480118324016,58.407577120024584]]],[[[-85.05792709876751,65.60906561489763],[-85.19839951087688,65.37575110073747],[-84.84233566810344,65.20199164028826],[-84.60504623939251,65.18065222378435],[-84.42397781898235,65.3917499410695],[-84.12235733558391,65.34141119595232],[-83.75972458411907,65.21129187222185],[-83.34707352210735,64.97989996548357],[-83.08543106605266,64.86502417202654],[-82.1096086173222,64.64357336636247],[-81.91070267249798,64.5216785299367],[-81.83135696937298,64.4068103658742],[-81.87212845374798,63.99071844692888],[-81.62959763099407,63.96968802090349],[-81.37314316322063,63.998797975737475],[-80.95304581214641,63.97811850186052],[-80.63767715980266,63.91426809902849],[-80.17938705970501,63.722003542143725],[-80.36790176917766,63.678756319243334],[-80.48860642005657,63.6213870870656],[-80.69595047523235,63.49962957974138],[-81.12308212806438,63.52020987148943],[-81.40321823646282,63.576827608305834],[-82.00050827552532,63.63282354946794],[-82.19765183021282,63.689601503569506],[-82.49345108558391,63.93942984219255],[-82.73103806068157,64.07508429165544],[-83.18854996253704,64.18176611538591],[-83.42594620277141,64.17413672085466],[-83.51739212562298,64.05209692593279],[-83.43925186683391,63.78738363857927],[-83.4958161978886,63.74437292690935],[-84.08714005042766,63.6717906820363],[-84.39013382484173,63.4498782980031],[-84.65469070960735,63.313903413969896],[-85.15679642249798,63.1847301351613],[-85.46279617835735,63.20551642056169],[-85.43207260658001,63.597831331450365],[-85.60072800208782,63.747558199126146],[-86.03205582191204,63.67527350063982],[-87.10120102454876,63.54468496914568],[-87.05285355140423,63.7519908773488],[-86.80083939124798,63.88837011929216],[-86.06107803870891,64.14051397915544],[-86.19711777259563,64.35553320522966],[-86.24284073402141,64.54231604214372],[-86.19514175941204,64.72953375454607],[-86.01604172279094,65.1054187643117],[-85.8207902579472,65.3600345480031],[-85.70657059241985,65.65157660122576],[-85.55754562904094,65.863551698882],[-85.05792709876751,65.60906561489763]]],[[[-76.26923843909954,67.24877508755388],[-76.86277481605266,67.26248510952654],[-77.06481644202923,67.32873114224138],[-77.16953751136516,67.43970068569841],[-77.24754044105266,67.65480383511247],[-77.11246964027141,67.84839972134294],[-76.79418655921673,68.14715155239763],[-76.49629684974407,68.26720770474138],[-75.88468643714641,68.34309729214372],[-75.47483536292766,68.25416906948747],[-75.11950394202923,68.11297186489763],[-75.12882706214641,67.9042240011281],[-75.14626022865032,67.57702978726091],[-75.30917831947063,67.45801123257341],[-75.77039810706829,67.30152472134294],[-76.26923843909954,67.24877508755388]]],[[[-97.40739914466594,69.74872168179216],[-96.76149460365032,69.47729834194841],[-96.18220993568157,69.2970462667531],[-96.14881607581829,69.16884192104997],[-96.0071916251347,69.04100378628435],[-95.51456924964641,68.80868872280779],[-95.64428421546673,68.75587805386247],[-96.21271225501751,68.53721197720232],[-96.47281357337688,68.51425512905779],[-96.79360672523235,68.52864416714372],[-97.20869919349407,68.61033209438982],[-97.60563370277141,68.63960608120622],[-98.16822525550579,68.78120764370622],[-98.60599228431438,68.86307104702654],[-98.8778962760136,68.88511999722185],[-99.36504837562298,68.97447546597185],[-99.17148300697063,69.12549170132341],[-98.47739883949016,69.30786474819841],[-98.30434891273235,69.39127691860857],[-98.25264450599407,69.69410284634294],[-98.11539169837688,69.80051764126482],[-97.74158188392376,69.83156164761247],[-97.40739914466594,69.74872168179216]]],[[[-110.07939621497844,72.56222876187029],[-110.52460953284954,72.99669989224138],[-110.45457169105266,73.012721620757],[-109.83352371741985,72.95041235562029],[-109.29004379798626,72.84044226284685],[-108.9863176016972,72.73019751187029],[-108.86967941810344,72.61976965542497],[-108.78215500404094,72.39120825405779],[-108.34788223792766,71.91302832241716],[-108.06052872230266,71.7571292745656],[-107.59039017249798,71.89877661343279],[-107.52726456214641,72.0164066183156],[-108.08660599281048,72.62913092251482],[-108.28398605872844,73.22342260952654],[-108.1815080313847,73.38294561978044],[-107.32207962562298,73.26501806851091],[-106.52323624183391,73.1948963033742],[-105.60927292396282,72.871120058257],[-105.44746109534954,72.79220923062029],[-105.31259628822063,72.65014227505388],[-105.24045273353313,72.33487280483904],[-105.0103654532597,72.04465063687029],[-104.85225388099407,71.92740973110857],[-104.46709152747844,71.65454443569841],[-104.44525620033001,71.56880529995622],[-104.52512833167766,71.45958288784685],[-104.67538925697063,71.18729742642107],[-104.5945710807011,71.04790838833513],[-104.49381729652141,70.99388464565935],[-103.86364456702923,70.70147284146013],[-103.6344880728886,70.62477453823747],[-103.11633011390423,70.51027258511247],[-102.43571182777141,70.4653812276906],[-101.51055618812298,70.20607336636247],[-101.05518051673626,70.03077276821794],[-100.89127823402141,69.6740222799367],[-100.96714493324016,69.62841375942888],[-101.44928452064251,69.66540106411638],[-101.81390854408001,69.77085455532732],[-102.23950668861126,69.87630804653826],[-102.4875383048222,69.79996069546404],[-102.7867097525761,69.70836981411638],[-103.24611374427532,69.69237860317888],[-103.36132523109173,69.6391101705617],[-103.2675447135136,69.329127870757],[-102.77837082435344,69.36026342983904],[-102.5022859244511,69.42879828091326],[-102.19797989417766,69.48231085415544],[-101.80372330238079,69.24127539272966],[-101.80838486243938,69.1356464254445],[-102.04508682777141,69.06739386196794],[-102.27785202552532,68.95402105923357],[-102.54044052650188,68.9083515035695],[-103.17824265052532,68.854518495757],[-103.65028091956829,68.86117132778826],[-104.18777176429485,68.89776190396013],[-104.90506454993938,69.0093265401906],[-105.93043991615032,69.23358496304216],[-106.17933365394329,69.3312488424367],[-106.37526413490032,69.48207434292497],[-106.59244247962688,69.49679907437029],[-106.85383316566204,69.45092352505388],[-107.03466507484173,69.2843509542531],[-107.53622910072063,69.05713995571794],[-108.0107316641972,69.04871710415544],[-108.64556595374798,69.0023456441945],[-109.20942398597454,68.81319006558122],[-110.44822403480266,68.65314062710466],[-111.08742233802532,68.64444311733904],[-111.62939163734173,68.6059070455617],[-112.52248093177532,68.63425787563982],[-112.73987289954876,68.58884008999529],[-113.15218063880657,68.59556921597185],[-113.60199448158001,68.72235449429216],[-113.6291398673222,68.93281897183122],[-113.53999039222454,68.97813757534685],[-113.53912827064251,69.113795839507],[-113.71682449866985,69.20395239468279],[-113.9246492057011,69.2488513814992],[-115.34070297767376,69.29905279751482],[-115.90655228187298,69.35089453335466],[-116.29550644447063,69.42576941128435],[-116.65620132972454,69.515895448882],[-116.99491592933391,69.74258764858904],[-117.56819626380657,69.99218329067888],[-117.43176743079876,70.02304419155779],[-117.19289871741985,70.12301977749529],[-116.4855622916386,70.14733465786638],[-116.21414658118938,70.23219641323747],[-115.96313950111126,70.22498663540544],[-115.55354019691204,70.23343237515154],[-115.14664932777141,70.27254828091326],[-114.3743562369511,70.25864752407732],[-113.95380112220501,70.25943335171404],[-112.99108597327923,70.23821600552263],[-112.50060745765423,70.23913153286638],[-111.73052689124798,70.25592383022966],[-111.54370590736126,70.32538183804216],[-111.84992691566204,70.42466314907732],[-112.89021774818157,70.64599188442888],[-113.76405045081829,70.73691900845232],[-115.59048172523235,70.76437719937029],[-116.29656693031048,70.77074774380388],[-117.05903336097454,70.7461658346242],[-117.48882004310344,70.72220953579607],[-117.76066299964641,70.721705995757],[-118.50345322181438,70.95989569302263],[-118.4987687735722,71.05283697720232],[-118.37258621741985,71.08408697720232],[-118.00223251868938,71.10802801724138],[-117.41016098548626,71.20223578091326],[-116.96210953284954,71.18755682583513],[-116.16113754798626,71.2511707174367],[-115.74225327064251,71.29855688687029],[-115.51704117347454,71.42342718716326],[-115.69346329261516,71.57892187710466],[-116.60404678870891,71.54600866909685],[-117.31387802650188,71.47455175991716],[-117.49078079749798,71.497584902007],[-117.74024673988079,71.58288153286638],[-118.04492661048626,71.7384296285695],[-118.33756729652141,71.8239017355031],[-118.64906784583782,71.79981573696794],[-118.9683732657597,71.90880926724138],[-118.98560806800579,72.03416784878435],[-118.39875504066204,72.47567328091326],[-117.21970840980266,72.85729559536638],[-116.81048294593548,72.92147406216326],[-116.64289566566204,73.00113257046404],[-116.0591935782597,73.12137182827654],[-115.4632234244511,73.19405706997576],[-115.14786240150188,73.31409033413591],[-114.64695450355266,73.3548847066945],[-114.18506332923626,73.24422796841326],[-114.21641251136516,73.14866980190935],[-114.46294113685344,72.9893298971242],[-114.47271439124798,72.62509497280779],[-114.10439011146282,72.64158209438982],[-113.75349136878704,72.69756659146013],[-113.24133011390423,72.94402655239763],[-112.83889481116985,72.95272406216326],[-112.06347366859173,72.84318121548357],[-111.64081284095501,72.72526129360857],[-111.72553726722454,72.33058508511247],[-111.49362656165813,72.36252173062029],[-111.19660660316204,72.37095984097185],[-110.84028336097454,72.47403296108904],[-110.57087418128704,72.5376468526906],[-110.22986313392376,72.53040655728044],[-110.07939621497844,72.56222876187029]]],[[[-101.04201981116985,72.76880987759294],[-100.83488937904094,72.74547918911638],[-100.55804916908001,72.87264593716326],[-100.14954849769329,73.15112646694841],[-99.96296402503704,73.16739233608904],[-99.9550447135136,73.26287420864763],[-100.43335434486126,73.517116152007],[-100.91383072425579,73.70812567349138],[-100.99365707923626,73.81210669155779],[-100.93396469642376,73.86034735317888],[-100.17654129554485,73.82167395229997],[-99.85664078284954,73.9185291158742],[-99.66770645667766,73.91888769741716],[-99.21940323402141,73.7433353292531],[-98.96750351478313,73.72777136440935],[-98.7065324454472,73.75229986782732],[-98.51103683997844,73.86486395474138],[-97.9566316275761,73.92206152554216],[-97.34714218665813,73.89111670132341],[-96.93672653724407,73.78765448208513],[-97.08239456702923,73.66727026577654],[-97.3434724478886,73.61080511685076],[-97.4888581900761,73.458766542632],[-98.18634506751751,73.2900882589406],[-98.36283585120891,73.21812780972185],[-98.39371201087688,73.13058050747576],[-98.2796525626347,73.01959570522966],[-98.05192276527141,72.97244604702654],[-97.74046036292766,73.01267584438982],[-97.2546281485722,72.93429907437029],[-96.86413284827923,72.8241229879445],[-96.68853470374798,72.81653936978044],[-96.43457504798626,72.69835241909685],[-96.35086533118938,72.50115545864763],[-96.65746780921673,72.34305151577654],[-96.72786423255657,72.18572577114763],[-96.84962173988079,71.87977179165544],[-97.05519577552532,71.71526678677263],[-97.28400894691204,71.65240057583513],[-97.58003708411907,71.64402350063982],[-97.84193131019329,71.69036444302263],[-98.18997665931438,71.84595068569841],[-98.4839753775761,71.892360292632],[-98.47840591956829,71.79854162808122],[-98.00388046790813,71.54967840786638],[-98.37187668372844,71.36996801968279],[-98.71809097816204,71.35375555630388],[-98.93899246741985,71.39222296353044],[-99.43434616615032,71.64056738491716],[-99.86262985755657,71.92893561001482],[-100.31894394447063,72.13972815151872],[-100.75919815589641,72.24100836392107],[-101.40628525306438,72.2948490011281],[-101.65373703529094,72.373073183257],[-102.66872879554485,72.85284002896013],[-102.27919479896282,73.14715918179216],[-101.98523422767376,73.08414038296404],[-101.52065750648235,72.87084540005388],[-101.04201981116985,72.76880987759294]]],[[[-95.06853958656048,74.06405218716326],[-94.97359177161907,74.10442694302263],[-94.86817642738079,74.13680609341326],[-93.8990144400761,74.16276129360857],[-93.35233017493938,74.123561464507],[-92.69331070472454,74.01222571011247],[-92.11629196693157,73.98919256802263],[-91.52423569251751,74.05460699673357],[-91.05135056068157,74.0474124776906],[-90,73.99981268521013],[-90,73.9039798605031],[-90,73.86387976284685],[-90,73.78354986782732],[-90,73.59081610317888],[-91.31957718421673,73.25516089077654],[-92.00058456947063,72.8411365377492],[-92.62426468421673,72.80831488247576],[-93.69485184241985,72.87755163784685],[-94.26578232337688,72.85271795864763],[-93.63932510902141,72.52990301724138],[-93.72375961829876,72.38791235562029],[-94.10856339027141,72.22202643032732],[-94.54240128089641,72.18979223843279],[-95.05836960365032,72.28313788052263],[-95.12389847327923,72.51922949429216],[-95.54762741615032,72.8820072042531],[-95.64077469398235,73.14367254849138],[-95.61453720618938,73.3187747823781],[-95.49306198646282,73.61426123257341],[-95.32336136390423,73.75862463589372],[-94.7580461173222,73.74365576382341],[-94.79846664954876,73.81568487759294],[-94.98547073890423,73.93563421841326],[-95.06853958656048,74.06405218716326]]],[[[-72.72998520423626,64.01499518032732],[-73.14795395423626,64.3440662252492],[-73.16355606605266,64.57397040005388],[-73.66560074378704,64.60179480190935],[-74.25550552894329,64.76624640103044],[-74.55905624915813,64.78008612271013],[-74.43120285560344,64.43503912563982],[-74.50111862708782,64.39181860562029],[-74.68512436439251,64.39863928433122],[-75.45184799720501,64.54811438198747],[-75.59100815345501,64.53346594448747],[-75.73706528236126,64.3966785299367],[-75.93552872230266,64.26706274624529],[-76.52609726478313,64.23010595913591],[-77.13303085853313,64.30788000698747],[-77.73748489906048,64.39293249722185],[-78.10336777259563,64.5072284566945],[-78.12671371986126,64.65100439663591],[-78.03855606605266,64.8312259542531],[-77.86662003089641,64.99017675991716],[-77.38702103187298,65.06357153530779],[-77.3007478385136,65.14354284878435],[-77.35837265540813,65.37593420620622],[-77.26591965247844,65.39064367886247],[-76.65509506751751,65.3408923971242],[-76.02154251624798,65.26210363979997],[-75.78904434730266,65.19718512173357],[-75.35587021400188,64.91551550503435],[-75.33303543616985,65.08917578335466],[-75.40231796790813,65.17612036343279],[-75.36760422279094,65.26336248989763],[-75.10431381751751,65.27838476772966],[-74.66482254554485,65.32281836147966],[-74.37125870277141,65.39608343716326],[-74.07912918616985,65.44756659146013],[-73.84737106849407,65.41888006802263],[-73.49424454261516,65.40500219937029],[-73.41992661048626,65.5288806783742],[-73.93200394202923,65.89995916958513],[-74.27988907386516,66.06022223110857],[-74.33333298255657,66.16263922329607],[-74.25811478187298,66.23606451626482],[-73.99428268958782,66.26588019009294],[-73.67012497474407,66.37652929897966],[-73.03596207191204,66.64232214565935],[-72.87354752113079,66.88572271938982],[-72.52695938636516,67.09307440396013],[-72.30491348792766,67.26360663052263],[-72.35401627113079,67.53031500454607],[-72.75854202796673,67.90864904995622],[-72.94171616126751,68.13196142788591],[-73.18491837074016,68.2958026754445],[-73.37102982093548,68.29544409390154],[-73.93708511878704,68.44398077603044],[-74.40533920814251,68.66039618130388],[-74.51526352454876,68.87041815396013],[-74.75226303626751,69.04297979946794],[-74.9511384635136,68.95230444546404],[-75.19905563880657,68.86163672085466],[-75.57037064124798,68.86846502896013],[-75.70226761390423,68.81561621304216],[-75.98151871253704,68.80757483120622],[-76.54644485999798,68.73144873257341],[-76.64257523109173,69.03191717739763],[-76.17831894447063,69.05538519497576],[-75.62469955970501,69.10160406704607],[-75.55168625404094,69.2223392355031],[-76.27321335365032,69.50035437222185],[-76.97148605872844,69.80196722622576],[-77.36704727699016,69.80879553433122],[-77.62225052406048,69.89180334683122],[-77.69864365150188,70.13574560757341],[-78.00343796302532,70.28839453335466],[-78.20575424720501,70.31102331753435],[-78.61879440833782,70.44847448940935],[-78.92800613929485,70.60174139614763],[-79.10110184241985,70.6553226339406],[-79.37588974525188,70.58551367397966],[-79.7404679923222,70.66953619595232],[-80.27011581947063,70.77648504849138],[-80.48997208167766,70.81468542690935],[-80.66049667884563,70.75260504360857],[-80.42231461097454,70.61433752651872],[-80.21841141273235,70.59160956021013],[-78.94103714515423,70.27132757778826],[-78.74377914954876,70.14908178921404],[-78.71291824866985,70.01144751187029],[-78.94031998206829,69.91211279507341],[-79.2414445548222,69.8811756002492],[-79.48502060462688,69.8959003316945],[-79.82562729408001,69.91806372280779],[-80.19363113929485,70.03159674282732],[-80.71258255531048,70.15307196255388],[-81.0127839713261,70.183131777007],[-81.15784927894329,70.10628088589372],[-81.13795181800579,70.01452215786638],[-80.94608780433391,69.9083743917531],[-80.82937332679485,69.71139105435076],[-81.59563919593548,69.96033819790544],[-81.80720230628704,69.98272284146013],[-81.98576828529094,69.929225527007],[-82.26922318031048,69.86035498257341],[-82.61401840736126,69.9584232198781],[-82.92619797279094,70.01121100063982],[-83.31288620521282,69.95712622280779],[-83.97604843665813,70.03979834194841],[-84.87373825599407,70.11462744351091],[-85.46806046058391,70.0982166158742],[-85.98391434241985,70.112575136382],[-86.37189194251751,70.196071230132],[-86.37334915687298,70.46471747036638],[-86.53693863441204,70.53361090298357],[-86.94351669837688,70.55594977017107],[-87.12148758460735,70.40182837124529],[-87.40170761634563,70.36290320034685],[-87.94801041175579,70.3849140035695],[-88.43217941810344,70.46083410854997],[-89.01850601722454,70.67528113003435],[-89.20502182533001,70.8446765768117],[-89.14980789710735,70.96847113247576],[-88.7594880728886,71.00014074917497],[-88.25040146400188,70.97013434048357],[-87.70470902015423,70.9247547018117],[-87.3090715079472,70.93323095913591],[-87.16879746009563,71.01859625454607],[-87.58923813392376,71.22703131313982],[-87.94921585609173,71.35059698696794],[-88.35641953040813,71.39648779507341],[-88.85416885902141,71.4500003683156],[-89.19248673011516,71.43380316372576],[-89.4350480704472,71.44115027065935],[-89.9971818595097,71.541286073882],[-89.94577499915813,71.72854956265154],[-89.81403824378704,71.97903784390154],[-89.66103073646282,72.04202612515154],[-89.37052628089641,72.06609686489763],[-89.33408829261516,72.16812475796404],[-89.82086655189251,72.34799536343279],[-89.84069534827923,72.42665442104997],[-89.63864609290813,72.782252870757],[-89.1001863150761,73.19565161343279],[-88.84568497230266,73.32347448940935],[-88.4324845938847,73.46773108120622],[-88.09924789954876,73.63606604214372],[-87.90911575843548,73.65243109341326],[-87.74258896400188,73.73274572964372],[-87.42840286781048,73.73333319302263],[-87.21197220374798,73.78979834194841],[-86.89243790199016,73.8304706441945],[-86.24622818519329,73.87976416226091],[-85.63981339027141,73.86487921353044],[-85.25420853187298,73.77745398159685],[-85.66801926185344,73.60064276333513],[-86.03497788001751,73.38448675747576],[-86.66202255775188,73.09690436001482],[-86.85536667396282,72.858668886382],[-86.77941605140423,72.69270666714372],[-86.21417709876751,72.44921454067888],[-86.41395279456829,72.31502112026872],[-86.44830795814251,72.13428076382341],[-86.33253952552532,71.99340399380388],[-85.94468399574016,71.74386938687029],[-85.24308487464641,71.4645496236867],[-85.28621384193157,71.41001471157732],[-85.85851761390423,71.26132544155779],[-85.89104172279094,71.12166937466326],[-85.45937820960735,71.10697516079607],[-84.78257462074016,71.06174811001482],[-84.48840805579876,71.34930761929216],[-84.53479477454876,71.5359378683156],[-84.68887039710735,71.66037329312029],[-85.0146379141972,71.70658453579607],[-85.20471664954876,71.76867254849138],[-85.60245987464641,72.0104480611867],[-85.55708786536907,72.08105810757341],[-85.3293351798222,72.19132574673357],[-85.11649033118938,72.2781482564992],[-84.66581436683391,72.22400244351091],[-84.28931900550579,72.256129823882],[-84.83112808753704,72.4675784933156],[-85.14729019691204,72.48272284146013],[-85.50441452552532,72.60823401089372],[-85.52945419837688,72.69505652065935],[-85.5057267813847,72.94040258999529],[-85.10701462318157,73.08395727749529],[-84.56403061439251,73.04527624722185],[-83.88481613685344,73.0703616964406],[-84.3076066641972,73.1966815816945],[-84.86234756995891,73.3548084127492],[-84.5054597525761,73.49106176968279],[-83.9261369376347,73.57995184536638],[-83.45605942298626,73.63676031704607],[-82.69679733802532,73.78223761196794],[-82.19520279456829,73.77515753384294],[-81.90644547034954,73.75168188687029],[-81.53178116370891,73.68835791226091],[-81.17988297034954,73.47333105679216],[-80.48866745521282,73.03700598354997],[-80.46250626136516,72.97363623257341],[-80.72470566322063,72.66456183071794],[-81.04362961341594,72.38013800259294],[-81.02679916908001,72.0503421651906],[-80.8631486563847,72.01147040005388],[-80.57043167640423,71.996364198882],[-80.08084579993938,72.13838537808122],[-79.95325180579876,72.34285315151872],[-79.68542954017376,72.38270147915544],[-79.32958694984173,72.36761053677263],[-79.12538620521282,72.2893558370656],[-79.12810226966594,72.17155035610857],[-79.05625626136516,71.96002539272966],[-78.66254135658001,71.87471350308122],[-78.5744294791386,71.92962225552263],[-78.6663713126347,72.31380804653826],[-78.56825729896282,72.36905249233904],[-78.36335465003704,72.58214148159685],[-77.89602371741985,72.70142706509294],[-77.45512100745891,72.72597082729997],[-77.11871048499798,72.71080359097185],[-76.67750259925579,72.6326404439992],[-76.14996811439251,72.57049902554216],[-75.63189407874798,72.6109119283742],[-75.32202621986126,72.54841955776872],[-75.17511459876751,72.43048437710466],[-74.89579483558391,72.28155096646013],[-74.63760849525188,72.19563635464372],[-74.31274887611126,72.03939398403826],[-74.31251999427532,71.9532733785695],[-74.55149551917766,71.91369970913591],[-74.76948257972454,71.78821142788591],[-75.13748642493938,71.6704593526906],[-75.20393845130657,71.56898077603044],[-75.00153824378704,71.45260962124529],[-74.80947586585735,71.42185553188982],[-74.4055070548222,71.60943945522966],[-74.11193558265423,71.68795355435076],[-73.88599869300579,71.6649890768117],[-73.67181870033001,71.55626257534685],[-73.5074128775761,71.34657629604997],[-73.27524277259563,71.16077002163591],[-73.12122818519329,71.26964911099138],[-72.53455826331829,71.62851294155779],[-71.66396805335735,71.51330145474138],[-71.25251480628704,71.35079535122576],[-71.27546402503704,71.31968268032732],[-71.56268021156048,71.1639896261281],[-71.88152023841594,70.93118628140154],[-71.35637375404094,70.955348573882],[-71.15183731605266,71.03308447476091],[-70.66658493568157,71.08045538540544],[-70.65164658118938,70.76364477749529],[-70.29289719154094,70.61790808315935],[-70.05768295814251,70.64914282437029],[-69.68381973792766,70.74232061978044],[-69.09158798743938,70.78199347134294],[-68.72420212318157,70.68246039028826],[-68.46938797523235,70.5597415792531],[-68.54205795814251,70.49039801235857],[-68.74963089515423,70.39014776821794],[-69.59112259437298,70.19687231655779],[-69.69810196449016,70.07418402310076],[-69.46268173743938,69.96011694546404],[-69.25788590003704,69.99093969937029],[-68.92173477699016,70.06799658413591],[-68.36594101478313,70.12256964321794],[-68.18324753333782,70.25313147183122],[-68.02080246497844,70.29944952603044],[-67.80499741126751,70.26916082974138],[-67.57548233558391,70.18530615444841],[-67.33066269447063,70.03273352261247],[-67.0443010001347,69.79770239468279],[-67.50281998206829,69.79684027310076],[-68.04297348548626,69.77308996792497],[-68.23383804847454,69.71212347622576],[-68.20718094398235,69.59102972622576],[-68.0399064688847,69.5308109151906],[-67.43982407142376,69.50169714565935],[-67.01748367835735,69.41935309048357],[-66.7728166251347,69.32167395229997],[-66.66814133216594,69.1860843526906],[-66.83469864417766,69.17071112271013],[-67.17119308997844,69.17010840054216],[-67.62610336829876,69.20692022915544],[-68.01994797279094,69.3042484151906],[-68.3907365470097,69.33374365444841],[-68.53315445472454,69.25049170132341],[-67.97968765784954,68.98788031216326],[-68.07704636146282,68.89747198696794],[-68.77549454261516,68.8435550558156],[-68.66534897376751,68.71612890835466],[-68.46889969398235,68.64146765347185],[-68.22118851234173,68.62696417446794],[-67.62220474769329,68.46326788540544],[-67.03155991126751,68.3073001730031],[-66.92033096839641,68.22531469937029],[-66.90283676673626,68.0984607564992],[-66.7447404532597,67.92732580776872],[-66.40713974525188,68.0248294698781],[-66.16580673743938,68.00291021938982],[-65.52998062659954,67.87005194302263],[-65.39576431800579,67.90005835171404],[-65.10330673743938,67.96766241665544],[-64.82885452796673,67.95325811978044],[-64.49024673988079,67.78271063442888],[-64.10211273719524,67.56798895474138],[-63.93301102210735,67.41257055874529],[-64.24091049720501,67.36752661343279],[-64.60143753577923,67.31503637905779],[-64.61375137855266,67.11526831265154],[-64.25592514564251,67.11595495815935],[-63.62352081824993,67.1393085348195],[-63.39402863074993,67.1988788473195],[-62.991383519665945,67.17744787808122],[-63.16489121009563,66.92600592251482],[-62.75194641639446,66.84569128628435],[-62.52050873328899,66.84611090298357],[-62.09613129188274,67.01658209438982],[-61.78801056434368,66.86221655483904],[-61.297848668591726,66.67901190396013],[-61.21058365394329,66.63500555630388],[-61.33414169837688,66.53183325405779],[-61.44880386878704,66.48754461880388],[-61.49476334144329,66.34064062710466],[-61.86359879066204,66.3179431783742],[-62.18677612830852,66.41271551724138],[-62.297665563122976,66.43455084438982],[-62.65512177039837,66.3384509908742],[-62.21956345130657,66.13405188198747],[-62.093983617322195,66.06109961147966],[-62.068253484265554,65.9368167745656],[-62.54404160072063,65.84826239224138],[-62.70428558875774,65.7457767355031],[-62.84475418616985,65.61426123257341],[-63.01228806068157,65.66497381802263],[-63.38090607215618,65.92704352017107],[-63.51127716590618,65.43099554653826],[-63.35199829627727,65.02465399380388],[-63.540646520154226,64.99533423062029],[-63.845562901990164,65.1107440816945],[-64.18360992957805,65.18993719692888],[-64.27580734779094,65.26961859341326],[-64.28371140052532,65.37862738247576],[-64.42532059241985,65.50203283901872],[-64.84370895911907,65.37758215542497],[-65.17780777503704,65.65362890835466],[-65.1550187735722,65.7849613058156],[-65.03384872962688,65.95320471401872],[-65.17034622718548,66.01143988247576],[-65.27105423499798,66.01856573696794],[-65.7173738150761,66.05430945034685],[-66.04065414954876,66.1854968893117],[-66.56691452552532,66.46326788540544],[-66.91284653236126,66.59490545864763],[-67.2559480338261,66.61633642788591],[-67.45918747474407,66.51303442593279],[-67.74914261390423,66.47574194546404],[-67.7598771720097,66.37292059536638],[-67.63354965736126,66.29246100063982],[-67.16103073646282,65.98575934048357],[-67.30549332191204,65.93429907437029],[-67.61417099525188,65.91180761929216],[-67.77575394202923,66.02852209683122],[-68.08504196693157,66.18897589321794],[-68.37565323402141,66.28372534390154],[-68.25179001380657,66.06418951626482],[-67.86520859290813,65.62672003384294],[-67.5934953360722,65.61992987271013],[-67.32944199134563,65.58400305386247],[-67.1042146353886,65.32244452114763],[-66.82871719886516,64.96029242153826],[-66.59772965003704,64.7661624776906],[-66.32095810462688,64.91077002163591],[-66.19254013587688,64.88936956997576],[-65.92605301429485,64.70982702847185],[-65.66280075599407,64.58800848599138],[-65.04182907630657,64.40951880093279],[-65.32707687904094,64.35872229214372],[-65.42321487952923,64.26522406216326],[-65.30860611488079,64.1793933736867],[-65.05298325111126,64.05087622280779],[-64.61976334144329,63.85126455898943],[-64.47394272376751,63.74430426235857],[-64.3648576407597,63.43754156704607],[-64.4153947501347,63.245040498930834],[-65.0014543204472,63.76474341030779],[-65.25071426917766,63.87155111904802],[-65.2627839713261,63.76427038784685],[-65.20952316810344,63.64290579434099],[-64.7349748282597,63.06652411099138],[-64.73933121253704,62.93145331021013],[-65.15610977699016,62.987514101225756],[-65.13249680091594,62.89520987148943],[-64.93792435218548,62.71100195522966],[-64.76775833656048,62.47744711514177],[-65.02100845863079,62.554889284331225],[-65.29797836829876,62.69613607998552],[-65.69803329993938,63.00781973477068],[-65.7630510001347,63.021930299956225],[-66.08679672767376,62.99288138027849],[-66.49595352699016,63.07743414517107],[-67.14419266273235,63.37527807827654],[-67.28792282630657,63.50336416836443],[-67.7657365470097,63.80247076626482],[-67.68161484290813,63.45271261807146],[-68.23077103187298,63.665797792632006],[-68.48602768470501,63.73677023525896],[-68.87863632728313,63.750331484038256],[-68.83601090003704,63.650382600981615],[-68.47648331214641,63.337142549712084],[-68.09262558509563,63.14558371182146],[-67.26384445716594,62.85568960781755],[-66.68069168616985,62.56592138882341],[-66.33225723792766,62.31878241177263],[-66.13322159339641,62.10004004116716],[-65.94033524085735,61.789996706206225],[-66.76501938392376,61.943568788725756],[-67.45084091712688,62.13288076992693],[-68.01396652747844,62.259032808501146],[-68.66357895423626,62.307330690581225],[-69.1552629141972,62.41962011929216],[-69.55949112464641,62.70941885586443],[-70.07523819495891,62.77230032559099],[-70.36223312904094,62.864074312407396],[-70.64810654212688,62.927447878081225],[-70.67387100745891,62.86224707241716],[-70.77940079261516,62.95563086147966],[-71.31892105628704,63.06125982876482],[-71.62173935462688,63.210143648344896],[-71.6912507682011,63.33111151333513],[-71.53545853187298,63.359908662993334],[-71.25812241126751,63.567279421049975],[-71.87857529212688,63.80190237637224],[-72.38791367103313,63.858172975737475],[-72.72998520423626,64.01499518032732]]],[[[-89.36940475990032,75.65158423062029],[-89.04219528724407,75.46079596157732],[-88.76273056556438,75.41980322476091],[-88.66658493568157,75.45320471401872],[-88.64735123206829,75.59464605923357],[-88.51881119300579,75.61986883755388],[-88.03487106849407,75.6207767355031],[-87.63766953040813,75.70489843960466],[-87.29289719154094,75.65550573940935],[-86.91690537025188,75.54795416470232],[-86.61799332191204,75.432155214507],[-86.17895981361126,75.40808447476091],[-85.83033463050579,75.61661871548357],[-85.20330521156048,75.74293097134294],[-84.43665787269329,75.79451330776872],[-83.5586824088261,75.90492590542497],[-82.86867996741985,75.88112219448747],[-81.70312210609173,75.8749500143117],[-81.53155991126751,75.85853918667497],[-81.17606064368938,75.7171893941945],[-80.76611038734173,75.60955389614763],[-80.12798019935344,75.54416998501482],[-79.83384415199016,75.48652990933122],[-79.73917862464641,75.47008856411638],[-79.5766496329472,75.39566382046404],[-79.49518295814251,75.279811464507],[-79.6751374869511,75.21329077358904],[-80.49992081214641,75.03009375210466],[-80.56049057533001,74.91556128140154],[-80.34932419349407,74.61590155239763],[-81.4682511954472,74.5814472066945],[-81.73454758216594,74.57284124966326],[-82.02741715003704,74.53186377163591],[-82.37299057533001,74.55549963589372],[-82.75358292152141,74.6275897848195],[-82.93595596839641,74.68396338101091],[-83.07375046302532,74.98405035610857],[-83.44872757484173,75.08227118130388],[-83.61359879066204,75.02420385952654],[-83.58102890540813,74.69896277065935],[-83.82236191322063,74.6417957174367],[-84.1585359244511,74.66548498745622],[-84.56786819984173,74.61612280483904],[-84.89556595374798,74.62362249966326],[-85.11821457435344,74.62321051235857],[-85.72237106849407,74.719264589507],[-85.98914810706829,74.80799444790544],[-86.21156021644329,74.81569250698747],[-86.30568405677532,74.62095984097185],[-87.11603256751751,74.57089575405779],[-87.48978134681438,74.53784521694841],[-88.1436433463261,74.56897314663591],[-88.32573410560344,74.68200262661638],[-88.39015671302532,74.99047430630388],[-88.94714066077923,74.93242987271013],[-89.12196060706829,74.85086401577654],[-89.26858231116985,74.70455511685076],[-89.69807907630657,74.61462744351091],[-90,74.62996252651872],[-90,74.64215429897966],[-90,74.71844061489763],[-91.05400558997844,74.97726782437029],[-91.35767075111126,74.75738104458513],[-91.86679550697063,74.78889807339372],[-92.16646286536907,75.09879644985857],[-92.36552139808391,75.42128332729997],[-92.10123154212688,75.63806494351091],[-92.09277817298626,75.80506476040544],[-92.22411819984173,75.94715460415544],[-92.78617569495891,76.2402835714406],[-93.06393906165813,76.37475927944841],[-93.08487412025188,76.52703436489763],[-92.79890152503704,76.58692511196794],[-92.24705215980266,76.62192114468279],[-91.1346330313847,76.63252600308122],[-90,76.5907703268117],[-90,76.4730716573781],[-90,76.45518072720232],[-89.81152817298626,76.37251623745622],[-90,76.2875476705617],[-90,76.28165777798357],[-90,76.2612796651906],[-90,76.18470343228044],[-91.15639969398235,75.97433813687029],[-90,75.95013006802263],[-90,75.96699865933122],[-90,75.96777685757341],[-89.80173965980266,75.91820105190935],[-89.59354874183391,75.85998877163591],[-89.36940475990032,75.65158423062029]]],[[[-87.45332809974407,82.13975103970232],[-86.68182846595501,81.9937244283742],[-86.50296494056438,82.0361820089406],[-86.32437607337688,82.20582922573747],[-85.73823257972454,82.33497961636247],[-84.94662949134563,82.37948950405779],[-84.05814072181438,82.28525122280779],[-83.72272202064251,82.28599127407732],[-82.56995102454876,82.22458227749529],[-81.3906144766972,82.07884558315935],[-80.74976822425579,82.03807409878435],[-80.09238144447063,81.96588476772966],[-79.89057632972454,82.03991278286638],[-80.53531357337688,82.22901495571794],[-81.28701492835735,82.38749273892107],[-81.65429398109173,82.5804935323781],[-81.5225724845097,82.68929632778826],[-80.9099015860722,82.75599249478044],[-80.41457840491985,82.86655005093279],[-79.77068039466594,82.91192968960466],[-78.69849106361126,83.00252112026872],[-77.94878098060344,82.94900854702654],[-77.0740861563847,82.8629871236867],[-76.61991592933391,82.74363287563982],[-76.08424088050579,82.53871496792497],[-75.92493912269329,82.51744421597185],[-75.80209824134563,82.6801257955617],[-76.2339982657597,82.90875586147966],[-76.60654923011516,83.04038580532732],[-76.38208481361126,83.15191229458513],[-75.72928329993938,83.09775885220232],[-74.90498825599407,83.02203711147966],[-74.16105362464641,82.9905506002492],[-73.42364212562298,82.783473573882],[-73.25343796302532,82.77292212124529],[-73.22588058997844,82.86053045864763],[-73.36116501380657,83.10303839321794],[-72.5595369010136,83.10483893032732],[-71.92592331458782,83.0840564596242],[-71.55182358314251,82.96325262661638],[-71.17767044593548,82.81030615444841],[-70.89964005042766,82.81091650601091],[-70.91941544105266,82.9315906393117],[-71.06805130531048,83.14152105923357],[-70.58430191566204,83.17604406948747],[-68.92305466224407,83.00220068569841],[-67.69633194495891,82.87279852505388],[-66.82488724281048,82.90768774624529],[-65.48093124915813,82.89966162319841],[-65.0457658438847,82.87870367642107],[-64.7052888541386,82.8246570455617],[-64.6485261588261,82.82477148647966],[-64.0098428397343,82.78243597622576],[-63.51987167884563,82.69630011196794],[-63.18510529090618,82.65362127896013],[-62.4271020560429,82.633571230132],[-61.816342320935476,82.47298010464372],[-61.989376988904226,82.31192358608904],[-62.54635712196087,82.25741919155779],[-63.088700261609304,82.09728582974138],[-63.92060562659954,82.01119574185076],[-64.36049362708782,82.03129156704607],[-65.34669205238079,82.10294684048357],[-66.3745011954472,82.1007343160695],[-66.7235994010136,82.03673895474138],[-67.58518692542766,81.96132238979997],[-67.85378738929485,81.75201758022966],[-67.51643082191204,81.58725317593279],[-67.17384048988079,81.56735571499529],[-66.71056839515423,81.58894690151872],[-65.94338699866985,81.71458014126482],[-65.58789536048626,81.70499762173357],[-65.22433945228313,81.5098377096242],[-65.29983231116985,81.45840796108904],[-65.86057755042766,81.39586218472185],[-66.48169418861126,81.3028827535695],[-67.00993820716594,81.17003973599138],[-67.95411392738079,80.93699225063982],[-68.54623886634563,80.83604773159685],[-69.08180710365032,80.67632635708513],[-69.49747177650188,80.54748877163591],[-70.51105972816204,80.54539068813982],[-70.21854111243938,80.13744696255388],[-70.4205217032597,80.05044897671404],[-71.45447250892376,79.84579046841326],[-71.79983994056438,79.8541751730031],[-72.51384445716594,79.87084540005388],[-73.17184921790813,79.96901281948747],[-74.2454728751347,80.0426746236867],[-74.54227158118938,79.894069277007],[-73.37603470374798,79.58111914272966],[-73.67390152503704,79.5177493917531],[-74.10912796546673,79.5348621236867],[-74.69301315833782,79.52475317593279],[-75.17368027259563,79.51486548062029],[-76.3346833853886,79.61134680386247],[-77.23877426673626,79.5826907980031],[-77.2991609244511,79.28556402798357],[-76.73341080238079,79.33287390347185],[-76.25381180335735,79.32484778042497],[-75.21375748206829,79.19302710171404],[-74.96309372474407,79.12227209683122],[-74.90886398841594,78.82077368374529],[-75.05744644691204,78.7321277486867],[-75.52126785804485,78.6782718526906],[-75.7530412345097,78.36124762173357],[-76.23600479652141,78.35155066128435],[-76.43763443519329,78.37747534390154],[-76.61846634437298,78.29825171108904],[-76.48483749915813,78.18409308071794],[-76.14319321204876,78.0719714986867],[-76.2906388907597,78.01065405483904],[-77.01714798499798,77.97446783657732],[-77.40726944495891,77.99114569302263],[-78.17676254798626,78.06809576626482],[-78.36676498939251,78.03287085171404],[-78.18244644691204,77.67718084927263],[-78.21856400062298,77.57334478970232],[-78.51054092933391,77.44339331265154],[-78.85540482093548,77.3738284933156],[-79.53947159339641,77.42421301479997],[-80.4571199088261,77.47416266079607],[-81.10028549720501,77.57650335903826],[-81.55392929603313,77.54110296841326],[-82.10242935706829,77.31605108853044],[-81.6384172110722,77.26539953823747],[-81.47284409095501,77.2399402486867],[-80.5033845572636,77.19032629604997],[-79.71194931556438,77.13182409878435],[-79.02187820960735,77.05609472866716],[-78.1214265494511,77.04070623989763],[-77.82433792640423,76.88757666226091],[-77.8040666251347,76.72584112759294],[-78.21225449134563,76.54684790249529],[-79.42032333900188,76.42604406948747],[-79.83747574378704,76.37455328579607],[-80.31186386634563,76.27240332241716],[-80.81350418616985,76.23771246548357],[-81.02364059974407,76.36385687466326],[-81.38230606605266,76.65105780239763],[-81.63404556800579,76.63363226528826],[-81.91791245033001,76.63306006069841],[-82.57185074378704,76.77632483120622],[-82.57236191322063,76.69974859829607],[-82.4235734610722,76.47110327358904],[-83.08795639564251,76.47829016323747],[-83.76330277015423,76.53631170864763],[-84.15717789222454,76.6797595846242],[-84.62186905433391,76.89168127651872],[-84.79639908363079,76.8657718526906],[-84.55935379554485,76.54324682827654],[-84.66750809241985,76.46683081265154],[-85.03705307533001,76.40692480679216],[-85.81091019202923,76.45618017788591],[-86.83530899574016,76.47118719692888],[-87.27270981361126,76.50420721646013],[-87.89473434974407,76.68114813442888],[-88.18344589759563,76.74010046597185],[-88.31023880531048,76.53611334438982],[-88.58884140540813,76.46783026333513],[-89.41812607337688,76.61032446499529],[-89.34565445472454,76.87417944546404],[-89.24700638343548,76.97679480190935],[-88.56066605140423,77.02938421841326],[-88.2863435416386,77.14117773647966],[-87.85390183021282,77.21921881313982],[-87.32338425208782,77.2030521261281],[-87.09915634681438,77.28074225063982],[-87.58183762122844,77.46057470913591],[-88.0512361197636,77.75362738247576],[-88.02763840247844,77.82307776089372],[-87.8124665885136,77.87560614224138],[-87.21999832679485,77.85935553188982],[-86.43570419837688,77.81746252651872],[-86.03608414222454,77.72281988735857],[-85.5375871329472,77.49034460659685],[-84.92994400550579,77.34507330532732],[-84.4417390494511,77.30302008267107],[-83.6917390494511,77.31302984829607],[-83.3188142447636,77.37395819302263],[-83.2797746329472,77.49463995571794],[-83.04858109046673,77.63122137661638],[-84.4070939688847,77.63070257778826],[-84.86829849769329,77.70772894497576],[-84.93851181556438,78.09006079312029],[-84.84344193031048,78.15964087124529],[-85.62624069740032,78.22853430386247],[-86.50986954261516,78.29687842007341],[-86.63319107581829,78.29664190884294],[-86.91718765784954,78.24524267788591],[-86.82543655921673,78.58613928433122],[-86.30379196693157,78.83436926479997],[-85.80681320716594,78.90618475552263],[-84.9799699454472,78.90774878140154],[-84.45631119300579,78.89104803677263],[-83.83996292640423,78.85679205532732],[-82.92934128333782,78.71704443569841],[-82.32560440589641,78.66527899380388],[-82.10682388831829,78.73631628628435],[-81.59718033363079,78.75461920376482],[-83.12690445472454,79.11556585903826],[-83.9108781485722,79.25663336392107],[-85.51047989417766,79.82787665005388],[-85.69302078773235,79.71915777798357],[-86.32239243079876,80.11429175015154],[-86.31092545081829,80.23020514126482],[-86.17014786292766,80.2789798605031],[-85.38410660316204,80.23207434292497],[-84.52676865150188,80.23385199185076],[-83.6183747916386,80.20665320034685],[-82.89854141761516,80.03467138882341],[-81.75810715247844,79.68190344448747],[-81.10627457191204,79.70112951870622],[-80.73164841224407,79.6585193502492],[-81.35573288490032,79.90811499233904],[-82.2625627188847,80.05098303433122],[-81.71874710609173,80.38537939663591],[-81.0636872916386,80.53345068569841],[-80.28473373939251,80.54488714810076],[-79.59666153480266,80.64473303433122],[-78.67793747474407,80.67624243374529],[-78.15715500404094,80.72676428433122],[-77.52088638831829,80.74994238491716],[-78.32092758704876,80.965358339507],[-78.96227737952923,81.034205995757],[-80.08788773109173,81.02182348843279],[-80.64737412025188,80.91053351040544],[-81.2344865470097,80.83949621792497],[-81.87591263343548,80.74875219937029],[-82.52704330970501,80.72762640591326],[-82.7907380728886,80.69738348599138],[-83.48032852699016,80.89461096401872],[-83.57651993324016,80.84459265347185],[-83.82089706947063,80.77450140591326],[-84.79298111488079,80.7823978292531],[-85.50383469154094,80.61806067104997],[-85.36411758949016,80.99073370571794],[-84.92304703284954,81.12235602017107],[-84.91956802894329,81.21333654995622],[-85.1923722891972,81.32448156948747],[-85.81104752113079,81.39453467007341],[-86.4367570548222,81.39323004360857],[-88.32172867347454,81.16573675747576],[-89.23553940345501,80.86361273403826],[-89.4189347891972,80.91309698696794],[-89.67523666908001,81.02620276089372],[-89.49739548255657,81.08578070278826],[-89.19254776527141,81.09640844937029],[-89.24526688148235,81.23856695767107],[-89.55920883704876,81.41771277065935],[-90,81.44271429653826],[-90,81.44431646938982],[-90,81.45074041958513],[-91.07986923743938,81.53849371548357],[-91.21858688880657,81.83732184048357],[-90,81.97420843716326],[-90,82.00650366421404],[-90,82.01732977505388],[-88.63977524329876,82.07377203579607],[-88.0713777213261,82.12784155483904],[-87.45332809974407,82.13975103970232]]],[[[-95.62853714515423,77.04159887905779],[-94.93447586585735,76.92328222866716],[-94.2718171744511,76.89894446011247],[-94.19506546546673,76.89906653042497],[-93.79452988197063,76.7379642355031],[-93.87482163001751,76.62733801479997],[-93.81957718421673,76.48328741665544],[-93.93760391761516,76.398463808257],[-94.50722977210735,76.42276342983904],[-95.53256699134563,76.4969745504445],[-95.72408005286907,76.47120245571794],[-95.87341782142376,76.51327856655779],[-96.27653976966594,76.73324164028826],[-96.80946823646282,76.91969641323747],[-96.72310349036907,77.0223880636281],[-95.62853714515423,77.04159887905779]]],[[[-89.0419816641972,80.16660650845232],[-88.8498429923222,80.13804968472185],[-88.33642288734173,80.11980780239763],[-88.3728913932011,80.22599371548357],[-88.34770676185344,80.4107929098195],[-88.15041824866985,80.46007879849138],[-87.82733627845501,80.37283667202654],[-87.50410172034954,80.22775610562029],[-87.33572861243938,80.09295996304216],[-87.36558243324016,80.01603277798357],[-87.34057327796673,79.64422186489763],[-86.99668594886516,79.44534643765154],[-86.56811234046673,79.45285376187029],[-85.99371048499798,79.4860339986867],[-85.25317093421673,79.25917395229997],[-85.7585115103886,79.37819250698747],[-86.44609543372844,79.22501715298357],[-87.16541763831829,79.12562140103044],[-87.53909012366985,78.956080995757],[-87.6683015494511,78.86718329067888],[-87.78725906898235,78.72545202847185],[-87.9887361197636,78.71622809048357],[-88.6607331900761,78.90074499722185],[-88.95589157630657,78.74972113247576],[-88.74637314368938,78.55607184048357],[-88.7593888907597,78.4505115377492],[-88.94465347816204,78.3623538839406],[-89.12080093909954,78.34447821255388],[-89.6095857291386,78.48401983853044],[-90,78.6240955221242],[-90,78.33374365444841],[-90,78.30295141812029],[-90,78.28097876187029],[-90,78.26269873257341],[-91.42383286048626,78.30503424282732],[-92.07972427894329,78.37388952847185],[-92.47908493568157,78.44339331265154],[-92.70153519202923,78.43416937466326],[-94.1033601432011,79.02344854946794],[-94.1893205313847,79.14778479214372],[-93.30256363441204,79.25648840542497],[-91.80849930335735,79.21474035854997],[-91.40871902991985,79.17095526333513],[-90,79.12607153530779],[-91.81904312659954,79.43819769497576],[-93.17762466956829,79.534205995757],[-93.67397018958782,79.47941168423357],[-94.3174714713261,79.48716314907732],[-94.58588120033001,79.40600927944841],[-95.03941055824016,79.39621313687029],[-95.31237503577923,79.48527105923357],[-95.79211136390423,79.71801336880388],[-96.43336960365032,79.9334216939992],[-96.5869035391972,80.09338720913591],[-95.70009323646282,80.03748663540544],[-94.67504593421673,80.11653479214372],[-95.24010941077923,80.22835119839372],[-95.58040329505657,80.3861804830617],[-95.4091462760136,80.5235095846242],[-95.08131882240032,80.5831790792531],[-94.73533340980266,80.59372290249529],[-94.32072922279094,80.57490881558122],[-94.25027176429485,80.6736331808156],[-95.05991837074016,81.03065832729997],[-94.58589645911907,81.08194311733904],[-94.04014298011516,81.16380652065935],[-93.53174301673626,81.12448462124529],[-93.26862808753704,81.14520605679216],[-93.20341202308391,81.22631415005388],[-93.43470474769329,81.43978460903826],[-92.8220109610722,81.37971838589372],[-92.39832779456829,81.35003241177263],[-92.02487656165813,81.25921972866716],[-91.31003281165813,80.8683582174367],[-91.01617905189251,80.74964483853044],[-90,80.64155920620622],[-90,80.64220007534685],[-90,80.65948065396013],[-89.79909225990032,80.70265539761247],[-89.42468735267376,80.61453589077654],[-89.2720842032597,80.38938482876482],[-89.0419816641972,80.16660650845232]]]]}},{"type":"Feature","properties":{"NAME":"Athabaskan","ABBREVN":"Athabaskan","INFO_UR":null,"SUBJECTO":"Athabaskan","BORDERPRECISION":1,"PARTOF":"Athabaskan"},"geometry":{"type":"MultiPolygon","coordinates":[[[[-128.07719131995893,52.93924292202654],[-128.43214890052533,52.938537203032396],[-128.88876816322065,53.418319307524584],[-128.82948776771283,53.52539404507341],[-128.81406113197065,53.76392706509294],[-129.06042954017377,53.738971315581225],[-129.4338731436894,53.517535768706225],[-130.00363632728315,53.93796118374529],[-130.17645737220502,54.172145448882006],[-130.26825424720502,54.35303076382341],[-130.29892441322065,54.54758032437029],[-130.1105088858769,54.729293428618334],[-130.03790756751752,54.843680940825365],[-129.8417100577519,54.97854956265154],[-130.00269028236127,55.288539491850756],[-130.06500717689252,55.10212286587419],[-130.26733871986127,55.07184179897966],[-130.4128770499394,55.020736299712084],[-130.54572006751752,54.90974386807146],[-130.69032761146283,54.97167547817888],[-130.77339645911908,55.066215120512865],[-130.73390671302533,55.26570089932146],[-130.69536301185346,55.4653812276906],[-130.8923692374394,55.76919897671404],[-131.10103317786908,55.91288336392107],[-131.19051071693158,56.03476294155779],[-131.7670030265019,56.01000555630388],[-131.9636125235722,55.966090761382006],[-132.0324601798222,55.89350088711443],[-132.25558945228315,55.850036226469896],[-132.26401230384565,55.937152467924975],[-132.2791642813847,56.131557069975756],[-132.1837510733769,56.25405081387224],[-132.10095688392377,56.349383913237475],[-132.27107712318158,56.5055309164113],[-132.5593156485722,56.70247610684099],[-132.87128159095502,57.01559790249529],[-133.19673630286908,57.158370577055834],[-133.4004258780644,57.21945150967302],[-133.34084030677533,57.376815401274584],[-133.59685226966596,57.64328726406755],[-133.64128586341596,57.739127718169115],[-133.4741105704472,57.84225805874529],[-133.5047959952519,57.89706762905779],[-133.64030930091596,57.965419374663256],[-133.8404435782597,57.99935110684099],[-134.0166368155644,58.1226077901906],[-134.12349411536908,58.239215456206225],[-134.38007065345502,58.37622793789568],[-134.83029648353315,58.561183534819506],[-135.04585739661908,58.90538366909685],[-135.14375778724408,59.167533479887865],[-135.30861374427533,59.3469615804738],[-135.46945663978315,59.33973654385271],[-135.51483627845502,58.97349890347185],[-135.3257188468144,58.58088644619646],[-135.27911850501752,58.44331320400896],[-135.3003282218144,58.37449225063982],[-135.61589523841596,58.43578680630388],[-135.7382707266972,58.46997793789568],[-135.9684190421269,58.69678839321794],[-136.14838120033002,58.90328177090349],[-136.39011093665815,58.84076651211443],[-136.93880173255658,58.94317968960466],[-136.37030502845502,58.62023504849138],[-136.35608383704877,58.52386816616716],[-137.08501144935346,58.446769319731615],[-137.57666489173627,58.6041637289113],[-138.20122238685346,59.03053244229021],[-138.44572922279096,59.161883913237475],[-138.7444963126347,59.1814456808156],[-138.7801866202519,59.18139227505388],[-139.20009323646283,59.27733954067888],[-139.7850694327519,59.51837881680193],[-139.36736008216596,59.630004488188646],[-139.3066301016972,59.706344209868334],[-139.3998155265019,59.83094748135271],[-139.57256027747846,59.89999731655779],[-139.92891403724408,59.82994421597185],[-140.13290878822065,59.76717337246599],[-140.42836472083783,59.75967749233904],[-140.90451523353315,59.786483370024584],[-141.13538171825076,59.839352102827355],[-140.05179264318338,62.49514157669758],[-139.52424206220468,62.41569007667785],[-132.43494029538678,62.496969371290604],[-124.93551363296793,64.83463268032534],[-118.19774749095093,62.712635573894396],[-118.19565657401094,62.711419272008236],[-111.28421353653351,58.55314202309659],[-122.49112572639841,54.243561521059334],[-125.757913379286,53.13079169844382],[-127.86647743746704,52.41254897736534],[-127.87297531654094,52.41333349819841],[-128.059628453748,52.49951513882341],[-128.07719131995893,52.93924292202654]]]]}},{"type":"Feature","properties":{"NAME":"Thule","ABBREVN":"Thule","INFO_UR":null,"SUBJECTO":"Thule","BORDERPRECISION":1,"PARTOF":"Thule"},"geometry":{"type":"MultiPolygon","coordinates":[[[[-141.37289902259565,60.00773199673357],[-141.4394426016972,60.091231905180834],[-141.58554550697065,60.139754854399584],[-141.74712082435346,60.132499300200365],[-141.95845505286908,60.041461549956225],[-142.42458054115033,60.019671999174975],[-143.08368393470502,60.07418020840349],[-144.05295273353315,60.05142553921404],[-144.40642258216596,60.09257086392107],[-144.5179338126347,60.141166292387865],[-144.8107804923222,60.31508597012224],[-145.00285812904096,60.552360140044115],[-145.13838669349408,60.454215608794115],[-145.49269577552533,60.38364752407732],[-145.89316269447065,60.51569708462419],[-145.99838730384565,60.66243704434099],[-146.18587204505658,60.72510870571794],[-146.57832809974408,60.83646734829607],[-147.27010056068158,60.94031103726091],[-147.63798996497846,61.05192144985857],[-147.94012924720502,61.20585211392107],[-148.18898483802533,61.1000247823781],[-148.49261948158002,61.06433828945818],[-148.46587082435346,60.86794241543474],[-148.55266281654096,60.83973272915544],[-148.72780319740033,60.72730215664568],[-148.83966538001752,60.54507788296404],[-148.3360948233769,60.41319616909685],[-148.25754257728315,60.280623995024584],[-148.30090805579877,60.10610922451677],[-148.4935197501347,59.90396460171404],[-148.69987961341596,59.90356024380388],[-149.06190964271283,60.00011023159685],[-149.32562729408002,60.02748068447771],[-149.58115097572065,59.985194765288256],[-150.02109238197065,59.713771425444506],[-150.50098129798627,59.61584051724138],[-150.92232224036908,59.414245210844896],[-151.38795944740033,59.21278341885271],[-151.8809709220097,59.163451753813646],[-151.8006944327519,59.301879488188646],[-151.7722520499394,59.35726126309099],[-151.44797226478315,59.53785284634294],[-151.4899034171269,59.711017214018725],[-151.78467270423627,59.94630392666521],[-151.7829942374394,59.99495657559099],[-151.4150285391972,60.253707491118334],[-151.23036667396283,60.47061499233904],[-151.15955063392377,60.659652315337084],[-150.8284043936894,60.80037649746599],[-150.4371690421269,60.90628012295427],[-149.91281601478315,60.91427954312029],[-149.42468735267377,60.85911902065935],[-149.31694504310346,60.929435335356615],[-149.87436386634565,61.138976656157396],[-150.31123825599408,61.31387671108904],[-150.78056808997846,61.29190024014177],[-150.88225266029096,61.19327887173357],[-151.0840959220097,61.15071829434099],[-151.34189316322065,60.9536624776906],[-151.73100754310346,60.78466375942888],[-152.1896867423222,60.65769537563982],[-152.56100937415815,60.384234987456225],[-152.74359604408002,60.3419681417531],[-152.8777207999394,60.27886541958513],[-152.81886765052533,60.13242682095232],[-152.89868637611127,59.89561804409685],[-153.15216538001752,59.74253042813005],[-153.4063615470097,59.70737036343279],[-153.7097520499394,59.644435487944506],[-153.97601791908002,59.519210420805834],[-154.28227707435346,59.24877508755388],[-154.2982072501347,59.11740072842302],[-154.12692734290815,59.041747652251146],[-153.96481796790815,59.028251253325365],[-153.66443344642377,58.98046454067888],[-153.45496079017377,58.877338014799975],[-153.48860642005658,58.794494234282396],[-153.68230148841596,58.642474733549975],[-153.96358200599408,58.55239065762224],[-154.2138566641972,58.42795523281755],[-154.40448471595502,58.248763643462084],[-154.64931198646283,58.07648047085466],[-154.95322128822065,58.03468283291521],[-155.59814926673627,57.89615973110857],[-155.9031877188847,57.71725805874529],[-156.36938950111127,57.565612398344896],[-156.68457504798627,57.40069922085466],[-156.45070358802533,57.17548330898943],[-156.4957627921269,57.10023077603044],[-156.99342819740033,56.91489752407732],[-157.3970842032597,56.84590109463396],[-157.7474717765019,56.77021750088396],[-157.98029038001752,56.65388067837419],[-158.52673813392377,56.44850882168474],[-158.61484238197065,56.36667593594255],[-158.73808762122846,56.1896243917531],[-159.07692429115033,55.991962038237475],[-159.61395737220502,55.88911017056169],[-160.16940781165815,55.80663641567888],[-160.60742661048627,55.96186789150896],[-160.60661789466596,56.043361269194506],[-160.45729538490033,56.19991263027849],[-160.11386581947065,56.322990022856615],[-159.97600266029096,56.418483339507006],[-159.77594467689252,56.58230551357927],[-159.24870773841596,56.78096731777849],[-158.6172990470097,56.74808844204607],[-158.67104050208783,56.84346731777849],[-158.6620988516972,57.075580202299975],[-158.45070358802533,57.21266897793474],[-158.12465378333783,57.34321173306169],[-157.78513046790815,57.50813253994646],[-157.66533371497846,57.60424383755388],[-157.66455551673627,57.93339117642107],[-157.55373093177533,58.270255647856615],[-157.2418565421269,58.49105032559099],[-157.15456100990033,58.670341097075365],[-157.13942429115033,58.85578878994646],[-157.4242295890019,58.8008190023488],[-157.98740097572065,58.716998659331225],[-158.2914170890019,58.730208955962084],[-158.51666733314252,58.99888189907732],[-158.63615891029096,58.97104986782732],[-158.91186996986127,58.87389715786638],[-158.97314926673627,58.770289980132006],[-158.86552902747846,58.611957155424975],[-158.85645004798627,58.45356711025896],[-158.93266769935346,58.4327770101613],[-159.1100968985722,58.487506471831225],[-159.36554428626752,58.631671510893725],[-159.58441635658002,58.81052359219255],[-159.8135881095097,58.941188417632006],[-160.06520554115033,58.954513155180834],[-160.4305314688847,59.00216635342302],[-160.84013840247846,58.95994146938982],[-160.82761093665815,58.89784201260271],[-161.11713120033002,58.745528780180834],[-161.64595505286908,58.68247183438005],[-161.93819138099408,58.72328146572771],[-161.96730515052533,58.77841147061052],[-162.00392624427533,58.82661017056169],[-162.06010910560346,59.289332948882006],[-161.92517563392377,59.518031679350756],[-161.98914047767377,59.711932741362475],[-162.37810226966596,60.16311606045427],[-163.02179428626752,59.96670874233904],[-163.35376450111127,59.93137320156755],[-163.53639694740033,59.84078940029802],[-164.02740952064252,59.798244081694506],[-164.20760056068158,59.901996217924975],[-164.38472458411908,60.061671816069506],[-164.59421249915815,60.20777472134294],[-165.04755112220502,60.41646536465349],[-165.12799545814252,60.54220923062029],[-164.99634262611127,60.619445406157396],[-164.84467026283002,60.81589468594255],[-164.52809616615033,60.75341375942888],[-163.93779465247846,60.614459596831225],[-163.62695786048627,60.601031862456225],[-163.51997849036908,60.706290804106615],[-163.68877121497846,60.92328604336443],[-163.8948869376347,61.042228304106615],[-164.05811020423627,61.041915498930834],[-164.30165573646283,60.943168245512865],[-164.53925034095502,60.949733339507006],[-165.1431779532597,61.180358492094896],[-165.42334457923627,61.26419409390154],[-165.51204392005658,61.257003389555834],[-165.89809128333783,61.27033575649919],[-165.9091691641972,61.30549200649919],[-166.18953415443158,61.74890860195818],[-165.83408066322065,61.834289156157396],[-165.80214401771283,62.03929480190935],[-165.57922836829877,62.13877447720232],[-165.53346725990033,62.273395143706225],[-165.43123337318158,62.42954214688005],[-165.02963730384565,62.65036734219255],[-164.87785812904096,62.821246706206225],[-164.7044572501347,62.95676382656755],[-164.4670304923222,63.17097433682146],[-164.29176804115033,63.24977072354021],[-163.96799179603315,63.20044668789568],[-163.5270127921269,63.08008154507341],[-163.3086290030644,63.03774222012224],[-162.97005173255658,63.10251196499529],[-162.7781114249394,63.216937624174975],[-162.47446152259565,63.41023977871599],[-161.9107560782597,63.52564200039568],[-161.56256577064252,63.540587984282396],[-161.13301559974408,63.56284292813005],[-160.97394272376752,63.64181860562029],[-160.8900041251347,63.856776796538256],[-160.9394989447178,63.98492305338062],[-150.1289000770314,63.324002732781025],[-144.68009789261768,63.19218524961806],[-140.05179264318338,62.49514157669758],[-141.13538171825076,59.839352102827355],[-141.38519760658002,59.89656027432146],[-141.37289902259565,60.00773199673357]]]]}},{"type":"Feature","properties":{"NAME":null,"ABBREVN":null,"INFO_UR":null,"SUBJECTO":null,"BORDERPRECISION":1,"PARTOF":null},"geometry":{"type":"MultiPolygon","coordinates":[[[[-129.43387314368937,53.51753576870623],[-129.06042954017377,53.738971315581225],[-128.81406113197065,53.76392706509294],[-129.06042954017374,53.738971315581225],[-129.43387314368937,53.517535768706225],[-129.43387314368937,53.51753576870623]]]]}},{"type":"Feature","properties":{"NAME":null,"ABBREVN":null,"INFO_UR":null,"SUBJECTO":null,"BORDERPRECISION":1,"PARTOF":null},"geometry":{"type":"MultiPolygon","coordinates":[[[[-130.41287704993937,55.020736299712084],[-130.5457200675175,54.90974386807146],[-130.54572006751752,54.909743868071466],[-130.4128770499394,55.020736299712084],[-130.26733871986127,55.07184179897966],[-130.06500717689252,55.10212286587419],[-130.00269028236127,55.288539491850756],[-130.00269028236124,55.288539491850706],[-130.0650071768925,55.10212286587419],[-130.26733871986124,55.07184179897966],[-130.41287704993937,55.020736299712084]]]]}},{"type":"Feature","properties":{"NAME":null,"ABBREVN":null,"INFO_UR":null,"SUBJECTO":null,"BORDERPRECISION":1,"PARTOF":null},"geometry":{"type":"MultiPolygon","coordinates":[[[[-132.03246017982218,55.89350088711443],[-132.25558945228312,55.850036226469896],[-132.25558945228312,55.8500362264699],[-132.0324601798222,55.89350088711443],[-131.9636125235722,55.966090761382006],[-131.7670030265019,56.01000555630388],[-131.19051071693158,56.03476294155779],[-131.76700302650187,56.01000555630388],[-131.96361252357218,55.966090761382006],[-132.03246017982218,55.89350088711443]]]]}},{"type":"Feature","properties":{"NAME":null,"ABBREVN":null,"INFO_UR":null,"SUBJECTO":null,"BORDERPRECISION":1,"PARTOF":null},"geometry":{"type":"MultiPolygon","coordinates":[[[[-135.32571884681437,58.58088644619646],[-135.2791185050175,58.44331320400896],[-135.30032822181437,58.37449225063982],[-135.3003282218144,58.374492250639825],[-135.27911850501752,58.44331320400896],[-135.3257188468144,58.58088644619646],[-135.51483627845502,58.97349890347185],[-135.46945663978315,59.33973654385271],[-135.30861374427533,59.3469615804738],[-135.46945663978312,59.33973654385271],[-135.514836278455,58.97349890347185],[-135.32571884681437,58.58088644619646]]]]}},{"type":"Feature","properties":{"NAME":null,"ABBREVN":null,"INFO_UR":null,"SUBJECTO":null,"BORDERPRECISION":1,"PARTOF":null},"geometry":{"type":"MultiPolygon","coordinates":[[[[-136.14838120033002,58.90328177090349],[-136.39011093665815,58.84076651211443],[-136.39011093665812,58.84076651211443],[-136.14838120033002,58.90328177090348],[-136.14838120033002,58.90328177090349]]]]}},{"type":"Feature","properties":{"NAME":null,"ABBREVN":null,"INFO_UR":null,"SUBJECTO":null,"BORDERPRECISION":1,"PARTOF":null},"geometry":{"type":"MultiPolygon","coordinates":[[[[-137.08501144935343,58.446769319731615],[-136.35608383704877,58.52386816616716],[-136.37030502845502,58.62023504849138],[-136.93880173255658,58.94317968960466],[-136.93880173255656,58.943179689604655],[-136.370305028455,58.62023504849138],[-136.35608383704874,58.52386816616716],[-137.08501144935343,58.446769319731615]]]]}},{"type":"Feature","properties":{"NAME":null,"ABBREVN":null,"INFO_UR":null,"SUBJECTO":null,"BORDERPRECISION":1,"PARTOF":null},"geometry":{"type":"MultiPolygon","coordinates":[[[[-140.4283647208378,59.75967749233904],[-140.13290878822065,59.76717337246599],[-139.92891403724408,59.82994421597185],[-139.57256027747846,59.89999731655779],[-139.57256027747846,59.89999731655778],[-139.92891403724406,59.82994421597185],[-140.13290878822062,59.76717337246599],[-140.4283647208378,59.75967749233904]]]]}},{"type":"Feature","properties":{"NAME":null,"ABBREVN":null,"INFO_UR":null,"SUBJECTO":null,"BORDERPRECISION":1,"PARTOF":null},"geometry":{"type":"MultiPolygon","coordinates":[[[[-118.19774749095093,62.712635573894396],[-118.19565657401094,62.711419272008236],[-111.28421353653351,58.55314202309659],[-114.56521270134176,60.59956315497872],[-118.19774749095093,62.712635573894396]]]]}},{"type":"Feature","properties":{"NAME":null,"ABBREVN":null,"INFO_UR":null,"SUBJECTO":null,"BORDERPRECISION":1,"PARTOF":null},"geometry":{"type":"MultiPolygon","coordinates":[[[[-89.72552200843548,56.93423422451677],[-90.20366379310344,57.07395132656755],[-90.44457718421673,57.144347749907396],[-90.6953940565064,57.170195088021764],[-90,57.177856050688646],[-90,57.144347749907396],[-90,57.07395132656755],[-89.72552200843548,56.93423422451677]]]]}},{"type":"Feature","properties":{"NAME":null,"ABBREVN":null,"INFO_UR":null,"SUBJECTO":null,"BORDERPRECISION":1,"PARTOF":null},"geometry":{"type":"MultiPolygon","coordinates":[[[[-141.74712082435346,60.132499300200365],[-141.58554550697065,60.139754854399584],[-141.74712082435343,60.132499300200365],[-141.95845505286906,60.041461549956225],[-142.4245805411503,60.019671999174975],[-141.95845505286908,60.041461549956225],[-141.74712082435346,60.132499300200365]]]]}},{"type":"Feature","properties":{"NAME":null,"ABBREVN":null,"INFO_UR":null,"SUBJECTO":null,"BORDERPRECISION":1,"PARTOF":null},"geometry":{"type":"MultiPolygon","coordinates":[[[[-145.00285812904096,60.5523601400441],[-145.13838669349406,60.454215608794115],[-145.4926957755253,60.38364752407732],[-145.13838669349408,60.454215608794115],[-145.00285812904096,60.552360140044115],[-145.00285812904096,60.5523601400441]]]]}},{"type":"Feature","properties":{"NAME":null,"ABBREVN":null,"INFO_UR":null,"SUBJECTO":null,"BORDERPRECISION":1,"PARTOF":null},"geometry":{"type":"MultiPolygon","coordinates":[[[[-148.7278031974003,60.72730215664568],[-148.8396653800175,60.54507788296404],[-148.33609482337687,60.41319616909685],[-148.25754257728312,60.280623995024584],[-148.30090805579874,60.10610922451677],[-148.49351975013468,59.90396460171404],[-148.69987961341593,59.90356024380388],[-148.4935197501347,59.90396460171404],[-148.30090805579877,60.10610922451677],[-148.25754257728315,60.280623995024584],[-148.3360948233769,60.41319616909685],[-148.83966538001752,60.54507788296404],[-148.72780319740033,60.72730215664568],[-148.55266281654096,60.83973272915544],[-148.46587082435346,60.86794241543474],[-148.49261948158002,61.06433828945818],[-148.18898483802533,61.1000247823781],[-147.94012924720502,61.20585211392107],[-147.94012924720502,61.20585211392106],[-148.1889848380253,61.1000247823781],[-148.49261948158,61.06433828945818],[-148.46587082435343,60.86794241543474],[-148.55266281654093,60.83973272915544],[-148.7278031974003,60.72730215664568]]]]}},{"type":"Feature","properties":{"NAME":null,"ABBREVN":null,"INFO_UR":null,"SUBJECTO":null,"BORDERPRECISION":1,"PARTOF":null},"geometry":{"type":"MultiPolygon","coordinates":[[[[-151.3879594474003,59.21278341885271],[-151.88097092200968,59.163451753813646],[-151.38795944740033,59.21278341885271],[-150.92232224036908,59.414245210844896],[-150.50098129798627,59.61584051724138],[-150.02109238197065,59.713771425444506],[-149.58115097572065,59.985194765288256],[-149.32562729408002,60.02748068447771],[-149.32562729408,60.02748068447771],[-149.58115097572062,59.985194765288256],[-150.02109238197062,59.713771425444506],[-150.50098129798624,59.61584051724138],[-150.92232224036906,59.414245210844896],[-151.3879594474003,59.21278341885271]]]]}},{"type":"Feature","properties":{"NAME":null,"ABBREVN":null,"INFO_UR":null,"SUBJECTO":null,"BORDERPRECISION":1,"PARTOF":null},"geometry":{"type":"MultiPolygon","coordinates":[[[[-149.42468735267377,60.85911902065935],[-149.91281601478312,60.91427954312029],[-149.91281601478315,60.91427954312029],[-149.42468735267377,60.85911902065935]]]]}},{"type":"Feature","properties":{"NAME":null,"ABBREVN":null,"INFO_UR":null,"SUBJECTO":null,"BORDERPRECISION":1,"PARTOF":null},"geometry":{"type":"MultiPolygon","coordinates":[[[[-151.73100754310343,60.78466375942888],[-152.18968674232218,60.65769537563982],[-152.56100937415812,60.384234987456225],[-152.74359604408,60.3419681417531],[-152.87772079993937,60.27886541958513],[-152.8188676505253,60.13242682095232],[-152.89868637611124,59.89561804409685],[-153.1521653800175,59.74253042813005],[-153.40636154700968,59.70737036343279],[-153.70975204993937,59.644435487944506],[-153.97601791908,59.519210420805834],[-154.28227707435343,59.24877508755388],[-154.29820725013468,59.11740072842302],[-154.12692734290812,59.041747652251146],[-153.96481796790812,59.028251253325365],[-153.66443344642374,58.98046454067888],[-153.45496079017374,58.877338014799975],[-153.48860642005656,58.794494234282396],[-153.68230148841593,58.642474733549975],[-153.96358200599406,58.55239065762224],[-154.21385666419718,58.42795523281755],[-154.404484715955,58.248763643462084],[-154.6493119864628,58.07648047085466],[-154.95322128822062,58.03468283291521],[-155.59814926673624,57.89615973110857],[-155.90318771888468,57.71725805874529],[-156.36938950111124,57.565612398344896],[-156.68457504798624,57.40069922085466],[-156.4507035880253,57.17548330898943],[-156.49576279212687,57.10023077603044],[-156.9934281974003,56.91489752407732],[-157.39708420325968,56.84590109463396],[-157.74747177650187,56.77021750088396],[-157.9802903800175,56.65388067837419],[-158.52673813392374,56.44850882168474],[-158.61484238197062,56.36667593594255],[-158.73808762122843,56.1896243917531],[-159.0769242911503,55.991962038237475],[-159.613957372205,55.88911017056169],[-160.16940781165812,55.80663641567888],[-159.61395737220502,55.88911017056169],[-159.07692429115033,55.991962038237475],[-158.73808762122846,56.1896243917531],[-158.61484238197065,56.36667593594255],[-158.52673813392377,56.44850882168474],[-157.98029038001752,56.65388067837419],[-157.7474717765019,56.77021750088396],[-157.3970842032597,56.84590109463396],[-156.99342819740033,56.91489752407732],[-156.4957627921269,57.10023077603044],[-156.45070358802533,57.17548330898943],[-156.68457504798627,57.40069922085466],[-156.36938950111127,57.565612398344896],[-155.9031877188847,57.71725805874529],[-155.59814926673627,57.89615973110857],[-154.95322128822065,58.03468283291521],[-154.64931198646283,58.07648047085466],[-154.40448471595502,58.248763643462084],[-154.2138566641972,58.42795523281755],[-153.96358200599408,58.55239065762224],[-153.68230148841596,58.642474733549975],[-153.48860642005658,58.794494234282396],[-153.45496079017377,58.877338014799975],[-153.66443344642377,58.98046454067888],[-153.96481796790815,59.028251253325365],[-154.12692734290815,59.041747652251146],[-154.2982072501347,59.11740072842302],[-154.28227707435346,59.24877508755388],[-153.97601791908002,59.519210420805834],[-153.7097520499394,59.644435487944506],[-153.4063615470097,59.70737036343279],[-153.15216538001752,59.74253042813005],[-152.89868637611127,59.89561804409685],[-152.81886765052533,60.13242682095232],[-152.8777207999394,60.27886541958513],[-152.74359604408002,60.3419681417531],[-152.56100937415815,60.384234987456225],[-152.1896867423222,60.65769537563982],[-151.73100754310346,60.78466375942888],[-151.34189316322065,60.9536624776906],[-151.0840959220097,61.15071829434099],[-150.88225266029096,61.19327887173357],[-150.78056808997846,61.29190024014177],[-150.31123825599408,61.31387671108904],[-150.78056808997843,61.29190024014177],[-150.88225266029093,61.19327887173357],[-151.08409592200968,61.15071829434099],[-151.34189316322062,60.9536624776906],[-151.73100754310343,60.78466375942888]]]]}},{"type":"Feature","properties":{"NAME":null,"ABBREVN":null,"INFO_UR":null,"SUBJECTO":null,"BORDERPRECISION":1,"PARTOF":null},"geometry":{"type":"MultiPolygon","coordinates":[[[[-157.13942429115033,58.85578878994646],[-157.4242295890019,58.8008190023488],[-157.98740097572065,58.716998659331225],[-157.98740097572062,58.716998659331225],[-157.42422958900187,58.8008190023488],[-157.13942429115033,58.85578878994645],[-157.13942429115033,58.85578878994646]]]]}},{"type":"Feature","properties":{"NAME":null,"ABBREVN":null,"INFO_UR":null,"SUBJECTO":null,"BORDERPRECISION":1,"PARTOF":null},"geometry":{"type":"MultiPolygon","coordinates":[[[[-158.85645004798624,58.45356711025896],[-158.93266769935343,58.4327770101613],[-158.93266769935343,58.43277701016131],[-158.85645004798627,58.45356711025896],[-158.86552902747846,58.611957155424975],[-158.97314926673627,58.770289980132006],[-158.91186996986127,58.87389715786638],[-158.63615891029096,58.97104986782732],[-158.51666733314252,58.99888189907732],[-158.51666733314252,58.99888189907731],[-158.63615891029093,58.97104986782732],[-158.91186996986124,58.87389715786638],[-158.97314926673624,58.770289980132006],[-158.86552902747843,58.611957155424975],[-158.85645004798624,58.45356711025896]]]]}},{"type":"Feature","properties":{"NAME":null,"ABBREVN":null,"INFO_UR":null,"SUBJECTO":null,"BORDERPRECISION":1,"PARTOF":null},"geometry":{"type":"MultiPolygon","coordinates":[[[[-161.11713120033002,58.745528780180834],[-160.82761093665815,58.89784201260271],[-160.84013840247846,58.95994146938982],[-160.4305314688847,59.00216635342302],[-160.84013840247843,58.95994146938982],[-160.82761093665812,58.89784201260271],[-161.11713120033,58.745528780180834],[-161.64595505286906,58.68247183438005],[-161.11713120033002,58.745528780180834]]]]}},{"type":"Feature","properties":{"NAME":null,"ABBREVN":null,"INFO_UR":null,"SUBJECTO":null,"BORDERPRECISION":1,"PARTOF":null},"geometry":{"type":"MultiPolygon","coordinates":[[[[-163.53639694740033,59.84078940029802],[-163.35376450111127,59.93137320156755],[-163.02179428626752,59.96670874233904],[-162.37810226966596,60.16311606045427],[-162.37810226966596,60.163116060454264],[-163.0217942862675,59.96670874233904],[-163.35376450111124,59.93137320156755],[-163.5363969474003,59.84078940029802],[-164.0274095206425,59.798244081694506],[-163.53639694740033,59.84078940029802]]]]}},{"type":"Feature","properties":{"NAME":null,"ABBREVN":null,"INFO_UR":null,"SUBJECTO":null,"BORDERPRECISION":1,"PARTOF":null},"geometry":{"type":"MultiPolygon","coordinates":[[[[-163.93779465247846,60.614459596831225],[-164.52809616615033,60.75341375942888],[-164.84467026283,60.815894685942546],[-164.84467026283,60.81589468594255],[-164.5280961661503,60.75341375942888],[-163.93779465247843,60.614459596831225],[-163.62695786048627,60.601031862456225],[-163.93779465247846,60.614459596831225]]]]}},{"type":"Feature","properties":{"NAME":null,"ABBREVN":null,"INFO_UR":null,"SUBJECTO":null,"BORDERPRECISION":1,"PARTOF":null},"geometry":{"type":"MultiPolygon","coordinates":[[[[-163.8948869376347,61.042228304106615],[-164.05811020423624,61.041915498930834],[-164.3016557364628,60.943168245512865],[-164.30165573646283,60.943168245512865],[-164.05811020423627,61.041915498930834],[-163.8948869376347,61.042228304106615]]]]}},{"type":"Feature","properties":{"NAME":null,"ABBREVN":null,"INFO_UR":null,"SUBJECTO":null,"BORDERPRECISION":1,"PARTOF":null},"geometry":{"type":"MultiPolygon","coordinates":[[[[-165.51204392005658,61.257003389555834],[-165.42334457923627,61.26419409390154],[-165.51204392005656,61.257003389555834],[-165.51204392005658,61.257003389555834]]]]}},{"type":"Feature","properties":{"NAME":null,"ABBREVN":null,"INFO_UR":null,"SUBJECTO":null,"BORDERPRECISION":1,"PARTOF":null},"geometry":{"type":"MultiPolygon","coordinates":[[[[-163.5270127921269,63.08008154507341],[-163.96799179603315,63.20044668789568],[-164.2917680411503,63.24977072354021],[-163.96799179603312,63.20044668789568],[-163.52701279212687,63.08008154507341],[-163.30862900306437,63.03774222012224],[-163.3086290030644,63.03774222012224],[-163.5270127921269,63.08008154507341]]]]}},{"type":"Feature","properties":{"NAME":null,"ABBREVN":null,"INFO_UR":null,"SUBJECTO":null,"BORDERPRECISION":1,"PARTOF":null},"geometry":{"type":"MultiPolygon","coordinates":[[[[-162.5615129141972,64.60096319790544],[-162.13664719154096,64.78921850796404],[-161.29062363197065,64.96410711880388],[-162.13664719154093,64.78921850796404],[-162.56151291419718,64.60096319790544],[-162.801945653455,64.47088202114763],[-163.0252122550175,64.44165381069841],[-162.80194565345502,64.47088202114763],[-162.5615129141972,64.60096319790544]]]]}},{"type":"Feature","properties":{"NAME":null,"ABBREVN":null,"INFO_UR":null,"SUBJECTO":null,"BORDERPRECISION":1,"PARTOF":null},"geometry":{"type":"MultiPolygon","coordinates":[[[[-165.17119308997846,64.54565008755388],[-164.59991928626752,64.61876257534685],[-164.5999192862675,64.61876257534685],[-165.17119308997843,64.54565008755388],[-165.17119308997846,64.54565008755388]]]]}},{"type":"Feature","properties":{"NAME":null,"ABBREVN":null,"INFO_UR":null,"SUBJECTO":null,"BORDERPRECISION":1,"PARTOF":null},"geometry":{"type":"MultiPolygon","coordinates":[[[[-162.75850388099408,66.06275519009294],[-163.37004562904096,66.10560186978044],[-163.84308334876752,66.17811163540544],[-163.85339829017377,66.30294378872576],[-163.78244492103315,66.53848608608904],[-164.46313950111124,66.59615667935076],[-163.78244492103312,66.53848608608904],[-163.85339829017374,66.30294378872576],[-163.8430833487675,66.17811163540544],[-163.37004562904093,66.10560186978044],[-162.75850388099406,66.06275519009294],[-162.75850388099408,66.06275519009294]]]]}},{"type":"Feature","properties":{"NAME":null,"ABBREVN":null,"INFO_UR":null,"SUBJECTO":null,"BORDERPRECISION":1,"PARTOF":null},"geometry":{"type":"MultiPolygon","coordinates":[[[[-160.92296310950968,66.36724432583513],[-160.58469101478312,66.316432558257],[-160.58469101478315,66.316432558257],[-160.9229631095097,66.36724432583513],[-161.26143356849406,66.39603003140154],[-160.92296310950968,66.36724432583513]]]]}},{"type":"Feature","properties":{"NAME":null,"ABBREVN":null,"INFO_UR":null,"SUBJECTO":null,"BORDERPRECISION":1,"PARTOF":null},"geometry":{"type":"MultiPolygon","coordinates":[[[[-160.71655746986127,70.45616491909685],[-160.71655746986124,70.45616491909685],[-159.90466782142377,70.42692144985857],[-160.71655746986127,70.45616491909685]]]]}},{"type":"Feature","properties":{"NAME":null,"ABBREVN":null,"INFO_UR":null,"SUBJECTO":null,"BORDERPRECISION":1,"PARTOF":null},"geometry":{"type":"MultiPolygon","coordinates":[[[[-156.13797470618937,70.92808111782732],[-155.6657914786503,70.86703070278826],[-155.47481247474408,70.85190161343279],[-155.66579147865033,70.86703070278826],[-156.1379747061894,70.92808111782732],[-156.14545151283002,71.08307226772966],[-155.97292038490033,71.14548071499529],[-156.04321762611127,71.22303351040544],[-156.34712692786908,71.33133276577654],[-156.47401901771283,71.3544422018117],[-156.4740190177128,71.3544422018117],[-156.34712692786906,71.33133276577654],[-156.04321762611124,71.22303351040544],[-155.9729203849003,71.14548071499529],[-156.14545151283,71.08307226772966],[-156.13797470618937,70.92808111782732]]]]}},{"type":"Feature","properties":{"NAME":null,"ABBREVN":null,"INFO_UR":null,"SUBJECTO":null,"BORDERPRECISION":1,"PARTOF":null},"geometry":{"type":"MultiPolygon","coordinates":[[[[-152.4895219474003,70.69520147915544],[-152.13712021400187,70.53390081997576],[-151.91501328040815,70.4957767355031],[-152.1371202140019,70.53390081997576],[-152.48952194740033,70.69520147915544],[-152.65120407630658,70.8185306417531],[-152.97116562415815,70.9340091573781],[-153.29306503822065,70.9489017355031],[-153.77106186439252,70.97122534390154],[-154.4612931876347,70.99315985317888],[-155.09985825111124,71.07726629849138],[-154.46129318763468,70.99315985317888],[-153.7710618643925,70.97122534390154],[-153.29306503822062,70.9489017355031],[-152.97116562415812,70.9340091573781],[-152.65120407630656,70.8185306417531],[-152.4895219474003,70.69520147915544]]]]}},{"type":"Feature","properties":{"NAME":null,"ABBREVN":null,"INFO_UR":null,"SUBJECTO":null,"BORDERPRECISION":1,"PARTOF":null},"geometry":{"type":"MultiPolygon","coordinates":[[[[-150.63855454017377,70.47509344692888],[-151.1442002921269,70.48183020229997],[-151.7256059317753,70.53467138882341],[-151.14420029212687,70.48183020229997],[-150.63855454017377,70.47509344692888]]]]}},{"type":"Feature","properties":{"NAME":null,"ABBREVN":null,"INFO_UR":null,"SUBJECTO":null,"BORDERPRECISION":1,"PARTOF":null},"geometry":{"type":"MultiPolygon","coordinates":[[[[-145.60702988197062,70.19242437954607],[-145.27254196693156,70.1163822042531],[-145.27254196693158,70.1163822042531],[-145.60702988197065,70.19242437954607],[-146.18263718177533,70.26810034390154],[-147.7235459952519,70.32667120571794],[-148.12077805091596,70.37976416226091],[-148.74062058021283,70.4940448629445],[-149.28632065345502,70.5392337667531],[-149.286320653455,70.5392337667531],[-148.7406205802128,70.4940448629445],[-148.12077805091593,70.37976416226091],[-147.72354599525187,70.32667120571794],[-146.1826371817753,70.26810034390154],[-145.60702988197062,70.19242437954607]]]]}},{"type":"Feature","properties":{"NAME":null,"ABBREVN":null,"INFO_UR":null,"SUBJECTO":null,"BORDERPRECISION":1,"PARTOF":null},"geometry":{"type":"MultiPolygon","coordinates":[[[[-140.73939987708783,69.58456762905779],[-141.05925461341596,69.59546240444841],[-141.16135117103315,69.59894140835466],[-141.7039689688847,69.73443945522966],[-142.8024797110722,70.09034308071794],[-143.30757614661908,70.19675024624529],[-143.30757614661906,70.19675024624529],[-142.80247971107218,70.09034308071794],[-141.70396896888468,69.73443945522966],[-141.16135117103312,69.59894140835466],[-141.05925461341593,69.59546240444841],[-140.73939987708783,69.58456762905779]]]]}},{"type":"Feature","properties":{"NAME":null,"ABBREVN":null,"INFO_UR":null,"SUBJECTO":null,"BORDERPRECISION":1,"PARTOF":null},"geometry":{"type":"MultiPolygon","coordinates":[[[[-137.26085373450968,68.96400030728044],[-136.93156906654093,68.94952734585466],[-136.20306870033,68.87561377163591],[-135.8032884268925,68.77105291958513],[-135.61018845130656,68.70377691860857],[-135.61018845130658,68.70377691860857],[-135.80328842689252,68.77105291958513],[-136.20306870033002,68.87561377163591],[-136.93156906654096,68.94952734585466],[-137.2608537345097,68.96400030728044],[-137.72852036048627,69.01584204312029],[-138.27507492591596,69.13548620815935],[-138.99545761634565,69.36829718228044],[-139.90065475990033,69.57098730679216],[-140.33456894447065,69.6232410299367],[-140.33456894447062,69.6232410299367],[-139.9006547599003,69.57098730679216],[-138.99545761634562,69.36829718228044],[-138.27507492591593,69.13548620815935],[-137.72852036048624,69.01584204312029],[-137.26085373450968,68.96400030728044]]]]}},{"type":"Feature","properties":{"NAME":null,"ABBREVN":null,"INFO_UR":null,"SUBJECTO":null,"BORDERPRECISION":1,"PARTOF":null},"geometry":{"type":"MultiPolygon","coordinates":[[[[-134.77597519447062,69.57298620815935],[-133.99483200599406,69.5062518941945],[-133.99483200599408,69.5062518941945],[-134.77597519447062,69.57298620815935]]]]}},{"type":"Feature","properties":{"NAME":null,"ABBREVN":null,"INFO_UR":null,"SUBJECTO":null,"BORDERPRECISION":1,"PARTOF":null},"geometry":{"type":"MultiPolygon","coordinates":[[[[-131.19461533118937,69.68578680630388],[-131.75438400794718,69.60890539761247],[-132.30321213294718,69.48670538540544],[-132.61789413978312,69.25174292202654],[-133.41318222572062,69.13702734585466],[-133.71957871009562,68.9178729879445],[-133.3389329581425,68.79822119351091],[-132.69037338783002,68.46158941860858],[-132.69037338783002,68.46158941860857],[-133.33893295814252,68.79822119351091],[-133.71957871009565,68.9178729879445],[-133.41318222572065,69.13702734585466],[-132.61789413978315,69.25174292202654],[-132.3032121329472,69.48670538540544],[-131.7543840079472,69.60890539761247],[-131.1946153311894,69.68578680630388],[-130.70325180579877,69.85365637417497],[-130.20801254798627,69.91536291714372],[-130.0497941641972,69.96887549038591],[-129.8494767813847,70.15069159146013],[-130.24182602454877,70.20590551968279],[-130.24182602454874,70.20590551968279],[-129.84947678138468,70.15069159146013],[-130.04979416419718,69.96887549038591],[-130.20801254798624,69.91536291714372],[-130.70325180579874,69.85365637417497],[-131.19461533118937,69.68578680630388]]]]}},{"type":"Feature","properties":{"NAME":null,"ABBREVN":null,"INFO_UR":null,"SUBJECTO":null,"BORDERPRECISION":1,"PARTOF":null},"geometry":{"type":"MultiPolygon","coordinates":[[[[-127.66734024574016,70.51815374966326],[-128.01105972816205,70.6407962667531],[-128.41585251380656,70.686305605132],[-128.01105972816202,70.6407962667531],[-127.66734024574016,70.51815374966326]]]]}},{"type":"Feature","properties":{"NAME":null,"ABBREVN":null,"INFO_UR":null,"SUBJECTO":null,"BORDERPRECISION":1,"PARTOF":null},"geometry":{"type":"MultiPolygon","coordinates":[[[[-89.86152359534954,63.6466556417531],[-90.00580307533001,63.9038577901906],[-89.99451157142376,64.03280218716326],[-90,63.9038577901906],[-89.86152359534954,63.6466556417531]]]]}},{"type":"Feature","properties":{"NAME":null,"ABBREVN":null,"INFO_UR":null,"SUBJECTO":null,"BORDERPRECISION":1,"PARTOF":null},"geometry":{"type":"MultiPolygon","coordinates":[[[[-89.87039658118938,63.57521780605974],[-90,63.56135138149919],[-90,63.569825328295714],[-89.87039658118938,63.57521780605974]]]]}},{"type":"Feature","properties":{"NAME":null,"ABBREVN":null,"INFO_UR":null,"SUBJECTO":null,"BORDERPRECISION":1,"PARTOF":null},"geometry":{"type":"MultiPolygon","coordinates":[[[[-90.9196443228886,62.94618948574724],[-90.6305818228886,63.09612616177263],[-90.62544724036907,63.181544862944506],[-90.77393814613079,63.302386842924975],[-91.02674576331829,63.39461477871599],[-90,63.302386842924975],[-90,63.181544862944506],[-90,63.09612616177263],[-90,62.94618948574724],[-91.41749283363079,62.852889620024584],[-90.9196443228886,62.94618948574724]]]]}},{"type":"Feature","properties":{"NAME":null,"ABBREVN":null,"INFO_UR":null,"SUBJECTO":null,"BORDERPRECISION":1,"PARTOF":null},"geometry":{"type":"MultiPolygon","coordinates":[[[[-74.23124110312521,40.541906201426414],[-74.23124110312521,40.54190620142641],[-74.29292770911907,40.63159521694841],[-74.23124110312521,40.541906201426414]]]]}},{"type":"Feature","properties":{"NAME":null,"ABBREVN":null,"INFO_UR":null,"SUBJECTO":null,"BORDERPRECISION":1,"PARTOF":null},"geometry":{"type":"MultiPolygon","coordinates":[[[[-78.25297918136813,33.888361006521144],[-77.96291824866985,33.93281134243669],[-78.25297918136813,33.88836100652114],[-78.38355728675579,33.86835058804216],[-78.25297918136813,33.888361006521144]]]]}},{"type":"Feature","properties":{"NAME":null,"ABBREVN":null,"INFO_UR":null,"SUBJECTO":null,"BORDERPRECISION":1,"PARTOF":null},"geometry":{"type":"MultiPolygon","coordinates":[[[[-90.26736923743938,30.37970884915056],[-90.20367142249798,30.38587339993181],[-90.16053482581829,30.390046678740404],[-90,30.316282485197906],[-90,30.142039858061693],[-90,30.080423245437057],[-90.10844131995891,30.038699709135912],[-90.20366379310344,30.038699709135912],[-90.34003922034954,30.038699709135912],[-90.43051621009563,30.142039858061693],[-90.26736923743938,30.37970884915056]]]]}},{"type":"Feature","properties":{"NAME":null,"ABBREVN":null,"INFO_UR":null,"SUBJECTO":null,"BORDERPRECISION":1,"PARTOF":null},"geometry":{"type":"MultiPolygon","coordinates":[[[[-90,29.11900671597185],[-90,29.10867270107927],[-90.20149954723374,29.143151828428316],[-90.09218308021282,29.222343050200365],[-90.20366379310344,29.30435713406267],[-90.29798599769329,29.37374838467302],[-90.20366379310344,29.517551027495287],[-90.19775864173626,29.526553713042162],[-90.07866379310344,29.501367174345873],[-90,29.427086827011973],[-90,29.37374838467302],[-90,29.325677477080248],[-90,29.30435713406267],[-90,29.239488207060717],[-90,29.222343050200365],[-90,29.14158400173845],[-90,29.11900671597185]]]]}},{"type":"Feature","properties":{"NAME":null,"ABBREVN":null,"INFO_UR":null,"SUBJECTO":null,"BORDERPRECISION":1,"PARTOF":null},"geometry":{"type":"MultiPolygon","coordinates":[[[[-90.43607803870891,29.325677477080248],[-90.26970628117526,29.154822865400444],[-90.66659064428721,29.222734812034783],[-90.65007492591594,29.239488207060717],[-90.43607803870891,29.325677477080248]]]]}},{"type":"Feature","properties":{"NAME":"Subarctic forest hunter-gatherers","ABBREVN":"Subarctic forest hunter-gatherers","INFO_UR":null,"SUBJECTO":"Subarctic forest hunter-gatherers","BORDERPRECISION":1,"PARTOF":"Subarctic forest hunter-gatherers"},"geometry":{"type":"MultiPolygon","coordinates":[[[[-64.74218011385469,50.32664279534618],[-65.00679774107235,50.340609690521056],[-64.3259172110722,50.304671846587084],[-65.16869827796673,50.34915503140154],[-65.58150192786907,50.36156042690935],[-66.37273880531048,50.31387671108904],[-66.61907669593548,50.22109945889177],[-66.85474106361126,50.08888968105974],[-67.09636398841594,49.82562979336443],[-67.18860336829876,49.57630499478044],[-67.31770798255657,49.42533453579607],[-67.58378311683391,49.339660249907396],[-68.06532761146282,49.292872987944506],[-68.30696579505657,49.226920686919115],[-68.80112167884563,48.97719534512224],[-69.14960190345501,48.734481416899584],[-69.50712296058391,48.459212862212084],[-69.65325638343548,48.29560431118669],[-69.8017244010136,48.19080694790544],[-70.19233414222454,47.81147726650896],[-70.41080185462688,47.556720339018725],[-70.59882828284954,47.43250616665544],[-70.80607315589641,47.17151220913591],[-71.03368165476002,46.74621076936823],[-71.11760657360742,46.64064215016677],[-72.32234845443543,46.29511259543804],[-81.93098886565963,48.90187753952613],[-85.03622021806746,49.0940751201903],[-87.78991594567441,49.93094833834401],[-95.17216406649301,49.96864810359106],[-95.56635546846715,49.996303801904524],[-98.92187739770243,50.2317206620755],[-105.19092937331824,51.45252059422696],[-114.46737387359948,51.99955012922175],[-115.03004586111297,52.032730750921665],[-115.03392686774305,52.03295961287972],[-122.49112572639841,54.243561521059334],[-111.28421353653351,58.55314202309659],[-102.14428729171048,57.21394132630312],[-93.82461083808953,56.86329884105465],[-92.71141469288669,56.83125797836517],[-92.40409578747519,56.97508393725052],[-92.18014999915813,56.970458589751146],[-91.33692642738079,57.16312750454607],[-90.76973434974407,57.177856050688646],[-90.44457718421673,57.144347749907396],[-90.20366379310344,57.07395132656755],[-89.72552200843548,56.93423422451677],[-88.76747604896282,56.73846777554216],[-87.91419693519329,56.3319469320363],[-87.46717545081829,55.91202887173357],[-85.89243027259563,55.61023672695818],[-85.60286423255657,55.50931891079607],[-85.16096207191204,55.32764013882341],[-84.71716782142376,55.21365698452654],[-84.46836563636516,55.16687735195818],[-84.15240189124798,55.207992159087084],[-83.94863602210735,55.1881481039113],[-83.57600113441204,55.22261007900896],[-83.01604172279094,55.14942511196794],[-82.38272568275188,55.05616339321794],[-82.20208450843548,54.968871675688646],[-82.33566757728313,54.65296515103044],[-82.39934250404094,54.27056463833513],[-82.33005997230266,54.143424593169115],[-82.19209763099407,53.98969610806169],[-82.16040512611126,53.802421175200365],[-82.21217056800579,53.34127768154802],[-82.35113235999798,53.07412680264177],[-82.34120651771282,52.98082312222185],[-82.06906601478313,52.861381136137865],[-81.85244461585735,52.708610140044115],[-81.73378464271282,52.549098573882006],[-81.71294876624798,52.329669557768725],[-81.74736496497844,52.170096956450365],[-81.31071945716594,52.11780508633318],[-80.87710281898235,51.90618475552263],[-80.57278915931438,51.64144857998552],[-80.3964738516972,51.37678488369646],[-80.3612947135136,51.304034792143725],[-80.07332321693157,51.29795416470232],[-79.74672409583782,51.11329611416521],[-79.33848282386516,50.84304770107927],[-79.49529739906048,51.140258394438646],[-79.5943498282597,51.265792452055834],[-79.5340470938847,51.41818197842302],[-79.27615067054485,51.60419424648943],[-79.11176010658001,51.52498587246599],[-78.94055649329876,51.320006929594896],[-78.82266708900188,51.16139944668474],[-78.74842545081829,51.32038458462419],[-78.70010086585735,51.56555517788591],[-78.79678055335735,51.77088507290544],[-78.55341812659954,52.01023443813982],[-78.49098679115032,52.25613745327654],[-78.57313248206829,52.48867758389177],[-78.72467514564251,52.69467886563005],[-78.74176950876009,52.74413883037645],[-74.19720512004018,52.927225836668605],[-71.0333844968322,55.19604828321671],[-65.64317158321862,55.262874161982396],[-62.88947585561168,54.72511691082654],[-62.593886961730774,54.56997808041503],[-62.4855338033173,54.513109291987426],[-64.35688598810621,50.306306422737876],[-64.74218011385469,50.32664279534618]]]]}},{"type":"Feature","properties":{"NAME":"Pampas cultures","ABBREVN":"Pampas cultures","INFO_UR":null,"SUBJECTO":"Pampas cultures","BORDERPRECISION":1,"PARTOF":"Pampas cultures"},"geometry":{"type":"MultiPolygon","coordinates":[[[[-71.16521035613252,-51.561440909776984],[-71.48745134553333,-51.103865341802766],[-72.04404941813473,-48.76638855343405],[-72.1905225951351,-45.990119696472405],[-71.6339245225337,-43.19554606268768],[-70.57931764813105,-40.57909976037915],[-72.0684836753677,-40.547229038878235],[-71.51674598093341,-39.70574973625215],[-69.43682686752817,-37.15902614350158],[-67.64985410812366,-33.57694564055348],[-67.48158657100439,-31.655864143664434],[-63.563252469813456,-30.036561103144948],[-57.352789764997816,-29.680878909474107],[-54.36473695419029,-30.592916632921295],[-53.544487162988226,-31.446480334683482],[-52.14021349238029,-31.740936200871825],[-52.14362427283977,-31.747351087372877],[-52.149334874646414,-31.90616647128401],[-52.35066696693157,-32.67519036654768],[-52.56704422523235,-33.018650449555494],[-52.92139145423626,-33.43861810092268],[-53.40556427528118,-33.87947503451643],[-53.431908574597585,-33.90335885409651],[-53.79321381141399,-34.39954034213362],[-54.074337926404226,-34.647842801850416],[-54.423180547253835,-34.851807035248854],[-54.62150665809368,-34.9220813882762],[-54.98984238197063,-34.967300809662916],[-55.383114781872976,-34.81566277865706],[-55.63132187415813,-34.835220731537916],[-55.87906738807415,-34.8865474832469],[-56.16710754920696,-35.014168180268385],[-56.33826157142376,-34.99545327548323],[-56.71902557899212,-34.691353238862135],[-57.0055818228886,-34.577618039887525],[-57.34773727943157,-34.508438504975416],[-57.55870148231243,-34.566040433686354],[-57.78683563758587,-34.59826318148909],[-57.9336938529179,-34.54140511874495],[-58.18023773719524,-34.28783837680159],[-58.33968063880657,-34.21614495639143],[-58.41246887733196,-34.339126981537916],[-58.52974411536907,-34.485454953950025],[-58.522782292859304,-34.58706323031721],[-58.107045140759695,-34.96096078280745],[-57.80093475867962,-35.08749047641096],[-57.47927948524212,-35.2140735757762],[-57.3518952994511,-35.29017297152815],[-57.225506749646414,-35.43626443270979],[-57.236832585828054,-35.58266106967268],[-57.399620976941335,-35.81847039584456],[-57.419239964978445,-35.99675027255354],[-57.371693578259695,-36.14943734530745],[-57.29357239295696,-36.270237363617994],[-57.08356949378704,-36.41626397494612],[-56.84878632117962,-36.492203153412916],[-56.79972931434368,-36.54303399447737],[-56.69811340858196,-36.944073118012525],[-56.836510625378835,-37.16092721347151],[-57.173932042615164,-37.58211938266096],[-57.50210663367962,-37.92691842440901],[-57.643353429333914,-38.25865594271956],[-57.80888458778118,-38.386490262787916],[-58.18311783363079,-38.54026070956526],[-58.651207891003835,-38.69423714999495],[-59.515431371228445,-38.874519742768385],[-60.32303329993938,-38.9590572488719],[-60.93570038367962,-39.0113147867137],[-61.360714879529226,-39.03129998568831],[-61.889542546765554,-38.98134652499495],[-62.309926000134695,-38.880161680024244],[-62.36728378822063,-38.96954766635237],[-62.35104462196087,-39.33307305697737],[-62.20636078407024,-39.47312203769026],[-62.067765203015554,-39.55577508334456],[-62.10818192054485,-39.689834989350416],[-62.27949234534954,-39.97094003085432],[-62.43493744422649,-40.19506112460432],[-62.4657983451054,-40.36791268710432],[-62.28934189368938,-40.674866117280104],[-62.25975128699993,-40.80290643100081],[-62.35331055213665,-40.89916650180159],[-62.40079208900188,-40.92488519076643],[-62.73149684295609,-41.04970838829888],[-62.96398254920696,-41.137459195893385],[-63.475644078747976,-41.189758695405104],[-63.841935124890554,-41.15844384555159],[-64.2773332266972,-41.00552407626448],[-64.93894669105266,-40.8274768960887],[-65.04943558265423,-40.853313840668775],[-65.15315720130657,-40.97525063876448],[-65.13462540199016,-41.24435464267073],[-64.9413957266972,-41.55170098666487],[-64.92474838783001,-41.73123971347151],[-65.03349014808391,-42.02016869906721],[-64.9920320182011,-42.19338647250471],[-64.6439103751347,-42.43667260531721],[-64.2858781485722,-42.47448006991682],[-64.11973663856243,-42.38424722079573],[-64.29368301917766,-42.20483819369612],[-63.90142151405071,-42.12060204867659],[-63.7289819388554,-42.101013578217604],[-63.62366196204876,-42.56950417880354],[-63.599965062634695,-42.70437280062971],[-63.66458221961712,-42.77516976718245],[-63.79941269447063,-42.82041970614729],[-64.00108429481243,-42.852947629731275],[-64.11845108558391,-42.78249398593245],[-64.16540237952923,-42.6476673257762],[-64.21732040931438,-42.61565438632307],[-64.68793961097454,-42.64871255282698],[-64.98956009437298,-42.73924676303206],[-65.08506485511516,-42.78441659335432],[-65.01706406165813,-42.88067284945784],[-64.75124832679485,-42.91226998690901],[-64.53989883949016,-42.96326867465315],[-64.33642288734173,-43.01427880648909],[-64.30933853675579,-43.02709237460432],[-64.69799515296673,-43.20144311312971],[-65.04729172279094,-43.330730832856275],[-65.30717178870891,-43.6014026773387],[-65.30583664466594,-43.78801766757307],[-65.23327347327923,-44.14193765048323],[-65.26981827308391,-44.25792352084456],[-65.63663956214641,-44.625870145600416],[-65.62660690833782,-44.72252313021956],[-65.43618485023235,-44.88974038485823],[-65.65723129798626,-44.94175759677229],[-66.19433304359173,-44.98150292758284],[-66.41058060218548,-45.02062646273909],[-66.69494339515423,-45.131103910248854],[-66.97349258949016,-45.30627862338362],[-67.22534653236126,-45.552681363862135],[-67.47247788001751,-45.92232171420393],[-67.49596878577923,-46.097359098237135],[-67.46862503577923,-46.26589242343245],[-67.32806870033001,-46.531616605561354],[-67.1119050650761,-46.73242608432112],[-66.6708879141972,-47.01737252597151],[-66.37551590491985,-47.12728539828596],[-65.9388322501347,-47.19143716220198],[-65.77598282386516,-47.23012200717268],[-65.71326157142376,-47.353550351899244],[-65.78120132972454,-47.71157876376448],[-65.8388566641972,-47.86796609286604],[-65.99264999915813,-48.07672540072737],[-66.07773300697063,-48.142071164887525],[-66.5637101798222,-48.377720273774244],[-67.25715347816204,-48.74445001010237],[-67.57759567786907,-49.058533109467604],[-67.65801712562298,-49.18283120517073],[-67.69994827796673,-49.3855709207469],[-67.64981552650188,-49.62094155673323],[-67.72588821937298,-49.82396737460432],[-67.83347031165813,-49.9682125223094],[-68.27003952552532,-50.17266122226057],[-68.70602890540813,-50.28530923251448],[-68.89540573646282,-50.38436547641096],[-69.04092117835735,-50.56240121249495],[-69.14271256019329,-50.918472684662916],[-69.16695114661907,-51.14943734530745],[-69.11474151787864,-51.35236245613261],[-71.16521035613252,-51.561440909776984]]]]}},{"type":"Feature","properties":{"NAME":"Caribbean hunter-gatherers","ABBREVN":"Caribbean hunter-gatherers","INFO_UR":null,"SUBJECTO":"Caribbean hunter-gatherers","BORDERPRECISION":1,"PARTOF":"Caribbean hunter-gatherers"},"geometry":{"type":"MultiPolygon","coordinates":[[[[-49.13813110877727,-1.567843951027967],[-49.34711548377727,-1.644541300576307],[-49.5844506888554,-1.651419795792677],[-49.93684860755657,-1.658533967774488],[-50.22498795081829,-1.735415376465895],[-50.4762849478886,-1.678760803979017],[-50.61147781898235,-1.437585390847303],[-50.646603551404226,-1.266089357178785],[-50.57434555579876,-1.176963843148329],[-50.61665054847454,-0.891101754944899],[-50.59479614783977,-0.719481326382734],[-50.50141235877727,-0.261749692004301],[-50.42240234901165,-0.21710327987013],[-50.20676132728313,-0.191210724156477],[-49.8112573294804,-0.234836749475576],[-49.35822769691204,-0.284688748162367],[-49.14270493079876,-0.195259444158651],[-48.97729965736126,-0.207607559602835],[-48.76150604774212,-0.283400036137678],[-48.545758214490164,-0.321056283753492],[-48.40189072181438,-0.390650845807173],[-48.55282684852337,-0.632448054593183],[-48.639821019665945,-1.058396257203199],[-48.75562759925579,-1.281053580086805],[-48.88569351722454,-1.421139515679457],[-49.13813110877727,-1.567843951027967]]],[[[-65.96541257261946,8.180441590467876],[-70.68184887203134,8.55721593295672],[-71.181697710123,9.277051023594622],[-71.09831711341594,9.327861391264818],[-71.04417130042766,9.391532503325365],[-71.0143937735722,9.626737199980639],[-71.08939072181438,9.918922983366869],[-71.1839494376347,10.045826517302416],[-71.38124558021282,10.407673441130541],[-71.44250961829876,10.4683690893239],[-71.49555679847454,10.646208368498705],[-71.60672470618938,10.727042757231615],[-71.49931808997844,10.771501146513842],[-71.45634933997844,10.884672723967455],[-71.54816147376751,10.949340425688646],[-71.09841629554485,11.120093904692553],[-70.61012741615032,11.267333589751146],[-70.16137405921673,11.389892183501146],[-70.12243362952923,11.490936838347338],[-69.81202408363079,11.529625498015307],[-69.74783798743938,11.53345926876726],[-69.76678177406048,11.604107462126635],[-69.79154678870891,11.69302614803972],[-69.84794327308391,11.709193788725756],[-69.86523911048626,11.757694803435228],[-69.92282578040813,11.790028177458666],[-70.02431198646282,11.757976137358568],[-70.0945710807011,11.745567880827807],[-70.19743057777141,11.751242243010424],[-70.33928391029094,11.998806558806322],[-70.29026505042766,12.113316141325853],[-70.13849350501751,12.208971582610033],[-69.97353073646282,12.228398882109545],[-69.9329728751347,12.178036295134447],[-69.8699845938847,12.012325845915697],[-69.7863435416386,11.939572893340014],[-69.78696152259563,11.872883402068041],[-69.77518936683391,11.78598555203142],[-69.74466415931438,11.745567880827807],[-69.7429093985722,11.656647287566088],[-69.62888046790813,11.540557466704271],[-69.48074814368938,11.549403749663256],[-69.16608139564251,11.499248110014818],[-68.96130081702923,11.467902742583178],[-68.69460007240032,11.379503809172533],[-68.54911514808391,11.265414797026537],[-68.37241074134563,11.011574350554369],[-68.30246445228313,10.725720964629076],[-68.14105698158001,10.579895578581713],[-67.97961136390423,10.542116724211596],[-67.52091690589641,10.600295625883959],[-67.1034822135136,10.626629434782885],[-66.83778854896282,10.652612291533373],[-66.4781160025761,10.678809725005053],[-66.15650650550579,10.622311197478197],[-65.97666641761516,10.406616769987963],[-65.85632034827923,10.33060225125017],[-65.59648605872844,10.216760240752123],[-65.3759431510136,10.153691850859545],[-64.8836564688847,10.135678850371264],[-64.71181961585735,10.161477647978685],[-64.53735825111126,10.263541780669115],[-64.06826111366009,10.626809679228685],[-63.85663315345501,10.709889017302416],[-63.65310761024212,10.69125612850847],[-63.221493688122976,10.723965250212572],[-62.70314499427532,10.756857477385424],[-62.289669957654226,10.732331834990404],[-62.1781892447636,10.68172415371599],[-62.20323273231243,10.618119798857592],[-62.335553136365164,10.535212122160814],[-62.71963974525188,10.55345495815935],[-62.91433426429485,10.546670519072435],[-62.95193573524212,10.451263033110521],[-62.92532440711712,10.368699632841967],[-62.658505406872976,10.254877649504564],[-62.38455292274212,10.013961397368334],[-62.296898808972585,9.721817575652025],[-62.18643280555462,9.957194887358568],[-62.10325714637493,10.020925127226732],[-61.916554418103445,9.906929575163744],[-61.69926544715618,9.894697748381517],[-61.530865636365164,9.850575052458666],[-61.41472717811321,9.698293291289232],[-61.00145813514446,9.52123888607683],[-60.792721715466726,9.3882327901906],[-61.12109467078899,9.165086351591967],[-61.19369980384563,8.872588716704271],[-61.28992935706829,8.770693384367846],[-61.695771781275944,8.610088933385873],[-62.12781533520979,8.644111545049048],[-63.06524366801216,8.32539786170036],[-65.96541257261946,8.180441590467876]]],[[[-59.631111,13.334999],[-59.619728,13.337221],[-59.612503,13.336943],[-59.59584,13.331944],[-59.591118,13.329721],[-59.573616,13.299166],[-59.56945,13.290277],[-59.566116,13.279722],[-59.565285,13.274166],[-59.559448,13.259443],[-59.554451,13.25111],[-59.551674,13.246944],[-59.545006,13.239721],[-59.521118,13.214443],[-59.513062,13.208611],[-59.479446,13.185833],[-59.470001,13.18111],[-59.463615,13.180277],[-59.442223,13.173054],[-59.4375,13.170832],[-59.429169,13.164999],[-59.426949,13.153889],[-59.427223,13.146944],[-59.430283,13.135277],[-59.439445,13.116665],[-59.444725,13.108055],[-59.450279,13.099443],[-59.456673,13.092222],[-59.464447,13.085554],[-59.5,13.059444],[-59.510284,13.054998],[-59.533058,13.050554],[-59.543335,13.067499],[-59.547501,13.070555],[-59.571114,13.075832],[-59.60334,13.08],[-59.60778,13.082499],[-59.611389,13.085833],[-59.625557,13.099722],[-59.628616,13.103333],[-59.642227,13.14361],[-59.643333,13.149166],[-59.659447,13.287777],[-59.65834,13.299166],[-59.653061,13.315554],[-59.650841,13.320276],[-59.64473,13.328054],[-59.641113,13.331388],[-59.631111,13.334999]]],[[[-67.15195175697063,17.986524187285326],[-67.18456741859173,18.08180197354021],[-67.16167923499897,18.329742037005953],[-67.16167923489454,18.329742036775393],[-67.18456741848829,18.08180197329883],[-67.15195175694825,17.986524187280757],[-67.15195175697063,17.986524187285326]]],[[[-67.21057602454876,18.437686525542162],[-67.16099258949016,18.51406057949724],[-67.05517288734173,18.546075426298998],[-66.81060501624798,18.5148139822072],[-66.62883469154094,18.52156218167009],[-65.9515046744511,18.47215613003435],[-65.77500626136516,18.396260820586107],[-65.72408005286907,18.33280523892107],[-65.724080052905,18.33280523885335],[-65.77500626126172,18.39626082034473],[-65.95150467434766,18.47215612979297],[-66.6288346914375,18.521562181428713],[-66.81060501614454,18.514813981965823],[-67.05517288723829,18.54607542605762],[-67.16099258938672,18.51406057925586],[-67.21057602444183,18.437686525306134],[-67.21057602454876,18.437686525542162]]]]}},{"type":"Feature","properties":{"NAME":"Patagonian shellfish and marine mammal hunters","ABBREVN":"Patagonian shellfish and marine mammal hunters","INFO_UR":null,"SUBJECTO":"Patagonian shellfish and marine mammal hunters","BORDERPRECISION":1,"PARTOF":"Patagonian shellfish and marine mammal hunters"},"geometry":{"type":"MultiPolygon","coordinates":[[[[-69.21397110511516,-54.93401757602034],[-69.4240388541386,-54.880806363862135],[-69.6717195182011,-54.77409402255354],[-69.86098953773235,-54.774456418793775],[-70.07761093665813,-54.82176247958479],[-70.49821945716594,-54.92306558017073],[-70.72149368812298,-54.93690148715315],[-70.66498276283001,-54.78269235019026],[-70.57391068031048,-54.64189950351057],[-70.62074753333782,-54.50145379428206],[-70.2130021720097,-54.433777250092604],[-69.56778427650188,-54.459297574799635],[-69.37306686927532,-54.604805387299635],[-69.05546280433391,-54.60197869662581],[-69.33532425452923,-54.29167977694807],[-69.47352310706829,-54.21842233065901],[-69.7256974845097,-54.16545525912581],[-69.80562302161907,-54.125523008149244],[-69.89021774818157,-54.139046109955885],[-70.04246231605266,-53.98573724154768],[-70.14553543616985,-53.805733121674635],[-69.42057510902141,-53.544285215180494],[-69.4406633048222,-53.411072171967604],[-69.51457687904094,-53.344612516205885],[-70.33333298255657,-53.47274438266096],[-70.4647111563847,-53.37307015780745],[-70.34637924720501,-53.15981713656721],[-70.28054520179485,-53.0865100992137],[-69.79728409339641,-52.852859891694166],[-69.40672012855266,-52.56648675326643],[-69.22050186683391,-52.69229165438948],[-68.70133682777141,-52.720093168061354],[-68.33215042640423,-52.85004083041487],[-68.30537888099407,-52.94305077914534],[-68.46481796790813,-53.083008207123854],[-68.70525833656048,-53.23463097934065],[-68.62441727210735,-53.316265500825025],[-68.55745407630657,-53.349434293549635],[-68.28439804603313,-53.31560937289534],[-68.12968155433391,-53.375244535248854],[-67.8381242423222,-53.701248563569166],[-67.42970749427532,-54.000748075287916],[-66.98282333900188,-54.34066430453596],[-66.7463273673222,-54.440525449555494],[-66.41753098060344,-54.607178128998854],[-66.30702683021282,-54.64043847445784],[-66.11799332191204,-54.640076078217604],[-65.90043350745891,-54.71331063632307],[-65.32305618812298,-54.725601590912916],[-65.2592439322636,-54.71877709750471],[-65.26215836097454,-54.81925240878401],[-65.34770676185344,-54.91323510531721],[-65.56909653236126,-54.940464414399244],[-66.10820480872844,-54.98171655062971],[-66.45801254798626,-55.06972543124495],[-66.62184616615032,-55.070042051117994],[-67.15256210853313,-54.90997735385237],[-67.49159714271282,-54.87041512851057],[-68.00916763831829,-54.858013547700025],[-68.37550064613079,-54.8520015848094],[-68.74939438392376,-54.888584531586744],[-69.21397110511516,-54.93401757602034]]],[[[-73.94837662269329,-43.45772210482893],[-74.14179703284954,-43.44524804477034],[-74.23627182533001,-43.36826363925276],[-74.29604813148235,-43.26549569491682],[-74.20158096839641,-43.05959359530745],[-74.13408371497844,-42.7638668191844],[-74.17348190833782,-42.532715238373854],[-74.16859909583782,-42.34649316195784],[-74.00481125404094,-42.01881829623518],[-73.6371965079472,-41.96675530795393],[-73.47507187415813,-42.114021695893385],[-73.45523544837688,-42.26160851840315],[-73.76489731361126,-42.461258329194166],[-73.83051773597454,-42.56413308505354],[-73.60860153724407,-42.91060296420393],[-73.69581314613079,-43.38647881869612],[-73.77129074622844,-43.508831418793775],[-73.94837662269329,-43.45772210482893]]],[[[-73.28059097816204,-52.95262566928206],[-73.24332901527141,-52.57389108065901],[-73.62555405189251,-52.60781899813948],[-73.65839096595501,-52.44195977572737],[-73.56045242835735,-52.28259698275862],[-73.19003769447063,-52.328289426606275],[-72.96130844642376,-52.23501626376448],[-72.86903091956829,-52.28125420932112],[-72.84486099769329,-52.64614907626448],[-72.96489426185344,-52.79915276889143],[-73.08035751868938,-53.03203622226057],[-73.28059097816204,-52.95262566928206]]],[[[-70.57931764813105,-40.57909976037915],[-71.6339245225337,-43.19554606268768],[-72.1905225951351,-45.990119696472405],[-72.04404941813473,-48.76638855343405],[-71.48745134553333,-51.103865341802766],[-71.16521035613252,-51.561440909776984],[-69.11474151787864,-51.35236245613261],[-69.07692429115032,-51.49934808139143],[-68.83096787025188,-51.9024166238719],[-68.51646133949016,-52.25296822909651],[-68.41052719642376,-52.40529290561018],[-68.4558992057011,-52.420181669037916],[-68.59378525306438,-52.46537057284651],[-68.99490829993938,-52.42632333163557],[-69.23708054115032,-52.29413262728987],[-69.34320541908001,-52.287701047700025],[-69.4830217032597,-52.360935605805494],[-69.6713533072636,-52.54045144442854],[-69.89519974281048,-52.62718621615706],[-70.4156388907597,-52.66802636508284],[-70.57267471839641,-52.70817986850081],[-70.73358627845501,-52.80150643710432],[-70.85382553626751,-53.08095589999495],[-70.90510269691204,-53.23410073642073],[-70.87805649329876,-53.47378579501448],[-70.95145126868938,-53.75391045932112],[-70.99802872230266,-53.82070962313948],[-71.2019929557011,-53.834446347992994],[-71.44228836585735,-53.88161126498518],[-71.8722810416386,-53.69564858798323],[-71.57216354896282,-53.40849725131331],[-71.42531296302532,-53.20848122958479],[-71.16355606605266,-53.02834741000471],[-71.15202042152141,-52.96183053378401],[-71.31958481361126,-52.88237801913557],[-71.44254013587688,-52.82944527987776],[-72.05114456702923,-53.06996575717268],[-72.50550552894329,-53.06417886142073],[-72.75086685706829,-53.137833036225416],[-72.8417863516972,-52.98503152255354],[-72.78421494056438,-52.89849511508284],[-72.3526277213261,-52.77804604892073],[-72.23311325599407,-52.79110757235823],[-71.87656113197063,-52.69741479281721],[-71.67799850990032,-52.64390984896956],[-71.95033737708782,-52.571392453950025],[-72.21230789710735,-52.57189217929182],[-72.55881210853313,-52.57256738070784],[-72.56516739417766,-52.38677255038557],[-72.4460115103886,-52.247295774262525],[-72.44915482093548,-52.16112939242659],[-72.64995285560344,-52.12837640170393],[-72.81020065833782,-51.929973996918775],[-73.1069230704472,-52.10275308017073],[-73.4080705313847,-52.023838437836744],[-73.27673050452923,-51.785252012055494],[-73.25848862220501,-51.705818570893385],[-73.42886063148235,-51.725994504731275],[-73.59120651771282,-51.792480863373854],[-73.77848526527141,-51.614231504242994],[-73.87530228187298,-51.56152001742659],[-73.68935867835735,-51.43557778720198],[-73.63793655921673,-51.35618630770979],[-73.67884537269329,-51.2307857644969],[-73.70285507728313,-51.197830594819166],[-73.86053177406048,-51.211346067231275],[-74.20847794105266,-51.02063409213362],[-74.26941391517376,-50.994358457367994],[-73.88940140296673,-50.90788689975081],[-73.77560898353313,-50.83514062289534],[-73.73058792640423,-50.703247464936354],[-73.55210587074016,-50.53821984652815],[-73.53017136146282,-50.432861722748854],[-73.81846329261516,-50.45974770907698],[-73.93423172523235,-50.5060543191844],[-74.07494827796673,-50.47341576937971],[-74.19024368812298,-50.17101708773909],[-73.93245407630657,-49.99314156894026],[-74.18661972572063,-49.82340279940901],[-74.24047562171673,-49.63373223666487],[-73.89992996741985,-49.430298246186354],[-73.96308609534954,-49.24083367709456],[-74.27156540443157,-49.43103448275862],[-74.31235214759563,-48.745132840912916],[-74.13296982337688,-48.47726479892073],[-74.21619888831829,-48.10582772616682],[-74.21032425452923,-48.008091367524244],[-73.9434480338261,-48.01407662753401],[-73.75890823890423,-48.12448159579573],[-73.43872543861126,-48.156441129487135],[-73.36163803626751,-48.04551736239729],[-73.36047073890423,-47.97384683017073],[-73.76372238685344,-47.77276269320784],[-74.15406509925579,-47.838638700287916],[-74.29662796546673,-47.76078835849104],[-74.53776260902141,-47.787292875092604],[-74.54526230384563,-47.68315926913557],[-74.39259048988079,-47.53318826083479],[-74.38108536292766,-47.42256585482893],[-74.41158005286907,-47.38359872226057],[-74.32800766517376,-47.29239694003401],[-74.08675095130657,-47.298416532319166],[-73.98341080238079,-47.129192746918775],[-73.97875687171673,-47.0317005289012],[-74.30358597327923,-46.856933988373854],[-74.46320816566204,-46.798809446137525],[-74.86196610023235,-46.819073118012525],[-75.0111970572636,-46.77391091708479],[-75.02187058021282,-46.553223050873854],[-75.44431015540813,-46.62543145541487],[-75.49602219154094,-46.58010522250471],[-75.4413728385136,-46.515091337006666],[-74.97675797034954,-46.280655301850416],[-74.8638810782597,-46.22855416659651],[-74.68378159095501,-46.046692289155104],[-74.56387039710735,-45.87150613192854],[-74.18900772620891,-45.844856656830885],[-74.06845566322063,-45.93531457309065],[-74.04179855872844,-46.09079781894026],[-74.3336076407597,-46.18212548617659],[-74.47889420081829,-46.30562249545393],[-74.42934891273235,-46.53258553866682],[-74.37646957923626,-46.558445371430494],[-74.29071518470501,-46.51284448031721],[-74.16998764564251,-46.337444700043775],[-74.08749863197063,-46.29835931186018],[-73.97867294837688,-46.34354440097151],[-73.99523636390423,-46.48629800204573],[-73.96972366859173,-46.71342507724104],[-73.57108780433391,-46.26491204623518],[-73.49872299720501,-45.96011392001448],[-73.47365280677532,-45.66858331088362],[-73.3669328360722,-45.5000728738719],[-73.33135696937298,-45.474102414887525],[-73.04726120521282,-45.37648812655745],[-73.13770004798626,-45.344314969819166],[-73.33456894447063,-45.28001824740706],[-73.35970017005657,-45.20892754916487],[-73.31409164954876,-45.085979856293775],[-73.20363327552532,-45.053448118012525],[-72.94659134437298,-44.94323388461409],[-72.67706009437298,-44.74931756381331],[-72.55524918128704,-44.54286614779768],[-72.58269974281048,-44.43984643344221],[-72.76007553626751,-44.369339383881666],[-73.05803391029094,-44.189609922211744],[-73.08199020911907,-44.022251523774244],[-73.01933762122844,-43.91270486239729],[-72.97188278724407,-43.706680692475416],[-72.99853226234173,-43.333660520356275],[-72.83392807533001,-43.18544427279768],[-72.52966019202923,-43.0627063882762],[-72.7235994010136,-42.79961053256331],[-72.74735733558391,-42.44639626864729],[-72.6874665885136,-42.37563363436995],[-72.43805405189251,-42.3045162332469],[-72.41380020667766,-42.16325799350081],[-72.46592423011516,-42.03499261264143],[-72.60860153724407,-41.99678460482893],[-72.73108383704876,-41.90719643954573],[-72.62617203284954,-41.75944939975081],[-72.58717819740032,-41.61827508334456],[-72.72818067052704,-41.55336179549616],[-72.0684836753677,-40.547229038878235],[-70.57931764813105,-40.57909976037915]]]]}},{"type":"Feature","properties":{"NAME":"Savanna hunter-gatherers","ABBREVN":"Savanna hunter-gatherers","INFO_UR":null,"SUBJECTO":"Savanna hunter-gatherers","BORDERPRECISION":1,"PARTOF":"Savanna hunter-gatherers"},"geometry":{"type":"MultiPolygon","coordinates":[[[[-65.90622541609757,-18.31105888474315],[-64.66180129731615,-16.804676207468987],[-64.1940629085568,-14.694582386569342],[-64.19308713091496,-14.690180390876671],[-60.26760598730509,-13.809999263181787],[-53.123378851919725,-14.275041705614404],[-48.46896037885509,-23.748769173313708],[-49.48718016007792,-24.553337158794967],[-49.83871578487881,-26.797313680361846],[-48.796904749948716,-28.475548314302703],[-48.85215473085459,-28.563025096783424],[-48.93729492713665,-28.6978267801219],[-49.192067113415945,-28.920717634003736],[-49.54647919227337,-29.156509794037916],[-49.93631836463665,-29.627403653901197],[-50.03014465858196,-29.805483259003736],[-50.24409195472454,-30.320475019257643],[-50.46869370033001,-30.74020425204573],[-50.806088414685476,-31.191929258149244],[-51.11682220985149,-31.472069181244947],[-51.477379766003835,-31.823473371308424],[-51.33295151283001,-31.45981637362776],[-51.13702484657024,-31.192619718354322],[-50.85400482703899,-30.93792573336897],[-50.58172699500774,-30.41646806124983],[-50.60855194617962,-30.302172101777174],[-50.7686433463261,-30.36602631930647],[-50.94763657142376,-30.36005059603987],[-51.23235413123821,-30.265360273163893],[-51.26606079627727,-30.335308469575025],[-51.2651147513554,-30.46870843295393],[-51.445416417615164,-31.015394605439283],[-51.602292027966726,-31.231684125702955],[-51.89954849769329,-31.429226316254713],[-52.04218765784954,-31.556572355073072],[-52.14021349238029,-31.740936200871825],[-53.544487162988226,-31.446480334683482],[-54.36473695419029,-30.592916632921295],[-57.352789764997816,-29.680878909474107],[-63.563252469813456,-30.036561103144948],[-67.48158657100439,-31.655864143664434],[-67.49930527997265,-31.663186632907415],[-69.28299898778518,-29.352258637737357],[-68.05972625425517,-26.46811136080474],[-68.0338990208006,-26.029048392077136],[-67.12255067092232,-25.032037581988202],[-66.09723843191973,-20.13835052013179],[-65.90622541609757,-18.31105888474315]]],[[[-37.88789123444673,-4.393015496284502],[-37.73482224036907,-4.529729284089186],[-37.88789123444673,-4.393015496284503],[-37.88789123444673,-4.393015496284502]]]]}},{"type":"Feature","properties":{"NAME":"Amazon hunter-gatherers","ABBREVN":"Amazon hunter-gatherers","INFO_UR":null,"SUBJECTO":"Amazon hunter-gatherers","BORDERPRECISION":1,"PARTOF":"Amazon hunter-gatherers"},"geometry":{"type":"MultiPolygon","coordinates":[[[[-69.04501111905242,-8.235853806057],[-70.15820726425522,-5.735421450211085],[-66.40849393304576,3.041936481420927],[-62.65878060183632,4.152921580887431],[-58.55753164582598,3.977596077854006],[-55.8624251890192,1.695565793857857],[-55.80383591821904,0.875529465609527],[-57.97163893782451,-0.589157846288572],[-58.44035310422569,-2.287649024474563],[-56.33113935542037,-4.334740468715777],[-54.16333633581491,-4.626791146196514],[-49.06606977620206,-4.743578120004467],[-46.280890913956334,-3.552810001275475],[-53.128470905039926,-14.264677204916623],[-53.123378851919725,-14.275041705614404],[-60.26760598730509,-13.809999263181787],[-64.19308713091496,-14.690180390876671],[-64.1940629085568,-14.694582386569342],[-69.04501111905242,-8.235853806057]]],[[[-37.88789123444673,-4.393015496284502],[-37.88789123444673,-4.393015496284503],[-38.06839844276165,-4.231795228760816],[-37.88789123444673,-4.393015496284502]]]]}},{"type":"Feature","properties":{"NAME":"Andean hunter-gatherers","ABBREVN":"Andean hunter-gatherers","INFO_UR":null,"SUBJECTO":"Andean hunter-gatherers","BORDERPRECISION":1,"PARTOF":"Andean hunter-gatherers"},"geometry":{"type":"MultiPolygon","coordinates":[[[[-67.95249314419908,-24.64514848985134],[-67.82483020416323,-22.474878509241908],[-67.35618174619,-19.194339303429263],[-66.59524723372101,-19.145123826644383],[-65.90622541609757,-18.31105888474315],[-66.09723843191973,-20.13835052013179],[-67.12255067092232,-25.032037581988202],[-68.0338990208006,-26.029048392077136],[-67.95249314419908,-24.64514848985134]]],[[[-67.48158657100439,-31.655864143664434],[-67.64985410812366,-33.57694564055348],[-69.43682686752817,-37.15902614350158],[-71.51674598093341,-39.70574973625215],[-72.0684836753677,-40.547229038878235],[-72.72818067052704,-41.55336179549616],[-72.76746841956829,-41.53527490023909],[-72.89088913490032,-41.529114164155104],[-72.96338364173626,-41.574139035981275],[-73.1777009635136,-41.76055184726057],[-73.42416855384563,-41.786697782319166],[-73.46355148841594,-41.78677026156721],[-73.59364029456829,-41.697239316742994],[-73.66562363197063,-41.47935906771956],[-73.84525772620891,-41.15282861117659],[-73.90523239661907,-40.83904305819807],[-73.82080551673626,-40.42910806063948],[-73.75937363197063,-40.243389524262525],[-73.4343156485722,-39.9103626382762],[-73.19384476234173,-39.565369046967604],[-73.19633957435344,-39.41866723422346],[-73.44117447425579,-38.62841073397932],[-73.44044205238079,-38.354309476655104],[-73.40069290687298,-38.099277890961744],[-73.43500992347454,-37.90178338412581],[-73.67253586341594,-37.500854886811354],[-73.69026657630657,-37.36710397128401],[-73.58405014564251,-37.277717984955885],[-73.35966965247844,-37.3218502176219],[-73.27789017249798,-37.283462919037916],[-73.18790146400188,-37.21957436923323],[-73.14423080970501,-37.155796445649244],[-72.95995804359173,-36.5758899820262],[-72.84636398841594,-36.359199918549635],[-72.70962235023235,-35.938797391694166],[-72.62884995033001,-35.64587823275862],[-72.33002182533001,-35.28258172396956],[-72.16658493568157,-34.95790902499495],[-72.07612320472454,-34.671944059174635],[-71.96271225501751,-34.24619332675276],[-71.82275864173626,-33.934708036225416],[-71.73862167884563,-33.877380765717604],[-71.61574265052532,-33.70565453891096],[-71.60992142249798,-33.57227746371565],[-71.67724956368635,-33.38977699172401],[-71.75040146400188,-33.1914905679637],[-71.7133683829472,-33.1088489664012],[-71.50858017493938,-32.90518990878401],[-71.41605087806438,-32.75256768588362],[-71.41326809477779,-32.72888223427206],[-71.40336319495891,-32.64457742099104],[-71.44536301185344,-32.54304925326643],[-71.51984879066204,-32.18117562655745],[-70.0274937150467,-30.677772143654593],[-69.40554769037634,-29.641195435870635],[-69.28299898778518,-29.352258637737357],[-67.49930527997265,-31.663186632907415],[-67.48158657100439,-31.655864143664434]]]]}},{"type":"Feature","properties":{"NAME":"North American Pacifi foraging, hunting and fishing peoples","ABBREVN":"North American Pacifi foraging, hunting and fishing peoples","INFO_UR":null,"SUBJECTO":"North American Pacifi foraging, hunting and fishing peoples","BORDERPRECISION":1,"PARTOF":"North American Pacifi foraging, hunting and fishing peoples"},"geometry":{"type":"MultiPolygon","coordinates":[[[[-132.59436508704877,55.81202276821794],[-132.62077805091596,55.75095327969255],[-132.68808456947065,55.64917715664568],[-132.55470749427533,55.45311316128435],[-132.17720505286908,55.28475149746599],[-132.17378708411908,54.84630926724138],[-133.01601120521283,55.371032320219896],[-133.27101608802533,55.62097891445818],[-133.26630112220502,55.83106192227068],[-133.51779648353315,56.21072348232927],[-133.48555466224408,56.25834234829607],[-133.28069016029096,56.231566988188646],[-133.1572618155644,56.11630972500505],[-132.63325974036908,55.90010794277849],[-132.59436508704877,55.81202276821794]]],[[[-123.7409562735722,38.96676977749529],[-123.79630753089641,39.03041037197771],[-123.74487778236126,39.075954042632006],[-123.89214798499798,39.41376455898943],[-123.81972977210735,39.60736807461443],[-123.93385025550579,39.82276114102068],[-124.03277298499798,39.982379518706225],[-124.36481186439251,40.33432348843279],[-124.41186996986126,40.468917452055834],[-124.36723801185344,40.75131186123552],[-124.25388046790813,41.03395804043474],[-124.17912766029094,41.19464453335466],[-124.15260788490032,41.58015020962419],[-124.24943253089641,41.93350561733904],[-124.30591470538344,42.054819414854435],[-124.56067368079876,42.60199698086443],[-124.62967392493938,43.013995729643725],[-124.58678909827923,43.142928682524584],[-124.48281570960735,43.252685152251146],[-124.30166336585735,43.34327658291521],[-124.1372956900761,43.66595800991716],[-124.30168625404094,43.923644624907396],[-124.33127304603313,44.07199057217302],[-124.23045217275275,44.45096392151133],[-124.15713846161013,44.726541207842374],[-124.1404924063847,44.7891116964406],[-124.07172867347454,45.04791601772966],[-124.04446121741985,45.33319433804216],[-124.00341507484173,45.68362387295427],[-123.99469467689251,45.76409491177263],[-124.06380173255657,45.83626516934099],[-124.02785202552532,45.940211855132006],[-124.0743074088261,46.0152965414113],[-124.00366684486126,46.0499645101613],[-124.0173234610722,46.13374289150896],[-124.03835007240032,46.21753653164568],[-124.0522355704472,46.26378210659685],[-124.05423447181438,46.289794527251146],[-123.9092683463261,46.24643667813005],[-123.81508347083782,46.25510748501482],[-123.78710648109173,46.29846533413591],[-123.88214584876751,46.2955814230031],[-124.15862747718548,46.35049780483904],[-124.1307267813847,46.66863592739763],[-124.17707535316204,46.81622656460466],[-124.16961380531048,46.94070776577654],[-123.90527817298626,47.042052828032396],[-124.06049820472454,47.05075415249529],[-124.13232132484173,47.11447104092302],[-124.19025894691204,47.11447104092302],[-124.2141008048222,47.094195924956225],[-124.19483658363079,47.042052828032396],[-124.24902054359173,47.01889380093279],[-124.30878922034954,47.45928534146013],[-124.72605606605266,48.117755495268725],[-124.73341843177532,48.32687719937029],[-124.6752824454472,48.38582571621599],[-124.43045517493938,48.3470836507863],[-124.14605423499798,48.249591432768725],[-123.79302689124798,48.19800528164568],[-123.50459000159954,48.18548925991716],[-123.25891586829876,48.20558127041521],[-123.07204910804485,48.16672857876482],[-122.8260392813847,48.023482881743334],[-122.80843063880657,47.82762488003435],[-122.9973039298222,47.64451178188982],[-123.18336197425579,47.488334261137865],[-122.94403549720501,47.42283209438982],[-122.8610734610722,47.338222109038256],[-122.74829575111126,47.262233339507006],[-122.73528000404094,47.364547334868334],[-122.6628312735722,47.46903570767107],[-122.48593613197063,47.6063609945363],[-122.39111038734173,47.867614351469896],[-122.34528824378704,48.07669409390154],[-122.3743562369511,48.26612433071794],[-122.5346345572636,48.69742926235857],[-122.60556503822063,48.83472784634294],[-122.90025040199016,49.06718023892107],[-122.98425766517376,49.13523062344255],[-123.21332260658001,49.27238043423357],[-123.24522110511516,49.46898993130388],[-123.21204849769329,49.62469061489763],[-123.5309953360722,49.51256903286638],[-123.69860550452923,49.52535208340349],[-123.84743973304485,49.66282232876482],[-123.92052933265423,49.885795198637865],[-123.97649857093548,49.97104986782732],[-124.14968582679485,49.9313236105031],[-124.25334641029094,49.83920248623552],[-124.47060867835735,49.81253393765154],[-124.79498764564251,50.03529318447771],[-124.84853073646282,50.22638281460466],[-124.93922134925579,50.595809541899584],[-125.41228958656048,50.54865988369646],[-125.86682602454876,50.67329367275896],[-126.08587357093548,50.71250113125505],[-126.16374680091594,50.75200995083513],[-126.2281388907597,50.930404268462084],[-126.4252595572636,51.088824831206225],[-126.69128891517376,50.9890514242238],[-127.24746414710735,50.96811636563005],[-127.45511337806438,51.02064474697771],[-127.62731644202923,51.13282736416521],[-127.67497726966594,51.24528082485857],[-127.55915543128704,51.53709753628435],[-127.35296341468548,51.63696631069841],[-127.45502945472454,51.76947744961443],[-128.01286026527143,51.808227144438646],[-127.73505875159954,52.04120977993669],[-127.55576798011516,52.16784247036638],[-127.30971237708782,52.23480566616716],[-127.03732773353313,52.46355780239763],[-127.43061539222454,52.46078833218279],[-127.7101945548222,52.39368017788591],[-127.86647743746704,52.41254897736534],[-125.757913379286,53.13079169844382],[-124.75974582056752,52.44778520770332],[-120.48272905215676,48.962018954129185],[-120.30696123975633,44.29914221354117],[-120.47361831890835,43.5702362219749],[-121.36156811415898,39.68662126087367],[-121.16971848831042,38.880148963177184],[-123.6484726898424,38.880148963177184],[-123.7409562735722,38.96676977749529]]],[[[-132.0823106436894,54.02106054897966],[-131.95637985755658,53.967712007719896],[-131.89424606849408,53.89415320034685],[-131.99947067786908,53.793544374663256],[-132.07715317298627,53.539176546294115],[-132.08984848548627,53.398803316313646],[-132.35136887122846,53.36487158413591],[-132.5687608390019,53.27950247402849],[-132.99696823646283,53.65111120815935],[-133.08598801185346,53.80482061978044],[-133.09669968177533,54.01911123867693],[-133.05392929603315,54.066085420805834],[-132.87006088783002,54.046344362456225],[-132.72987839271283,54.066711031157396],[-132.3785295157597,53.9869876730031],[-132.0823106436894,54.02106054897966]]],[[[-126.52219864417766,49.82167013760271],[-126.9611711173222,50.057433687407396],[-127.21158310462688,50.004230104643725],[-127.38545700599407,50.05001028652849],[-127.76865097572063,50.28005941982927],[-128.34309860755658,50.66847189541521],[-128.44160934974408,50.77402456875505],[-128.43282028724408,50.82691534634294],[-127.99969955970501,50.8806644308156],[-127.84801956702923,50.86110647793474],[-126.95737930824016,50.59188803311052],[-126.51589676429485,50.500297151762865],[-125.7185945182011,50.40942724819841],[-125.54543777991985,50.29098471279802],[-125.26749893714641,50.05414923306169],[-125.07566544105266,49.76541479702654],[-124.88077255775188,49.575526796538256],[-124.71793076087688,49.49057348843279],[-124.00361343909954,49.2494274007863],[-123.86136337806438,49.15797003384294],[-123.64536758949016,48.817855440337084],[-123.59341904212688,48.634723268706225],[-123.71906754066204,48.47748526211443],[-123.90202042152141,48.47059591885271],[-124.49255081702923,48.60025366421404],[-125.0977677970097,48.79537924404802],[-125.19605728675579,48.873736940581225],[-125.16861435462688,48.95890387173357],[-124.99902817298626,49.16885336514177],[-125.45960709144329,49.16794928188982],[-125.6453752188847,49.05622442837419],[-125.77978226234173,49.08870657559099],[-125.96683975745891,49.1735111105031],[-125.89224716712688,49.37682684536638],[-126.11152359534954,49.52721747036638],[-126.23254105140423,49.53353842373552],[-126.56312271644329,49.572249971587084],[-126.66481491615032,49.69015463467302],[-126.52219864417766,49.82167013760271]]]]}},{"type":"Feature","properties":{"NAME":"Plain bison hunters","ABBREVN":"Plain bison hunters","INFO_UR":null,"SUBJECTO":"Plain bison hunters","BORDERPRECISION":1,"PARTOF":"Plain bison hunters"},"geometry":{"type":"MultiPolygon","coordinates":[[[[-94.61922782331685,36.09733578518024],[-96.40620058272137,35.6463101014922],[-97.13856646772321,34.47135574600093],[-95.8203078747199,32.71453265402474],[-94.4727546463165,31.922332816382813],[-94.11755719209039,31.93047980661485],[-94.11755719209039,29.69269900006508],[-94.14153000404094,29.690021120268725],[-94.42584702064251,29.54268606777849],[-94.60208603431438,29.54916914578142],[-94.79687210609173,29.563354097563646],[-94.85739609290813,29.783898912627123],[-95.00703140784954,29.75816115017595],[-95.05766006995891,29.67538412686052],[-94.84457871009563,29.346345506865404],[-95.23918625404094,29.05825003262224],[-95.60276505042766,28.79865988369646],[-96.01456924964641,28.6560550558156],[-96.20308395911907,28.636594377715014],[-96.38913437415813,28.661634050566576],[-96.71655746986126,28.71180685635271],[-96.77357956458782,28.622674547392748],[-96.57712265540813,28.425990663725756],[-96.68452927161907,28.2477298605031],[-96.60265928396231,28.383607986771057],[-97.75841820818601,28.695265355313026],[-98.18951151270068,29.180839383625194],[-102.5682060899621,32.42779661849105],[-102.5682060899621,38.880148963177184],[-109.04855657130156,38.880148963177184],[-111.54786525513434,41.64185091509596],[-111.66773503433551,41.93525523128791],[-114.12579317034083,47.95182480671353],[-114.46737387359948,51.99955012922175],[-105.19092937331824,51.45252059422696],[-98.92187739770243,50.2317206620755],[-95.56635546846715,49.996303801904524],[-94.23473573369067,46.72103383947717],[-94.11755719209039,39.73169383481236],[-94.11755719209039,35.87563266465669],[-94.61922782331685,36.09733578518024]]]]}},{"type":"Feature","properties":{"NAME":"Plateau fichers and hunter gatherers","ABBREVN":"Plateau fichers and hunter gatherers","INFO_UR":null,"SUBJECTO":"Plateau fichers and hunter gatherers","BORDERPRECISION":1,"PARTOF":"Plateau fichers and hunter gatherers"},"geometry":{"type":"MultiPolygon","coordinates":[[[[-120.30696123975633,44.29914221354117],[-120.48272905215676,48.962018954129185],[-124.75974582056752,52.44778520770332],[-125.757913379286,53.13079169844382],[-122.49112572639841,54.243561521059334],[-115.03392686774305,52.03295961287972],[-115.03004586111297,52.032730750921665],[-114.46737387359948,51.99955012922175],[-114.12579317034083,47.95182480671353],[-111.66773503433551,41.93525523128791],[-115.0925161385432,42.5115845772342],[-119.01799728215308,43.11329780515409],[-120.47361831890835,43.5702362219749],[-120.30696123975633,44.29914221354117]]]]}},{"type":"Feature","properties":{"NAME":"Desert hunter-gatherers","ABBREVN":"Desert hunter-gatherers","INFO_UR":null,"SUBJECTO":"Desert hunter-gatherers","BORDERPRECISION":1,"PARTOF":"Desert hunter-gatherers"},"geometry":{"type":"MultiPolygon","coordinates":[[[[-120.47361831890835,43.5702362219749],[-119.01799728215308,43.11329780515409],[-115.0925161385432,42.5115845772342],[-111.66773503433551,41.93525523128791],[-111.54786525513434,41.64185091509596],[-109.04855657130156,38.880148963177184],[-121.16971848831042,38.880148963177184],[-121.36156811415898,39.68662126087367],[-120.47361831890835,43.5702362219749]]],[[[-98.18951151270068,29.180839383625194],[-97.75841820818601,28.695265355313026],[-102.5682060899621,29.99225368312217],[-102.5682060899621,32.42779661849105],[-98.18951151270068,29.180839383625194]]],[[[-112.7371492057011,30.109120928007982],[-112.89227829173785,30.38599388801684],[-112.90797897865032,30.41401632900896],[-112.7371492057011,30.109120928007982]]]]}},{"type":"Feature","properties":{"NAME":"Khoiasan","ABBREVN":"Khoiasan","INFO_UR":null,"SUBJECTO":"Khoiasan","BORDERPRECISION":1,"PARTOF":"Khoiasan"},"geometry":{"type":"MultiPolygon","coordinates":[[[[34.67331984947468,-20.51510850314436],[34.69901565025593,-20.57224885348616],[35.02253631065632,-20.813072599213697],[35.107153925402415,-20.984491742890455],[35.03266814659382,-21.188030637543775],[34.99418929527546,-21.270725644867994],[35.20164779136921,-21.950323499482252],[35.23384765098835,-22.20447961215315],[35.260760340197336,-22.274328626435377],[35.371436151964915,-22.280451215546705],[35.448287043078196,-22.223093427460768],[35.51175979088093,-22.184820569794752],[35.53088286827351,-22.45806733493147],[35.42541411827351,-23.456112302582838],[35.29743102501179,-23.825008786957838],[35.44399932335163,-23.913671888154127],[35.512225183947336,-23.938953794282057],[35.500865015490305,-24.085165418427565],[35.4300871224239,-24.22512856845198],[35.1980314583614,-24.47983590487776],[34.88371947716023,-24.72201577548323],[34.58479979942585,-24.875175870698072],[34.01502898643757,-25.060696042817213],[33.656905207140696,-25.201269544404127],[33.347266230089915,-25.303612149994947],[32.944861444933665,-25.5396236551219],[32.65110305259968,-25.838962949555494],[32.499712976916086,-26.06808701876936],[32.63101104210163,-26.220337308686354],[32.89595702598835,-26.37232629184065],[32.91596892784382,-26.518461622040846],[32.887390253529176,-26.715051172579674],[32.849036249621165,-26.978884137909986],[32.767230066759836,-27.51663247470198],[32.60903457115437,-27.89831391696272],[32.52742675255085,-27.981102384369947],[32.345477137072336,-28.02597848300276],[32.30343535850788,-28.134109891694166],[32.39324859092976,-28.37544671420393],[32.3462248177364,-28.585289396088697],[32.234744104845774,-28.74441758517561],[31.978331598742255,-28.94834939364729],[31.563080820544013,-29.209801114838697],[31.326805068175602,-29.509405299501744],[31.296990427477606,-29.54721108798323],[30.674901041491278,-30.438341535370924],[30.487155827280144,-30.686724305145788],[30.391005548937567,-30.81392899874983],[30.294790757737793,-30.920219874431666],[29.831868204577216,-31.431621946137525],[29.295138391955145,-31.909426130097486],[29.08635846343894,-32.1267062219706],[28.921853098376044,-32.29790917758284],[28.27691939781452,-32.76323357943831],[27.656355890734442,-33.253921903412916],[27.40815070579792,-33.42601052645979],[26.962971720202216,-33.71297875766096],[26.658656153185614,-33.84707299594221],[26.3066511483028,-33.892288602631666],[25.865729364855536,-33.88682977084456],[25.618521723253973,-33.91912499789534],[25.559100183947333,-34.07814828280745],[25.565064463122138,-34.1353382242137],[25.51585868309284,-34.17357674960432],[25.313666376574286,-34.12950173739729],[25.064669641955145,-34.07280007724104],[24.928593668444403,-34.07944527987776],[24.81606963585163,-34.16864434603987],[24.69349006126667,-34.308731473725416],[24.592217478258856,-34.35978738192854],[24.429938349230536,-34.33470193270979],[24.084670099718817,-34.1510852945262],[23.742917093737372,-34.0755123269969],[23.499220880968817,-34.06966058139143],[23.359755548937567,-34.120796598237135],[23.188918146593817,-34.241897977631666],[22.971856150133856,-34.19785348300276],[22.681775125963934,-34.10311547641096],[22.5885332682646,-34.13458312854779],[22.549130472643622,-34.14788094882307],[22.262129816515692,-34.16752663974104],[21.997218164904364,-34.26340524081526],[21.66930106590534,-34.50560799960432],[21.345505747301825,-34.5443958414012],[21.14705565880085,-34.538452543061354],[20.846911463244208,-34.500923551362135],[20.514832529528388,-34.53339043978987],[20.25607207725788,-34.62289086703596],[19.883807215197333,-34.99228707675276],[19.320893320544013,-34.732857145112135],[19.279349359972723,-34.504131711762525],[19.18137267540241,-34.4217151773387],[18.966362986071356,-34.396728910248854],[18.840062174303778,-34.435120023530104],[18.72423842857624,-34.21926537875471],[18.57026771019245,-34.19417230014143],[18.5030737252071,-34.30870477084456],[18.487156900866278,-34.39771691684065],[18.346327814562567,-34.34715691928206],[18.29292396019245,-34.24557534579573],[18.412772211535223,-34.02287713412581],[18.45907500694538,-33.832127012055494],[18.073050531847723,-33.22279015902815],[17.927741083605536,-33.09596673373518],[17.867608103258856,-32.99441186312971],[17.94545844505573,-32.917976774018385],[18.231507334215888,-32.898323453705885],[18.30869773338581,-32.70750848178206],[18.335690531237372,-32.338821805756666],[18.262307199938544,-32.04027215365706],[18.178561243517645,-31.805298246186354],[17.903866800768622,-31.291069425385572],[17.5665388436153,-30.827820218842604],[17.432107923119183,-30.570482995543706],[17.354287180407294,-30.42151299838362],[17.078530344469794,-29.7992672098094],[16.788300547106513,-29.138924039643385],[16.5301618904903,-28.77085152987776],[16.334208521349677,-28.56079522494612],[16.1281843514278,-28.339535154145338],[15.659789118273505,-27.889295972626783],[15.453804048998602,-27.61645928744612],[15.291948351366766,-27.15286485080061],[15.136913332445868,-26.82907334689436],[15.075613054735907,-26.606766141694166],[15.129913362963446,-26.485908902924635],[15.153246912462958,-26.33334580783186],[14.947422060473212,-26.00966111544905],[14.843331369860419,-25.62222329501448],[14.909797701342352,-25.234415448945143],[14.90903666923786,-25.01834908847151],[14.667572054369696,-24.42148057345686],[14.44403651664997,-23.411688245576002],[14.409003290636786,-23.252706922333815],[14.396092447741278,-23.074791349213697],[14.5244303078487,-22.941069043915846],[14.570058855517157,-22.758144773285963],[14.576767954333075,-22.731251157563307],[14.53272059868122,-22.49620095614729],[14.415466341479071,-22.267668165009596],[13.957572016222723,-21.690342344086744],[13.803647074206122,-21.442819989960768],[13.307551416857489,-20.471565641205885],[12.929404291613348,-19.741556562226393],[12.52433207939411,-19.062439359467604],[12.905971244193594,-19.70227026922537],[28.61662685468665,-19.947515983564067],[28.27903016038492,-21.46670110792186],[28.455452788832716,-22.525236878608716],[29.33756593107178,-23.054504763952146],[31.101792215549878,-23.054504763952146],[32.86601850002798,-21.995968993265286],[33.39528638537139,-20.761010594130624],[33.39528638537139,-20.02211158283374],[34.719489671813776,-20.042782596759878],[34.71029571007038,-20.292583860200025],[34.67331984947468,-20.51510850314436]]]]}},{"type":"Feature","properties":{"NAME":"West African cereal farmers","ABBREVN":"West African cereal farmers","INFO_UR":null,"SUBJECTO":"West African cereal farmers","BORDERPRECISION":1,"PARTOF":"West African cereal farmers"},"geometry":{"type":"MultiPolygon","coordinates":[[[[32.84695298113419,10.104653994359682],[32.34880962465572,9.527647378549165],[33.02152049134584,6.864538013373648],[35.57782178476831,5.527006069275479],[38.605020684873864,6.597308569790442],[38.879383970829274,7.854307040737202],[39.75203095278518,7.951267816510082],[40.17238316906753,9.842852789780679],[40.190731525570996,10.007197785841594],[41.52688195216976,10.279881546371954],[43.10357192466999,11.53131254788103],[43.29847625206257,11.475552164275072],[43.36809447716023,11.455634676176928],[43.788584742052805,10.941863619048021],[44.05242446373249,10.662847124297045],[44.16154769371296,10.491522394377611],[44.28083709190632,10.396465860564135],[44.44821074913288,10.428605638701342],[44.63609603355671,10.429005228239916],[44.84515288780476,10.416754327971361],[45.012576136095774,10.448878847319506],[45.270159754259836,10.570160471159838],[45.64631560753132,10.761600099760912],[45.909365686877024,10.83206423397722],[46.0882788033321,10.787970148283861],[46.43031218956257,10.66797789211931],[46.677344355089915,10.700275980193041],[46.929156336291086,10.846961580473803],[47.27975753258015,11.10187967892351],[47.39071181724812,11.159307085234545],[47.59234145591999,11.140673242766283],[47.80731872032429,11.096666895110033],[47.996157679064524,11.116128526884935],[48.442511908057725,11.296466087546179],[48.53374389122273,11.333325945097826],[48.6633520455196,11.32088717098894],[48.97027495811726,11.232596956450365],[49.3035002083614,11.246025644499682],[49.647234949572336,11.329372011382006],[50.08087066124226,11.47643622036638],[50.486067804796946,11.775948129851244],[50.69729140709187,11.94795950527849],[50.96874907921101,11.878653131682299],[51.14483169029499,11.783723436552904],[51.18070510338093,11.777448259550951],[51.24701598594929,11.656864725310228],[51.06053451011921,11.2434573995656],[51.070254358752024,10.989321314055346],[51.12975982139851,10.709877573210619],[51.055666956408274,10.506385408598803],[50.88675979088093,10.277283273894213],[50.87397674034382,9.972261034209154],[50.852705988390696,9.59732302303972],[50.77938369224812,9.36842020626726],[50.210825952990305,8.350532137114428],[49.83185485313679,7.9938817846364],[49.77715209434773,7.853968225676439],[49.82292464683796,7.695211969572924],[49.42104628990437,6.989027105528734],[49.04607299278523,6.41633804913225],[48.94951537559773,5.990390382964037],[48.791811975939524,5.704107366759203],[48.4715795845821,5.201433740813158],[48.078196558459055,4.666824423033617],[47.63646532348032,4.096041917326511],[47.63646532348032,4.096041917326509],[46.449290647584505,4.080424596143054],[44.281409389217814,3.357797510020823],[43.41489377502695,2.514787056134711],[34.405956738036096,2.490461302647428],[33.92968016137751,2.843586349070006],[22.224511080969368,6.196195772852339],[12.604745687300603,7.731968465838291],[5.359488992633966,5.368345627897537],[5.44819215248371,5.476928793150805],[5.383361372454413,5.610234342772387],[5.152887854082831,5.641512953001879],[5.095240149004706,5.755762659270189],[4.886312040789374,6.003147207457445],[4.634121450884589,6.212299905974291],[4.360316309435614,6.326093279082201],[4.072063478930243,6.439846121031664],[3.949497255785712,6.579388700682543],[3.718945059283026,6.54711779232683],[3.610964092715033,6.413429819304369],[3.459676537020453,6.381331049162767],[3.413565020302215,6.3790140355832],[3.063426050646552,6.361420236784838],[2.766808065874823,6.34811409588518],[2.616754564745673,6.341382108885668],[2.062096390230902,6.276640497404955],[1.922951780492069,6.265819670409864],[1.761008772356757,6.253225885588549],[1.557863506777533,6.237427316862963],[1.341844233973273,6.17976053829851],[1.17636540840412,6.084084116179369],[1.165727171404608,6.066323839384935],[0.939379486544379,5.759484850127123],[0.802637848360785,5.71471508618059],[0.536134216292151,5.720493398863695],[0.089773598416098,5.655979238707445],[-0.118851010398618,5.572919450957201],[-0.203663793103448,5.528644167143725],[-0.300653104417794,5.478011885888282],[-0.477038773028166,5.385931545678787],[-0.607789006726495,5.317674719054125],[-1.176074710385553,5.138508402068041],[-1.600233045117609,4.95330675717058],[-2.031221595303766,4.698200784880541],[-2.290958610074274,4.843784891325853],[-2.716545787350885,5.039863668639086],[-2.749738898770563,5.095558248717211],[-2.803544488446466,5.185831152159594],[-2.933519568936578,5.274515234190844],[-3.027103391186944,5.267953001219652],[-3.09144612838482,5.159785829741381],[-3.134569135205499,5.140627466399096],[-3.350640025632135,5.152871690947435],[-3.667796102063409,5.228444181639574],[-3.941593614117853,5.265976034361742],[-4.374339484038781,5.254648030026621],[-4.575233588742666,5.249389217760193],[-4.999971356885187,5.238270841795824],[-5.57543369819378,5.128995500761889],[-5.834145513074152,5.039471231657885],[-6.315529790417902,4.873208128172777],[-7.097943749921075,4.52201374645891],[-7.413408246533624,4.330689035612963],[-7.528605428235284,4.336791597563646],[-7.562493291394464,4.35118445034685],[-8.243275609509698,4.640275560576342],[-8.792475667493097,4.9186864721364],[-9.247899022595636,5.17188414211931],[-9.42929455329632,5.362137399870775],[-9.93726345588421,5.863056265074633],[-10.4371175437138,6.205133043486498],[-10.762624707715265,6.356947027403734],[-11.16827103187298,6.597549520689867],[-11.46540352393841,6.843901239592455],[-11.749388661877862,7.079251848418139],[-12.046761479871027,7.262896143156908],[-12.263942685620538,7.35138853665056],[-12.279014554517023,7.414897524077318],[-12.251578298108331,7.548413358885668],[-12.27409264137005,7.630976759154223],[-12.513051000134698,7.725783907133959],[-12.869152036206476,7.972840391356371],[-13.044136968152277,8.13769110317888],[-13.212491002576105,8.347035967070482],[-12.990156140820734,8.455546938139818],[-12.91199776221966,8.557393633086107],[-12.927251782910577,8.627264581877611],[-13.14486786414837,8.722107492644213],[-13.174346890942804,8.772887788969896],[-13.164252248303644,8.850765787321947],[-13.141406980054132,9.0271488058156],[-13.281672444836847,9.27468355770769],[-13.625553098218194,9.623440347868822],[-13.680051770703546,9.91564520474138],[-14.058002439038507,10.080054842192553],[-14.466443028943292,10.333368860442064],[-14.591384854809991,10.46654852505388],[-14.550901380078546,10.644569002348803],[-14.574861493603937,10.784330927092455],[-14.820922818677179,10.80285795803728],[-14.966219869153253,10.847027384001635],[-15.018011060254327,10.916822038847826],[-14.991490331189386,11.05668696041765],[-15.00829502631878,11.10174425717058],[-15.029396024243585,11.15828665371599],[-15.116153684155694,11.158095918852709],[-15.341422048108331,11.221154772002123],[-15.415780034558527,11.33538969631853],[-15.361260381238214,11.519795976836107],[-15.21297260810589,11.717116914946459],[-15.098965611951105,11.81267889614763],[-15.158031430737726,11.876103006560228],[-15.32538887550091,11.926575266081713],[-15.54958149482464,11.919748865324877],[-15.736251798169366,11.843088709074877],[-15.808596578137628,11.84292086239519],[-16.086015668408624,11.969427667815111],[-16.247872319714777,12.102531992155932],[-16.27898880531048,12.210499368864916],[-16.424529042737237,12.248307787138842],[-16.566605535046808,12.309811197478197],[-16.57060143043255,12.311540209013842],[-16.695794072644464,12.412958704192064],[-16.77209946204876,12.597077928740404],[-16.72550293494915,12.787829004485033],[-16.768208470837823,13.03539904232683],[-16.776349034802667,13.124526582915209],[-16.775572743909112,13.145343385893725],[-16.767117467419855,13.35967596646013],[-16.689412084119073,13.448810182768725],[-16.49428078223919,13.474656664091967],[-16.452353444592706,13.54464968319597],[-16.455103841321222,13.571074091154955],[-16.458260503308527,13.601410471159838],[-16.47089096595501,13.722545229155443],[-16.640429463879816,13.842927538115404],[-16.67105957557415,13.912758432585619],[-16.69670006324505,14.077932916838549],[-16.87041946937298,14.363524996001146],[-17.033258038647634,14.564789325170201],[-16.110722955601183,14.654027427369396],[-16.040244472213956,14.407352735514124],[-15.672555929762083,13.855819921836314],[-15.212945251697235,13.763897786223353],[-14.66141243801944,13.763897786223353],[-14.201801759954591,14.03966419306225],[-13.742191081889743,14.407352735514124],[-13.620296812423263,14.894929813380081],[-13.395529310272655,14.916671886604806],[-8.739644364285152,13.894456939576635],[-9.055906439719408,13.894456939576635],[-9.579901585594925,13.32834678953526],[-9.579901585594925,12.384829872799635],[-9.130762889130196,11.913071414431826],[-7.633633900914433,11.346961264390451],[-6.51078715975261,11.346961264390451],[-5.088514620947635,11.535664647737576],[-4.639375924482906,12.007423106105385],[-4.564519475072117,12.762236639493885],[-4.958210478409045,13.34116223013475],[2.345904970276228,13.285633546771772],[8.26576059714931,12.367349972804174],[14.581743588107965,12.67336040874892],[15.657358111202049,11.30618068591897],[18.627952846500676,10.169490738236744],[20.673287450301128,11.956221643123333],[23.19994183767005,11.775300538947805],[24.074465964367207,11.181973046384048],[30.599761371261398,11.115971520296771],[30.78671404375713,11.227081395800525],[30.78994394212117,11.203664632661223],[31.26759938121858,10.646399953714242],[31.74525482031599,10.248353754466404],[32.84695298113419,10.104653994359682]]],[[[46.22544175888997,2.552302650726347],[46.36050322960163,2.667831026274584],[46.22544175888997,2.552302650726346],[46.19034448186311,2.522281273203094],[46.22544175888997,2.552302650726347]]],[[[42.354964289281355,13.27069624519603],[42.354964289281355,13.270696245196033],[42.40844253013874,13.175496660429857],[42.354964289281355,13.27069624519603]]]]}},{"type":"Feature","properties":{"NAME":"Eastern North Amercian hunter-gatherers","ABBREVN":"Eastern North Amercian hunter-gatherers","INFO_UR":null,"SUBJECTO":"Eastern North Amercian hunter-gatherers","BORDERPRECISION":1,"PARTOF":"Eastern North Amercian hunter-gatherers"},"geometry":{"type":"MultiPolygon","coordinates":[[[[-95.17216406649301,49.96864810359106],[-87.78991594567441,49.93094833834401],[-85.03622021806746,49.0940751201903],[-81.93098886565963,48.90187753952613],[-72.32234845443543,46.29511259543804],[-71.11760657360742,46.64064215016677],[-71.03368165476002,46.74621076936823],[-71.03921982337688,46.73586233730974],[-70.70225235511516,47.067523561674975],[-70.53371902991985,47.126456819731615],[-70.22405716468548,47.34201773281755],[-69.74747177650188,47.76669653530779],[-69.25392624427532,48.120055757719896],[-68.34129044105266,48.54645880337419],[-67.78133102943157,48.72406729336443],[-66.97269913245891,48.954589449126146],[-66.49335190345501,49.060233675200365],[-66.02990433265423,49.16588171597185],[-65.36736771156048,49.23263891812029],[-64.95240494300579,49.20725592251482],[-64.54969498206829,49.077113710600756],[-64.32045456458782,48.94668539639177],[-64.25922867347454,48.861754976469896],[-64.1943139701054,48.65261801357927],[-64.25091263343548,48.55445059414568],[-64.3976716666386,48.45612295742693],[-64.87422653724407,48.32453116055193],[-65.21308609534954,48.121425234038256],[-65.47443863441204,48.10134085293474],[-65.85462662269329,48.205062471587084],[-66.18143173743938,48.18482931729021],[-66.4715470938847,48.099391542632006],[-66.34565445472454,48.06365545864763],[-65.83716293861126,47.96051367397966],[-65.76066299964641,47.90591391201677],[-65.64544388343548,47.70579870815935],[-65.61233994056438,47.663356386382006],[-65.02792831947063,47.881652437407396],[-65.04041763831829,47.78462179775896],[-64.82512375404094,47.85132559414568],[-64.65790268470501,47.778548799712084],[-64.82006546546673,47.67547949429216],[-64.9239396720097,47.56031759854021],[-64.87363907386516,47.439132295805834],[-64.94693466712688,47.433070741850756],[-64.9800920157597,47.33010061855974],[-65.38958450843548,47.13028296108904],[-64.84222122718548,47.124225221831225],[-64.80747696449016,47.039489351469896],[-64.89159866859173,46.912414156157396],[-64.85052963783001,46.71886786099138],[-64.79732224036907,46.755153261382006],[-64.68977066566204,46.69467505093279],[-64.71813675452923,46.63422735806169],[-64.69660660316204,46.54354818936052],[-64.53875443031048,46.33810766812029],[-64.53479477454876,46.271659456450365],[-64.16390320350384,46.24750860806169],[-64.09448334266399,46.20523413296404],[-64.07633682777141,46.23542746182146],[-63.74918076087688,46.169005953032396],[-63.89088913490032,46.10862311001482],[-64.05869766761516,46.11466559048357],[-64.08001419593548,46.05429419155779],[-63.84349152137493,45.987899385649584],[-63.74844070960735,45.87928732510271],[-63.49218842078899,45.91548117275896],[-63.431210484997976,45.8551402914113],[-63.335961308972585,45.86118658657732],[-63.27559372474407,45.7827640401906],[-63.08744904090618,45.80085714932146],[-63.1210717826054,45.84911688442888],[-62.74163910438274,45.818954073149584],[-62.633114781872976,45.77070196743669],[-62.726090398328054,45.680228792387865],[-62.61699005653118,45.728473268706225],[-62.499859776990164,45.71641119595232],[-62.38964172889446,45.72244604702654],[-62.07625290443157,45.88531836147966],[-61.939801183240164,45.92151602383318],[-61.89317413856243,45.758632265288256],[-61.72339340736126,45.68625982876482],[-61.48120972205852,45.74054297085466],[-61.26151367713665,45.55361136074724],[-61.443722692029226,45.43909033413591],[-61.40336700965618,45.39089163418474],[-61.032086339490164,45.3788333761281],[-60.95838638831829,45.30050619717302],[-61.19283005286907,45.246295534331225],[-61.26517578651165,45.30050619717302],[-61.40005203773235,45.2402721273488],[-61.34710785438274,45.19810827847185],[-61.57892319251751,45.19810827847185],[-61.6828279166386,45.21617468472185],[-61.63366028358196,45.143905245024584],[-61.8362702994511,45.12584265347185],[-61.81096741248821,45.07767065640154],[-62.010479894177664,45.071654878813646],[-62.06810089637493,45.00542791958513],[-62.27053543616985,44.98737295742693],[-62.436207738415945,44.87328680630388],[-62.476883855359304,44.921310030180834],[-62.79448029090618,44.795245729643725],[-62.815167394177664,44.77123602505388],[-63.05326935340618,44.71121557827654],[-63.10667511512493,44.831264101225756],[-63.22998520423626,44.78324469204607],[-63.30328842689251,44.66320379849138],[-63.38769623328899,44.74722632046404],[-63.41851898719524,44.63320120449724],[-63.51650711585735,44.597194277007006],[-63.558861699597585,44.51318701382341],[-63.78971954871868,44.51318701382341],[-63.82587524940227,44.54919012661638],[-63.90214630653118,44.57318838711443],[-63.88782974769329,44.72922094937029],[-63.9966706900761,44.567191683012865],[-64.08759781409954,44.51318701382341],[-64.14651581336712,44.62720068569841],[-64.30579849769329,44.61519583340349],[-64.2863435416386,44.507186495024584],[-64.39108749915813,44.48919256802263],[-64.25063034583782,44.45318945522966],[-64.2360505728886,44.35721167202654],[-64.28229233314251,44.30322989102068],[-64.36075302650188,44.33321341152849],[-64.70627304603313,44.1293216573781],[-64.64902969886516,44.057365022856615],[-64.75465866615032,44.00341375942888],[-64.84202286292766,43.97943838711443],[-64.83514114906048,43.88352163906755],[-64.90763565589641,43.93746908779802],[-64.87052628089641,43.859550081450365],[-64.96812149574016,43.823592745024584],[-65.03088089515423,43.871539674956225],[-64.98755356361126,43.75766714688005],[-65.08738419105266,43.7277103292531],[-65.15293594886516,43.763663850981615],[-65.21965500404094,43.763663850981615],[-65.24873825599407,43.70373877163591],[-65.31887527991985,43.75168188687029],[-65.42829605628704,43.6498180257863],[-65.46712204505657,43.51801642056169],[-65.55764481116985,43.619857393462084],[-65.71257492591594,43.55995138760271],[-65.78162857581829,43.64382132168474],[-65.93871780921673,43.859550081450365],[-66.00088974525188,43.75168188687029],[-66.18949600745891,44.14130743618669],[-65.98447891761516,44.48919256802263],[-65.85662552406048,44.561183534819506],[-65.84080215980266,44.61519583340349],[-65.99815079261516,44.561183534819506],[-66.1590242057011,44.44119223232927],[-66.19296738197063,44.48919256802263],[-65.77702805091594,44.717216097075365],[-65.72095963050579,44.651202760893725],[-65.63328262855266,44.69321020718279],[-65.74931808997844,44.74122198696794],[-65.25312515784954,44.97534903164568],[-64.75375839759563,45.22821768398943],[-64.45788284827923,45.39089163418474],[-64.30675980140423,45.34870489712419],[-64.33691879798626,45.15595205898943],[-64.25649735023235,45.18003424282732],[-64.14059540321087,45.05359228726091],[-64.16034790565227,45.143905245024584],[-64.16806503822063,45.22220190640154],[-63.88350388099407,45.31858023281755],[-63.55487152625774,45.3788333761281],[-63.4684838919804,45.34870489712419],[-63.37751099158977,45.38486059780779],[-63.44608017493938,45.4270397054738],[-63.73991486121868,45.45114477749529],[-64.00769897987102,45.4270397054738],[-64.19676300574993,45.45114477749529],[-64.55859848548626,45.45717581387224],[-64.69618698646282,45.445113741118334],[-64.80934616615032,45.40896566982927],[-64.92009445716594,45.36678274746599],[-64.90547653724407,45.46319922085466],[-64.39771744300579,45.71641119595232],[-64.37321945716594,45.80688818569841],[-64.25983139564251,45.84308966274919],[-64.28317734290813,45.92151602383318],[-64.51857468177532,45.794826112944506],[-64.47478958656048,45.8551517355031],[-64.70088669349407,46.08447607632341],[-64.56178757240032,45.88531836147966],[-64.72378250648235,45.66816671963396],[-64.87137314368938,45.66213949795427],[-65.75974747230266,45.2944827901906],[-65.88757034827923,45.2583385335988],[-66.05067917396282,45.34870489712419],[-66.15251633216594,45.3788333761281],[-66.04915329505657,45.28846319790544],[-66.4035310416386,45.107780061919115],[-66.50201126624798,45.18606527920427],[-66.96033188392376,45.21015509243669],[-67.01594254066204,45.143905245024584],[-67.1867570548222,45.252318941313646],[-67.02982040931438,45.02951391812029],[-67.15028091956829,44.90330847378435],[-67.01581284095501,44.921310030180834],[-66.93893906165813,44.87928732510271],[-67.16887375404094,44.71121557827654],[-67.39777847816204,44.66920050259294],[-67.53166672279094,44.723224245268725],[-67.53729721595501,44.60919531460466],[-67.59958359290813,44.57918509121599],[-67.63406082679485,44.62720068569841],[-67.73820969154094,44.66320379849138],[-67.86269089271282,44.6031871664113],[-67.9080476432011,44.47718771572771],[-67.98495956947063,44.48318823452654],[-68.05237289954876,44.41119726772966],[-68.13103958656048,44.567191683012865],[-68.46655746986126,44.44119223232927],[-68.55826279212688,44.48318823452654],[-68.50434586097454,44.297233186919115],[-68.8040666251347,44.39320334072771],[-68.7145890860722,44.60919531460466],[-68.78166672279094,44.62720068569841],[-68.94546219398235,44.39320334072771],[-69.09474655677532,44.14130743618669],[-69.2488679557011,43.991420351225756],[-69.39454361488079,44.09333380337419],[-69.5065812735722,43.89551123257341],[-69.66226669837688,43.93148001309099],[-69.6075105338261,44.069354616362475],[-69.75374313880657,43.95544775601091],[-69.67974564124798,43.88352163906755],[-69.82613083411907,43.75168188687029],[-69.96925064613079,43.81159552212419],[-69.92203995277141,43.91349371548357],[-70.21647354652141,43.799621187407396],[-70.18727585365032,43.63783224697771],[-70.3058747916386,43.619857393462084],[-70.37820908118938,43.452132784087084],[-70.53632828284954,43.40421637173357],[-70.68628403236126,43.09885748501482],[-70.86807724525188,42.871425234038256],[-70.79017349769329,42.80560644741716],[-70.75944992591594,42.70988043423357],[-70.68365952064251,42.6859508382863],[-70.64629074622844,42.721847139555834],[-70.57024094154094,42.715865694243334],[-70.62524124671673,42.6500621664113],[-70.87147995521282,42.602218233305834],[-70.84754654456829,42.560348116118334],[-71.02380081702923,42.42878683682146],[-71.05438705970501,42.35703238125505],[-70.90261551429485,42.34508093472185],[-70.77592941810344,42.303222261626146],[-70.50623032142376,41.98645743008318],[-70.48158737708782,41.80722387905779],[-70.3020906119511,41.75944098110857],[-69.99097916175579,41.866969667632006],[-70.00080582191204,41.95061834927263],[-70.06406113197063,41.9625621664113],[-70.17819687415813,42.08804281826677],[-70.22181412269329,42.105975710112475],[-70.22596451331829,42.135856233794115],[-70.13782211829876,42.135856233794115],[-70.03407761146282,42.076095186430834],[-69.9357804923222,41.914760194975756],[-69.92203995277141,41.72360952969255],[-70.64160629798626,41.592223726469896],[-70.65623184730266,41.765426241118334],[-70.71164413978313,41.79528387661638],[-70.76080795814251,41.693751894194506],[-70.83457657386516,41.67583807583513],[-70.84794327308391,41.634025179106615],[-70.8954744010136,41.68180426235857],[-70.96713730384563,41.562369905669115],[-71.04086777259563,41.544459902007006],[-71.17315384437298,41.526549898344896],[-71.19360062171673,41.67583807583513],[-71.10439774085735,41.825152956206225],[-71.30363937904094,41.77139624233904],[-71.3730134635136,41.83710821743669],[-71.40983292152141,41.72360952969255],[-71.44921585609173,41.42505224819841],[-72.09216019202923,41.36536368008318],[-72.85444351722454,41.29373510952654],[-73.38648697425579,41.13857992764177],[-73.74050613929485,40.97749289150896],[-73.78397079993938,40.88204916592302],[-73.92799850990032,40.85818823452654],[-73.99299332191204,40.78066977139177],[-74.00715347816204,40.79855307217302],[-73.86869522620891,41.13857992764177],[-73.85807510902141,41.18631323452654],[-73.88995834876751,41.17438086147966],[-74.07444473792766,40.72699316616716],[-74.1100740103886,40.762775026518725],[-74.29292770911907,40.63159521694841],[-74.23124110312521,40.5419062014264],[-74.233887,40.535553],[-74.23111,40.542221],[-74.184998,40.631660000000124],[-74.181671,40.63749700000011],[-74.176941,40.641937],[-74.170837,40.642769],[-74.082779,40.651382],[-74.073898,40.649162],[-74.068893,40.645828],[-74.062775,40.639435],[-74.056946,40.624435],[-74.053879,40.615273],[-74.053604,40.604439],[-74.057495,40.599716000000114],[-74.108612,40.559715],[-74.123322,40.549721],[-74.145004,40.538887],[-74.21235141284201,40.51444160521917],[-74.19452377845501,40.48852118130388],[-73.94569107581829,40.44679983730974],[-74.15280624915813,39.76523550625505],[-74.28892227699016,39.57218512173357],[-74.40558334876751,39.61377295132341],[-74.38615891029094,39.50091894741716],[-74.41391464759563,39.41776617642107],[-74.52055832435344,39.352435671049975],[-74.72846695472454,39.12677343960466],[-74.86010452796673,38.99021490688982],[-74.93534561683391,38.97833593960466],[-74.96902176429485,39.0317760335988],[-74.88921066810344,39.1713138448781],[-74.93995377113079,39.25147970791521],[-75.13318344642376,39.245544038969896],[-75.33439346839641,39.399947725493334],[-75.40105911781048,39.423705660063646],[-75.54908463050579,39.66722448940935],[-75.40727707435344,39.78305777188005],[-75.33945938636516,39.892963014799975],[-75.46101090003704,39.839496217924975],[-75.62382217933391,39.67316778774919],[-75.40381332923626,39.293048464018725],[-75.38875290443157,39.132716737944506],[-75.21487900306438,38.87146719570818],[-75.08867355872844,38.841781221587084],[-75.04209610511516,38.4974857198781],[-75.0873689322636,38.390651308257006],[-75.1553849845097,38.2867923605031],[-75.21149918128704,38.29272040005388],[-75.43080612708782,37.99304541226091],[-75.60869308997844,37.63410528774919],[-75.59338089515423,37.61037405605974],[-75.65202042152141,37.55105551357927],[-75.70007034827923,37.607406221587084],[-75.86852737952923,37.281180940825365],[-75.85658737708782,37.22483404751482],[-75.95808121253704,37.207049928862475],[-76.01990219642376,37.32566031094255],[-75.86613937904094,37.714191042143725],[-75.77839371253704,37.84471472378435],[-75.66752335120891,37.8981090414113],[-75.63995834876751,38.004909120757006],[-75.68165298988079,38.03161200161638],[-75.85003372718548,37.978210054594896],[-75.7484025626347,38.150294862944506],[-75.8465242057011,38.132491670805834],[-75.92593094398235,38.174029909331225],[-75.92030808021282,38.26008185024919],[-75.81136032630657,38.277885042387865],[-75.84592911292766,38.42625769253435],[-76.04350754310344,38.29272040005388],[-76.15186783363079,38.38471182461443],[-76.22267624427532,38.36097296353044],[-76.32606216956829,38.53903540249529],[-76.16627213050579,38.61619146938982],[-76.00526138831829,38.639945589262865],[-76.00764938880657,38.66665609951677],[-76.27932449866985,38.809127412993334],[-76.32099625159954,38.73492010708513],[-76.35347458411907,38.73492010708513],[-76.30522629310344,38.880370699126146],[-76.26513382484173,38.88928564663591],[-76.17062851478313,38.8180423605031],[-76.11170670081829,38.84475668545427],[-76.15563675452923,38.945678316313646],[-76.31461044837688,38.975368105132006],[-76.34393784095501,39.02583273525896],[-76.30100723792766,39.076312624174975],[-76.14951798011516,39.067401491362475],[-76.06256577064251,39.19506415005388],[-76.18874832679485,39.174281679350756],[-76.26009079505657,39.20100363369646],[-76.15147110511516,39.36728247280779],[-75.8581208853886,39.4355846273488],[-76.00565811683391,39.46231421108904],[-75.94013687659954,39.64643438931169],[-76.06598373939251,39.604858003813646],[-76.10903641273235,39.545463167387865],[-76.05952164222454,39.50982245083513],[-76.20135971595501,39.423705660063646],[-76.21723648597454,39.52466925259294],[-76.25909134437298,39.50091894741716],[-76.23598953773235,39.399947725493334],[-76.27235123206829,39.361346803862475],[-76.29522415687298,39.43261297817888],[-76.33887955238079,39.46231421108904],[-76.38520523597454,39.275226198393725],[-76.58661362220501,39.31085928555193],[-76.40549942542766,39.08521231289568],[-76.53785416175579,38.785384737212084],[-76.50626846839641,38.67853125210466],[-76.38382431556438,38.4589000570363],[-76.40834518958782,38.39658316250505],[-76.61813828040813,38.53903540249529],[-76.66330429603313,38.63400610562029],[-76.65166183997844,38.54199942227068],[-76.57313248206829,38.44406469937029],[-76.3835343985722,38.33723028774919],[-76.32400986243938,38.10875280972185],[-76.60791489173626,38.28975638027849],[-76.76746079017376,38.29272040005388],[-76.82049271156048,38.42032202358904],[-76.89031693031048,38.44406469937029],[-76.86054703284954,38.33129461880388],[-77.1039704947636,38.47670706387224],[-77.25252243568157,38.4589000570363],[-77.24592300941204,38.58948477383318],[-77.05368515540813,38.73492010708513],[-77.24635788490032,38.69930227871599],[-77.33178421546673,38.488578401762865],[-77.24007126380657,38.38471182461443],[-77.03440567542766,38.363944612700365],[-76.94346329261516,38.25118216152849],[-76.51430222083782,38.11765249844255],[-76.53557297279094,38.07612188931169],[-76.2863664298222,38.001945100981615],[-76.2151765494511,37.942611299712084],[-76.31416031409954,37.73199041958513],[-76.41624161292766,37.70529135342302],[-76.88503738929485,38.067218385893725],[-76.56606003333782,37.702323518950365],[-76.28428360511516,37.62520559902849],[-76.39557358314251,37.58368643398943],[-76.25044724036907,37.54809149380388],[-76.27048203040813,37.5125003683156],[-76.24334427406048,37.485805116850756],[-76.25846573402141,37.373107515532396],[-76.39921280433391,37.45911368008318],[-76.43103500892376,37.42649038906755],[-76.38410660316204,37.331588350493334],[-76.48145767738079,37.32269629116716],[-76.77660843421673,37.57478293057146],[-76.78684708167766,37.5629154073781],[-76.59820267249798,37.349383913237475],[-76.45905014564251,37.27821310635271],[-76.3770646720097,37.29007300015154],[-76.29093643714641,37.195182405669115],[-76.28306290199016,37.0558238851613],[-76.41729446937298,37.029140077788256],[-76.63884445716594,37.26931723232927],[-76.85230728675579,37.35828360195818],[-76.94189163734173,37.28637274380388],[-76.92103287269329,37.26635321255388],[-76.7230119376347,37.201110445219896],[-76.50323959876751,37.029140077788256],[-76.52443405677532,36.9224010335988],[-76.32539841224407,36.93722876187029],[-76.31116959144329,36.99059637661638],[-75.97459122230266,36.93722876187029],[-75.90645309974407,36.765277467924975],[-75.7238435416386,36.21991690273943],[-75.52214523841594,35.858424745757006],[-75.58524796058391,35.89990576382341],[-75.70331284095501,36.05694159146013],[-75.72954269935344,36.116202913481615],[-75.89118668128704,36.64374121304216],[-75.95752426673626,36.76824530239763],[-75.98280045081829,36.62891729946794],[-75.92203232337688,36.62891729946794],[-75.90697952796673,36.54000052090349],[-76.03826614906048,36.569640718657396],[-75.96056839515423,36.4421878683156],[-75.89600082923626,36.397731386382006],[-75.79330917884563,36.13694342251482],[-75.85805985023235,36.16065176602068],[-75.95322891761516,36.33253439541521],[-75.9525041251347,36.231769167143725],[-76.18623825599407,36.3680911886281],[-76.21320053626751,36.341422640044115],[-76.09370132972454,36.20510061855974],[-76.20479294349407,36.151759706694506],[-76.44172379066204,36.24362906094255],[-76.34035965491985,36.151759706694506],[-76.50922104408001,36.05694159146013],[-76.58699509193157,36.0658336507863],[-76.70000168372844,36.16065176602068],[-76.71069046546673,36.258441530424975],[-76.67342087318157,36.32956274624529],[-76.70981308509563,36.35327490444841],[-76.75092789222454,36.2614017355031],[-76.73113724281048,36.15768774624529],[-76.67875381995891,36.06286200161638],[-76.72690292884563,35.99175604458513],[-76.32474991370891,35.982867799956225],[-76.06772324134563,36.04804953213396],[-76.01173874427532,35.97397574063005],[-76.06252762366985,35.88804968472185],[-76.09495255042766,35.72214468594255],[-76.03210159827923,35.692523561674975],[-75.99059769202923,35.80805929775896],[-75.92976090003704,35.97397574063005],[-75.84875198890423,36.02138479824724],[-75.72924515296673,35.882125459868334],[-75.70815750648235,35.74881323452654],[-75.78284164954876,35.63623770352068],[-75.85590836097454,35.64216574307146],[-75.8842439322636,35.68659552212419],[-76.02676102210735,35.47332342739763],[-76.14104935218548,35.38446768398943],[-76.35831924964641,35.40815695400896],[-76.44948288490032,35.4377818929738],[-76.51576706458782,35.467399202544115],[-76.57686325599407,35.57739599819841],[-76.64481064368938,35.57106741543474],[-76.58148666908001,35.4614749776906],[-76.61517807533001,35.455550752837084],[-76.85719772865032,35.511832796294115],[-77.05334946204876,35.57995947476091],[-76.98053452064251,35.49701651211443],[-76.8593644766972,35.48517187710466],[-76.48431870033001,35.33411749478044],[-76.49952408363079,35.280807100493334],[-76.67805954505657,35.21564825649919],[-76.56697556068157,35.212691866118334],[-76.65251633216594,35.100158296782396],[-76.77869888831829,35.03797491665544],[-76.84615036536907,35.03797491665544],[-77.06258102943157,35.206771455962084],[-76.9534577994511,35.0290904867238],[-76.7598771720097,34.95510824795427],[-76.62416550208782,35.03205450649919],[-76.49265762855266,35.02021368618669],[-76.44311234046673,35.11200293179216],[-76.42532059241985,35.03205450649919],[-76.32748886634563,35.01428564663591],[-76.30581375648235,34.97875555630388],[-76.49838730384563,34.8339000570363],[-76.50418564368938,34.795470796782396],[-76.62176224281048,34.76295050259294],[-77.29591843177532,34.66659506436052],[-77.68516251136516,34.26402624722185],[-77.90456863929485,33.99014624233904],[-77.96291824866985,33.93281134243669],[-78.25297918136813,33.888361006521144],[-78.38355728675579,33.86835058804216],[-78.62114426185344,33.810668550688646],[-78.89893814613079,33.70200308438005],[-79.20414444495891,33.45974691982927],[-79.30544754554485,33.26877936001482],[-79.34851547767376,33.10972937222185],[-79.71711441566204,32.7974124776906],[-80.02908035804485,32.62508352871599],[-80.2219133048222,32.53567465420427],[-80.58063980628704,32.496783815581225],[-80.7382707266972,32.235763155180834],[-80.81800552894329,32.14658316250505],[-81.18198105384563,31.640414797026537],[-81.1991977875393,31.591160146625164],[-81.30479141761516,31.28907164211931],[-81.51154800941204,30.72724875088396],[-81.40536972572063,30.072576128203295],[-81.23108383704876,29.65635450955095],[-81.02593704749798,29.26367338772478],[-80.6054582266972,28.56099089260759],[-80.59153010156074,28.49188131613878],[-82.42941475616357,27.826319514252848],[-82.4292878775761,27.826148592192553],[-82.50467392493938,27.92770346279802],[-82.71654984046673,27.744626604277514],[-82.84134384681438,27.838002763945482],[-82.7843904166386,28.09596975918474],[-82.71809860755657,28.436982713896654],[-82.6469621329472,28.906501375395678],[-82.7789201407597,29.109672151762865],[-82.89487930824016,29.185733400542162],[-83.11821457435344,29.242478929716967],[-83.4924211173222,29.68676336880388],[-83.88618179847454,30.04834898586931],[-84.12382217933391,30.124150835234545],[-84.31742569495891,30.091956697661303],[-84.55865189124798,29.957938753325365],[-84.76381393958782,29.79855879421892],[-85.3047761588261,29.66390761013689],[-85.4276017813847,29.7596927511281],[-85.48666855384563,30.038659654814623],[-85.60032364417766,30.15286787625017],[-85.71918198158001,30.203483186919115],[-86.05756851722454,30.23458059902849],[-86.28960892249798,30.367620073515795],[-86.38868423988079,30.47271307583513],[-86.61546036292766,30.410708986479662],[-87.08910843421673,30.359042726714037],[-87.38300797034954,30.441642366606615],[-87.40404984046673,30.30737455959978],[-87.69217392493938,30.26297529812517],[-87.77458664466594,30.262803636748217],[-88.03456589271282,30.67939146633806],[-88.14182755042766,30.3280464040822],[-88.34286972572063,30.38878210659685],[-88.63519760658001,30.38817938442888],[-89.23280808021282,30.406005464751146],[-89.53548142005657,30.208270631987475],[-89.71074387122844,30.18337210293474],[-90.16053482581829,30.390046678740404],[-90.20367142249798,30.38587339993181],[-90.26736923743938,30.37970884915056],[-90.43051621009563,30.142039858061693],[-90.34003922034954,30.038699709135912],[-90.20366379310344,30.038699709135912],[-90.10844131995891,30.038699709135912],[-89.86671921302532,30.131703935820482],[-89.6842927603886,30.09036787625017],[-89.38001724769329,29.873363100249193],[-89.6860017447636,29.705651842314623],[-89.6769685416386,29.591218553740404],[-89.55886551429485,29.432508074004076],[-89.29169937659954,29.36701353665056],[-89.18898483802532,29.269246660429857],[-89.03152939368938,29.11900671597185],[-89.27151962806438,29.057983003813646],[-89.49815079261516,29.095662676054857],[-89.62234970618938,29.2843452322072],[-89.9778947501347,29.406213365752123],[-90.07866379310344,29.501367174345873],[-90.19775864173626,29.526553713042162],[-90.20366379310344,29.517551027495287],[-90.29798599769329,29.37374838467302],[-90.20366379310344,29.30435713406267],[-90.09218308021282,29.222343050200365],[-90.20366379310344,29.14158400173845],[-90.2348298697636,29.11900671597185],[-90.43607803870891,29.325677477080248],[-90.65007492591594,29.239488207060717],[-90.77903458167766,29.10867270107927],[-91.24035355140423,29.320912920195482],[-91.42898270179485,29.54306563015642],[-91.95100876380657,29.832030855376146],[-92.22781082679485,29.80209120388689],[-91.97832962562298,29.625356279570482],[-92.11670395423626,29.54163511868181],[-92.45743471308559,29.565612806653313],[-92.64325424720501,29.57868918057146],[-93.04218765784954,29.692298494536303],[-93.4455232291386,29.767768465239428],[-94.06056996760185,29.69906475045861],[-94.11755719209039,29.69269900006508],[-94.11755719209039,31.93047980661485],[-94.4727546463165,31.922332816382813],[-95.8203078747199,32.71453265402474],[-97.13856646772321,34.47135574600093],[-96.40620058272137,35.6463101014922],[-94.61922782331685,36.09733578518024],[-94.11755719209039,35.87563266465669],[-94.11755719209039,39.73169383481236],[-94.23473573369067,46.72103383947717],[-95.56635546846715,49.996303801904524],[-95.17216406649301,49.96864810359106]],[[-86.2300562,42.61661005],[-86.218954325,42.79856675],[-86.242580175,42.98789905],[-86.326169925,43.2202092],[-86.469723575,43.4954972],[-86.513782,43.68081785],[-86.4583452,43.77617115],[-86.451774525,43.8822567],[-86.494069975,43.9990745],[-86.453372075,44.1299426],[-86.329680825,44.274861],[-86.264746725,44.433338575],[-86.258569775,44.605375325],[-86.21421057500001,44.70385125],[-86.13166912499999,44.72876635],[-86.08427047499998,44.78255895],[-86.072014625,44.86522905],[-86.0017717,44.917198575],[-85.8735417,44.938467525],[-85.7432983,45.0149321],[-85.6110415,45.1465923],[-85.54344105,45.2117508],[-85.54049695,45.2104076],[-85.5360171,45.203949425],[-85.53000150000001,45.192376275],[-85.53486817500001,45.173299775],[-85.55061712499999,45.146719925],[-85.5724825,45.13175695],[-85.6004643,45.12841085],[-85.602242825,45.106771175],[-85.57781807500001,45.066837925],[-85.587324175,44.997604025],[-85.630761125,44.899069475],[-85.6379297,44.82938505],[-85.60882989999999,44.78855075],[-85.56445745,44.823995575],[-85.50481235,44.935719525],[-85.500360425,44.93394425],[-85.55110167500001,44.81866975],[-85.5637776,44.757846725],[-85.53838820000001,44.751475175],[-85.491595825,44.798212975],[-85.423400475,44.898060125],[-85.3826041,45.032860525],[-85.3692067,45.202614175],[-85.25063410000001,45.314089075],[-85.0268863,45.367285225],[-84.95189925,45.408151925],[-85.02567295,45.436689175],[-85.0765,45.4831121],[-85.1043804,45.5474207],[-85.07459807500001,45.612376775],[-84.987153025,45.677980325],[-84.960845175,45.724122975],[-84.995674525,45.750804725],[-84.95857715,45.7604892],[-84.84955305,45.7531764],[-84.784349725,45.77192275],[-84.762967175,45.81672825],[-84.81766185,45.882030525],[-84.94843375,45.967829575],[-85.13649605,46.03209775],[-85.38184874999999,46.07483505],[-85.551247325,46.06161895],[-85.64469177499998,45.99244945],[-85.8375097,45.9542455],[-86.1297011,45.9470071],[-86.29548585,45.90534205],[-86.33486395,45.82925035],[-86.41118492499999,45.771340325],[-86.524448775,45.731611975],[-86.5893745,45.683896625],[-86.6059621,45.628194275],[-86.640246775,45.6198317],[-86.692228525,45.6588089],[-86.678670375,45.701562425],[-86.599572325,45.748092275],[-86.55420154999999,45.800155875],[-86.54255805,45.857753225],[-86.5978461,45.88008845],[-86.7200657,45.86716155],[-86.795588725,45.82601135],[-86.824415175,45.75663785],[-86.8709444,45.708342225],[-86.9351764,45.681124475],[-86.968878475,45.7294092],[-86.972050625,45.8531964],[-86.995176625,45.86378035],[-87.038256475,45.76116105],[-87.1948211,45.569909575],[-87.4648705,45.290025925],[-87.606844675,45.107416025],[-87.620743625,45.022079875],[-87.680654275,44.967635775],[-87.786576625,44.944083725],[-87.876240525,44.878169],[-87.949645975,44.7698916],[-87.99057255,44.67143535],[-87.99902025,44.58280025],[-87.943453575,44.564563325],[-87.823872525,44.616724575],[-87.71822215,44.69514405],[-87.62650245,44.79982175],[-87.543804325,44.862329175],[-87.470127775,44.882666325],[-87.4032883,44.86779635],[-87.3432859,44.81771925],[-87.37118795,44.67563055],[-87.48699445000001,44.44153025],[-87.53671125000001,44.29154],[-87.52033835,44.2256598],[-87.56367522500001,44.129546075],[-87.666721875,44.003198825],[-87.7146093,43.8760743],[-87.7073375,43.7481725],[-87.7557896,43.575430175],[-87.8599656,43.357847325],[-87.9083685,43.19183065],[-87.9009983,43.07738015],[-87.8623457,42.960594525],[-87.7924107,42.841473775],[-87.776588275,42.659959375],[-87.814878425,42.416051325],[-87.783217775,42.2036053],[-87.681606325,42.0226213],[-87.605119975,41.876819625],[-87.553758725,41.766200275],[-87.477093875,41.6853882],[-87.375125425,41.6343834],[-87.224453225,41.634622675],[-87.025077275,41.686106025],[-86.841750875,41.7660239],[-86.674474025,41.8743763],[-86.51782685,42.035098975],[-86.37180935,42.248191925],[-86.27588580000001,42.44202895],[-86.2300562,42.61661005]],[[-84.35523665,45.673846975],[-84.18232252499999,45.599460525],[-84.115050975,45.527823175],[-83.933103275,45.45856795],[-83.636479425,45.39169485],[-83.43090175,45.27498137500001],[-83.31637025,45.108427525],[-83.26047865000001,45.02379425],[-83.26322694999999,45.02108155],[-83.28362185,45.025247925],[-83.32166335,45.036293375],[-83.350038,45.050566425],[-83.3687458,45.068067075],[-83.398025775,45.05883305],[-83.437877925,45.02286435],[-83.421342275,44.97439025],[-83.348418825,44.91341075],[-83.30135795,44.840631025],[-83.28015965,44.756051075],[-83.285912375,44.61882965],[-83.318616125,44.42896675],[-83.3855778,44.3126677],[-83.4867974,44.2699325],[-83.547804975,44.19869865],[-83.568600525,44.09896615],[-83.646453775,44.03385505],[-83.781364725,44.00336535],[-83.8715502,43.920205525],[-83.9170102,43.784375575],[-83.874516475,43.684533725],[-83.744069025,43.620679975],[-83.589906475,43.665117775],[-83.412028825,43.817847125],[-83.34336495,43.8996848],[-83.38391485,43.9106308],[-83.2939638,43.95423715],[-83.0735118,44.03050385],[-82.92073975,44.05725915],[-82.83564765,44.03450305],[-82.7480996,43.961963625],[-82.6580956,43.839640875],[-82.56362055,43.584131425],[-82.46467445,43.195435275],[-82.354409275,43.015389575],[-82.23282502500001,43.043994325],[-82.137971975,43.100364275],[-82.06985012499999,43.184499425],[-81.95983122499999,43.2569172],[-81.807915275,43.3176176],[-81.73869027500001,43.529406],[-81.752156225,43.8922824],[-81.7186113,44.1385907],[-81.6380555,44.2683309],[-81.516713675,44.404199475],[-81.35458582500002,44.546196425],[-81.29700267500002,44.7130803],[-81.343964225,44.9048511],[-81.384835925,44.993429675],[-81.419617775,44.978816025],[-81.4722787,45.026538225],[-81.5428187,45.136596275],[-81.6151297,45.197320325],[-81.6892117,45.208710375],[-81.7168497,45.224970275],[-81.6980437,45.246100025],[-81.58923032499999,45.2537905],[-81.390409575,45.2480417],[-81.302271225,45.219479625],[-81.324815275,45.168104275],[-81.308185025,45.09669465],[-81.252380475,45.00525075],[-81.188776625,44.942563675],[-81.117373475,44.908633425],[-81.051338475,44.907934575],[-80.990671625,44.940467125],[-81.005177925,44.90421835],[-81.094857375,44.79918825],[-81.080714075,44.758051875],[-80.962748025,44.780809225],[-80.913936125,44.735963925],[-80.934278375,44.623515975],[-80.907242225,44.6015349],[-80.832827675,44.6700207],[-80.7582998,44.7086624],[-80.6836586,44.71746],[-80.63256064999999,44.692910575],[-80.60500595,44.635014125],[-80.46892525,44.5722467],[-80.22431855,44.5046083],[-80.07131275,44.520006125],[-80.00990785,44.618440175],[-80.01539084999999,44.703100725],[-80.08776175,44.773987775],[-80.080765875,44.8238307],[-79.99440322499999,44.8526295],[-79.950714925,44.8417129],[-79.949700975,44.7910809],[-79.946659175,44.767006075],[-79.94158952500001,44.769488425],[-79.937306775,44.78012285],[-79.933810925,44.79890935],[-79.92033575,44.80930895],[-79.89688125,44.81132165],[-79.886527225,44.797264675],[-79.889273675,44.767138025],[-79.831520925,44.747810025],[-79.713268975,44.739280675],[-79.6713068,44.749804575],[-79.7056344,44.779381725],[-79.7108719,44.799315975],[-79.6870193,44.809607325],[-79.675348075,44.83211125],[-79.675858225,44.86682775],[-79.693740675,44.882016375],[-79.728995425,44.877677125],[-79.743583475,44.871175275],[-79.737504825,44.862510825],[-79.726172075,44.85277045],[-79.70958522500001,44.84195415],[-79.7026564,44.836658975],[-79.7053856,44.836884925],[-79.70074775,44.83491705],[-79.68874285,44.83075535],[-79.69553785,44.82628065],[-79.72113275000001,44.82149295],[-79.7333226,44.812243275],[-79.7321074,44.798531625],[-79.7468371,44.796441825],[-79.7775117,44.805973875],[-79.799131025,44.8410799],[-79.81169507499999,44.9017599],[-79.85134614999998,44.9436775],[-79.91808425,44.9668327],[-79.932333725,44.988493425],[-79.894094575,45.008659675],[-79.930695825,45.0354616],[-80.042137475,45.0688992],[-80.054277625,45.09044245],[-79.967116275,45.10009135],[-79.978024075,45.1289717],[-80.087001025,45.1770835],[-80.112704475,45.238392075],[-80.055134425,45.312897425],[-80.0504299,45.3653246],[-80.0985909,45.3956736],[-80.1518711,45.4077494],[-80.2102705,45.401552],[-80.22168385,45.382070425],[-80.18611114999999,45.349304675],[-80.20142915,45.338852325],[-80.26763785,45.350713375],[-80.296662425,45.37337705],[-80.288502875,45.40684335],[-80.3126309,45.432946275],[-80.3690465,45.451685825],[-80.3831289,45.486068275],[-80.3548781,45.536093625],[-80.359631175,45.57718735],[-80.397388125,45.60934945],[-80.44081605,45.609930825],[-80.48991494999999,45.578931475],[-80.50892669999999,45.5782901],[-80.4978513,45.6080067],[-80.533433,45.6501858],[-80.6156718,45.7048274],[-80.6490978,45.740476075],[-80.633711,45.757131825],[-80.5945132,45.767651525],[-80.5315044,45.772035175],[-80.54088115,45.77471645],[-80.62264345,45.77569535],[-80.678861425,45.7909313],[-80.709535075,45.8204243],[-80.713258025,45.83452335],[-80.690030275,45.83322845],[-80.66116005,45.84027],[-80.62664735,45.855648],[-80.612727325,45.8642777],[-80.619399975,45.8661591],[-80.63741715,45.860661525],[-80.66677885,45.847784975],[-80.693524925,45.844339675],[-80.717655375,45.850325625],[-80.73147524999999,45.861657825],[-80.73498455,45.878336275],[-80.72790907500001,45.886109675],[-80.710248825,45.884978025],[-80.687216025,45.88539865],[-80.65881067500001,45.88737155],[-80.644909675,45.888640775],[-80.645513025,45.889206325],[-80.651302125,45.889653],[-80.662276975,45.8899808],[-80.677323225,45.8893567],[-80.696440875,45.8877807],[-80.715186075,45.8886757],[-80.733558825,45.8920417],[-80.74616305,45.912729425],[-80.75299874999999,45.950738875],[-80.75785364999999,45.96987385],[-80.76072775,45.97013435],[-80.768753025,45.952485975],[-80.781929475,45.916928725],[-80.79036975,45.902407925],[-80.79407385,45.908923575],[-80.796466025,45.907814125],[-80.797546275,45.899079575],[-80.79980485,45.896566825],[-80.80324175,45.900275875],[-80.8035673,45.904939725],[-80.8007815,45.910558375],[-80.80107025,45.912860125],[-80.80443355,45.911844975],[-80.80254385,45.919445975],[-80.79540115,45.935663125],[-80.7969135,45.947459325],[-80.8070809,45.954834575],[-80.908461725,45.951372075],[-81.101055975,45.937071825],[-81.186707075,45.94782605],[-81.165415025,45.98363475],[-81.186332725,45.98870865],[-81.249460175,45.96304775],[-81.309782225,45.95766965],[-81.367298875,45.97257435],[-81.3556446,45.983172575],[-81.27481940000001,45.989464325],[-81.23790345,45.99365955],[-81.24489675,45.99575825],[-81.276734575,45.99709435],[-81.333416925,45.99766785],[-81.37245067500001,45.995747575],[-81.393835825,45.991333525],[-81.409087075,45.990811075],[-81.418204425,45.994180225],[-81.44214485,45.988863],[-81.48090835,45.9748594],[-81.50382365,45.978424725],[-81.51089075,45.999558975],[-81.55436235,45.992581275],[-81.63423845,45.957491625],[-81.678107025,45.942147975],[-81.685968075,45.946550325],[-81.6564835,45.9613081],[-81.5896533,45.9864213],[-81.58502935,46.00163315],[-81.64261165,46.00694365],[-81.6221943,46.019105025],[-81.5237773,46.038117275],[-81.475856325,46.0483237],[-81.478431375,46.0497243],[-81.518906725,46.043655025],[-81.597282375,46.030115875],[-81.6470998,46.01967495],[-81.668359,46.01233225],[-81.688649725,46.0084685],[-81.707971975,46.0080837],[-81.6712267,46.020930325],[-81.5784139,46.047008375],[-81.56448985,46.0736905],[-81.62945455,46.1009767],[-81.698943875,46.0790417],[-81.772957825,46.0078855],[-81.84686627500001,45.990794825],[-81.920669225,46.027769675],[-81.912216175,46.03886625],[-81.82150712500001,46.02408455],[-81.780199475,46.028629625],[-81.788293225,46.052501475],[-81.77496485,46.075574175],[-81.74021435,46.097847725],[-81.968425975,46.123501975],[-82.459599725,46.152536925],[-82.685570975,46.17766725],[-82.646339725,46.19889295],[-82.743332125,46.19851445],[-82.976548175,46.17653175],[-83.266634675,46.19903885],[-83.613591625,46.26603575],[-83.793586075,46.2570047],[-83.806618025,46.1719457],[-83.829654175,46.136551475],[-83.862694525,46.150822025],[-83.8952645,46.134211425],[-83.9273641,46.086719675],[-83.933854725,46.038954975],[-83.914736375,45.990917325],[-83.92732825,45.9614382],[-83.97163035,45.9505176],[-84.12723735,45.95084145],[-84.39414925,45.96240975],[-84.56266595,45.988413175],[-84.63278745,46.028851725],[-84.694154075,45.984190825],[-84.746765825,45.854430475],[-84.63379335,45.750982525],[-84.35523665,45.673846975]],[[-80.394965325,42.65651],[-80.351683725,42.597929725],[-80.145754575,42.565366375],[-80.05772545,42.547052675],[-80.08759634999998,42.542988625],[-80.40640939999999,42.568706075],[-81.0141646,42.624205025],[-81.439461875,42.5870946],[-81.682301225,42.4573748],[-81.81526980000001,42.358451475],[-81.8383676,42.290324625],[-81.864016975,42.257141275],[-81.89221792500001,42.258901425],[-81.89853385,42.278534275],[-81.88296475000001,42.316039825],[-81.88361905,42.3149617],[-81.90049675,42.2752999],[-82.034100075,42.21937925],[-82.284429025,42.14719975],[-82.4344676,42.06076505],[-82.48421580000002,41.96007515],[-82.53468512500001,41.94027135],[-82.585875575,42.00135365],[-82.68946095000001,42.019112175],[-82.84544125,41.993546925],[-82.9906584,42.00419175],[-83.1251124,42.05104665],[-83.1874467,42.0596484],[-83.1776613,42.029997],[-83.203071125,42.010802475],[-83.263676175,42.002064825],[-83.28378845,41.984564825],[-83.26340794999999,41.958302475],[-83.2809623,41.936954925],[-83.3364515,41.920522175],[-83.392752125,41.859502925],[-83.449864175,41.753897175],[-83.4427679,41.70221965],[-83.3714633,41.70447035],[-83.235110325,41.657918875],[-83.033708975,41.562565225],[-82.907933225,41.533184575],[-82.857783075,41.569776925],[-82.83892985,41.57243475],[-82.85137355,41.54115805],[-82.821069575,41.52824565],[-82.748017925,41.53369755],[-82.797337275,41.5152735],[-82.969027625,41.4729735],[-83.02725485,41.443858875],[-82.97201895,41.427929625],[-82.91121815,41.433931475],[-82.84485245,41.461864425],[-82.73029845,41.452052925],[-82.56755615,41.404496975],[-82.367726425,41.41446995],[-82.130809275,41.48197185],[-81.945160475,41.50875625],[-81.810780025,41.49482315],[-81.627996925,41.55822305],[-81.39681117500001,41.69895595],[-81.04293535,41.83613365],[-80.56636945,41.96975615],[-80.073365375,42.15337705],[-79.563923125,42.38699635],[-79.19838985,42.570673775],[-78.97676555,42.704409325],[-78.874921625,42.8043478],[-78.892858075,42.8704892],[-78.950209025,42.886512925],[-79.046974475,42.852418975],[-79.18252065,42.845607075],[-79.35684755,42.866077225],[-79.63698735,42.853085675],[-80.02294005,42.806632425],[-80.275599375,42.7411072],[-80.394965325,42.65651]],[[-92.239518,46.64635425],[-92.216094,46.64903075],[-92.19846225,46.66292975],[-92.18662275,46.68805125],[-92.16893125,46.69294475],[-92.14538775,46.67761025],[-92.143361975,46.680022525],[-92.162853925,46.700181575],[-92.16961192499998,46.710331825],[-92.163635975,46.710473275],[-92.1568249,46.705590025],[-92.1491787,46.695682075],[-92.13390945,46.705040575],[-92.11101715,46.733665525],[-92.0224605,46.73459225],[-91.86823949999999,46.70782075],[-91.558041775,46.76149155],[-91.09186732500001,46.89560465],[-90.831846925,46.94397755],[-90.777980575,46.90661025],[-90.80056805000001,46.81225345],[-90.89960935,46.66090715],[-90.88440325,46.60398725],[-90.75494975,46.64149375],[-90.71604925,46.67795175],[-90.76770175,46.71336125],[-90.7048047,46.68842465],[-90.5273581,46.60314195],[-90.27661125,46.624989925],[-89.95256415,46.753968575],[-89.698410575,46.824350375],[-89.514150525,46.836135325],[-89.31140975,46.88141175],[-89.09018825000001,46.96017965],[-88.83959390000001,47.09270445],[-88.5596267,47.27898615],[-88.299311325,47.39914135],[-88.058647775,47.45317005],[-87.881221275,47.461654675],[-87.767031825,47.424595225],[-87.771665,47.40142285],[-87.89512079999999,47.39213755],[-88.02495545,47.3402374],[-88.16116895,47.2457224],[-88.282719025,47.142483425],[-88.38960567500001,47.030520475],[-88.45661925000002,46.91968975],[-88.48375975,46.80999125],[-88.4091295,46.80813125],[-88.2327285,46.91410975],[-88.180529725,46.930828425],[-88.252533175,46.858287275],[-88.2824806,46.82388315],[-88.270372,46.82761605],[-88.25046707500002,46.845726575],[-88.22276582500001,46.878214725],[-88.17710462500001,46.90099255],[-88.11348347500001,46.91406005],[-88.015584375,46.913207525],[-87.883407325,46.898434975],[-87.76048219999998,46.8639025],[-87.646809,46.8096101],[-87.532936175,46.71299035],[-87.418863725,46.57404325],[-87.27262622500001,46.51189025],[-87.094223675,46.52653135],[-86.91483559999999,46.502949225],[-86.734462,46.441143875],[-86.522136625,46.47541015],[-86.277859475,46.60574805],[-85.993074,46.6721979],[-85.6677802,46.6747597],[-85.370151325,46.7002476],[-85.100187375,46.7486616],[-84.981769,46.7011677],[-85.0148962,46.5577659],[-84.88764724999999,46.47726075],[-84.60002215,46.45965225],[-84.4921557,46.47500475],[-84.5640479,46.52331825],[-84.5552388,46.5832602],[-84.4657284,46.6548306],[-84.43623995000002,46.708449375],[-84.46677345,46.744116525],[-84.503048625,46.743826525],[-84.545065475,46.707579375],[-84.564842925,46.7213837],[-84.562380975,46.7852395],[-84.521499125,46.817121225],[-84.442197375,46.817028875],[-84.392489675,46.8354436],[-84.372376025,46.8723654],[-84.4145603,46.904277825],[-84.5190425,46.93118087500001],[-84.582415675,46.930705525],[-84.604679825,46.902851775],[-84.65665815,46.910159875],[-84.73835065,46.952629825],[-84.769150725,47.0161366],[-84.749058375,47.1006802],[-84.7004794,47.182284525],[-84.6234138,47.260949575],[-84.697906225,47.37491465],[-84.923956675,47.52417975],[-84.9891703,47.6858392],[-84.8935471,47.859893],[-85.026610175,47.939546825],[-85.388359525,47.924800675],[-85.6452564,47.933711825],[-85.79730079999999,47.966280275],[-85.94119244999999,48.04818745],[-86.07693135,48.17943335],[-86.171410725,48.328433675],[-86.224630575,48.495188425],[-86.295484125,48.6274874],[-86.38397137499999,48.7253306],[-86.480198425,48.7632031],[-86.584165275,48.7411049],[-86.653022675,48.750329925],[-86.686770625,48.790878175],[-86.743666525,48.794568525],[-86.823710375,48.761400975],[-86.88723555,48.763302875],[-86.93424205,48.800274225],[-87.035680275,48.80378885],[-87.191550225,48.77384675],[-87.4621383,48.823827525],[-87.8474445,48.953731175],[-88.09495135,49.0046085],[-88.20465884999999,48.9764595],[-88.251699925,48.9320861],[-88.236074575,48.8714883],[-88.1941112,48.824951325],[-88.1258098,48.792475175],[-88.117601275,48.72961155],[-88.169485625,48.63636045],[-88.2310282,48.6039252],[-88.302229,48.6323058],[-88.3292134,48.626505125],[-88.3119814,48.586523175],[-88.334224575,48.566943325],[-88.395942925,48.567765575],[-88.46017302499999,48.528650625],[-88.52691487500002,48.449598475],[-88.558335475,48.44199715],[-88.55443482500002,48.50584665],[-88.489673525,48.5926154],[-88.364051575,48.7023034],[-88.34417489999998,48.7797561],[-88.43004350000001,48.8249735],[-88.54205005,48.722786825],[-88.68019455000001,48.473196075],[-88.796736125,48.337062475],[-88.89167477499998,48.314386025],[-88.898275975,48.371062425],[-88.81653972499998,48.507091675],[-88.888320825,48.534709325],[-89.113619275,48.453915375],[-89.236031925,48.35894055],[-89.255558775,48.24978485],[-89.344088725,48.148199375],[-89.501621775,48.054184125],[-89.5591541,48.006014575],[-89.5166857,48.003690725],[-89.8158535,47.903401],[-90.4566575,47.7051454],[-91.15034487499999,47.3676057],[-91.896915625,46.8907819],[-92.26545825,46.6505315],[-92.25597275,46.6468545],[-92.239518,46.64635425]],[[-76.13490725,44.054714275],[-76.18199815,44.071776225],[-76.22449455,44.0505053],[-76.26239645,43.9909015],[-76.303485275,43.996902125],[-76.347761025,44.068507175],[-76.281092825,44.14347355],[-76.103480675,44.22180125],[-76.0154337,44.2859399],[-76.0169519,44.3358895],[-76.130829075,44.3272785],[-76.357065225,44.2601069],[-76.46298705000001,44.243476325],[-76.44859455,44.277386775],[-76.5862093,44.23346285],[-76.8758313,44.11170455],[-77.03485635,44.058924425],[-77.06328445000001,44.075122475],[-77.029225675,44.1007872],[-76.932680025,44.1359186],[-76.884787225,44.15882875],[-76.885547275,44.16951765],[-76.89721895000001,44.17485835],[-76.91980224999999,44.17485085],[-76.93157104999999,44.181585625],[-76.93252535,44.195062675],[-76.966712625,44.1776418],[-77.034132875,44.129323],[-77.0371744,44.141380775],[-76.9758372,44.213815125],[-76.950951625,44.24654665],[-76.962517675,44.23957535],[-76.973807075,44.226885625],[-76.984819825,44.208477475],[-77.00181615,44.199459325],[-77.02479605,44.199831175],[-77.07485645,44.189339025],[-77.15199735,44.167982875],[-77.230864975,44.15916715],[-77.31145932499999,44.16289185],[-77.414444175,44.140022125],[-77.53981952500001,44.090557975],[-77.5300751,44.08654465],[-77.3852109,44.12798215],[-77.311789375,44.130016225],[-77.309810525,44.092646875],[-77.248359825,44.098923675],[-77.127437275,44.148846625],[-77.08436087499999,44.132538925],[-77.119130625,44.050000575],[-77.129760075,44.017243475],[-77.116249225,44.034267625],[-77.08042,44.041919975],[-77.0222724,44.040200525],[-76.9557191,44.057128475],[-76.8807601,44.092703825],[-76.895384325,44.062621575],[-76.999591775,43.966881725],[-77.049654025,43.916795075],[-77.045571075,43.912361625],[-77.040965275,43.911047725],[-77.035836625,43.912853375],[-77.02677317499999,43.92093665],[-77.013774925,43.93529755],[-76.970411475,43.940156],[-76.896682825,43.935512],[-76.932752175,43.90971585],[-77.078619525,43.86276755],[-77.17538845,43.84329695],[-77.22305895,43.85130405],[-77.269591325,43.87862835],[-77.314985575,43.92526985],[-77.326994625,43.948620725],[-77.305618475,43.948680975],[-77.3002672,43.9459044],[-77.3109408,43.940291],[-77.30569707500001,43.930771125],[-77.284536025,43.917344775],[-77.266940375,43.9230362],[-77.252910125,43.9478454],[-77.2599168,43.955013225],[-77.2879604,43.944539675],[-77.2992054,43.9411115],[-77.2936518,43.9447287],[-77.290423875,43.94968665],[-77.289521625,43.95598535],[-77.340504275,43.950900375],[-77.443371825,43.934431725],[-77.537468625,43.954212825],[-77.622794675,44.010243675],[-78.02309260000001,43.984726925],[-78.7383624,43.877662575],[-79.152904575,43.772410875],[-79.266719125,43.668971825],[-79.39243535,43.6014026],[-79.53005325,43.5697032],[-79.64690265,43.490836125],[-79.74298355,43.364801375],[-79.793673475,43.30057345],[-79.798972425,43.29815235],[-79.803346325,43.30131965],[-79.806795175,43.31007535],[-79.837723525,43.3037607],[-79.896131375,43.2823757],[-79.89108695,43.269496575],[-79.82259025,43.265123325],[-79.786586125,43.26439345],[-79.783074575,43.26730695],[-79.78568639999999,43.2757676],[-79.7944216,43.2897754],[-79.796695675,43.297869825],[-79.792508625,43.300050875],[-79.68611905,43.2656953],[-79.47752695,43.1948031],[-79.189094475,43.208888425],[-78.820821625,43.307951275],[-78.5033689,43.361989425],[-78.2367363,43.371002875],[-78.0175322,43.36692405],[-77.84575660000002,43.34975295],[-77.699754775,43.299572775],[-77.579526725,43.216383525],[-77.5229563,43.1902009],[-77.5300435,43.2210249],[-77.4854853,43.247488675],[-77.3892817,43.269592225],[-77.237354425,43.26642235],[-77.029703475,43.23797905],[-76.937494,43.2370318],[-76.960726,43.2635806],[-76.935737775,43.27579785],[-76.862529325,43.27368355],[-76.72363225,43.3348378],[-76.51904655,43.4592606],[-76.369271625,43.524730625],[-76.274307475,43.531247875],[-76.20917755,43.564729725],[-76.17388185,43.625176175],[-76.191954675,43.701325725],[-76.263396025,43.793178375],[-76.289048625,43.849810425],[-76.268912475,43.871221875],[-76.245535175,43.87374915],[-76.218916725,43.85739225],[-76.16554335,43.88817495],[-76.08541505,43.96609725],[-76.05104045,44.008025725],[-76.06241955,44.013960375],[-76.0906424,44.00257565],[-76.135709,43.97387155],[-76.168768525,43.961697225],[-76.18982097499999,43.966052675],[-76.17810085,43.987718625],[-76.13360815,44.026695075],[-76.13490725,44.054714275]]],[[[-72.615829,40.90971400000012],[-72.607224,40.907494],[-72.584732,40.906097],[-72.498047,40.904160000000104],[-72.484436,40.90499100000011],[-72.442215,40.917496],[-72.436386,40.919716],[-72.431946,40.923607],[-72.434433,40.928604],[-72.401947,40.964714],[-72.34584,40.999718],[-72.263626,41.01944],[-72.13501,41.035271],[-72.113892,41.007774],[-72.110001,41.003883],[-72.101944,41.002495000000124],[-72.053329,41.016106],[-72.025833,41.029434],[-72.020844,41.032494],[-72.012787,41.041939],[-72.003342,41.049438],[-71.998047,41.05249],[-71.923889,41.08194],[-71.916107,41.082214000000135],[-71.873322,41.078606],[-71.865555,41.07666],[-71.859161,41.073608],[-71.85611,41.06916],[-71.860275,41.064438],[-72.084167,40.981659],[-72.352783,40.887215],[-72.446655,40.855553],[-72.54277,40.825554],[-72.665833,40.794441],[-72.698608,40.789719000000105],[-72.819458,40.76998900000012],[-72.867767,40.756104],[-72.886948,40.773605],[-72.894165,40.77388],[-73.003067,40.754715],[-73.015839,40.75222],[-73.021667,40.75],[-73.095276,40.730545],[-73.140289,40.71888000000013],[-73.438599,40.665825],[-73.561111,40.645271],[-73.652786,40.619987],[-73.593338,40.607216],[-73.585831,40.604713],[-73.579727,40.601662],[-73.576675,40.597488],[-73.582779,40.5961],[-73.618057,40.594437],[-73.65361,40.59388],[-73.797226,40.592216],[-73.852936,40.578106],[-73.914085,40.563152000000116],[-73.929047,40.56422],[-73.933052,40.56715800000012],[-73.929314,40.571964],[-73.857742,40.584515],[-73.831032,40.597603],[-73.791779,40.608772],[-73.77478,40.614941],[-73.771454,40.616272],[-73.771118,40.619602],[-73.771286,40.626102],[-73.771782,40.629272],[-73.767502,40.641663],[-73.773895,40.644714],[-73.812775,40.65665400000012],[-73.828888,40.65915700000011],[-73.843887,40.659714],[-73.850555,40.65915700000011],[-73.868881,40.654434],[-73.899734,40.635826],[-73.887787,40.6188810000001],[-73.883621,40.61499800000013],[-73.875,40.613052],[-73.871933,40.608604],[-73.875549,40.60305000000011],[-73.88028,40.599998],[-73.888062,40.598045],[-73.939987,40.585548],[-73.946655,40.584991],[-74.001114,40.58055100000013],[-74.007782,40.58027600000014],[-74.032501,40.625824],[-74.035004,40.635826],[-74.033066,40.647491000000116],[-74.029999,40.653877],[-74.026108,40.6586],[-74.005005,40.679993],[-74.003891,40.69110100000012],[-74.001114,40.697769],[-73.979881,40.707226],[-73.96595,40.721527],[-73.939987,40.773048],[-73.922501,40.789719000000105],[-73.911392,40.794998],[-73.835556,40.804993],[-73.731674,40.851662],[-73.623047,40.90638000000013],[-73.612213,40.9116590000001],[-73.589447,40.92054700000011],[-73.490555,40.934158],[-73.354172,40.92582700000014],[-73.226669,40.91054500000013],[-73.207779,40.914711],[-73.189987,40.920273],[-73.155563,40.93499],[-73.146393,40.942764],[-73.144165,40.94860100000011],[-73.144455,40.95388],[-73.146118,40.95916],[-73.037216,40.9685970000001],[-72.893616,40.96998600000012],[-72.781387,40.965546],[-72.765564,40.963608000000136],[-72.751114,40.963882],[-72.647232,40.979713],[-72.628052,40.98360400000013],[-72.616104,40.98860200000013],[-72.611115,40.991661],[-72.577499,41.015549],[-72.527946,41.045216],[-72.453064,41.088882000000126],[-72.35083,41.140831],[-72.285278,41.161934],[-72.246109,41.16360500000013],[-72.239716,41.160545],[-72.238892,41.155266],[-72.241943,41.14888],[-72.253067,41.133049],[-72.262222,41.125267],[-72.27861,41.117210000000114],[-72.285004,41.115829],[-72.288895,41.119713],[-72.289444,41.124992],[-72.388336,41.084991],[-72.617767,40.92305],[-72.621658,40.918327],[-72.621109,40.91304800000012],[-72.615829,40.90971400000012]]]]}},{"type":"Feature","properties":{"NAME":"Britany","ABBREVN":"Britany","INFO_UR":null,"SUBJECTO":"Britany","BORDERPRECISION":1,"PARTOF":"Britany"},"geometry":{"type":"MultiPolygon","coordinates":[[[[-1.999109269065851,48.67695685862887],[-1.75196905427781,48.17821145459153],[-2.010361521016347,47.745650369834415],[-2.575529757440609,47.32396831560688],[-2.576483931931275,47.324866853669924],[-2.465543475540894,47.49438437075977],[-2.613652196320313,47.572249971345705],[-2.842474189194458,47.49190481753711],[-3.062696423920411,47.60393866153125],[-3.433526244553345,47.71681173892383],[-3.711868014725464,47.79814871402149],[-3.858102050217408,47.79180868716602],[-3.954837766083497,47.90433844180469],[-4.364373650940674,47.82931097598438],[-4.390935388001221,47.94184836001758],[-4.510127511414307,47.99813040347461],[-4.675397363098877,48.01689489932422],[-4.700306382569092,48.06380423159961],[-4.312866177948731,48.10133322329883],[-4.350984063538331,48.204566560701174],[-4.587968316468018,48.25149496646289],[-4.388901677521485,48.298438631013674],[-4.350201573761719,48.390506349519534],[-4.473793950470704,48.382937990144534],[-4.592021432312745,48.392318330720705],[-4.779634442719239,48.354774080232424],[-4.761963334473389,48.55200155825977],[-4.625704255493897,48.546668611482424],[-4.488299336823243,48.61226614566211],[-4.251477208527344,48.65191229434375],[-3.998872962387818,48.73053701968555],[-3.902217355164307,48.64596136660938],[-3.821306434067505,48.721149049714846],[-3.607873406800049,48.692950807527346],[-3.557670083435791,48.810077272371096],[-3.435057845505494,48.83645971866016],[-3.091225352677125,48.87155111880664],[-2.914459433945435,48.70678671450977],[-2.79053541699292,48.58958014102344],[-2.636378016861695,48.55200155825977],[-2.342885461243409,48.67414816470508],[-2.200072136315125,48.598983369783205],[-2.07596763649823,48.65615805240039],[-1.999109269065851,48.67695685862887]]]]}},{"type":"Feature","properties":{"NAME":"Bantou","ABBREVN":"Bantou","INFO_UR":null,"SUBJECTO":"Bantou","BORDERPRECISION":1,"PARTOF":"Bantou"},"geometry":{"type":"MultiPolygon","coordinates":[[[[40.392519983752024,-11.548167623322584],[40.450381311877024,-11.872153676789381],[40.44549086998249,-12.081891454499342],[40.52701857994343,-12.583784498017408],[40.48177245567585,-12.844442762177565],[40.36584380577351,-12.990858472626783],[40.53394225548054,-13.30826608065901],[40.60333159874226,-13.530550397675611],[40.6008634896114,-14.032622731965162],[40.59920791099812,-14.401239789765455],[40.61833480308796,-14.483810819428541],[40.701338800890696,-14.540838636201002],[40.848616632921946,-14.578646100800611],[40.85543731163288,-14.699382222931959],[40.7810392708614,-14.921983159821608],[40.527442011339915,-15.183100141327955],[40.61015990684773,-15.35451737765608],[40.57406905601765,-15.481702245514967],[40.38579848716999,-15.73632661227522],[40.025157007677805,-16.143841184418775],[39.795062098009836,-16.423971570771315],[39.471255335314524,-16.717016614716627],[38.85896972130085,-17.055155195038893],[38.19267562340046,-17.348934568207838],[37.863894495470774,-17.451328672211744],[37.27531722496296,-17.713161863129713],[36.89233306358601,-17.99996987704573],[36.31359008262898,-18.649462140839674],[35.91478255699421,-19.031639493744947],[35.377886805041086,-19.426824964326002],[34.84678939293171,-19.802927411835768],[34.72620299766804,-19.860380567353346],[34.719489671813776,-20.042782596759878],[33.39528638537139,-20.02211158283374],[33.39528638537139,-19.173206938100336],[32.68959587158015,-18.643939052756906],[31.278214843997674,-18.643939052756906],[29.6904111879674,-18.820361681204712],[28.63187541728054,-19.87889745189157],[28.61662685468665,-19.947515983564067],[12.905971244193594,-19.70227026922537],[12.52433207939411,-19.062439359467604],[12.079512629015692,-18.49144021395979],[11.849736246569403,-18.021673597138502],[11.794679674608954,-17.843861020844557],[11.774609598620184,-17.59605256442366],[11.781281504137763,-17.3360160959178],[11.80262568901325,-16.522013105195143],[11.795175585253485,-16.15980759982405],[11.782002481920966,-15.867509282868483],[11.96069911430622,-15.714616216462233],[12.060033831103095,-15.593660749238111],[12.177230867846259,-15.275659002106764],[12.25060275505329,-14.945055402558424],[12.300918963094107,-14.560185316377684],[12.33287528465534,-14.315750516694166],[12.440729174120673,-13.877037442963697],[12.585389170153388,-13.463659681122877],[12.848094019396552,-13.164415754120924],[12.930457148058661,-12.910041250031568],[13.050743135912665,-12.750912107270338],[13.338574442370184,-12.648617185395338],[13.459035906298407,-12.50220147494612],[13.649036440356024,-12.196759618561842],[13.813229593737372,-11.656247533600904],[13.837068590624579,-11.357520498078443],[13.816288980944403,-10.976270116608717],[13.729883226855048,-10.544334806244947],[13.639446291430243,-10.30304089907942],[13.418027910692938,-9.985778249543287],[13.203851732714423,-9.636731542389967],[13.083758387072333,-9.287485517304518],[13.14586356590534,-9.064934171479322],[13.36017135093952,-8.892893232148268],[13.431432756884345,-8.82282964114485],[13.479528460009345,-8.63209191684065],[13.476829561693915,-8.416032232087233],[13.387093576891669,-8.15567819003401],[13.167040857775458,-7.844777501862623],[13.023100691952575,-7.605400401961766],[12.968592676623114,-7.514751828950025],[12.877001795275458,-7.051051534455397],[12.795710596544989,-6.860588945191481],[12.671483072741278,-6.695635236542799],[12.371690783007391,-6.257806695740797],[12.339376482470282,-6.189817823212721],[12.194246324999579,-5.775236047547438],[12.19966224144245,-5.751352704804518],[12.263479265673407,-5.470049299042799],[12.226512941820868,-5.362102903168775],[11.999688181383856,-5.004106916230299],[11.949000391466864,-4.924229062836744],[11.772603067858466,-4.536981023591139],[11.151153597338446,-3.932286657136061],[11.134011301501044,-3.915594733994581],[10.880460772021063,-3.693730272095777],[10.641218218310126,-3.446424878876783],[10.524656328661688,-3.23696366671858],[9.931443247301825,-2.710815109055616],[10.060082468493231,-2.570729650300123],[9.893924746020087,-2.443995393555738],[9.656445536120184,-2.419099487107374],[9.24319079826618,-1.771810568612196],[9.415137323839911,-1.637990154069044],[9.465267214281806,-1.593399680893995],[9.320650133593329,-1.415781296532728],[9.111855539782294,-1.352692641060926],[8.981377634508856,-1.098785198968031],[8.815209421618231,-0.895802534859754],[8.958716425402411,-0.819237269204237],[9.202508005602606,-0.634416438382246],[9.302547487719306,-0.456271923821546],[9.43366054008747,-0.016971982758619],[9.473350557787665,0.116013907153032],[9.660363230211981,0.084639795381449],[9.883252176745184,0.078766025859736],[9.854229006273993,0.17403309817972],[9.602188143236884,0.332348339516543],[9.350058588488348,0.535152577120684],[9.443478617174872,0.554414831358812],[9.565582308275946,0.611869775015734],[9.628979715807684,0.889529608446978],[9.64398482750202,0.955186568457506],[9.622189554674872,1.088586412627123],[9.557406458361395,1.126579128462694],[9.370391878588446,1.170653425413988],[9.499513658983954,1.380638681609057],[9.700561556322821,1.616188131529711],[9.851344141466864,1.87705787296953],[9.881230387194403,2.058266245085619],[9.894341501696356,2.137687526900194],[9.800771746142157,2.378959022719286],[9.923090013964423,2.824045501906298],[9.851335558398016,3.147975765425585],[9.765205416186102,3.382905565459154],[9.585654291613348,3.674833141524218],[9.780175241930731,3.853175722319506],[9.650894197924384,4.018121801573656],[9.542992624743231,4.043305479246996],[9.2838936180904,4.017317854124926],[9.032190355761298,4.137507520872973],[8.95325282524372,4.283495985228441],[8.924869570238837,4.524912439543627],[8.874658617480048,4.620119177061937],[8.63722613762165,4.683152281004809],[8.591811213000067,4.712041460234545],[8.50779155205036,4.765486799437426],[8.407044443590888,4.784328066069506],[8.327965769274481,4.841343008238695],[8.262993845446356,4.745887361723803],[8.327561411364325,4.61258467312517],[8.298690828783759,4.555330358702562],[8.140204462511786,4.466023527342699],[7.888258966906317,4.452766023833178],[7.449147734148749,4.407335840422533],[7.175744089586981,4.527480684477709],[7.046161207659491,4.508142076689623],[6.92367986152912,4.342650972563646],[6.844479593737372,4.291642271239184],[6.650170359118231,4.322995744902514],[6.08877995918537,4.328133188444994],[5.851289782030829,4.42929085369768],[5.606589827044257,4.632113062102221],[5.419493708117255,4.955793939787767],[5.333021196825751,5.247909151274584],[5.354585680468329,5.362343393523119],[5.359488992633966,5.368345627897537],[12.604745687300603,7.731968465838291],[22.224511080969368,6.196195772852339],[33.92968016137751,2.843586349070006],[34.405956738036096,2.490461302647428],[43.41489377502695,2.514787056134711],[39.41664348918111,-1.375006425969531],[37.732183923185076,-4.575479601362019],[38.23752179298391,-9.291966386150964],[39.24819753258153,-11.144871908746616],[40.40044310997273,-11.230388082306959],[40.311343225939524,-11.344973005097486],[40.392519983752024,-11.548167623322584]]]]}},{"type":"Feature","properties":{"NAME":"Emirate of Sicily","ABBREVN":"Emirate of Sicily","INFO_UR":null,"SUBJECTO":"Emirate of Sicily","BORDERPRECISION":1,"PARTOF":"Emirate of Sicily"},"geometry":{"type":"MultiPolygon","coordinates":[[[[12.51664451072956,37.91916998501482],[12.66432574699665,38.07249792690935],[12.78283980797077,38.11737784023943],[13.065952333910712,38.0669322835988],[13.32247546623493,38.220511995512865],[13.627963098986395,38.02980764980974],[13.809530291064032,37.966415010649584],[14.134472879870184,37.97345312710466],[14.765865358813056,38.05761297817888],[15.386741671068915,38.20554693813982],[15.453687700732,38.16741522427263],[15.47289279411579,38.11005743618669],[15.422523531420477,38.05257376309099],[15.181032213671454,37.68228109951677],[15.112180742724188,37.4590335714406],[15.116248163683661,37.286944948393725],[15.30134681175495,37.0578990804738],[15.22063163231159,37.00037726040544],[15.027343782885321,36.745116792876146],[14.942398104174384,36.7385631429738],[14.6220226616695,36.776141725737475],[14.215912851794013,37.04932364102068],[13.868404421313056,37.15695150967302],[13.011567148669013,37.524894319731615],[12.636879000170477,37.581500612456225],[12.53203586052204,37.638671480376146],[12.454147371752509,37.766009889799975],[12.51664451072956,37.91916998501482]]]]}},{"type":"Feature","properties":{"NAME":null,"ABBREVN":null,"INFO_UR":null,"SUBJECTO":null,"BORDERPRECISION":1,"PARTOF":null},"geometry":{"type":"MultiPolygon","coordinates":[[[[90,75.55852850552263],[90,75.60154303188982],[91.63467696617393,75.65272863979997],[90.88617232750202,75.60154303188982],[90.03131392906452,75.55852850552263],[89.79632857750205,75.52443274136247],[90,75.55852850552263]]]]}},{"type":"Feature","properties":{"NAME":null,"ABBREVN":null,"INFO_UR":null,"SUBJECTO":null,"BORDERPRECISION":1,"PARTOF":null},"geometry":{"type":"MultiPolygon","coordinates":[[[[54.66363051841999,73.4719959127492],[54.47870543907429,73.51936682339372],[54.01755050133015,73.73358496304216],[54.34921554039265,73.86993750210466],[54.8935766548946,74.06292303677263],[55.18793395469929,74.10351904507341],[55.88524154136921,74.1048084127492],[55.945574793322336,74.26536139126482],[55.618506464464915,74.41746100063982],[55.775942835314524,74.53853186245622],[55.96450332115437,74.60336645718279],[56.268755945666086,74.61199530239763],[56.65202620933796,74.69341620083513],[56.53924086998249,74.76588781948747],[56.30263808677937,74.87056311245622],[56.994978937609446,75.27312811489763],[57.22605422447468,75.33131750698747],[57.32729628990437,75.29848059292497],[57.72869780967976,75.29101141567888],[58.17005828331257,75.5315662252492],[58.55853179405476,75.68162878628435],[59.01763060997273,75.79893072720232],[59.45592788170124,75.8664050924367],[60.042971643908274,75.91752203579607],[60.61674025963093,75.89358862515154],[60.948985132677805,75.96097906704607],[61.302588495714915,76.23785742397966],[61.42554381798054,76.2296863424367],[61.8187475533321,76.28919561978044],[62.5932951302364,76.16482885952654],[62.80526641319538,76.18198736782732],[63.67331984947468,76.32630499478044],[64.10461715172077,76.34393652554216],[65.08725264976765,76.45518835659685],[65.9260588021114,76.50735815640154],[66.27326491783406,76.7615238058156],[66.44234755943562,76.82964666958513],[67.5722990364864,76.89120825405779],[68.45671370933796,76.92682226772966],[68.66830733726765,76.86778601284685],[68.86719039390827,76.76642187710466],[68.93684676597859,76.60583838101091],[68.57145980308796,76.39442022915544],[68.32831862877156,76.31829413052263],[67.72246840904499,76.17451819058122],[66.54819014976765,75.97989233608904],[64.6004743904903,75.759547792632],[63.61646941612507,75.633082948882],[62.66149428795124,75.49864538784685],[61.83259490440632,75.3565173971242],[60.88701919029499,75.24749334927263],[60.463328394396555,75.15610846157732],[60.333655390246165,75.03255804653826],[60.62335112999226,74.93528326626482],[60.43352034996296,74.8377948629445],[60.008772882921946,74.67541082974138],[59.77162078331257,74.65884741421404],[58.85056594322468,74.68941839810076],[58.6564054817989,74.60839422817888],[58.60250380943562,74.50352057095232],[58.88194564293171,74.39136084194841],[58.73313430259968,74.28661688442888],[58.19052413414265,74.08507879849138],[58.009348902209055,74.14886816616716],[57.67119887779499,74.18831213589372],[57.404734644396555,74.05159338589372],[57.79941848228718,73.92428930874529],[57.82281402061726,73.78055151577654],[57.330393824084055,73.48490484829607],[56.96043685386921,73.35708960171404],[56.6950903267696,73.42014654751482],[56.26495269249226,73.51473578091326],[55.75743392418171,73.57743414517107],[55.424868616564524,73.55293615933122],[54.99362472008015,73.53622778530779],[54.66363051841999,73.4719959127492]]]]}},{"type":"Feature","properties":{"NAME":null,"ABBREVN":null,"INFO_UR":null,"SUBJECTO":null,"BORDERPRECISION":1,"PARTOF":null},"geometry":{"type":"MultiPolygon","coordinates":[[[[55.18068984459187,73.26649817104997],[55.81617644737507,73.30733831997576],[56.06405929039265,73.27609594937029],[56.508502039416086,73.17386969204607],[56.480105432970774,73.09462317104997],[56.27160552452351,72.85721167202654],[56.1358976692989,72.78598364468279],[55.822093042834055,72.75388678188982],[55.62266829918171,72.65114172573747],[55.51757720421101,72.47799261685076],[55.52035811851765,72.10975226040544],[55.72066405723835,71.64242132778826],[56.151465448839915,71.27099188442888],[56.378794702990305,71.13226660366716],[56.727488550646555,70.9939685689992],[57.25065902183796,70.8177982198781],[57.23775390098835,70.69104345913591],[56.05858519981648,70.73096808071794],[55.67880156944538,70.70719488735857],[55.266253504259836,70.56052740688982],[54.998293909533274,70.52167090054216],[54.69406035850788,70.74377020474138],[54.52245238731648,70.75885351772966],[54.03161147545124,70.71947821255388],[53.72863677452351,70.7650638448781],[53.714697870714915,70.92670019741716],[54.320654901964915,71.08981665249529],[54.35347655723835,71.198024355132],[54.30786803673054,71.20566137905779],[53.88306334923054,71.32867010708513],[53.2337980599239,71.51353796597185],[52.55046752403523,71.5898929464406],[52.40185073326374,71.5197254049367],[52.12104705284382,71.46488531704607],[51.81493667076374,71.47981604214372],[51.53354171226765,71.65794714565935],[51.482134851916086,71.8446765768117],[51.58508971641804,71.98524817104997],[51.76045897911335,72.0792957174367],[51.91487792442585,72.09522589321794],[52.05825713585163,72.04857977505388],[52.35105422447468,72.0413318502492],[52.58397963951374,72.1277347433156],[53.088538202746165,72.47346838589372],[53.19784835289265,72.63089331265154],[53.05286315391804,72.63060339565935],[52.61114028404499,72.74000128384294],[53.07971862266804,72.906520448882],[53.30976012657429,73.041286073882],[53.502303156359446,73.13657721157732],[54.14409163902546,73.14571722622576],[54.736163172228586,73.2577167379445],[55.18068984459187,73.26649817104997]]]]}},{"type":"Feature","properties":{"NAME":"Suomi","ABBREVN":"Suomi","INFO_UR":null,"SUBJECTO":"Suom","BORDERPRECISION":1,"PARTOF":"Suomi"},"geometry":{"type":"MultiPolygon","coordinates":[[[[30.040464598661448,61.12303217968336],[28.53752375822092,60.57446140152255],[28.521508249743235,60.62326391812029],[28.431775125963938,60.60346945400896],[28.011437448961985,60.51073034878435],[27.47361854027058,60.426078401762865],[27.406220468981516,60.34481772061052],[27.17848113487507,60.44239386196794],[26.94557097862507,60.37631186123552],[26.92230895469929,60.31612356777849],[26.613076242907297,60.347831331450365],[26.525876078112375,60.396468721587084],[26.551638636095774,60.570697389799975],[26.442835840685618,60.33334311123552],[26.32271293113972,60.27024038906755],[26.037745508654368,60.24929770107927],[25.890101465685618,60.23583563442888],[25.845532450182688,60.11548193569841],[25.580544504626047,60.26233633633318],[25.449894937975657,60.13839682217302],[25.145791086657297,60.10974844570818],[24.99298003624226,60.02957113857927],[24.96947005699421,60.08683355923357],[24.74298003624226,60.03823050137224],[24.51595786522175,59.98949774380388],[24.421050104601633,59.869750581938646],[24.28135779808308,59.9381481039113],[23.978947672350657,59.881148897368334],[23.96111396263386,59.932452760893725],[23.664656671984446,59.83555182095232],[23.418854746325266,59.82984884854021],[23.201441797716868,59.81845816250505],[22.982125315172922,59.932452760893725],[22.882000956042063,60.05556448574724],[23.005200418932688,60.208758913237475],[22.624615702135813,60.201102815825365],[22.392066034777415,60.121200166899584],[22.42146781395222,60.29318579312029],[22.220654520495188,60.25876959438982],[21.930953058703196,60.38077124233904],[21.746808084948313,60.40827139492693],[21.560151133044016,60.51248510952654],[21.44317725609089,60.693648897368334],[21.427256617052805,61.01509817715349],[21.498307260973704,61.183272920805834],[21.520789179308665,61.379569612700365],[21.561005625231516,61.48492010708513],[21.405217203600657,61.70243414517107],[21.211199793322336,61.87091406460466],[21.346440348131907,62.167132936674975],[21.337555918200266,62.34360464688005],[21.225993499342607,62.4179537846397],[29.018890834539626,61.77074313018303],[30.227236874468524,61.48110136391141],[30.23948465,61.44768285],[30.222054475,61.4064411],[30.167994425,61.3763447],[30.1734486,61.3471283],[30.238417,61.3187919],[30.223065075,61.29778645],[30.127392825,61.28411195],[30.079318625,61.264480225],[30.078842475,61.238891275],[30.041871025,61.2447359],[29.968404275,61.2820141],[29.921018675,61.2993392],[29.899714225,61.2967112],[29.891610675,61.290743025],[29.896708025,61.281434675],[29.89374235,61.27789105],[29.88271365,61.28011215],[29.883898725,61.273648725],[29.897297575,61.258500775],[29.8837271,61.25400205],[29.8431873,61.26015255],[29.822824525,61.26275375],[29.822638775,61.26180565],[29.8241881,61.26015825],[29.8274725,61.25781155],[29.828236275,61.256140275],[29.826479425,61.255144425],[29.8495072,61.249969075],[29.8973196,61.240614225],[29.903648275,61.2336385],[29.868493225,61.2290419],[29.866598575,61.2172272],[29.897964325,61.1981944],[29.882027975,61.196681775],[29.818789525,61.212689325],[29.879162325,61.185224375],[30.040464598661448,61.12303217968336]]]]}},{"type":"Feature","properties":{"NAME":"Chuds","ABBREVN":"Chuds","INFO_UR":null,"SUBJECTO":"Chuds","BORDERPRECISION":1,"PARTOF":"Chuds"},"geometry":{"type":"MultiPolygon","coordinates":[[[[30.040464598661448,61.12303217968336],[30.063146375,61.114286925],[30.249019425,61.0121192],[30.436781475,60.8787212],[30.52508015,60.76437455],[30.51716449182315,60.696811156387966],[30.51391545,60.66907925],[30.550767675,60.610758075],[30.635636825,60.589411025],[30.74843195,60.483683475],[30.88915305,60.293575425],[30.982223425,60.1929825],[31.006570010003042,60.18704439613204],[29.995443754341427,59.94159990566773],[29.95287421654011,59.98558386440935],[29.68729690025593,60.131000124174975],[29.51074317405964,60.14456518765154],[28.96897986839558,60.10878714199724],[28.691634211046946,60.14997824307146],[28.63737795969813,60.171480268002526],[28.56939795921589,60.19842108364763],[28.435231241686594,60.33733709927263],[28.551247629626047,60.5326419698781],[28.53752375822092,60.57446140152255],[30.040464598661448,61.12303217968336]]]]}},{"type":"Feature","properties":{"NAME":"Finno-Ugric taiga hunter-gatherers","ABBREVN":"Finno-Ugric taiga hunter-gatherers","INFO_UR":null,"SUBJECTO":"Finno-Ugric taiga hunter-gatherers","BORDERPRECISION":1,"PARTOF":"Finno-Ugric taiga hunter-gatherers"},"geometry":{"type":"MultiPolygon","coordinates":[[[[35.29283191796468,61.41979295293436],[32.6294669702271,60.96228932119715],[32.569343175,61.021163175],[32.536508925,61.089180325],[32.50469510305382,61.10369722772446],[35.81679017081891,64.22566772716998],[36.01547149132038,64.19702490444841],[36.23997024009968,63.91862066860857],[36.42062285850788,63.87610205288591],[36.98754027794148,63.841483675200365],[37.24650863121296,63.784877382475756],[37.410540613634836,63.749496065337084],[37.59146026085163,63.806937776762865],[37.94491866539265,63.850394808012865],[38.054080042345774,63.98631628628435],[38.05385878990437,64.12927588101091],[37.87985518883015,64.30789526577654],[37.668128046496165,64.3433109151906],[37.46328643272663,64.29996069546404],[37.26195052574421,64.3138919698781],[36.996741327746165,64.40655859585466],[36.56850722740437,64.7645755636281],[36.88390639732624,65.0676990377492],[37.10194304893757,65.06812628384294],[37.60409453819538,64.85277136440935],[38.25292113731648,64.70306738491716],[39.19344237755085,64.5110355245656],[39.62159636925007,64.47596319790544],[39.99705031822468,64.54121740933122],[40.32217315147663,64.46293219204607],[40.43979171226765,64.56356390591326],[40.46206191490437,64.75027807827654],[40.365950617296946,64.85792883511247],[39.979388269884836,65.15314062710466],[39.823103937609446,65.43561133022966],[39.9513273567989,65.58116491909685],[40.036868128283274,65.60313757534685],[40.681407007677805,65.79355963345232],[41.35424712608601,65.95517309780779],[41.62328246544148,66.06516607876482],[42.1334448189571,66.3878894674367],[42.21078780601765,66.41000708218279],[42.41852477501179,66.38109930630388],[43.241431269152415,66.25089605923357],[43.87621978233601,66.01096686001482],[44.02943328331257,66.01124914761247],[44.052840265734446,66.04050024624529],[44.12211135338093,66.2671619283742],[44.383608850939524,66.61201819058122],[44.36195281456257,66.90596350308122],[44.21916488121296,67.08982428188982],[43.83810714195515,67.16285284634294],[43.703597101671946,67.26593359585466],[44.21583465050007,67.71826513882341],[44.26107314537312,67.8296390401906],[44.16874984215046,68.09702643032732],[43.8221655220821,68.3273197042531],[43.85324386070515,68.46920355435076],[44.012026819689524,68.49190863247576],[44.66781142662312,68.38859137173357],[45.57964232872273,68.44253882046404],[45.8634367317989,68.3833499776906],[46.16195205162312,68.10819586392107],[46.439368280871165,67.90793951626482],[46.6340666146114,67.7005115377492],[46.16411498497273,67.67742498989763],[45.46258071373249,67.6390643941945],[45.092505487902415,67.54207953091326],[44.87120727012898,67.31241949673357],[44.95714095543171,67.23135717983904],[45.38563445518757,67.09937628384294],[45.715350183947336,66.84962805386247],[46.07677749107624,66.76208075161638],[46.40205291221882,66.71860083218279],[46.972640070421946,66.77846106167497],[47.5711889595821,66.8163104879445],[47.706187281115305,66.89010962124529],[47.822127375109446,67.11129339810076],[47.952918085558665,67.37729223843279],[48.08066085289265,67.56245764370622],[48.63532165001179,67.65238531704607],[49.18562987755085,67.83882483120622],[49.63012221763874,67.93619116421404],[50.49589827965046,68.1534686910695],[51.13895705650593,68.26639898892107],[51.83080962608601,68.40938147183122],[52.244875940783274,68.54455908413591],[52.33738234947468,68.33572729702654],[52.4626684517696,68.29867132778826],[52.719729456408274,68.35138281460466],[52.93876937340046,68.47117956753435],[53.00575164268757,68.6805683004445],[53.17943480919148,68.75574835415544],[53.50243285606648,68.81625708218279],[53.889117273791086,68.78699835415544],[53.808394464953196,68.60726507778826],[53.78207686851765,68.33842047329607],[53.3959074349239,68.30042608853044],[53.3161840767696,68.2332034933156],[53.316844019396555,68.13638647671404],[53.62573913048054,68.04768713589372],[53.85399154136921,68.08530005093279],[54.37974837730671,68.16070898647966],[54.57595733116413,68.16109045620622],[54.64846709678913,68.07191809292497],[54.752295526964915,68.04978521938982],[54.87719634483601,68.1095462667531],[54.99598601768757,68.20653113003435],[55.1264982552364,68.40060766812029],[55.335391077502024,68.48309668179216],[55.72289184044148,68.53610571499529],[56.1951017708614,68.56686743374529],[56.54026320884968,68.55256994839372],[57.02422622154499,68.44890936489763],[57.363692316515696,68.45701941128435],[57.52586654136921,68.49463995571794],[57.95919707725788,68.7047611105031],[58.40928939293171,68.83285864468279],[58.77038100670124,68.8560062276906],[59.19904998253132,68.77440985317888],[59.34587386558796,68.69986303921404],[59.06195739219929,68.4974857198781],[59.119788202746165,68.393092714507],[59.217661890490305,68.34854467983904],[59.50186065147663,68.28942450161638],[59.762347254259836,68.297389589507],[59.892046961291086,68.4020038473195],[59.92537597130085,68.58127173062029],[60.07908919761921,68.61895331021013],[60.51208404014851,68.58985479946794],[60.75627425621296,68.67254980679216],[60.93412307213093,68.81508215542497],[60.98595717857624,69.00259741421404],[60.36923507164265,69.46769293423357],[60.551714930041086,69.54342230435076],[60.84873488853718,69.71004065151872],[61.030039820177805,69.74060400601091],[61.30434707115437,69.73352392788591],[62.2812719673946,69.7051273214406],[62.85394957969929,69.61560400601091],[63.41231826256062,69.54873999233904],[63.92324355552937,69.45921667690935],[64.87299636314656,69.22766455288591],[65.35536483238484,69.18344458218279],[66.1254988045528,68.99715765591326],[66.58425429771687,68.88553961392107],[67.17168715904499,68.64709814663591],[67.64553669906512,68.4480727275933],[67.82653335045124,68.37205084438982],[68.21540358970906,68.20135077114763],[68.38463118980671,68.17933996792497],[68.48788741539265,68.22421606655779],[69.00261214683796,68.69536932583513],[69.10895064781452,68.83031042690935],[68.69183639000202,68.81454809780779],[68.51176742027546,68.83668097134294],[68.25765517662312,68.94111975308122],[68.09354690025593,69.13594397183122],[68.10592940758015,69.42932470913591],[67.77870467613484,69.55685003872576],[66.88444045494343,69.62308081265154],[66.79896834800984,69.74374731655779],[66.8280363411739,69.81937750454607],[66.9648542733028,69.95582159634294],[67.27720168541218,70.07055243130388],[67.38328841636921,70.13940008755388],[67.42175582359577,70.22343023892107],[67.39824202965046,70.59850653286638],[67.28530410240437,70.70580633755388],[66.7748136849239,70.73557623501482],[66.67020705650593,70.86613043423357],[66.81797316978718,71.10538061733904],[66.9796476692989,71.21384008999529],[67.15545180748249,71.22964819546404],[67.8225431771114,71.4166522848195],[68.31624892662312,71.63485296841326],[68.55076125572468,71.82196386929216],[68.81211379478718,72.09546240444841],[69.05668929527546,72.64471777554216],[69.34311202476765,72.83426245327654],[69.51156142662312,72.80304297085466],[70.21435836265827,72.73346289272966],[70.94033339927937,72.78995092983904],[71.66292098472859,72.83070715542497],[71.97577956627156,72.79976233120622],[72.45530227134968,72.82427557583513],[72.7139997811153,72.76958807583513],[72.85272506187702,72.64393194790544],[72.84480575035359,72.49460943813982],[72.65456679771687,72.11825903530779],[72.4983244271114,71.96181067104997],[71.89781478355671,71.58716162319841],[71.79755691002156,71.43180426235857],[72.13623336265827,71.27759131069841],[72.55498031090046,70.9772449361867],[72.67970565269734,70.823512636382],[72.7742033333614,70.45523413296404],[72.69588759849812,70.35557898159685],[72.43689254234577,70.18696936245622],[72.55148604820515,69.65626104946794],[72.52553084800984,69.06907995815935],[72.64349654625202,68.806911073882],[72.84616378258015,68.63523443813982],[73.30861190269734,68.5165515768117],[73.39412215660359,68.44205053921404],[73.39364913414265,68.38238867397966],[73.17524245689656,68.16592749233904],[72.98776534508015,67.79414709683122],[72.83769515465046,67.64564856167497],[72.48502639244343,67.43782385464372],[71.93047622154499,67.156276308257],[71.64714339683796,67.06732519741716],[71.39950087974812,66.94906958218279],[71.54405501793171,66.71412237759294],[71.34951308677937,66.66239508267107],[70.83993056724812,66.55140265103044],[70.12074569175984,66.7188220846242],[69.79152205894734,66.7549320089406],[69.35537246177937,66.73943670864763],[69.08476546715046,66.68753393765154],[69.17261031578327,66.5482898580617],[69.43512252281452,66.42423590298357],[69.76729873131062,66.32971533413591],[70.47356704185749,66.23597296353044],[70.98342421959187,66.2003894674367],[71.2595320076778,66.22281225796404],[71.79433730552937,66.15806158657732],[72.20881179283406,66.17345770474138],[72.42107680748249,66.3346668111867],[72.55741408775593,66.49599035854997],[73.16545394371296,66.64375647183122],[73.69016555259968,66.86506994839372],[73.81080916832234,66.99035223599138],[73.9845075936153,67.26336248989763],[74.35252669761921,67.40435370083513],[74.74171737144734,67.68622168179216],[74.77064803550984,67.84936865444841],[74.66936019371296,68.10174902554216],[74.39512923668171,68.34698828335466],[74.50497725914265,68.59347876187029],[74.61210921715046,68.63851507778826],[74.91630080650593,68.70638617153826],[75.53720382164265,68.77486761685076],[76.32775405357624,68.77634008999529],[76.66087630699421,68.67222174282732],[77.03982070396687,68.4637714254445],[77.10788253258015,68.11375006313982],[76.95493606041218,67.65331610317888],[77.09069350670124,67.52774389858904],[77.50477889488484,67.432399355132],[78.08904555748249,67.41131170864763],[78.47786239097859,67.478541933257],[78.53574660728718,67.61183508511247],[78.3045759529903,67.69286688442888],[77.94601729820515,67.77371557827654],[77.68886092613484,67.75840338345232],[77.48322585533406,67.802516542632],[77.51418593834187,67.97325476284685],[77.97751906822468,68.14512213345232],[78.00718215416218,68.25683935757341],[77.90906051109577,68.32369574185076],[77.83420089195515,68.4727054464406],[77.63582900474812,68.81619604702654],[77.40597823570515,68.9356189596242],[77.02994826744343,68.97991522427263],[76.53798964927937,69.0840564596242],[76.17751601646687,69.13594397183122],[75.59802535484577,69.21000250454607],[75.18864730308796,69.12659796353044],[74.90170577476765,69.0810047018117],[74.31795791099812,69.16254004116716],[73.91452315758015,69.15427740688982],[73.90792373131062,69.27452429409685],[73.65407851646687,69.75646551724138],[73.79099563072468,70.05221136685076],[74.1222257942989,70.36587866421404],[74.24957564781452,70.5729480611867],[74.18918899009968,70.67260321255388],[73.69797042320515,71.14139898892107],[73.2706632942989,71.372584902007],[73.21685317466999,71.45773657437029],[73.59136489341999,71.7068591939992],[74.13715651939656,71.75452765103044],[74.58655074547077,71.87217291470232],[74.9211531014278,72.02874334927263],[74.99873641441609,72.13043554897966],[75.0745954842403,72.42029150601091],[75.01610854576374,72.71876867886247],[75.11987594078327,72.68748053188982],[75.40757277916218,72.66441687222185],[75.6173429817989,72.62549170132341],[75.66617873619343,72.41353949185076],[75.58253768394734,72.17061956997576],[75.29658034752156,71.89686926479997],[75.22127059410359,71.64770849819841],[75.28428939293171,71.44608648892107],[75.45202926109577,71.32248266812029],[75.67058852623249,71.1991229879445],[76.29318526695515,71.13853033657732],[77.00164321373249,71.06264074917497],[77.73619368980671,71.02547796841326],[78.10473159263874,70.84130438442888],[78.24920943687702,70.83387335415544],[78.60852340172077,70.8499256002492],[78.37160018394734,71.25054510708513],[78.13690474937702,71.3739276754445],[77.28489974449421,71.41880377407732],[76.86612990806843,71.4490238058156],[76.60715011070515,71.518336855132],[76.33285811851765,71.71974524136247],[76.4566984505489,71.86785467739763],[77.07490066002156,71.8923831808156],[77.27492812584187,71.81488379116716],[77.78991988609577,71.77691229458513],[78.12636855552937,71.84759863491716],[78.08573440025593,72.17527350063982],[78.26955703209187,72.2147479879445],[78.64725783775593,72.2623782980031],[79.22255996177937,72.2712894308156],[79.7031584114864,72.17827948208513],[80.33872512291218,72.0076404439992],[80.82826522300984,71.76702459927263],[81.42526534508015,71.61268194790544],[81.67136672447468,71.57430609341326],[82.49135116050984,71.56809576626482],[82.81835463951374,71.64632757778826],[82.88012221763874,71.49126776333513],[82.52887252281452,71.32020147915544],[82.21532729576374,71.20361670132341],[82.10357192466999,70.85644110317888],[82.04561141441609,70.41893347378435],[82.19571975181843,70.3579822408742],[82.50152877281452,70.7111316549367],[82.67546370933796,70.84212835903826],[82.80373671959187,70.81927832241716],[83.07590774009968,70.58175238247576],[83.03633407066609,70.24492987271013],[83.37072280357624,70.33726080532732],[83.67697432945515,70.46026190396013],[83.6571150154903,70.598170839507],[83.5709333748653,70.65170630093279],[83.50470260093952,70.81292303677263],[83.16804793785359,71.18223150845232],[83.25261977623249,71.28285559292497],[83.56109145591999,71.62442358608904],[83.2024259896114,71.82590826626482],[82.8546476692989,71.94214972134294],[82.43625930259968,72.0505863058156],[82.32062056968952,72.22227820034685],[82.02602675865437,72.24522741909685],[81.58525374840046,72.35400732632341],[80.98231795738484,72.44697912808122],[80.84419539879109,72.58019598599138],[80.87170699547077,72.8399921285695],[80.8288679451778,73.01351507778826],[80.46401503990437,73.31357916470232],[80.50051406334187,73.42474707241716],[80.62013534019734,73.49647101040544],[80.83822921226765,73.55255468960466],[81.87746718834187,73.6022220480031],[83.02044204185749,73.61229284878435],[83.97656539390827,73.66978796597185],[84.61605361412312,73.74268683071794],[84.82945540855671,73.59973486538591],[85.0014982552364,73.57619055386247],[85.38118270347859,73.69632300015154],[85.85619643638874,73.82476385708513],[86.49205306480671,73.8738284933156],[86.75694564293171,73.7865711080617],[86.32635024498249,73.63435705776872],[86.12352279136921,73.4511218893117],[86.90497115562702,73.55588873501482],[87.1396818489864,73.6040531026906],[87.56962874840046,73.77212866421404],[87.69079116295124,73.90001257534685],[87.54062179039265,74.09967383022966],[87.39396956871296,74.1794925558156],[86.97762587974812,74.29900702114763],[86.81353286216999,74.43529089565935],[86.81261733482624,74.53988226528826],[86.95832351158406,74.78206213589372],[87.48745253990437,74.96091803188982],[87.92226699302937,75.0598865377492],[89.28468612144734,75.46612127896013],[89.68456557701374,75.5082050191945],[89.79632857750202,75.52443274136247],[90.03131392906452,75.55852850552263],[90.88617232750202,75.60154303188982],[91.6346769661739,75.65272863979997],[92.6705427498653,75.76261480923357],[93.59205916832234,75.88084753628435],[94.30955031822468,76.07406958218279],[94.69433883140827,76.18358191128435],[95.4876814217403,76.16833075161638],[95.96726516197468,76.1692386495656],[96.13936904381062,76.08590277310076],[95.9818220467403,75.90201147671404],[96.65822890709187,75.85330542202654],[97.11641219566609,75.87083014126482],[97.6837263436153,75.95521887417497],[98.28865340660359,76.05653723354997],[98.71624282310749,76.07403906460466],[99.15855697105671,75.99971350308122],[99.46723464439656,75.96692236538591],[99.7794294686153,76.05931433315935],[99.8334074349239,76.2100330221242],[99.77360824058796,76.2853504049367],[99.98323348472859,76.43696936245622],[100.40739730308796,76.47143896694841],[100.83031753013874,76.45540960903826],[101.38946059654499,76.62499579067888],[101.11151412437702,76.8528552877492],[101.16646102379109,77.0057636129445],[101.6904630989864,77.2025867330617],[102.38966659019734,77.37482031460466],[103.39330581138874,77.5577884542531],[103.94659713218952,77.59216650601091],[104.39374068687702,77.56721838589372],[105.0625105233028,77.5685077535695],[105.44954207847859,77.44913824673357],[105.46972945640827,77.32931860562029],[104.78229049156452,77.14876898403826],[104.4851408333614,76.99502905483904],[104.70460799644734,76.92750128384294],[105.52814773033406,76.98001440640154],[106.24293807457234,76.91346319790544],[107.16025832603718,76.94913061733904],[107.24013045738484,76.89837225552263],[107.07137587974812,76.77097662563982],[106.53744033287312,76.56722601528826],[106.40403274009968,76.4322772848195],[107.29075149009968,76.43394812222185],[107.66595748375202,76.44307287808122],[107.77148726890827,76.40122564907732],[108.24447158287312,76.64641913052263],[108.85952285240437,76.64754828091326],[109.6564054817989,76.69128759976091],[109.94024947593952,76.63273199673357],[110.54772475670124,76.64229925747576],[111.42728713463093,76.56807287808122],[112.0571623177364,76.45135840054216],[112.58854964683796,76.25924261685076],[112.82231429527546,76.0588870870656],[113.14887526939656,76.05948980923357],[113.53300765465046,76.0936542379445],[113.7230329842403,75.86883886929216],[113.11340621422077,75.49444922085466],[113.22163680504109,75.43680914517107],[113.62504867027546,75.27267035122576],[112.57712844322468,74.88621100063982],[112.11134627769734,74.78037603970232],[111.58661941002156,74.73096045132341],[110.05470565269734,74.253688417632],[108.69690230797077,73.8194080221242],[108.33986190269734,73.69124182339372],[107.26554397056843,73.52222784634294],[106.20830825279499,73.25850256558122],[105.2788191170528,72.7515369283742],[105.40307092131953,72.748726095192],[98.45947004862771,69.79094730127832],[75.85638492783956,61.42677903286463],[62.80579411405116,56.95520024672745],[59.09429166962169,56.4318399506882],[55.97738780705348,57.13696442544153],[55.70905991815804,57.19766715162802],[53.92448387264525,57.601384527021416],[53.97646398874319,57.7086220534561],[48.60792522187434,57.7086220534561],[44.45045665485198,58.93642459737193],[41.23911572686134,59.88481241972218],[36.407411096494556,61.31173342729653],[36.4287516,61.3245377],[36.45560855,61.36201385],[36.45125265,61.40212435],[36.398634425,61.43772225],[36.297753875,61.46880755],[36.190796775,61.531443425],[36.077763125,61.625629875],[36.017066075,61.7005272],[36.008705625,61.7561354],[35.9614746,61.800050175],[35.875373,61.832271525],[35.851409725,61.8676444],[35.889584775,61.9061688],[35.8500584,61.954331025],[35.7328306,62.012131075],[35.723349425,62.133787175],[35.821614875,62.319299325],[35.839178,62.444236725],[35.7760388,62.508599375],[35.693981975,62.545226325],[35.593007525,62.554117575],[35.5478941,62.575332],[35.5586417,62.6088696],[35.5428703,62.62127685],[35.5005799,62.61255375],[35.49898265,62.589192525],[35.53807855,62.551193175],[35.52405865,62.5513289],[35.45692295,62.5895997],[35.421574125,62.62079125],[35.418012175,62.64490355],[35.1728824,62.7167374],[34.6861848,62.8362928],[34.601542325,62.757289025],[34.918954975,62.479726075],[35.05341145,62.37538465],[35.00491175,62.44426475],[34.94117575,62.511735575],[34.86220345,62.577797125],[34.865199475,62.6067043],[34.950163825,62.5984571],[34.982048575,62.607232975],[34.960853725,62.633031925],[35.0463156,62.60909925],[35.2384342,62.53543495],[35.34390505,62.5132468],[35.36272815,62.5425348],[35.430546475,62.476321125],[35.547360025,62.314605775],[35.547754625,62.206264],[35.431730275,62.1512958],[35.2852602,62.155273625],[35.1083444,62.218197475],[35.069239825,62.199451875],[35.167946475,62.099036825],[35.204042975,62.0360778],[35.177529325,62.0105748],[35.101960075,62.03300845],[34.977335225,62.10337875],[34.8924869,62.168823275],[34.8474151,62.229342025],[34.839756075,62.249937625],[34.869509825,62.230610075],[34.867979625,62.2531556],[34.835165475,62.3175742],[34.81482225,62.3509989],[34.80694995,62.3534297],[34.813270575,62.339793675],[34.833784125,62.310090825],[34.84140595,62.2864805],[34.83613605,62.2689627],[34.829828225,62.261839],[34.822482475,62.2651094],[34.817970675,62.2685417],[34.816292825,62.2721359],[34.819154,62.28386585],[34.8265542,62.30373155],[34.799128225,62.3458733],[34.736876075,62.4102911],[34.639498475,62.4836275],[34.506995425,62.5658825],[34.53319595,62.5119573],[34.71810005,62.3218519],[34.71279465,62.28922365],[34.51727975,62.41407255],[34.487540425,62.4168584],[34.623576675,62.2975812],[34.7008853,62.219335525],[34.7194663,62.182121375],[34.68243975,62.1822338],[34.58980565,62.2196728],[34.59244025,62.184039125],[34.69034355,62.075332775],[34.729749225,62.022006325],[34.710657275,62.024059775],[34.68065075,62.036654575],[34.63972965,62.059790725],[34.5430863,62.0921589],[34.3907207,62.1337591],[34.295122075,62.16668435],[34.256290425,62.19093465],[34.249073275,62.1766452],[34.273470625,62.123816],[34.371894275,62.046970375],[34.544344225,61.946108325],[34.59772085,61.897351175],[34.53202415,61.900698925],[34.505403225,61.89783145],[34.517858075,61.88874875],[34.547350325,61.877369225],[34.593879975,61.863692875],[34.59779065,61.85876925],[34.55908235,61.86259835],[34.54765545,61.846185325],[34.56350995,61.809530175],[34.507520175,61.80250945],[34.379686125,61.82512315],[34.414152525,61.771153325],[34.610919375,61.640599975],[34.903805875,61.523482825],[35.292812025,61.419801875],[35.29283191796468,61.41979295293436]]]]}},{"type":"Feature","properties":{"NAME":"Kurs","ABBREVN":"Kurs","INFO_UR":null,"SUBJECTO":"Kurs","BORDERPRECISION":1,"PARTOF":"Kurs"},"geometry":{"type":"MultiPolygon","coordinates":[[[[23.525993247131186,56.884039834294704],[22.631141834904707,56.276146827063236],[20.919519468945918,56.13669941147423],[20.949046167834055,56.473189912993334],[20.964827570421946,56.60902365322771],[21.022051844103586,56.6838756429738],[21.324379953844797,56.854415498930834],[21.339747461779368,57.17707022305193],[21.45958808372761,57.24960669155779],[21.57951453636433,57.37260016079607],[21.677331003649485,57.46365698452654],[21.810254129870188,57.4753795492238],[22.285403284533274,57.56504019375505],[22.359927210314524,57.58566626187029],[22.432965311510813,57.615558229643725],[22.563637766344797,57.615558229643725],[22.58542159508015,57.508651338774584],[22.881373438341868,57.3341441976613],[23.07088950584675,57.261317812163256],[23.174664530260813,57.04849203701677],[23.215449366076243,56.98066671963396],[23.41446975181843,56.892413698393725],[23.525993247131186,56.884039834294704]]]]}},{"type":"Feature","properties":{"NAME":"Pomerania","ABBREVN":"Pomerania","INFO_UR":null,"SUBJECTO":"Pomerania","BORDERPRECISION":1,"PARTOF":"Pomerania"},"geometry":{"type":"MultiPolygon","coordinates":[[[[13.43473455620156,54.0310937961782],[13.569641371810796,53.22034592673583],[13.60711570693274,52.31603148843025],[13.587660958467055,52.312602343140725],[11.671944210727034,52.3533622739437],[11.549664418318102,52.638681789564544],[11.753464072332989,52.842481443579445],[10.571426079046589,53.046281097594346],[10.204586701819792,53.69843999044201],[10.141728434069407,54.33675345059099],[10.212877306444895,54.37191732998552],[10.340239557726633,54.36231573696794],[10.44597438286091,54.29203375454607],[10.648594889147532,54.25897558804216],[11.038605722887766,54.313251100737475],[11.073005709154856,54.219630800444506],[11.041366610033762,54.15269812222185],[11.015887293322336,54.09665640469255],[10.716716799242747,53.96393164272966],[10.770921983372673,53.930865647944174],[10.858920130236399,53.87718542690935],[10.883711053577755,53.88237572131041],[10.893506027075901,53.88442642331155],[10.960404311878577,53.89843242818161],[11.151377710802805,53.938415132719896],[11.202488932116282,53.85678442593279],[11.407822641833079,53.8592906820363],[11.56501964042927,54.035384737212084],[12.041073832018625,54.09665640469255],[12.311884912951243,54.2019420492238],[12.462536566113513,54.25478611754059],[12.652518305285227,54.32142599697771],[12.764800104601633,54.27032812710466],[12.943138155443918,54.346984468657396],[13.02581122825886,54.265216432768725],[13.063765558703196,54.19368704434099],[13.349167856676829,54.06348761196794],[13.431016001208079,54.03024633999529],[13.43473455620156,54.0310937961782]]]]}},{"type":"Feature","properties":{"NAME":null,"ABBREVN":null,"INFO_UR":null,"SUBJECTO":null,"BORDERPRECISION":1,"PARTOF":null},"geometry":{"type":"MultiPolygon","coordinates":[[[[-4.153334,53.225555],[-4.218056,53.200272],[-4.325556,53.144997],[-4.351389,53.124443],[-4.402223,53.125832],[-4.478889,53.176666],[-4.494445,53.189438],[-4.5675,53.273331],[-4.569167,53.388054000000125],[-4.566945,53.39138800000012],[-4.56,53.39666],[-4.474723,53.41861],[-4.429167,53.424438],[-4.423056,53.424995],[-4.416112,53.424995],[-4.31389,53.411942],[-4.2925,53.407494],[-4.283611,53.403328],[-4.276945,53.398331],[-4.27,53.388611],[-4.222222,53.321663000000115],[-4.126945,53.310555000000136],[-4.122223,53.311943],[-4.115834,53.312492],[-4.110001,53.312218],[-4.06,53.30555],[-4.046667,53.303329],[-4.04639,53.299721],[-4.09,53.254997],[-4.101389,53.247772],[-4.153334,53.225555]]]]}},{"type":"Feature","properties":{"NAME":null,"ABBREVN":null,"INFO_UR":null,"SUBJECTO":null,"BORDERPRECISION":1,"PARTOF":null},"geometry":{"type":"MultiPolygon","coordinates":[[[[-5.103612,55.438606],[-5.171945,55.429443],[-5.223612,55.429993],[-5.231668,55.430275],[-5.236945,55.431938],[-5.283334,55.446938],[-5.292778,55.451111],[-5.340279,55.47499800000014],[-5.342223,55.477219],[-5.357223,55.504166],[-5.400278,55.600555],[-5.400834,55.608887],[-5.400278,55.61777500000011],[-5.396389,55.628883],[-5.381111,55.668610000000115],[-5.378056,55.671661],[-5.370833,55.676941],[-5.330001,55.699715],[-5.325556,55.701942],[-5.295279,55.71666],[-5.265556,55.71721600000012],[-5.251945,55.71611000000013],[-5.239167,55.713608],[-5.228333,55.710274],[-5.198334,55.699165],[-5.185278,55.692772],[-5.168056,55.68416600000012],[-5.160278,55.679161],[-5.154723,55.673332],[-5.085279,55.556664000000126],[-5.083889,55.553055],[-5.074722,55.463333],[-5.074445,55.45916000000011],[-5.075834,55.455276],[-5.078889,55.45221700000013],[-5.093334,55.441666],[-5.103612,55.438606]]]]}},{"type":"Feature","properties":{"NAME":null,"ABBREVN":null,"INFO_UR":null,"SUBJECTO":null,"BORDERPRECISION":1,"PARTOF":null},"geometry":{"type":"MultiPolygon","coordinates":[[[[-6.121667,55.878883],[-6.103056,55.811104000000114],[-6.101945,55.80722],[-6.097501,55.796661],[-6.093334,55.789993],[-6.088334,55.783882],[-6.075556,55.777496],[-6.059445,55.772217],[-6.052222,55.76722],[-6.05,55.76416000000012],[-6.030278,55.720551],[-6.024723,55.68083200000012],[-6.0275,55.677773000000116],[-6.038334,55.669998],[-6.076667,55.649994000000106],[-6.228889,55.592216],[-6.274445,55.572777],[-6.300556,55.576942],[-6.317223,55.581665],[-6.325556,55.5866620000001],[-6.3275,55.589439],[-6.321945,55.615273],[-6.320834,55.618889],[-6.285833,55.707222000000115],[-6.253056,55.763611],[-6.251112,55.76722],[-6.25139,55.771385],[-6.254445,55.774719],[-6.259167,55.776665],[-6.265278,55.777771],[-6.325278,55.781387],[-6.331667,55.781387],[-6.337778,55.780273],[-6.345556,55.774994],[-6.348333,55.771385],[-6.352501,55.764717],[-6.356389,55.758049],[-6.360556,55.750275],[-6.3675,55.740829],[-6.379723,55.72805],[-6.393056,55.71721600000012],[-6.410833,55.70388800000012],[-6.449445,55.680275],[-6.462501,55.673882],[-6.473333,55.669998],[-6.485001,55.668610000000115],[-6.491389,55.669441],[-6.50139,55.673332],[-6.505,55.676666],[-6.509167,55.68222],[-6.51,55.690552],[-6.5,55.721382],[-6.495278,55.733604],[-6.449722,55.84861],[-6.441668,55.853607],[-6.369722,55.869438],[-6.309723,55.86360900000011],[-6.192223,55.91638200000011],[-6.163056,55.927498],[-6.141945,55.933609],[-6.136667,55.934441],[-6.129445,55.933609],[-6.121945,55.928886],[-6.118611,55.921661],[-6.122778,55.894997],[-6.121667,55.878883]]]]}},{"type":"Feature","properties":{"NAME":null,"ABBREVN":null,"INFO_UR":null,"SUBJECTO":null,"BORDERPRECISION":1,"PARTOF":null},"geometry":{"type":"MultiPolygon","coordinates":[[[[-5.946945,55.829994],[-5.971945,55.78833],[-6.027223,55.791664],[-6.0325,55.7930530000001],[-6.053056,55.800278],[-6.063056,55.803886],[-6.070556,55.808327],[-6.073611,55.811661],[-6.075556,55.815552],[-6.079167,55.82666],[-6.088056,55.877495000000124],[-6.087778,55.881660000000124],[-6.084445,55.894165],[-6.078889,55.905548],[-5.968056,56.023605],[-5.955833,56.030548000000124],[-5.906389,56.05832700000013],[-5.901668,56.060829],[-5.809167,56.109718],[-5.755,56.13333100000011],[-5.745001,56.137497],[-5.71139,56.150276],[-5.705556,56.150833],[-5.694445,56.147217000000126],[-5.685,56.125832000000116],[-5.684445,56.121941],[-5.684445,56.117493],[-5.686111,56.113052],[-5.690834,56.106667],[-5.7025,56.098885],[-5.708056,56.096107],[-5.716945,56.089439],[-5.730278,56.078049],[-5.746112,56.06360600000011],[-5.751945,56.056938],[-5.845834,55.94944],[-5.904167,55.8825],[-5.946945,55.829994]]]]}},{"type":"Feature","properties":{"NAME":null,"ABBREVN":null,"INFO_UR":null,"SUBJECTO":null,"BORDERPRECISION":1,"PARTOF":null},"geometry":{"type":"MultiPolygon","coordinates":[[[[-7.466945,56.940826],[-7.475278,56.940826],[-7.515278,56.943054],[-7.530556,56.94416],[-7.550279,56.94749500000012],[-7.559445,56.951385],[-7.560556,56.955551],[-7.56,56.96027400000014],[-7.553612,56.966385],[-7.445556,57.05555],[-7.439723,57.054443000000106],[-7.418612,57.043884],[-7.414722,57.041382],[-7.378056,56.982216],[-7.376112,56.978607],[-7.434723,56.94500000000011],[-7.439167,56.942772000000105],[-7.466945,56.940826]]]]}},{"type":"Feature","properties":{"NAME":null,"ABBREVN":null,"INFO_UR":null,"SUBJECTO":null,"BORDERPRECISION":1,"PARTOF":null},"geometry":{"type":"MultiPolygon","coordinates":[[[[-7.223056,57.337494],[-7.231112,57.332771],[-7.246112,57.327774],[-7.252223,57.32666000000012],[-7.258889,57.327217],[-7.285278,57.336105],[-7.288056,57.32249500000012],[-7.259167,57.152496],[-7.214723,57.114441],[-7.215279,57.110275],[-7.225834,57.096939000000134],[-7.230278,57.09471900000011],[-7.265556,57.103607],[-7.287223,57.10611],[-7.303334,57.10611],[-7.333611,57.099998],[-7.356112,57.099159],[-7.363056,57.099998],[-7.38139,57.108604],[-7.386667,57.114716],[-7.392501,57.124992],[-7.396111,57.131943],[-7.4175,57.182495],[-7.418889,57.186661],[-7.420834,57.21833],[-7.425,57.382217],[-7.422223,57.385277],[-7.412223,57.38971700000013],[-7.368056,57.401382],[-7.335556,57.395828],[-7.285833,57.381104],[-7.271945,57.375275],[-7.267222,57.372215],[-7.224445,57.341660000000104],[-7.223056,57.337494]]]]}},{"type":"Feature","properties":{"NAME":null,"ABBREVN":null,"INFO_UR":null,"SUBJECTO":null,"BORDERPRECISION":1,"PARTOF":null},"geometry":{"type":"MultiPolygon","coordinates":[[[[-7.268889,57.39888800000011],[-7.283334,57.397499],[-7.313612,57.39971900000012],[-7.320278,57.401382],[-7.378056,57.420273],[-7.388056,57.423882],[-7.404723,57.4419400000001],[-7.409445,57.448326],[-7.410001,57.452217],[-7.406389,57.464165],[-7.404167,57.467773],[-7.400278,57.470276],[-7.357779,57.488327],[-7.351111,57.489441],[-7.300556,57.483604],[-7.276112,57.480553],[-7.244167,57.4763870000001],[-7.204722,57.460831],[-7.2025,57.457497],[-7.202223,57.418884],[-7.204445,57.414993],[-7.239445,57.40361],[-7.244722,57.40222200000011],[-7.268889,57.39888800000011]]]]}},{"type":"Feature","properties":{"NAME":null,"ABBREVN":null,"INFO_UR":null,"SUBJECTO":null,"BORDERPRECISION":1,"PARTOF":null},"geometry":{"type":"MultiPolygon","coordinates":[[[[-7.188612,57.68721800000014],[-7.075278,57.64222],[-7.0675,57.63749700000011],[-7.065834,57.633331],[-7.1475,57.5149990000001],[-7.15389,57.509438],[-7.168334,57.508049],[-7.233612,57.503609],[-7.314723,57.50416600000011],[-7.321389,57.505272],[-7.326112,57.507774],[-7.3275,57.527496],[-7.325278,57.54416700000013],[-7.347778,57.55082700000014],[-7.411667,57.56805400000013],[-7.455556,57.56388900000013],[-7.467778,57.561943],[-7.476945,57.562492],[-7.486112,57.566109],[-7.536389,57.586105],[-7.540278,57.588051],[-7.543334,57.5908280000001],[-7.543334,57.595551000000114],[-7.491389,57.646385],[-7.48389,57.651939],[-7.472778,57.654999],[-7.432501,57.653328],[-7.275001,57.656387],[-7.271111,57.659439000000134],[-7.244722,57.676941],[-7.197223,57.686943],[-7.188612,57.68721800000014]]]]}},{"type":"Feature","properties":{"NAME":null,"ABBREVN":null,"INFO_UR":null,"SUBJECTO":null,"BORDERPRECISION":1,"PARTOF":null},"geometry":{"type":"MultiPolygon","coordinates":[[[[-7.00639,57.881386000000134],[-7.073611,57.877777],[-7.077778,57.879997],[-7.076667,57.892776],[-7.073611,57.896111],[-7.032778,57.91555],[-7.0275,57.916939],[-7.007223,57.919716],[-6.999445,57.919998000000135],[-6.993611,57.91861],[-6.994167,57.913887],[-6.9975,57.890831],[-6.998889,57.887215],[-7.00639,57.881386000000134]]]]}},{"type":"Feature","properties":{"NAME":null,"ABBREVN":null,"INFO_UR":null,"SUBJECTO":null,"BORDERPRECISION":1,"PARTOF":null},"geometry":{"type":"MultiPolygon","coordinates":[[[[-6.802222,58.203049],[-6.838889,58.201942],[-6.869167,58.203888],[-6.873056,58.206383],[-6.888889,58.244438000000116],[-6.89,58.248604],[-6.889723,58.252495],[-6.881667,58.254166],[-6.860278,58.25110600000011],[-6.854167,58.25],[-6.809723,58.228607000000125],[-6.794445,58.218048],[-6.791389,58.20694],[-6.794445,58.203331000000105],[-6.802222,58.203049]]]]}},{"type":"Feature","properties":{"NAME":null,"ABBREVN":null,"INFO_UR":null,"SUBJECTO":null,"BORDERPRECISION":1,"PARTOF":null},"geometry":{"type":"MultiPolygon","coordinates":[[[[-6.204167,58.35611],[-6.2325,58.317772000000105],[-6.279723,58.287773],[-6.32389,58.263611],[-6.328278,58.237938],[-6.328445,58.235439],[-6.327611,58.23344],[-6.325278,58.231773],[-6.321778,58.230774],[-6.285111,58.22293900000011],[-6.281279,58.222275],[-6.276945,58.222775],[-6.273612,58.223606],[-6.265445,58.227444],[-6.220834,58.233604],[-6.208611,58.24082900000013],[-6.172501,58.258331],[-6.167778,58.260551000000135],[-6.160001,58.25972000000013],[-6.148056,58.25610400000011],[-6.146945,58.252777],[-6.158334,58.21833],[-6.164445,58.212219],[-6.172223,58.20694],[-6.224723,58.183609],[-6.263778,58.176609],[-6.329111,58.182774],[-6.366667,58.15860700000013],[-6.374722,58.135551],[-6.376945,58.131943],[-6.382223,58.129715],[-6.497223,58.097496],[-6.548056,58.091942],[-6.601111,58.084999],[-6.620278,58.08194],[-6.619167,58.078331],[-6.594723,58.078331],[-6.496945,58.087494],[-6.420279,58.102219],[-6.410278,58.105553],[-6.4025,58.105827],[-6.396111,58.104721],[-6.390556,58.09861],[-6.353889,58.033051],[-6.356668,58.029999],[-6.386111,58.009163000000115],[-6.457778,57.968048000000124],[-6.473889,57.94832600000012],[-6.472778,57.94416],[-6.473889,57.940277],[-6.538056,57.916382],[-6.544168,57.914993],[-6.570556,57.911385],[-6.5775,57.910828],[-6.621112,57.91444400000012],[-6.628056,57.915276],[-6.653056,57.919998000000135],[-6.662223,57.924164],[-6.666389,57.92694100000011],[-6.691945,57.95805400000012],[-6.698611,57.967499],[-6.704722,57.986664],[-6.706944,57.998886],[-6.706112,58.0075],[-6.6975,58.021385],[-6.694445,58.024437],[-6.662778,58.04444100000012],[-6.659167,58.046661],[-6.652779,58.048332],[-6.629445,58.048332],[-6.621945,58.047775000000115],[-6.615001,58.046104],[-6.598612,58.045273],[-6.593612,58.046387],[-6.590279,58.04999500000014],[-6.595278,58.052498],[-6.600278,58.053886],[-6.607779,58.054718],[-6.67,58.058052],[-6.678334,58.058327],[-6.684445,58.057495],[-6.689167,58.05499300000014],[-6.76139,57.998329],[-6.725834,57.954437],[-6.722778,57.951111],[-6.718889,57.949165],[-6.705278,57.946938],[-6.696389,57.942497],[-6.685,57.934441],[-6.679723,57.928329],[-6.677501,57.925552],[-6.664722,57.90055100000012],[-6.660556,57.88472000000013],[-6.662223,57.880554],[-6.735278,57.825829],[-6.960834,57.727493],[-6.965556,57.725555],[-6.972501,57.724716],[-6.978333,57.72583],[-6.98389,57.728333000000134],[-7.120001,57.814163],[-7.123056,57.817497],[-7.124445,57.820831],[-7.126667,57.833328],[-7.125278,57.83777600000013],[-7.118334,57.838051],[-7.103889,57.836662],[-7.092223,57.832771],[-7.083611,57.824715],[-7.065834,57.820831],[-7.02889,57.832222],[-6.830278,57.900833],[-6.834167,57.90361],[-6.879445,57.93249500000013],[-6.935,57.949715],[-6.946112,57.952774],[-6.985001,57.959442],[-6.992778,57.95916],[-7.021945,57.951942000000145],[-7.029723,57.952217],[-7.035556,57.953331],[-7.075278,57.962494],[-7.112779,57.983887],[-7.11389,57.987221],[-7.084167,58.00804900000014],[-7.055556,58.020271],[-7.057778,58.036385],[-7.093889,58.070549],[-7.126667,58.123329000000126],[-7.128334,58.130272000000105],[-7.128056,58.13472],[-7.094445,58.181938],[-7.059167,58.220276],[-7.055556,58.223328],[-7.040556,58.23333000000014],[-7.031945,58.238052],[-7.008056,58.235275000000115],[-7.001112,58.23444400000011],[-6.919723,58.21611000000013],[-6.908056,58.212776],[-6.905834,58.209717],[-6.908056,58.206108],[-6.920279,58.203606],[-6.936111,58.188049],[-6.874167,58.111107],[-6.868056,58.10611],[-6.861945,58.10388200000011],[-6.860001,58.108055],[-6.873279,58.178593],[-6.805183,58.195866],[-6.750374,58.185238],[-6.744728,58.197197],[-6.786582,58.22941600000013],[-6.808056,58.25972000000013],[-6.817779,58.279999],[-6.815556,58.284721],[-6.797778,58.302216],[-6.673056,58.349159],[-6.658334,58.349442],[-6.652223,58.34861000000012],[-6.646945,58.34194200000013],[-6.560278,58.3597180000001],[-6.550279,58.363327],[-6.355278,58.457497],[-6.310556,58.479164],[-6.292778,58.488327],[-6.276945,58.50833100000011],[-6.272223,58.510551],[-6.266945,58.512497],[-6.259723,58.512772],[-6.253056,58.51166500000011],[-6.244445,58.5086060000001],[-6.234723,58.50416600000011],[-6.223333,58.496384],[-6.166112,58.425278000000105],[-6.165833,58.420555],[-6.204167,58.35611]]]]}},{"type":"Feature","properties":{"NAME":null,"ABBREVN":null,"INFO_UR":null,"SUBJECTO":null,"BORDERPRECISION":1,"PARTOF":null},"geometry":{"type":"MultiPolygon","coordinates":[[[[-2.918334,58.731941],[-2.939445,58.729996],[-2.948056,58.7305530000001],[-2.957778,58.7347180000001],[-2.970556,58.741943],[-2.98,58.750275],[-3.036945,58.818054],[-3.033611,58.820831],[-3.028889,58.823051],[-3.01,58.831665],[-3.004445,58.833054],[-2.974722,58.835274],[-2.916111,58.838882],[-2.899167,58.838333],[-2.894167,58.836937],[-2.886389,58.83194],[-2.877778,58.824165],[-2.876667,58.820274],[-2.913889,58.733887],[-2.918334,58.731941]]]]}},{"type":"Feature","properties":{"NAME":null,"ABBREVN":null,"INFO_UR":null,"SUBJECTO":null,"BORDERPRECISION":1,"PARTOF":null},"geometry":{"type":"MultiPolygon","coordinates":[[[[-3.231389,58.775551],[-3.288889,58.775551],[-3.295834,58.776108],[-3.300834,58.778053000000114],[-3.431111,58.871384],[-3.433056,58.87471800000014],[-3.433056,58.878883],[-3.418056,58.904160000000104],[-3.412222,58.910553],[-3.398056,58.917221],[-3.349167,58.92694100000011],[-3.335556,58.927498],[-3.233056,58.887215],[-3.228333,58.88499500000012],[-3.214723,58.874161],[-3.136389,58.804161],[-3.134722,58.800827],[-3.136945,58.786659],[-3.141667,58.784721],[-3.160278,58.781105],[-3.180833,58.77916],[-3.231389,58.775551]]]]}},{"type":"Feature","properties":{"NAME":null,"ABBREVN":null,"INFO_UR":null,"SUBJECTO":null,"BORDERPRECISION":1,"PARTOF":null},"geometry":{"type":"MultiPolygon","coordinates":[[[[-2.793056,58.951385],[-2.755834,58.91777000000013],[-2.824445,58.878883],[-2.869167,58.893326],[-2.97,58.93943800000011],[-3.008334,58.939995],[-3.057222,58.935829],[-3.110556,58.928055],[-3.119722,58.923332],[-3.119722,58.919167],[-3.172223,58.910828],[-3.188334,58.909996],[-3.195,58.91111000000012],[-3.303334,58.945831],[-3.313334,58.949997],[-3.345556,58.9658280000001],[-3.361111,58.992218],[-3.363056,58.995552],[-3.368056,59.009995],[-3.368056,59.01416],[-3.351389,59.106384],[-3.350278,59.109993000000145],[-3.3175,59.12944],[-3.277778,59.139999],[-3.272223,59.141388],[-3.238889,59.146111],[-3.218889,59.148605],[-3.2025,59.148605],[-3.195834,59.147217],[-3.076945,59.121666],[-3.073056,59.119164],[-2.998333,59.069717],[-2.995278,59.06666600000011],[-2.995833,59.055832],[-2.947222,58.998329],[-2.852222,58.975555],[-2.793056,58.951385]]]]}},{"type":"Feature","properties":{"NAME":null,"ABBREVN":null,"INFO_UR":null,"SUBJECTO":null,"BORDERPRECISION":1,"PARTOF":null},"geometry":{"type":"MultiPolygon","coordinates":[[[[-2.681389,59.195831],[-2.685833,59.18416600000012],[-2.689723,59.18666100000013],[-2.691667,59.189995000000124],[-2.693611,59.197495],[-2.6925,59.210274],[-2.690556,59.214439],[-2.684445,59.220833],[-2.592778,59.29055],[-2.555556,59.303055],[-2.534445,59.304993],[-2.414444,59.313606],[-2.407222,59.313889],[-2.402223,59.312775],[-2.4,59.310272],[-2.397223,59.303329],[-2.390278,59.283051],[-2.39,59.27971600000012],[-2.495556,59.244995],[-2.570834,59.242218],[-2.577222,59.242218],[-2.620556,59.236107],[-2.625,59.233604],[-2.681389,59.195831]]]]}},{"type":"Feature","properties":{"NAME":null,"ABBREVN":null,"INFO_UR":null,"SUBJECTO":null,"BORDERPRECISION":1,"PARTOF":null},"geometry":{"type":"MultiPolygon","coordinates":[[[[-2.89,59.29527300000012],[-2.849722,59.268051],[-2.853056,59.249443],[-2.8775,59.228607000000125],[-2.873056,59.251938],[-2.873056,59.256104],[-2.876945,59.258606],[-2.936667,59.283607],[-2.958611,59.287773],[-2.965556,59.288055],[-2.971945,59.287216],[-2.976389,59.284721],[-2.974167,59.281387],[-2.976944,59.272774],[-2.988056,59.26416000000012],[-2.992222,59.26166500000011],[-2.999167,59.261108],[-3.003334,59.263611],[-3.028334,59.284996],[-3.073611,59.324165],[-3.075556,59.327499],[-3.076389,59.331383],[-3.071667,59.331383],[-3.048889,59.329163],[-2.897223,59.299721],[-2.89,59.29527300000012]]]]}},{"type":"Feature","properties":{"NAME":null,"ABBREVN":null,"INFO_UR":null,"SUBJECTO":null,"BORDERPRECISION":1,"PARTOF":null},"geometry":{"type":"MultiPolygon","coordinates":[[[[-1.296111,60.491104],[-1.286667,60.47110700000013],[-1.163889,60.454437],[-1.041389,60.446938],[-1.037222,60.44416],[-1.037778,60.439995],[-1.066111,60.358055],[-1.101111,60.275833],[-1.164167,60.25833100000011],[-1.165833,60.26194],[-1.186944,60.269722],[-1.195,60.27082800000011],[-1.198889,60.267776],[-1.200556,60.26332900000011],[-1.198056,60.255829],[-1.185556,60.230553],[-1.180556,60.224998],[-1.1575,60.194717],[-1.126111,60.151665],[-1.125556,60.147774],[-1.128611,60.1441650000001],[-1.146667,60.131943],[-1.153056,60.13304900000014],[-1.163056,60.13749700000011],[-1.170556,60.137215],[-1.187222,60.127220000000136],[-1.212222,60.102776],[-1.220556,60.022499],[-1.260278,59.862221],[-1.2625,59.85833],[-1.268611,59.851105],[-1.306945,59.857498000000135],[-1.371945,59.891663],[-1.378056,59.90222200000011],[-1.377778,59.90638700000011],[-1.331667,59.996941000000106],[-1.330038,60],[-1.326389,60.0044400000001],[-1.3225,60.0075],[-1.316389,60.008888],[-1.311389,60.00666],[-1.308056,60.008888],[-1.305833,60.012772],[-1.268333,60.093605],[-1.263056,60.106941],[-1.261111,60.115829],[-1.260278,60.124161],[-1.261667,60.130829],[-1.285,60.219994],[-1.291389,60.241386],[-1.403333,60.255829],[-1.410278,60.25499700000012],[-1.414167,60.251938],[-1.410278,60.249443],[-1.3875,60.237221],[-1.363611,60.229721],[-1.353056,60.208885],[-1.358333,60.192497],[-1.448611,60.151108],[-1.453611,60.152496],[-1.490556,60.16777],[-1.520278,60.181389],[-1.527222,60.186943],[-1.527778,60.19082600000013],[-1.526667,60.194443],[-1.519722,60.201111],[-1.588889,60.215828],[-1.647778,60.224716],[-1.655,60.226105],[-1.664722,60.230827],[-1.674445,60.239441],[-1.678056,60.246384],[-1.693056,60.279716],[-1.692778,60.283882],[-1.691389,60.28833],[-1.666945,60.299721],[-1.655278,60.303055],[-1.628334,60.30722],[-1.596667,60.308052],[-1.589722,60.306389],[-1.474722,60.314995],[-1.445833,60.318604],[-1.426944,60.32138800000013],[-1.345834,60.339996],[-1.320278,60.356384],[-1.445833,60.46054800000013],[-1.502222,60.469719],[-1.553611,60.475555],[-1.558333,60.473053],[-1.565,60.473053],[-1.609722,60.4741590000001],[-1.611667,60.476662],[-1.61,60.481384],[-1.593056,60.507774],[-1.546945,60.535828],[-1.416111,60.604996],[-1.410556,60.60694100000012],[-1.301944,60.63666500000011],[-1.295833,60.63472000000013],[-1.294167,60.631104],[-1.2875,60.613327],[-1.296111,60.491104]]]]}},{"type":"Feature","properties":{"NAME":null,"ABBREVN":null,"INFO_UR":null,"SUBJECTO":null,"BORDERPRECISION":1,"PARTOF":null},"geometry":{"type":"MultiPolygon","coordinates":[[[[-1.029444,60.495827],[-1.104722,60.48555],[-1.1275,60.486382],[-1.14,60.48944100000011],[-1.142778,60.492493],[-1.170278,60.52722200000011],[-1.1825,60.594994],[-1.183611,60.60277600000012],[-1.181389,60.623604],[-1.179445,60.63250000000011],[-1.177222,60.63666500000011],[-1.11,60.72583],[-1.098611,60.729996],[-1.0925,60.731384000000105],[-1.084722,60.731667],[-1.056945,60.730827],[-0.996667,60.724716000000114],[-0.991111,60.719994],[-0.9825,60.655548],[-0.982778,60.651382000000126],[-1.017778,60.519440000000145],[-1.019167,60.514999],[-1.023334,60.503052],[-1.025556,60.498886],[-1.029444,60.495827]]]]}},{"type":"Feature","properties":{"NAME":null,"ABBREVN":null,"INFO_UR":null,"SUBJECTO":null,"BORDERPRECISION":1,"PARTOF":null},"geometry":{"type":"MultiPolygon","coordinates":[[[[-0.819722,60.68888900000013],[-0.835,60.67333200000013],[-0.935556,60.67443800000012],[-0.958611,60.68249500000013],[-0.965556,60.688049],[-0.959722,60.71138800000011],[-0.938889,60.79444100000012],[-0.883056,60.84221600000012],[-0.878333,60.844444],[-0.806111,60.840553],[-0.772778,60.831108],[-0.767778,60.82888800000012],[-0.758056,60.817772],[-0.757222,60.813889],[-0.763611,60.793327],[-0.819722,60.68888900000013]]]]}},{"type":"Feature","properties":{"NAME":null,"ABBREVN":null,"INFO_UR":null,"SUBJECTO":null,"BORDERPRECISION":1,"PARTOF":null},"geometry":{"type":"MultiPolygon","coordinates":[[[[-6.655278,61.389442],[-6.660278,61.388329],[-6.668056,61.389442],[-6.719167,61.407494],[-6.845834,61.468048],[-6.958334,61.59861],[-6.962778,61.619164000000126],[-6.96,61.622772],[-6.944723,61.63666500000011],[-6.92639,61.641388],[-6.912223,61.643608],[-6.889445,61.644997],[-6.728889,61.575829],[-6.724445,61.573326],[-6.709445,61.55832700000013],[-6.655278,61.433052],[-6.641667,61.400833],[-6.642222,61.397217000000126],[-6.655278,61.389442]]],[[[-6.604167,61.821663],[-6.63,61.761108],[-6.638889,61.750549],[-6.652223,61.742775],[-6.704722,61.777496],[-6.836112,61.817772],[-6.841111,61.81749700000012],[-6.866112,61.837494],[-6.90889,61.901108],[-6.908334,61.904716],[-6.904723,61.907776],[-6.864445,61.907494],[-6.855834,61.906944],[-6.783334,61.896942],[-6.776945,61.895271],[-6.661389,61.858887],[-6.652223,61.853882],[-6.604167,61.826111],[-6.604167,61.821663]]],[[[-7.049723,62.067772000000105],[-7.055,62.060272],[-7.062778,62.04943800000012],[-7.165278,62.023605],[-7.185834,62.019722],[-7.201667,62.018608],[-7.191668,62.031105],[-7.192223,62.039719],[-7.193611,62.043327],[-7.198334,62.049995],[-7.211945,62.057495],[-7.226667,62.06443800000011],[-7.2325,62.064720000000136],[-7.233334,62.060272],[-7.251112,62.04277000000013],[-7.345556,62.0522160000001],[-7.352222,62.053886],[-7.378056,62.064995],[-7.381667,62.06805400000013],[-7.431111,62.116104],[-7.433889,62.123604],[-7.434445,62.127777],[-7.435,62.140274],[-7.433612,62.143608],[-7.42639,62.144722000000115],[-7.231112,62.159996],[-7.223333,62.159439000000134],[-7.163073,62.128815],[-7.056111,62.09861],[-7.045,62.094444],[-7.041389,62.091385],[-7.040278,62.087776],[-7.041112,62.08305400000012],[-7.049723,62.067772000000105]]],[[[-6.706944,61.937492000000134],[-6.717778,61.93332700000013],[-6.725278,61.934441000000106],[-6.773056,61.949997],[-6.869167,61.99749800000012],[-6.961112,62.046661],[-7.034582,62.11211],[-7.130308,62.125599],[-7.232223,62.172493],[-7.234723,62.175827],[-7.235001,62.179993],[-7.233612,62.193329],[-7.232779,62.198051000000135],[-7.210834,62.284721000000104],[-7.195556,62.304718],[-7.192223,62.3077770000001],[-7.135,62.303886],[-7.128056,62.302216],[-7.087501,62.290833],[-7.070556,62.284721000000104],[-7.065834,62.282219],[-7.0625,62.27916],[-7.057501,62.272499],[-7.052222,62.2575],[-7.045,62.243332],[-7.0425,62.239998],[-7.036667,62.23360400000013],[-6.990834,62.193054],[-6.973889,62.182495],[-6.945834,62.168053],[-6.916389,62.153885000000116],[-6.84139,62.124443],[-6.735001,62.04361],[-6.724723,62.034996],[-6.718889,62.02861],[-6.696389,61.979439],[-6.696112,61.97527300000013],[-6.7025,61.940277],[-6.706944,61.937492000000134]]],[[[-6.620001,62.229721],[-6.623611,62.226662],[-6.632223,62.227493],[-6.658056,62.234444],[-6.68139,62.242493],[-6.685834,62.24499500000013],[-6.711667,62.293884000000105],[-6.720834,62.331383],[-6.632223,62.259163],[-6.625556,62.253326],[-6.620278,62.238052],[-6.619167,62.234444],[-6.620001,62.229721]]],[[[-6.6575,62.092499],[-6.6575,62.055832],[-6.669723,62.058609000000104],[-6.752778,62.092773],[-6.921945,62.167221],[-6.948056,62.182495],[-6.964168,62.193329],[-7.011111,62.226387],[-7.025001,62.237778],[-7.029445,62.244438],[-7.0625,62.29583000000014],[-7.060278,62.31360600000011],[-6.958056,62.339165],[-6.950278,62.338051],[-6.938056,62.33416000000011],[-6.807222,62.290276],[-6.735001,62.259995],[-6.601111,62.196938],[-6.597778,62.19416],[-6.588056,62.134163000000115],[-6.649723,62.102493],[-6.654167,62.099716000000114],[-6.656945,62.096107],[-6.6575,62.092499]]],[[[-6.418612,62.183884],[-6.518056,62.168884],[-6.527223,62.173882],[-6.555556,62.196938],[-6.5725,62.2116620000001],[-6.581944,62.224998],[-6.588056,62.239716],[-6.550858,62.250984],[-6.548974,62.3009],[-6.574403,62.349876],[-6.541667,62.357498],[-6.536667,62.342499],[-6.522223,62.318054],[-6.492778,62.291382],[-6.48889,62.28833],[-6.43,62.268883],[-6.397779,62.259995],[-6.392222,62.258049],[-6.388889,62.254997],[-6.388612,62.250832],[-6.389723,62.246109000000104],[-6.407223,62.19166600000011],[-6.408611,62.188606],[-6.412223,62.185272],[-6.418612,62.183884]]],[[[-6.585834,62.256386],[-6.595,62.256104],[-6.608334,62.2586060000001],[-6.613056,62.261108],[-6.620001,62.266937],[-6.664445,62.322495],[-6.668056,62.32972],[-6.668334,62.333885],[-6.666667,62.347221],[-6.665833,62.351944],[-6.660833,62.372498],[-6.654723,62.374161],[-6.645834,62.374161],[-6.638056,62.373055],[-6.632223,62.370827],[-6.573611,62.306389],[-6.566389,62.296387],[-6.561389,62.28138700000011],[-6.561111,62.276939],[-6.561667,62.273331],[-6.565556,62.265274],[-6.5725,62.25888800000013],[-6.585834,62.256386]]],[[[-6.406112,62.284439],[-6.415001,62.284439],[-6.422778,62.285553],[-6.480278,62.297775],[-6.488611,62.307495],[-6.546945,62.383606],[-6.545279,62.38694],[-6.530834,62.394165],[-6.525278,62.396111],[-6.519167,62.396942],[-6.498334,62.386383],[-6.489167,62.381386000000134],[-6.391667,62.296944],[-6.406112,62.284439]]]]}},{"type":"Feature","properties":{"NAME":null,"ABBREVN":null,"INFO_UR":null,"SUBJECTO":null,"BORDERPRECISION":1,"PARTOF":null},"geometry":{"type":"MultiPolygon","coordinates":[[[[-4.777779,54.05555],[-4.78389,54.056938],[-4.7875,54.059441],[-4.788611,54.063049],[-4.788611,54.067215],[-4.713889,54.214439],[-4.710279,54.217216],[-4.69889,54.219162],[-4.645834,54.238052],[-4.641389,54.239998],[-4.625,54.248886],[-4.618056,54.254166],[-4.601945,54.267776],[-4.595834,54.273888],[-4.588056,54.283607],[-4.578056,54.296944],[-4.554723,54.331108],[-4.553334,54.335274],[-4.552778,54.343887],[-4.541389,54.35611],[-4.5275,54.367218],[-4.485001,54.387215],[-4.443056,54.398048],[-4.368056,54.416664],[-4.360278,54.416107],[-4.354167,54.410828],[-4.352778,54.409164],[-4.308333,54.300552],[-4.307501,54.296944],[-4.309445,54.293327],[-4.321667,54.276665],[-4.386111,54.195549],[-4.394444,54.186386],[-4.470556,54.137497],[-4.491112,54.126663],[-4.550556,54.097771],[-4.623889,54.068604],[-4.684445,54.076942],[-4.690556,54.078331],[-4.704722,54.07972],[-4.720834,54.076111],[-4.777779,54.05555]]]]}},{"type":"Feature","properties":{"NAME":null,"ABBREVN":null,"INFO_UR":null,"SUBJECTO":null,"BORDERPRECISION":1,"PARTOF":null},"geometry":{"type":"MultiPolygon","coordinates":[[[[129.715515,28.451107],[129.718292,28.441383],[129.718292,28.435551],[129.717194,28.429161000000136],[129.707733,28.424164],[129.66275,28.404163],[129.64971900000012,28.404163],[129.621613,28.397495],[129.584412,28.369995],[129.511932,28.294998],[129.465515,28.211384],[129.380524,28.117775],[129.37551900000017,28.115273],[129.368561,28.116108],[129.157745,28.234993],[129.143585,28.250275],[129.143036,28.254719],[129.25665300000014,28.320831],[129.32663,28.352219],[129.574982,28.461662],[129.621613,28.476940000000127],[129.620239,28.454441],[129.61911,28.44833],[129.66748,28.476940000000127],[129.69046,28.497719],[129.696075,28.491383],[129.704407,28.478607],[129.715515,28.451107]]]]}},{"type":"Feature","properties":{"NAME":null,"ABBREVN":null,"INFO_UR":null,"SUBJECTO":null,"BORDERPRECISION":1,"PARTOF":null},"geometry":{"type":"MultiPolygon","coordinates":[[[[129.963013,29.957218000000125],[129.956909,29.95638300000013],[129.950806,29.957771],[129.93524200000013,29.966938],[129.92746,29.974438],[129.92358400000012,29.983883],[129.92358400000012,29.989716],[129.924683,29.995827],[129.9285890000001,30],[129.933868,30.00166300000012],[129.94165,30],[129.949402,29.991928],[129.967194,29.974163],[129.971069,29.964718],[129.968018,29.959717000000126],[129.963013,29.957218000000125]]]]}},{"type":"Feature","properties":{"NAME":null,"ABBREVN":null,"INFO_UR":null,"SUBJECTO":null,"BORDERPRECISION":1,"PARTOF":null},"geometry":{"type":"MultiPolygon","coordinates":[[[[129.89636200000018,29.87416500000012],[129.90219100000013,29.865551],[129.906921,29.856663],[129.923309,29.824997],[129.92190600000015,29.819717],[129.916382,29.818054],[129.888885,29.825554],[129.877167,29.83083],[129.87219200000015,29.834164],[129.854675,29.848053],[129.851898,29.852219000000105],[129.853027,29.858608],[129.858582,29.869442],[129.862732,29.873051],[129.876099,29.872250000000122],[129.87912,29.874439],[129.89053300000012,29.876942],[129.89636200000018,29.87416500000012]]]]}},{"type":"Feature","properties":{"NAME":null,"ABBREVN":null,"INFO_UR":null,"SUBJECTO":null,"BORDERPRECISION":1,"PARTOF":null},"geometry":{"type":"MultiPolygon","coordinates":[[[[130.906097,30.354717000000107],[130.89886500000011,30.353607],[130.87912,30.354996],[130.87246700000014,30.363052],[130.870789,30.367775],[130.862457,30.403606],[130.861633,30.40888600000011],[130.861633,30.414719000000105],[130.863007,30.438049],[130.866364,30.45694],[130.869415,30.469715],[130.877441,30.477219],[130.883026,30.478882],[130.886932,30.483051],[130.904144,30.506664],[130.93109100000015,30.544998],[130.94720500000017,30.570274],[130.951904,30.583054],[130.955231,30.595829],[130.954132,30.601109000000122],[130.947754,30.62638500000014],[130.943024,30.670830000000137],[130.943024,30.676662],[130.945251,30.683331000000123],[131.0083310000001,30.789440000000127],[131.039703,30.831108],[131.04858400000012,30.837776],[131.053589,30.840275],[131.06024200000013,30.838051],[131.065247,30.834721],[131.069122,30.831108],[131.071899,30.826675],[131.084686,30.805832],[131.08551,30.800552],[131.082733,30.747772],[131.07663,30.701385],[131.074402,30.689163],[131.05523700000015,30.632774],[130.9696960000001,30.390553],[130.906097,30.354717000000107]]]]}},{"type":"Feature","properties":{"NAME":null,"ABBREVN":null,"INFO_UR":null,"SUBJECTO":null,"BORDERPRECISION":1,"PARTOF":null},"geometry":{"type":"MultiPolygon","coordinates":[[[[130.558594,30.236382000000106],[130.526093,30.235828],[130.518585,30.23666],[130.489136,30.241104],[130.451904,30.247494],[130.445251,30.249718],[130.440247,30.252777],[130.389435,30.34721800000011],[130.387482,30.35194],[130.383881,30.367218],[130.381897,30.377495],[130.380249,30.38805],[130.382721,30.393887],[130.387207,30.397217],[130.473846,30.454994],[130.483582,30.459995000000106],[130.489685,30.460827],[130.510803,30.458885000000123],[130.519714,30.451939],[130.523529,30.443096],[130.542755,30.44305],[130.549988,30.44194],[130.592468,30.4247170000001],[130.633331,30.405273000000136],[130.64303600000017,30.398884],[130.666382,30.381939],[130.669983,30.37833],[130.671906,30.373329000000126],[130.670807,30.367218],[130.66137700000013,30.324718],[130.65664700000013,30.304165],[130.649414,30.28777700000012],[130.645538,30.283607],[130.604401,30.246941],[130.599976,30.243607],[130.59442100000012,30.24194],[130.564697,30.2372170000001],[130.558594,30.236382000000106]]]]}},{"type":"Feature","properties":{"NAME":null,"ABBREVN":null,"INFO_UR":null,"SUBJECTO":null,"BORDERPRECISION":1,"PARTOF":null},"geometry":{"type":"MultiPolygon","coordinates":[[[[121.734711,25.138885],[121.788597,25.126583],[121.881653,25.114719],[121.999153,25.01083],[122.002213,25.006943],[122.001099,25.000275],[121.99720800000011,24.99666200000013],[121.992752,24.993885],[121.978317,24.986938],[121.96951300000012,24.985033],[121.947197,24.976383],[121.913879,24.959995],[121.882477,24.93277400000011],[121.878593,24.929161000000136],[121.828323,24.86694],[121.819443,24.85277600000012],[121.81694000000016,24.847775],[121.813873,24.834995],[121.805252,24.789997],[121.799713,24.756664],[121.800812,24.74527400000011],[121.817207,24.637218],[121.819992,24.626942],[121.82222,24.622498],[121.828323,24.614441],[121.843597,24.606384],[121.84942600000011,24.59222],[121.853317,24.56361],[121.853043,24.533607],[121.839706,24.476383000000112],[121.8311000000001,24.470829],[121.81667300000015,24.463882],[121.8035890000001,24.455551],[121.79609700000015,24.44833],[121.780548,24.426384],[121.77665700000011,24.414162],[121.75943,24.335274],[121.759163,24.328884],[121.76053600000012,24.323887],[121.772491,24.301661],[121.75305200000014,24.292774],[121.74498000000017,24.286385],[121.67608600000017,24.204994],[121.659416,24.184719],[121.60748300000012,24.085831],[121.60498,24.080551],[121.60192900000015,24.060829],[121.603317,24.055832],[121.609154,24.041664],[121.616089,24.034164],[121.611366,23.98333],[121.596367,23.899998],[121.536926,23.70138500000013],[121.496368,23.485271000000125],[121.476326,23.422417],[121.47580700000015,23.414719000000105],[121.473312,23.401108000000136],[121.453049,23.327221],[121.355553,23.087498],[121.25916300000017,22.899998],[121.168053,22.762497],[121.137497,22.735271],[121.12886,22.72805],[121.119141,22.724716],[121.108322,22.72221800000011],[121.079437,22.70916],[121.030273,22.656384],[121.014427,22.634995],[120.969711,22.568329],[120.955551,22.535831],[120.878593,22.341385000000116],[120.873306,22.323608],[120.872208,22.316666],[120.871368,22.291943],[120.873032,22.274998],[120.879425,22.23256300000014],[120.88472,22.098053],[120.88247700000011,22.039440000000127],[120.880257,22.034443],[120.824158,21.927773000000116],[120.722763,21.927773000000116],[120.716377,21.928051],[120.71138,21.930828],[120.70665,21.933605],[120.6997070000001,21.94083],[120.698318,21.945827],[120.68637100000012,22.053608],[120.69303900000011,22.104443],[120.691093,22.115273000000116],[120.677757,22.17194],[120.674988,22.181938],[120.629433,22.277496],[120.620529,22.295277],[120.61026,22.3127750000001],[120.5761030000001,22.362217],[120.573036,22.366108],[120.553307,22.382774],[120.505547,22.422497],[120.488586,22.429161],[120.481369,22.429996],[120.47580700000015,22.432217],[120.44470200000012,22.453327000000115],[120.429153,22.466938],[120.42302700000016,22.474716],[120.416901,22.482502],[120.392761,22.478329],[120.386108,22.478607],[120.38192700000013,22.480549],[120.37719700000014,22.483330000000137],[120.34554300000013,22.503887],[120.34166000000016,22.507221],[120.328598,22.519444],[120.307083,22.540436],[120.30255100000011,22.550632],[120.300339,22.557865],[120.30525200000011,22.549999],[120.30664100000013,22.544998],[120.32388300000014,22.526386000000116],[120.330887,22.521172],[120.332764,22.525829],[120.329987,22.53611],[120.32193,22.554443],[120.312759,22.572498],[120.296097,22.596941],[120.27137800000014,22.610275],[120.266388,22.613052],[120.26249700000017,22.616386],[120.253326,22.628052],[120.244713,22.640274],[120.24025700000016,22.649441],[120.238586,22.660828],[120.251099,22.677494000000138],[120.252213,22.684441000000106],[120.25166300000012,22.689995000000124],[120.228676,22.736725],[120.206383,22.773331],[120.199707,22.786942],[120.17276,22.881664],[120.16748,22.908045],[120.163879,22.953606],[120.135536,23.02277400000014],[120.1077580000001,23.01361100000014],[120.06442300000015,23.034996],[120.05581700000016,23.041107],[120.05275700000016,23.044998],[120.05137600000012,23.050274],[120.049149,23.060829],[120.053307,23.071941],[120.056931,23.075829],[120.06749,23.079163],[120.086929,23.079163],[120.09554300000013,23.084721],[120.099152,23.088329],[120.09999100000016,23.093887],[120.09387200000015,23.124718000000144],[120.09166,23.129162],[120.087769,23.132496000000117],[120.08194000000015,23.13472000000013],[120.067207,23.136662],[120.062477,23.139439],[120.058594,23.142773],[120.05609100000015,23.147217000000126],[120.055542,23.153049],[120.05748,23.158886],[120.083328,23.22805000000011],[120.099716,23.266941],[120.109711,23.286942000000124],[120.129997,23.31749900000011],[120.141098,23.319996],[120.145264,23.322773],[120.148331,23.327221],[120.14804100000015,23.391941],[120.147491,23.397495],[120.13472,23.466106],[120.12886,23.493328],[120.12516800000014,23.508759],[120.12387100000012,23.514164000000108],[120.11554,23.568886],[120.111099,23.613884],[120.111366,23.620274],[120.11554,23.631386],[120.1933140000001,23.781109],[120.196373,23.785553],[120.221916,23.819443],[120.2397,23.829998],[120.278702,23.889069],[120.283867,23.898331],[120.31247700000017,23.953327],[120.363037,24.048332],[120.42109700000015,24.141106],[120.4272,24.149998],[120.471909,24.193045],[120.476379,24.210274],[120.50804100000016,24.286663],[120.510536,24.291943],[120.544983,24.3622170000001],[120.558868,24.385273],[120.571663,24.40221800000012],[120.578598,24.410275],[120.594437,24.427988],[120.62859300000014,24.463608],[120.642761,24.47916],[120.650543,24.493885],[120.65664700000013,24.511108],[120.665817,24.533054],[120.694702,24.59638600000011],[120.697746,24.60083],[120.751389,24.647495],[120.86026,24.737495],[120.8647,24.740551],[120.871597,24.73999],[120.90332000000012,24.836662],[120.921097,24.875828],[120.951393,24.92332800000014],[120.958702,24.933046],[121.00166300000012,25.001663],[121.00916300000017,25.008888],[121.058319,25.047218],[121.062759,25.049999],[121.19470200000012,25.109997000000135],[121.223602,25.115551],[121.275871,25.118906],[121.310532,25.126106],[121.338593,25.132496],[121.363037,25.14333],[121.371918,25.149162],[121.375526,25.152775],[121.384987,25.157497],[121.390549,25.15888600000011],[121.396942,25.159161],[121.409416,25.155273000000136],[121.4180530000001,25.149162],[121.441109,25.129103],[121.444122,25.134743],[121.396942,25.176105],[121.394707,25.18055],[121.39498900000012,25.186939],[121.398041,25.191105],[121.435257,25.236660000000143],[121.44274900000016,25.243885],[121.476089,25.26888700000012],[121.4805530000001,25.271942],[121.512497,25.281666],[121.51805100000013,25.282776],[121.559418,25.284164],[121.56694,25.283054],[121.583328,25.275829],[121.598038,25.26722],[121.606934,25.26083],[121.610809,25.2575],[121.616928,25.249439],[121.636658,25.214439],[121.68127400000014,25.168667],[121.734711,25.138885]]]]}},{"type":"Feature","properties":{"NAME":null,"ABBREVN":null,"INFO_UR":null,"SUBJECTO":null,"BORDERPRECISION":1,"PARTOF":null},"geometry":{"type":"MultiPolygon","coordinates":[[[[128.900818,32.643051],[128.741913,32.589157],[128.66998300000012,32.599716000000114],[128.638306,32.60527],[128.610229,32.61166400000013],[128.60107400000015,32.618599],[128.615784,32.655266],[128.618561,32.661102],[128.622192,32.665268],[128.652405,32.696640000000116],[128.64749100000017,32.711937],[128.64749100000017,32.755829],[128.64831500000014,32.771378],[128.649414,32.777771],[128.660797,32.781937],[128.78665200000012,32.791382],[128.813293,32.792496],[128.844116,32.751663],[128.88610800000015,32.686104],[128.900269,32.653046],[128.902191,32.648331],[128.900818,32.643051]]]]}},{"type":"Feature","properties":{"NAME":null,"ABBREVN":null,"INFO_UR":null,"SUBJECTO":null,"BORDERPRECISION":1,"PARTOF":null},"geometry":{"type":"MultiPolygon","coordinates":[[[[126.622208,33.23999],[126.599426,33.23333000000014],[126.586929,33.231377],[126.508614,33.223602],[126.48248300000012,33.221375],[126.47608900000012,33.22248800000011],[126.445534,33.229431],[126.424698,33.234718],[126.416931,33.23555],[126.34055300000011,33.227211],[126.330833,33.225548],[126.314697,33.21915400000012],[126.30970800000011,33.216385],[126.301086,33.209435],[126.297211,33.205269],[126.290543,33.195541],[126.285812,33.193047],[126.27388,33.190269],[126.26638800000012,33.190826],[126.261108,33.193878],[126.226929,33.216385],[126.20720700000015,33.229431],[126.18609600000013,33.24749],[126.170532,33.262497],[126.157761,33.278877000000136],[126.15525800000012,33.289436],[126.158333,33.314713],[126.176376,33.344154],[126.183594,33.352776],[126.270264,33.422768],[126.312477,33.450272],[126.31749,33.452774],[126.372208,33.47304500000013],[126.378036,33.47470900000013],[126.633614,33.531662],[126.695824,33.539993],[126.793053,33.550827],[126.813026,33.55193300000013],[126.821381,33.550545],[126.827477,33.547775],[126.835823,33.54055000000011],[126.839661,33.536369],[126.890823,33.525269],[126.898041,33.52332300000012],[126.941093,33.45388],[126.936653,33.424438],[126.918869,33.392769],[126.915817,33.387772],[126.908333,33.379158],[126.847488,33.311661],[126.843048,33.308327],[126.76470900000015,33.282768],[126.725273,33.270271],[126.622208,33.23999]]],[[[126.765549,34.280823],[126.7391510000001,34.278603],[126.731369,34.279160000000104],[126.70082100000013,34.284164],[126.695534,34.287216],[126.65138200000013,34.316101],[126.648041,34.320274],[126.64582800000017,34.324997],[126.649147,34.349998],[126.654709,34.370544],[126.65776100000016,34.375549],[126.663879,34.382492],[126.668869,34.384995],[126.687187,34.388885],[126.694138,34.38916],[126.701393,34.38694],[126.713882,34.37832600000013],[126.73082,34.363884],[126.77082800000017,34.296387],[126.77498600000013,34.286942],[126.771927,34.281937],[126.765549,34.280823]]],[[[127.213608,34.418884],[127.160538,34.414436],[127.145828,34.414993],[127.133614,34.420273],[127.11580700000013,34.434433000000126],[127.111366,34.460274],[127.1141510000001,34.463882000000126],[127.12580900000012,34.471657],[127.13165300000014,34.473602],[127.199142,34.485268],[127.213043,34.48555],[127.222717,34.483627000000126],[127.239433,34.4741590000001],[127.24359100000015,34.470543],[127.245819,34.465828],[127.244141,34.453323],[127.241653,34.447212],[127.232758,34.43110700000011],[127.22886700000015,34.426659],[127.219437,34.420547],[127.213608,34.418884]]],[[[127.790817,34.47637900000012],[127.785538,34.473877],[127.780823,34.47470900000013],[127.758331,34.487495],[127.716087,34.517212],[127.713043,34.521378],[127.711929,34.526657],[127.71582,34.530823],[127.741364,34.538887],[127.751099,34.54193900000013],[127.764427,34.540833],[127.77082800000017,34.53833],[127.776321,34.533669],[127.78637700000013,34.519440000000145],[127.798317,34.490829],[127.798317,34.484993000000145],[127.795258,34.47971300000012],[127.790817,34.47637900000012]]],[[[126.186653,34.351387],[126.17970300000013,34.35110500000013],[126.171921,34.35193600000014],[126.150269,34.354439],[126.1436000000001,34.3555530000001],[126.112488,34.378876],[126.10608700000012,34.387215],[126.101646,34.39666000000011],[126.099152,34.406937],[126.098877,34.412766],[126.09971600000017,34.419159],[126.10192900000015,34.424995],[126.23887600000012,34.569992],[126.243317,34.573326],[126.253326,34.573051],[126.27332300000012,34.56582600000013],[126.29831700000011,34.555824],[126.33499100000017,34.539993],[126.376923,34.498878],[126.380257,34.494713],[126.38111900000013,34.491653],[126.383331,34.483879],[126.383614,34.478325],[126.382751,34.471931],[126.36775200000011,34.441658],[126.346939,34.40470900000014],[126.342484,34.401382],[126.261932,34.37137600000011],[126.25637800000015,34.369713],[126.199142,34.353325],[126.186653,34.351387]]],[[[127.803864,34.575554],[127.799713,34.57222],[127.793053,34.573326],[127.78665200000012,34.576103],[127.758614,34.5908280000001],[127.74832200000014,34.596939000000134],[127.739967,34.604439],[127.73664900000017,34.608604],[127.734421,34.613327],[127.733322,34.61859900000013],[127.73304700000017,34.635826],[127.736923,34.639992],[127.76805100000013,34.66415400000011],[127.794144,34.661377],[127.81218700000011,34.64138800000012],[127.81275900000014,34.621933000000126],[127.806641,34.5816650000001],[127.803864,34.575554]]],[[[125.991364,34.668053],[125.971916,34.647217000000126],[125.96360800000014,34.648605],[125.92637600000012,34.668884],[125.91776300000015,34.676102],[125.915543,34.680824],[125.91442900000015,34.685822],[125.914993,34.692215],[125.9180530000001,34.69748700000014],[125.92330900000013,34.699997],[125.9561000000001,34.712769],[125.981369,34.716934],[125.99379,34.707802],[126.003052,34.700272],[126.006378,34.696098],[126.008614,34.691376],[126.006104,34.685547],[126.002487,34.681107],[125.991364,34.668053]]],[[[125.993042,34.791939],[126.000549,34.789993],[126.0008160000001,34.791939],[126.003883,34.789993],[126.006378,34.785271],[126.003052,34.773048],[126.005257,34.768326000000116],[126.008614,34.76416],[126.009163,34.759995],[126.00332600000013,34.75804900000014],[125.995819,34.758606],[125.988312,34.760551],[125.983597,34.75804900000014],[125.98027000000013,34.752777],[125.97387700000013,34.751938],[125.966927,34.75444],[125.951103,34.756660000000124],[125.945251,34.754715],[125.94081100000017,34.751106],[125.93830900000012,34.74527],[125.939148,34.728043],[125.93609600000013,34.722763],[125.932213,34.718323],[125.911926,34.716934],[125.90442700000017,34.717766],[125.890549,34.728043],[125.88832100000013,34.732491],[125.888893,34.738884],[125.892212,34.751106],[125.893883,34.763885],[125.898041,34.767212],[125.908333,34.772766],[125.915268,34.772766],[125.921654,34.77388000000013],[125.944427,34.771935],[125.95082100000013,34.773048],[125.955833,34.775826],[125.97360200000014,34.789719],[125.9791560000001,34.791664],[125.985527,34.79249600000014],[125.993042,34.791939]]],[[[128.085785,34.830276],[128.08081100000015,34.827774],[128.013306,34.832771],[127.99720800000011,34.835266000000104],[127.989967,34.837212000000136],[127.97971300000017,34.84360500000014],[127.973312,34.851936],[127.97415200000012,34.85833],[127.976929,34.864159],[128.007751,34.907768],[128.017212,34.913879],[128.024139,34.913879],[128.03137200000015,34.911659],[128.035797,34.908043],[128.065765,34.878525],[128.075806,34.873878],[128.078857,34.869713],[128.085785,34.830276]]],[[[126.063599,34.854439],[126.04248,34.85388200000011],[125.993042,34.85833],[125.986923,34.860825],[125.983597,34.864998],[125.98526000000015,34.868324],[126.002213,34.890274],[126.057747,34.925552],[126.06275900000014,34.928329],[126.069992,34.92610200000013],[126.075272,34.92305],[126.076637,34.921349000000134],[126.094437,34.909714],[126.09108700000013,34.890274],[126.089706,34.88499500000012],[126.082207,34.866936],[126.078598,34.862495],[126.074158,34.859161],[126.063599,34.854439]]],[[[127.9561,34.800827],[127.962196,34.798332],[127.968048,34.79999500000014],[127.990257,34.817215],[128.00192300000015,34.820831],[128.032471,34.817772],[128.055542,34.813324],[128.0691220000001,34.80832700000013],[128.07330300000012,34.80471],[128.075531,34.79999500000014],[128.062469,34.706383],[128.060791,34.701103],[128.056641,34.69748700000014],[128.044434,34.69499200000013],[127.984993,34.696938],[127.97720300000015,34.697769],[127.888603,34.710548],[127.88025700000014,34.712212],[127.860527,34.719711],[127.85720800000013,34.723877],[127.852768,34.738884],[127.82222000000013,34.843048],[127.826927,34.855827],[127.836929,34.879715],[127.867752,34.917496],[127.87552600000015,34.92610200000013],[127.879967,34.92943600000012],[127.885818,34.931107],[127.898613,34.933052],[127.915268,34.929993],[127.92137100000014,34.9272160000001],[127.926651,34.924164],[127.93081700000016,34.920547],[127.933868,34.91610000000014],[127.93609600000013,34.911377],[127.937714,34.901924],[127.909714,34.874161],[127.90664700000013,34.869156],[127.909149,34.84721400000012],[127.910263,34.841934],[127.916382,34.832771],[127.9561,34.800827]]],[[[128.754425,34.87693800000011],[128.743011,34.788048],[128.741913,34.781662],[128.68551600000012,34.724159],[128.67996200000016,34.722214],[128.641937,34.70916],[128.636108,34.707214],[128.612457,34.701103],[128.594116,34.697769],[128.58828700000015,34.699432000000115],[128.58523600000012,34.70388],[128.60107400000015,34.760277],[128.604126,34.80915800000014],[128.60080000000016,34.830551],[128.597748,34.834991],[128.591919,34.836655],[128.55218500000012,34.823608],[128.53970300000015,34.81610100000012],[128.53579700000012,34.811935],[128.526093,34.80582400000014],[128.521088,34.80915800000014],[128.49801600000012,34.832214000000135],[128.494965,34.83638],[128.490509,34.845825000000104],[128.488556,34.856384],[128.490509,34.868881],[128.494415,34.880272000000105],[128.501923,34.887497],[128.507202,34.889992],[128.641083,34.95249200000012],[128.663605,34.960274],[128.71109000000013,34.976654],[128.72821,34.943047],[128.72995,34.942215],[128.735229,34.933327],[128.754425,34.882767],[128.754425,34.87693800000011]]],[[[126.10608700000012,35.046944],[126.09971600000017,35.04583],[126.093048,35.047218],[126.059418,35.055267],[126.05609100000015,35.059433],[126.058319,35.08387800000014],[126.0599820000001,35.090828],[126.063873,35.094994],[126.068047,35.09860200000014],[126.11747700000012,35.130547],[126.1372070000001,35.14222000000012],[126.14888,35.145828],[126.155823,35.146103],[126.162201,35.143326000000116],[126.14971900000012,35.133331],[126.146942,35.132523],[126.14444000000015,35.08027600000014],[126.11554000000012,35.053047],[126.10608700000012,35.046944]]],[[[126.428307,36.399719],[126.42109700000015,36.399437],[126.382202,36.40277100000014],[126.375259,36.403877000000136],[126.36554,36.41054500000013],[126.338318,36.434158],[126.33582300000012,36.438599],[126.32527200000015,36.559715],[126.32499700000017,36.565544],[126.32747700000016,36.571663],[126.334427,36.581108],[126.341927,36.588326],[126.346939,36.591103],[126.352768,36.592766],[126.359993,36.593048],[126.376373,36.590828],[126.378593,36.586105],[126.433868,36.41082],[126.431931,36.403877000000136],[126.428307,36.399719]]],[[[126.16943400000014,36.82582900000011],[126.163597,36.82416500000011],[126.159149,36.827774],[126.15804300000013,36.833054],[126.16110200000014,36.838043],[126.166931,36.839989],[126.172447,36.836838],[126.173866,36.829437],[126.16943400000014,36.82582900000011]]],[[[130.887482,37.453323],[130.875519,37.449997],[130.868561,37.450829],[130.81884800000012,37.467766],[130.815796,37.471931],[130.811646,37.481377],[130.80581700000016,37.507217],[130.80581700000016,37.513054],[130.807465,37.518326000000116],[130.838562,37.529991],[130.844696,37.53138],[130.912201,37.545547],[130.919434,37.545273],[130.924133,37.51915700000012],[130.9220580000001,37.515266],[130.922485,37.48193400000014],[130.920807,37.476654],[130.887482,37.453323]]],[[[126.501389,37.594437],[126.448593,37.59221600000012],[126.418869,37.59249100000011],[126.4102630000001,37.59388000000013],[126.397491,37.598877],[126.38638300000014,37.60527],[126.381927,37.608887],[126.375259,37.61721],[126.373032,37.621658],[126.371918,37.62693800000011],[126.364151,37.720268],[126.36665300000016,37.784721],[126.368042,37.790276],[126.396942,37.816666],[126.400543,37.818886],[126.420258,37.821938],[126.42804,37.8211060000001],[126.433594,37.818054],[126.438026,37.81443800000011],[126.443604,37.806343],[126.495247,37.77971600000012],[126.500549,37.776657],[126.51053600000012,37.769989],[126.513893,37.765831],[126.516098,37.761108],[126.517212,37.755829],[126.539429,37.627769000000114],[126.513893,37.59721400000012],[126.501389,37.594437]]],[[[124.695534,37.9161],[124.651932,37.914436],[124.643333,37.915825],[124.63665800000012,37.918327],[124.63304100000016,37.922493],[124.613312,37.947487],[124.609711,37.957214000000135],[124.615257,37.968597],[124.62387100000012,37.9741590000001],[124.688873,37.982491],[124.709991,37.984161],[124.718048,37.983604],[124.72554000000014,37.981659],[124.72554000000014,37.97804300000013],[124.73165900000015,37.97637900000012],[124.743042,37.964714],[124.745529,37.959991],[124.746643,37.954712],[124.74359100000015,37.949715],[124.7391510000001,37.946098],[124.701393,37.918053],[124.695534,37.9161]]],[[[128.532471,38.330551],[128.625793,38.14444],[128.63443,38.125549],[128.637756,38.121376],[128.641083,38.11721],[128.858002,37.859436],[128.863281,37.856102],[128.878296,37.85193600000014],[128.88272100000017,37.848045],[128.998566,37.736107],[129.010529,37.724434],[129.049988,37.685822],[129.063019,37.668884000000105],[129.063019,37.657494],[129.059967,37.638603],[129.066376,37.62443500000012],[129.136108,37.525551],[129.18969700000014,37.46471400000013],[129.258881,37.371376],[129.342468,37.257217],[129.3530270000001,37.23360400000013],[129.354126,37.228325],[129.362488,37.150024],[129.365784,37.14694200000014],[129.37634300000013,37.134995],[129.429413,37.068329],[129.433594,37.058884],[129.43191500000012,37.053322],[129.428589,37.048332],[129.423859,37.044998000000135],[129.417206,37.034721],[129.414978,37.02804600000013],[129.413879,37.02166],[129.413879,37.016106],[129.416077,36.942215],[129.423584,36.899994000000106],[129.427765,36.878876],[129.43081700000016,36.8688810000001],[129.453857,36.816101],[129.459137,36.807213000000104],[129.46856700000012,36.7888870000001],[129.474976,36.774437],[129.474976,36.768883],[129.47302200000013,36.710274],[129.471619,36.69249],[129.4696960000001,36.685822],[129.466919,36.679718],[129.462189,36.676384],[129.451904,36.671379],[129.44247400000017,36.664711],[129.438568,36.66027100000014],[129.422211,36.634163],[129.41775500000017,36.622765],[129.416931,36.616661000000136],[129.41885400000012,36.583054],[129.41998300000012,36.577774],[129.423035,36.567772],[129.427185,36.55832700000013],[129.43692,36.54583000000014],[129.441071,36.53611],[129.450531,36.506386],[129.450531,36.500549],[129.439148,36.40638000000013],[129.438019,36.400269],[129.435242,36.394157],[129.41803,36.369713],[129.405823,36.357216],[129.390533,36.33940100000012],[129.385254,36.327461],[129.38192700000013,36.3144],[129.38192700000013,36.308563],[129.386902,36.036018],[129.38885500000015,36.025742],[129.394104,36.016579],[129.398285,36.01296200000013],[129.419037,36.000481],[129.425537,35.997215],[129.449982,35.99305],[129.457184,35.99305],[129.463013,35.994713000000104],[129.471832,36],[129.481628,36.008003],[129.490265,36.015747],[129.528137,36.05104100000011],[129.551147,36.077103000000136],[129.557251,36.078773000000126],[129.5644840000001,36.076553000000104],[129.573914,36.064041],[129.585297,36.034866],[129.588348,36.01931000000013],[129.588348,36.007645],[129.586914,35.999596],[129.583862,35.988884],[129.486633,35.683327],[129.464752,35.644608],[129.47329700000012,35.60277600000012],[129.47525,35.592216],[129.474396,35.580276],[129.469421,35.55027],[129.46637,35.537216000000114],[129.43942300000015,35.475822],[129.347473,35.344994],[129.342194,35.342491],[129.281097,35.30082700000014],[129.277771,35.29583],[129.241638,35.208885],[129.237488,35.18990300000013],[129.174683,35.146942],[129.136932,35.11221300000011],[128.978577,35.084991],[128.973907,35.134827],[128.929413,35.094154],[128.924988,35.090828],[128.919128,35.089157000000114],[128.810516,35.08416],[128.73495500000013,35.092766],[128.7105100000001,35.10110500000013],[128.619965,35.148605],[128.611359,35.173325],[128.57275400000015,35.169991],[128.386108,35.042221],[128.3780210000001,35.03611],[128.371063,35.0094380000001],[128.372467,35.004715],[128.379395,35.004715],[128.391083,35.008331],[128.396088,35.010826],[128.405243,35.017769],[128.407196,35.024437],[128.410522,35.02971600000012],[128.415527,35.03221100000013],[128.465515,35.05027],[128.477173,35.05387900000011],[128.483307,35.051102],[128.487457,35.047493],[128.501373,35.008331],[128.4699710000001,34.88582600000012],[128.463013,34.868599],[128.451904,34.845543],[128.445801,34.838882000000126],[128.434967,34.834717000000126],[128.408875,34.83194],[128.40304600000013,34.833603],[128.3355100000001,34.871376],[128.346344,34.899994],[128.356628,34.905266],[128.356079,34.909714],[128.35107400000015,34.9313810000001],[128.34079,34.943604],[128.329132,34.949432],[128.22775300000012,34.934158],[128.216064,34.93055],[128.21109,34.928047000000106],[128.207733,34.92276800000013],[128.208862,34.911934],[128.208008,34.899719],[128.206635,34.894440000000145],[128.203857,34.88832900000011],[128.17636100000016,34.889435000000105],[128.154144,34.894440000000145],[128.072754,34.921661],[128.06665,34.92443800000012],[128.05609100000015,34.930824],[128.050262,34.937492],[128.048035,34.942215],[128.046936,34.947487],[128.0205380000001,34.986382],[127.909416,34.955269],[127.893883,34.947487],[127.883041,34.943047],[127.86387600000012,34.940269],[127.830833,34.946655],[127.767403,34.96028100000012],[127.660812,34.905266],[127.643051,34.900826],[127.63526900000011,34.901657000000114],[127.628036,34.903603],[127.61859100000015,34.910545],[127.6091540000001,34.92305],[127.605553,34.938599000000124],[127.60054,34.94193300000012],[127.593323,34.941658],[127.588882,34.938324],[127.569153,34.91777000000013],[127.568604,34.911934],[127.576393,34.88694],[127.60498,34.8491590000001],[127.611366,34.840828],[127.638603,34.81415600000014],[127.654709,34.811935],[127.66748,34.813881],[127.673027,34.815544],[127.686371,34.825829],[127.690262,34.830276],[127.704987,34.838882000000126],[127.71082300000012,34.84054600000013],[127.71720900000014,34.841660000000104],[127.773613,34.84388000000013],[127.77388,34.82638500000013],[127.76944,34.794998],[127.747757,34.727486],[127.743874,34.72332],[127.640823,34.616936],[127.634987,34.614998],[127.576393,34.638329],[127.556374,34.651382000000126],[127.554153,34.656097],[127.556374,34.692215],[127.558319,34.704712],[127.562759,34.717491],[127.567757,34.766663],[127.52249100000017,34.856941],[127.49387400000012,34.851662],[127.41832000000011,34.81860400000011],[127.39888,34.802216],[127.363876,34.75138900000013],[127.387497,34.701935000000105],[127.391937,34.69832600000012],[127.4086,34.68943],[127.429428,34.67694100000011],[127.48580900000013,34.641937],[127.48887600000012,34.637772],[127.51332100000013,34.59665700000011],[127.514427,34.591377],[127.50998700000014,34.578606],[127.389427,34.4711],[127.315262,34.443604],[127.24359100000015,34.511383],[127.16832000000011,34.51194],[127.13970900000015,34.515831],[127.135536,34.519440000000145],[127.12915,34.527771],[127.124687,34.537216000000114],[127.123306,34.54805],[127.125259,34.554993],[127.13165300000014,34.565269],[127.20166000000017,34.633049],[127.206383,34.635551000000135],[127.211929,34.632492],[127.213043,34.627213],[127.213043,34.620827],[127.211113,34.614159],[127.202766,34.596939000000134],[127.19165,34.574715],[127.192749,34.569443],[127.20720700000015,34.568886],[127.242203,34.569443],[127.328598,34.652214],[127.332489,34.65638000000013],[127.352768,34.692764],[127.351646,34.698044],[127.338318,34.73777],[127.33527400000014,34.74193600000012],[127.328598,34.74305],[127.27388,34.727486],[127.21666000000016,34.707497],[127.112488,34.660271],[127.09166,34.650543],[127.036926,34.619987],[127.00972000000013,34.602219],[126.989433,34.537773],[126.98858600000017,34.531662],[126.98552700000016,34.526382],[126.966377,34.504166],[126.93830900000012,34.487213],[126.896942,34.449158],[126.887772,34.43499],[126.889427,34.412491],[126.81694,34.44249],[126.811653,34.445541000000105],[126.800812,34.46305100000012],[126.799988,34.491936],[126.804977,34.529716],[126.804153,34.558327],[126.802757,34.569443],[126.799149,34.579437],[126.794983,34.583054],[126.78970300000015,34.586105],[126.783333,34.587212],[126.777481,34.585548],[126.772491,34.582771],[126.765549,34.573326],[126.756104,34.55777],[126.683868,34.434433000000126],[126.60027300000013,34.30027],[126.594147,34.29943800000012],[126.556374,34.300545],[126.524986,34.316101],[126.478317,34.345268],[126.461929,34.473320000000115],[126.461929,34.479156],[126.463318,34.484718],[126.39137300000016,34.543884000000105],[126.31832900000018,34.564995000000124],[126.31275900000014,34.56805400000013],[126.288307,34.590271],[126.273041,34.633881],[126.265266,34.67083],[126.266937,34.683327],[126.28942900000015,34.742218],[126.29276300000015,34.74749],[126.296944,34.751106],[126.303864,34.751106],[126.311371,34.749161],[126.31667300000015,34.746101000000124],[126.328323,34.7347180000001],[126.343323,34.712769],[126.351089,34.699158],[126.41748,34.595825],[126.45166000000017,34.578049],[126.43248000000017,34.619438000000116],[126.451393,34.648331],[126.461929,34.64222],[126.4727630000001,34.637215],[126.521652,34.616386],[126.52887,34.614159],[126.536652,34.61360900000011],[126.606087,34.616661],[126.612488,34.617767],[126.618317,34.619438000000116],[126.620247,34.624161],[126.50305200000014,34.715271],[126.49247700000012,34.721657],[126.47692900000015,34.724991],[126.494141,34.750549],[126.608032,34.779434],[126.62915,34.780548],[126.634987,34.782211],[126.660812,34.807495],[126.65971400000012,34.81276700000012],[126.59082000000012,34.877487],[126.539978,34.873047],[126.5336,34.8169400000001],[126.531097,34.803879],[126.5186000000001,34.783333],[126.514999,34.778877],[126.51053600000012,34.775551],[126.499153,34.7761],[126.381363,34.783607],[126.37580900000012,34.785553],[126.371368,34.789162],[126.36914100000013,34.793884],[126.371094,34.800545],[126.378593,34.80915800000014],[126.413307,34.894440000000145],[126.433594,34.963608],[126.376923,34.946655],[126.376083,34.9405440000001],[126.369431,34.930824],[126.34387200000015,34.917496],[126.338043,34.919441],[126.33276400000011,34.922493],[126.32248700000014,34.928604],[126.318047,34.932213],[126.30415300000016,34.961937],[126.24832200000014,35.110275],[126.249153,35.116661],[126.251099,35.123322],[126.25417300000015,35.128601],[126.263611,35.13472],[126.26944,35.136658],[126.344994,35.151657],[126.34942600000011,35.148048],[126.353043,35.132492],[126.3541560000001,35.127213],[126.353317,35.120827],[126.349716,35.116661],[126.343323,35.106384000000105],[126.34082,35.100273],[126.343048,35.095543],[126.359711,35.06916],[126.41638200000011,35.020271],[126.42109700000015,35.018051],[126.431374,35.023323],[126.457207,35.068886],[126.45887800000014,35.090546],[126.455551,35.094711],[126.443863,35.100548],[126.431374,35.1055530000001],[126.42082200000016,35.111664],[126.41137700000013,35.119156],[126.387497,35.147774],[126.360527,35.180275],[126.36360200000013,35.227768],[126.37831100000017,35.31221000000011],[126.387497,35.336937],[126.42192100000011,35.406654],[126.424988,35.411659],[126.428864,35.4161],[126.44135300000016,35.430191],[126.44693,35.447769],[126.45694,35.462494],[126.484154,35.501106],[126.49165300000016,35.50972],[126.496933,35.512497],[126.523041,35.524994000000106],[126.52887,35.526939],[126.619431,35.54694400000011],[126.6785890000001,35.532211],[126.683868,35.528877],[126.68775900000014,35.533333],[126.687477,35.539162],[126.674988,35.573608],[126.669144,35.588043],[126.664993,35.59166],[126.6586,35.59415400000012],[126.65109300000017,35.594994],[126.643883,35.594711],[126.54694400000017,35.58998900000012],[126.535812,35.585548],[126.52137800000014,35.57666],[126.514999,35.575829],[126.507217,35.576385],[126.498596,35.578049],[126.488037,35.58416],[126.477203,35.5961],[126.470833,35.604439],[126.46859700000016,35.609161],[126.474701,35.63582600000012],[126.479431,35.639992],[126.632202,35.736938],[126.642487,35.742218],[126.695824,35.766388],[126.70665,35.770828],[126.738312,35.776382],[126.75193800000011,35.778328],[126.80108600000017,35.861664],[126.78830700000015,35.894714],[126.78249400000016,35.89305100000013],[126.733047,35.88249200000013],[126.72580700000015,35.88249200000013],[126.61998000000017,35.888603],[126.615257,35.890831],[126.614151,35.896103],[126.614151,35.919441],[126.615257,35.925827],[126.628311,35.961937],[126.631653,35.96720900000014],[126.642487,35.97165700000011],[126.705261,35.984718],[126.76193200000012,35.99527],[126.85355400000014,36.035271],[126.86882,36.04306],[126.872993,36.054718],[126.871048,36.057777],[126.869217,36.0606],[126.8591,36.05555],[126.739471,36.00580600000012],[126.70726,36.000809],[126.688873,35.999985],[126.68533300000013,35.999962],[126.67363000000012,36.00470700000011],[126.544418,36.136406],[126.536636,36.219162],[126.495819,36.394157],[126.480553,36.481102],[126.464432,36.574715],[126.46582,36.579994],[126.474152,36.588043],[126.500267,36.591934],[126.506943,36.590828],[126.51249700000017,36.587494],[126.518883,36.584991],[126.52469600000018,36.586937],[126.527206,36.592766],[126.5269320000001,36.598602],[126.516098,36.659714],[126.49720800000011,36.72387700000013],[126.475273,36.741936],[126.469437,36.74360700000011],[126.354713,36.740273000000116],[126.347488,36.73999],[126.343048,36.736656],[126.30748,36.697212],[126.303589,36.692764000000125],[126.304703,36.687492],[126.309418,36.678329],[126.322769,36.661659],[126.334717,36.650269],[126.336929,36.645546],[126.315536,36.599434],[126.293053,36.58194],[126.299149,36.627769],[126.298866,36.639435000000105],[126.274986,36.712769],[126.272774,36.717491],[126.256104,36.711105],[126.251389,36.707497],[126.24832200000014,36.702492],[126.24387400000012,36.689713],[126.239967,36.68526500000013],[126.234993,36.682495],[126.2291560000001,36.680824],[126.192749,36.671379],[126.18609600000013,36.67027300000012],[126.17276000000015,36.67276800000013],[126.16609200000016,36.67527],[126.128036,36.705269],[126.12359600000013,36.70916000000011],[126.12886000000015,36.751663],[126.164261,36.809654],[126.19166600000017,36.819885],[126.184418,36.878326],[126.188309,36.882492],[126.286102,36.959991],[126.291092,36.962494],[126.29776,36.963608],[126.304428,36.962212],[126.308868,36.942215],[126.32166300000017,36.884438],[126.32083100000011,36.8780440000001],[126.31442300000015,36.86776700000013],[126.297211,36.843605],[126.280548,36.815269],[126.27916,36.809715],[126.280273,36.804436],[126.283867,36.79471600000011],[126.28942900000015,36.785828],[126.294434,36.787216],[126.324707,36.80387900000011],[126.401093,36.85193600000014],[126.415092,36.896713],[126.415092,36.912048],[126.4137730000001,36.914883000000145],[126.413597,36.93332700000013],[126.407211,36.935822000000144],[126.38970900000015,36.93055],[126.38304100000016,36.929436],[126.352768,36.948875],[126.348328,36.95249200000012],[126.344994,36.95665700000012],[126.33499100000017,36.9855500000001],[126.339706,36.989159],[126.34999100000016,36.994438],[126.35582,36.996384],[126.392761,37.004715],[126.422493,37.004715],[126.429428,37.004715],[126.43718700000011,37.002777],[126.442467,36.99971800000014],[126.44914200000017,36.99137900000011],[126.478043,36.933601],[126.479156,36.92832900000013],[126.476646,36.922218],[126.4684830000001,36.90638],[126.461983,36.898216000000104],[126.46215800000016,36.894718],[126.463318,36.863884],[126.468323,36.843048],[126.472488,36.8394320000001],[126.478867,36.839157000000114],[126.483322,36.84249100000011],[126.49054000000012,36.852219000000105],[126.495529,36.864159],[126.497482,36.870827],[126.51416,36.941376],[126.49054000000012,36.99554400000011],[126.499153,37.049721],[126.502487,37.052773],[126.517761,37.0522160000001],[126.525269,37.05027],[126.56749000000013,37.024994],[126.571663,37.02137800000014],[126.61998000000017,36.9727630000001],[126.682213,36.971657],[126.76138300000014,36.969986],[126.76915,36.969154],[126.776657,36.967209],[126.781097,36.963608],[126.823318,36.913879],[126.825546,36.90915700000011],[126.830551,36.894157],[126.83415200000013,36.878326],[126.83415200000013,36.87276500000013],[126.83167300000014,36.8597180000001],[126.82887300000016,36.853607],[126.82720900000015,36.841103],[126.828598,36.765831],[126.830833,36.761108],[126.83415200000013,36.756943],[126.83859300000017,36.75332600000013],[126.846367,36.752495000000124],[126.906097,36.81694],[126.99220300000013,36.91082],[127.000229,36.929718],[126.921654,36.916939],[126.914429,36.916939],[126.908043,36.919441],[126.870247,36.9469380000001],[126.865807,36.950546],[126.756104,37.044441],[126.752777,37.04860700000012],[126.754173,37.054161000000136],[126.77304100000015,37.118599],[126.776382,37.123604],[126.782211,37.125549],[126.819443,37.133881],[126.853043,37.138046],[126.85942100000011,37.138885],[126.86525700000016,37.140831],[126.86859100000015,37.145828],[126.869713,37.172218],[126.869141,37.176384],[126.769989,37.174164],[126.763893,37.172218],[126.75943,37.168884],[126.738586,37.14888],[126.723038,37.131660000000124],[126.718597,37.128044],[126.70748900000012,37.123604],[126.69442700000013,37.12165800000014],[126.68775900000014,37.124435],[126.661102,37.156097],[126.660812,37.161934],[126.658867,37.248604000000114],[126.661926,37.253883],[126.668053,37.25555400000013],[126.69941700000015,37.262215],[126.752777,37.24499500000013],[126.766098,37.231934],[126.85608700000012,37.260826],[126.86192300000016,37.262772],[126.865807,37.266937],[126.863602,37.27166],[126.847488,37.304436],[126.843323,37.30832700000013],[126.836113,37.308044],[126.814987,37.297493],[126.809143,37.295547],[126.801933,37.295547],[126.770538,37.30471],[126.722214,37.328049],[126.74192800000014,37.386787],[126.7327580000001,37.38499500000012],[126.72554000000014,37.38472000000013],[126.71692700000017,37.386108],[126.67276,37.401932],[126.666092,37.404434],[126.660812,37.407494],[126.65637200000015,37.411102],[126.625526,37.471375],[126.621918,37.481377],[126.625809,37.485825],[126.63192700000013,37.487495],[126.664146,37.483879000000115],[126.670822,37.484993],[126.67442300000016,37.488045],[126.66277300000013,37.54055],[126.658867,37.554993],[126.65213000000017,37.56675],[126.62915,37.591377000000136],[126.572487,37.619987],[126.55330700000013,37.638329],[126.549988,37.642494],[126.54749300000015,37.647217],[126.546371,37.652214],[126.532211,37.715546],[126.531937,37.7211],[126.532761,37.762497],[126.546654,37.763611],[126.64137300000016,37.760551000000135],[126.680542,37.684433],[126.688492,37.83390800000012],[126.727768,37.952492],[126.745529,37.957771],[126.766663,37.968323],[126.780273,37.97887400000013],[126.80721300000016,38.000549],[126.824432,38.016106],[126.935257,38.12860100000012],[126.9551090000001,38.154449],[126.966927,38.183052],[126.972763,38.194153],[126.982758,38.209435],[126.99054,38.218048],[127.005798,38.22924],[127.042213,38.246101000000124],[127.058029,38.253883],[127.068047,38.259995],[127.095833,38.28082300000011],[127.106087,38.28749800000014],[127.127762,38.297218],[127.133881,38.29916400000013],[127.197479,38.311935],[127.251389,38.318886],[127.366379,38.323326],[127.45082100000013,38.312492000000134],[127.53749100000016,38.307495],[127.661926,38.319160000000124],[127.676086,38.320274],[127.885269,38.31360600000011],[127.9713670000001,38.30832700000013],[127.988037,38.306099],[128.01052900000013,38.30555],[128.054688,38.306656],[128.07995600000015,38.311935],[128.134155,38.328331],[128.139984,38.330276],[128.150818,38.335266000000104],[128.166077,38.34388000000013],[128.17608600000017,38.349998],[128.200806,38.365547],[128.224976,38.38166],[128.2435610000001,38.395271],[128.260529,38.411659],[128.279694,38.43027500000011],[128.293304,38.450546],[128.301361,38.46832300000011],[128.307739,38.488602],[128.312744,38.51416],[128.313599,38.520546],[128.313599,38.531937],[128.307739,38.55804400000011],[128.305542,38.562767],[128.30191,38.578331],[128.303589,38.58387800000014],[128.3071900000001,38.588882],[128.32135000000017,38.5991590000001],[128.36355600000013,38.625244],[128.38916000000017,38.579437],[128.532471,38.330551]]]]}},{"type":"Feature","properties":{"NAME":null,"ABBREVN":null,"INFO_UR":null,"SUBJECTO":null,"BORDERPRECISION":1,"PARTOF":null},"geometry":{"type":"MultiPolygon","coordinates":[[[[123.870819,24.252499],[123.86554,24.250832],[123.85832200000016,24.251942],[123.718323,24.277222],[123.678864,24.316109],[123.767212,24.41444],[123.771103,24.418053],[123.777771,24.417496000000142],[123.784416,24.41555],[123.792252,24.405243],[123.902206,24.376663],[123.92192100000011,24.371109],[123.9266510000001,24.368328],[123.930542,24.364719],[123.936653,24.35666300000014],[123.936371,24.351940000000127],[123.925262,24.321384],[123.901932,24.283607],[123.874977,24.255276],[123.870819,24.252499]]]]}},{"type":"Feature","properties":{"NAME":null,"ABBREVN":null,"INFO_UR":null,"SUBJECTO":null,"BORDERPRECISION":1,"PARTOF":null},"geometry":{"type":"MultiPolygon","coordinates":[[[[125.356369,24.776665],[125.363876,24.775276],[125.388321,24.776943],[125.402481,24.774998],[125.440262,24.756386],[125.444977,24.753609],[125.449997,24.744717],[125.4511030000001,24.739716],[125.448318,24.73444],[125.44442700000013,24.731106],[125.34526100000016,24.717495],[125.320267,24.716385],[125.307747,24.716106],[125.300812,24.716663],[125.273323,24.721107],[125.261108,24.725552],[125.257217,24.72916],[125.252213,24.737774],[125.261932,24.878883],[125.263321,24.884163],[125.26944,24.884441],[125.281372,24.875275],[125.288307,24.865551],[125.32360800000015,24.809441],[125.32666,24.805553],[125.347763,24.783054],[125.351646,24.779442],[125.356369,24.776665]]]]}},{"type":"Feature","properties":{"NAME":null,"ABBREVN":null,"INFO_UR":null,"SUBJECTO":null,"BORDERPRECISION":1,"PARTOF":null},"geometry":{"type":"MultiPolygon","coordinates":[[[[124.26165800000012,24.457497],[124.25360100000012,24.417496000000142],[124.252487,24.405273],[124.25332600000013,24.393887],[124.251663,24.38694],[124.239433,24.351387],[124.233597,24.34194200000013],[124.22971300000017,24.338329],[124.21914700000013,24.335274],[124.17915300000016,24.328331],[124.167213,24.327221],[124.160263,24.327496],[124.15387,24.329441],[124.14166300000011,24.333607],[124.125526,24.341385],[124.121918,24.344997],[124.077766,24.419994],[124.075821,24.424717],[124.076393,24.430828000000133],[124.07887300000016,24.436108],[124.083878,24.438049],[124.09491700000012,24.439495000000136],[124.1455380000001,24.434719],[124.15109300000017,24.434441000000106],[124.188873,24.435551],[124.194702,24.43666100000013],[124.215271,24.44332900000012],[124.21914700000013,24.446941],[124.246094,24.496105],[124.284149,24.554718],[124.287201,24.558887],[124.309143,24.5816650000001],[124.313026,24.58527400000014],[124.31749,24.588051],[124.324432,24.587498],[124.32916300000011,24.584442],[124.330551,24.573608],[124.329437,24.561108000000104],[124.327477,24.55527500000011],[124.324158,24.550831],[124.306931,24.539440000000127],[124.30304000000012,24.535831000000144],[124.29609700000015,24.528053],[124.27777100000014,24.493328],[124.27498600000013,24.488049000000103],[124.26165800000012,24.457497]]]]}},{"type":"Feature","properties":{"NAME":null,"ABBREVN":null,"INFO_UR":null,"SUBJECTO":null,"BORDERPRECISION":1,"PARTOF":null},"geometry":{"type":"MultiPolygon","coordinates":[[[[128.252777,26.63888500000013],[128.240234,26.628609],[128.146637,26.568886],[127.94637300000011,26.451107],[127.874687,26.446663],[127.86360200000013,26.44416],[127.84971600000017,26.436382],[127.84166,26.42944],[127.838043,26.425274000000115],[127.83582300000012,26.41944100000012],[127.778587,26.23666],[127.806931,26.190273],[127.813309,26.190273],[127.818047,26.187218],[127.818329,26.181385],[127.813026,26.155552000000114],[127.787491,26.127495],[127.776093,26.116386],[127.72859200000016,26.088608],[127.719437,26.083607],[127.714157,26.081665],[127.70247700000016,26.079998000000103],[127.684143,26.07888400000013],[127.67775700000016,26.078609],[127.65277100000014,26.083054],[127.65165700000011,26.088329],[127.639977,26.208607000000143],[127.67192100000011,26.231106000000125],[127.724152,26.270554],[127.72554,26.272499],[127.743874,26.306942],[127.744431,26.311943],[127.734421,26.346664],[127.725273,26.381939000000102],[127.718048,26.41277300000013],[127.716087,26.428608],[127.716927,26.434994],[127.7211,26.436108],[127.764427,26.438606],[127.795258,26.44055200000014],[127.800537,26.442493],[127.958878,26.544441],[127.961113,26.550274],[127.96582000000012,26.567776],[127.96666000000016,26.57972],[127.963608,26.583885],[127.948318,26.598606],[127.943588,26.601662],[127.91249100000016,26.60027300000013],[127.88777200000015,26.609718],[127.88220200000012,26.612495],[127.878311,26.615829],[127.876373,26.620552],[127.877197,26.626942],[127.883881,26.667496],[127.907761,26.688885],[127.9433140000001,26.69416],[127.954987,26.695827000000122],[127.961929,26.695274],[127.993874,26.684162],[127.99693300000013,26.67999600000013],[127.998032,26.674995],[127.986923,26.663052],[127.98442100000011,26.65694],[127.98552700000016,26.646107],[127.987488,26.64138400000013],[127.99054,26.637218],[127.99693300000013,26.635273],[128.023865,26.631107],[128.06747400000017,26.642494],[128.104675,26.663052],[128.10635400000012,26.669716],[128.104401,26.674438],[128.100525,26.678051],[128.100525,26.683884],[128.102448,26.690479],[128.105072,26.695423],[128.1232910000001,26.716106],[128.247192,26.839996],[128.287201,26.854996],[128.300262,26.848053],[128.30996700000014,26.841663],[128.312744,26.837498],[128.329132,26.811943],[128.331085,26.80722],[128.333038,26.79694400000011],[128.3355100000001,26.764999],[128.33386200000018,26.758331],[128.33136,26.752499000000114],[128.27136200000018,26.658329],[128.252777,26.63888500000013]]]]}},{"type":"Feature","properties":{"NAME":null,"ABBREVN":null,"INFO_UR":null,"SUBJECTO":null,"BORDERPRECISION":1,"PARTOF":null},"geometry":{"type":"MultiPolygon","coordinates":[[[[126.76193200000012,26.38694],[126.789429,26.376106],[126.8099820000001,26.346943],[126.811096,26.341942],[126.809708,26.336384000000123],[126.7916560000001,26.299721],[126.787201,26.296944],[126.781097,26.29833200000013],[126.701927,26.348606],[126.698029,26.352219000000105],[126.6922,26.360554],[126.691933,26.366386],[126.693863,26.370831000000123],[126.698593,26.373329],[126.723877,26.383331],[126.729156,26.384995],[126.73499300000015,26.386108],[126.74664300000018,26.385769],[126.75499,26.387775],[126.76193200000012,26.38694]]]]}},{"type":"Feature","properties":{"NAME":null,"ABBREVN":null,"INFO_UR":null,"SUBJECTO":null,"BORDERPRECISION":1,"PARTOF":null},"geometry":{"type":"MultiPolygon","coordinates":[[[[128.95108,27.67582700000014],[128.944702,27.675552],[128.938019,27.677773],[128.920807,27.685829],[128.916931,27.68943800000011],[128.89721700000018,27.725826],[128.88107300000013,27.819443],[128.880249,27.824718],[128.881897,27.837219],[128.885529,27.862217],[128.890259,27.881939],[128.89886500000011,27.89777400000014],[128.933624,27.901104],[128.9366460000001,27.903885],[128.94165,27.906384],[128.947479,27.907497],[128.953583,27.906105],[128.958313,27.902775],[128.96109,27.898605],[129.029968,27.774441000000138],[129.028595,27.768887],[129.023315,27.750000000000114],[129.020264,27.744995],[129.006653,27.727219],[128.985504,27.701107],[128.955811,27.678329],[128.95108,27.67582700000014]]]]}},{"type":"Feature","properties":{"NAME":null,"ABBREVN":null,"INFO_UR":null,"SUBJECTO":null,"BORDERPRECISION":1,"PARTOF":null},"geometry":{"type":"MultiPolygon","coordinates":[[[[128.609131,27.358887],[128.565796,27.346664],[128.55108600000017,27.349163],[128.5369260000001,27.35305],[128.529419,27.360275000000115],[128.526367,27.364441],[128.52249100000017,27.373886],[128.52359000000013,27.413609],[128.527771,27.416939],[128.562134,27.417351],[128.69635000000017,27.4486050000001],[128.701904,27.445827000000122],[128.703857,27.441383],[128.70108,27.436108],[128.635529,27.373051],[128.631348,27.369717],[128.609131,27.358887]]]]}},{"type":"Feature","properties":{"NAME":null,"ABBREVN":null,"INFO_UR":null,"SUBJECTO":null,"BORDERPRECISION":1,"PARTOF":null},"geometry":{"type":"MultiPolygon","coordinates":[[[[129.992188,28.281666],[129.986908,28.279999],[129.953857,28.281109],[129.918304,28.287498],[129.914429,28.291386],[129.91497800000013,28.296108],[129.918579,28.300552],[129.93856800000015,28.318886],[129.943024,28.32222],[130.005615,28.356499],[130.011383,28.361385],[130.016083,28.363884],[130.027466,28.366386],[130.0321960000001,28.363052],[130.0330510000001,28.357773],[130.0324710000001,28.35305],[129.99884,28.291107],[129.992188,28.281666]]]]}},{"type":"Feature","properties":{"NAME":null,"ABBREVN":null,"INFO_UR":null,"SUBJECTO":null,"BORDERPRECISION":1,"PARTOF":null},"geometry":{"type":"MultiPolygon","coordinates":[[[[129.33609000000013,28.075275],[129.329407,28.075275],[129.219116,28.097775],[129.19134500000018,28.157772],[129.184692,28.176941],[129.191071,28.188606],[129.19754000000012,28.191395000000114],[129.223846,28.183605],[129.3402400000001,28.110828],[129.348846,28.103886],[129.35189800000012,28.099720000000104],[129.353851,28.094997],[129.352753,28.088608000000136],[129.33609000000013,28.075275]]]]}},{"type":"Feature","properties":{"NAME":null,"ABBREVN":null,"INFO_UR":null,"SUBJECTO":null,"BORDERPRECISION":1,"PARTOF":null},"geometry":{"type":"MultiPolygon","coordinates":[[[[129.733032,29.609718],[129.722198,29.606384],[129.716644,29.606941],[129.706085,29.641663],[129.706085,29.647495],[129.70968600000015,29.651661],[129.71521,29.653309],[129.735779,29.661663],[129.741333,29.66333],[129.747467,29.661942],[129.751373,29.658329],[129.75332600000013,29.653606],[129.75332600000013,29.64777400000014],[129.740509,29.618328],[129.73745700000018,29.613052],[129.733032,29.609718]]]]}},{"type":"Feature","properties":{"NAME":"Kimek-Kipchak khaganate","ABBREVN":"Kimek-Kipchak khaganate","INFO_UR":null,"SUBJECTO":"Kimek-Kipchak khaganate","BORDERPRECISION":1,"PARTOF":"Kimek-Kipchak khaganate"},"geometry":{"type":"MultiPolygon","coordinates":[[[[99.86873506800536,48.608881273167626],[79.13369566776612,46.64976100650964],[74.83788219041568,46.3889390564459],[73.57440763825377,45.86353774491871],[69.6576365265519,42.79156925207047],[61.634183704881025,47.20904720790691],[61.95933869049523,48.88136314819538],[55.754296579451,51.08424778868504],[55.06188193288802,51.14984849060609],[55.70905991815804,57.19766715162802],[55.97738780705348,57.13696442544153],[59.09429166962169,56.4318399506882],[59.189973205591734,56.41019430623805],[65.31164209247186,55.04663307077481],[78.36223290626025,56.41019430623805],[93.70004066679506,56.48455609390737],[98.38454408182852,55.51880503133128],[99.86873506800536,48.608881273167626]]]]}},{"type":"Feature","properties":{"NAME":"Byzantine Empire","ABBREVN":"Byzantine E.","INFO_UR":null,"SUBJECTO":"Byzantine Empire","BORDERPRECISION":1,"PARTOF":"Byzantine Empire","CORREGIDO":{"base":"world_1000.geojson","motivo":"Juan Tzimisces toma Preslav y la Bulgaria oriental (971)","fuente":"https://en.wikipedia.org/wiki/First_Bulgarian_Empire"},"DERIVADO":{"base":"world_1000.geojson","motivo":"Basilio II acaba con el Estado búlgaro de Samuel en 1018: Bulgaria es provincia bizantina hasta 1185 · Bizancio se anexiona Vaspurakan (1021) y Ani (1045); Kars y Siunia siguen armenias (sin polígono propio). Aproximado","fuente":"https://en.wikipedia.org/wiki/Byzantine_conquest_of_Bulgaria; https://en.wikipedia.org/wiki/Bagratid_Armenia"}},"geometry":{"type":"MultiPolygon","coordinates":[[[[28.0262,41.8824],[28.0182,41.7532],[28.0698,41.625],[28.1044,41.593],[28.3715,41.4331],[28.7402,41.3248],[29.0124,41.2548],[29.0811,41.2005],[28.9645,40.9892],[28.8278,40.9147],[28.5962,40.947],[28.1733,41.0579],[28.0264,41.0262],[27.9322,40.9575],[27.4742,40.9628],[27.313,40.7899],[27.2638,40.6672],[26.8889,40.5247],[26.6136,40.398],[26.5139,40.282],[26.3759,40.2134],[26.2552,40.0816],[26.1409,40.0447],[26.2143,40.1607],[26.2228,40.224],[26.1948,40.3031],[26.4575,40.435],[26.5565,40.4983],[26.4548,40.5843],[26.4181,40.5778],[26.124,40.6028],[26.0207,40.6693],[25.9929,40.8525],[25.6357,40.8774],[25.3011,40.8959],[25.0463,40.9523],[25.0189,41.0171],[24.8121,40.9334],[24.7007,40.8783],[24.5191,40.8731],[24.505,40.9841],[24.3543,40.971],[24.2191,40.8297],[24.0252,40.7464],[23.886,40.7329],[23.7484,40.8044],[23.6347,40.7728],[23.633,40.7132],[23.7091,40.63],[23.7852,40.4772],[23.9237,40.4508],[24.2954,40.1765],[24.2206,40.1448],[24.0548,40.2609],[24.0478,40.3084],[23.9235,40.3453],[23.7748,40.3928],[23.7222,40.3482],[23.6272,40.3453],[23.6588,40.2873],[23.6517,40.2292],[23.8037,40.1554],[23.8687,40.1607],[23.9201,40.0552],[23.9066,39.9972],[23.796,39.9867],[23.5958,40.1923],[23.4425,40.2556],[23.3491,40.282],[23.2918,40.2873],[23.2931,40.2451],[23.2591,40.2292],[23.321,40.1554],[23.3668,40.1079],[23.4365,40.0447],[23.5233,40.0183],[23.5922,40.0025],[23.6386,39.9603],[23.5969,39.9341],[23.3744,39.9551],[23.2605,39.9709],[23.2763,40.0499],[23.2148,40.1818],[23.1411,40.2662],[22.9602,40.3147],[22.7481,40.4825],[22.8639,40.5352],[22.8755,40.5963],[22.8519,40.6513],[22.77,40.6672],[22.7013,40.5774],[22.4921,40.4983],[22.6023,40.3972],[22.4896,40.2305],[22.4674,40.1185],[22.5256,40.0642],[22.5551,39.9867],[22.6951,39.8345],[22.7545,39.8183],[22.8134,39.6027],[23.0742,39.4135],[23.2361,39.2032],[23.1585,39.1401],[23.0519,39.1033],[23.0998,39.1874],[23.0453,39.2715],[22.9813,39.3293],[22.919,39.3451],[22.8509,39.3661],[22.7203,39.2873],[22.7661,39.2028],[22.8349,39.1664],[22.8711,39.0243],[22.7842,38.9403],[22.4905,38.8769],[22.6023,38.8562],[22.7233,38.7932],[22.8994,38.7669],[22.9842,38.667],[23.0998,38.6723],[23.1695,38.667],[23.191,38.6103],[23.3562,38.4895],[23.4938,38.4831],[23.5558,38.3518],[23.6828,38.3465],[23.8039,38.3465],[23.9607,38.2099],[23.967,38.1521],[23.88,38.1154],[23.9873,37.7634],[23.9182,37.6846],[23.8355,37.6846],[23.7337,37.8579],[23.6341,37.879],[23.5407,38.0041],[23.4957,38.0681],[23.4193,38.0681],[23.1958,38.005],[22.9806,37.9578],[22.8981,37.9],[23.04,37.858],[23.0454,37.7736],[23.0489,37.6426],[23.1514,37.5901],[23.2205,37.6018],[23.3217,37.6374],[23.3122,37.5481],[23.4181,37.4693],[23.185,37.4273],[23.1858,37.3748],[23.1096,37.3466],[22.971,37.3853],[23.0253,37.4798],[22.9421,37.5184],[22.7133,37.5434],[22.6423,37.5849],[22.6387,37.4923],[22.7262,37.2885],[22.8133,37.2121],[22.7931,37.1386],[22.8869,37.0467],[22.9826,36.6148],[22.6736,36.7543],[22.5244,36.7221],[22.3903,36.5244],[22.1914,36.8552],[21.9842,37.0205],[21.7809,36.8225],[21.5882,36.9814],[21.5314,37.1151],[21.6265,37.3065],[21.6137,37.4148],[21.5173,37.5358],[21.2963,37.7265],[21.2211,37.8284],[21.2284,37.9049],[21.4405,38.1795],[21.7145,38.1354],[21.9058,38.2697],[21.9967,38.2508],[22.7472,37.9526],[22.8987,37.9976],[23.1163,38.1574],[22.9967,38.1793],[22.8756,38.2046],[22.3337,38.4267],[21.8265,38.464],[21.6613,38.4381],[21.3645,38.412],[21.1724,38.3478],[20.7718,38.8509],[20.8926,38.8958],[21.0065,38.8705],[21.1047,38.9218],[21.1595,39.0048],[21.0072,39.113],[20.9011,39.0617],[20.6778,39.0804],[20.2118,39.4049],[20.1224,39.551],[20.0908,39.6025],[20.0286,39.8138],[19.8037,40.017],[19.3691,40.2603],[19.3802,40.3236],[19.4837,40.2959],[19.4945,40.4027],[19.3392,40.5887],[19.5273,40.8659],[19.4454,40.9649],[19.53,41.2184],[19.417,41.3453],[19.4989,41.5236],[19.6194,41.5593],[19.607,41.7615],[19.5203,41.7828],[19.8796,42.1397],[18.8997,42.4816],[18.8887,44.4708],[16.8173,44.8202],[16.8077,44.935],[17.3376,45.1389],[17.8267,45.1389],[17.949,44.8128],[19.7851,44.9361],[20.2907,44.8997],[20.3137,44.9011],[20.7053,44.6423],[20.9942,44.7001],[21.3584,44.7729],[22.0767,44.4464],[22.338,44.7729],[22.6645,44.6423],[23.0563,45.0341],[26.5175,45.8178],[27.3664,46.3402],[27.6153,46.9002],[28.9318,47.1582],[29.5792,46.6149],[29.9411,46.5445],[30.3061,46.3158],[30.4437,46.1851],[30.4329,46.1758],[30.2701,46.0352],[30.0688,45.8614],[29.7298,45.77],[29.6295,45.7504],[29.5004,45.5234],[29.5361,45.4522],[29.6159,45.4102],[29.6832,45.3748],[29.7108,45.2583],[29.579,45.0575],[29.4575,44.9151],[29.2616,44.8954],[29.0898,44.8757],[28.9182,44.7657],[28.6863,44.4881],[28.6129,44.3],[28.5731,44.1978],[28.5299,43.8435],[28.5101,43.7431],[28.4805,43.5923],[28.4457,43.4764],[28.3281,43.4375],[28.1871,43.4501],[28.0346,43.3919],[27.8873,43.0635],[27.8699,42.7999],[27.8362,42.7355],[27.654,42.6837],[27.502,42.5164],[27.4947,42.4009],[27.6079,42.4168],[27.7225,42.3162],[27.7377,42.247],[27.9134,42.0781],[27.918,41.9777],[28.0262,41.8824]]],[[[27.9419,36.7563],[28.051,36.833],[27.9988,36.9094],[27.5535,36.9148],[27.3081,36.9207],[27.2686,37.0417],[27.5256,37.1314],[27.4925,37.2397],[27.3646,37.3286],[27.1604,37.3601],[27.1226,37.4939],[27.1411,37.6469],[27.1798,37.7744],[27.1398,37.8891],[26.9614,37.9461],[26.6793,38.1049],[26.5123,38.0663],[26.3932,38.1044],[26.3916,38.2191],[26.4687,38.4448],[26.5274,38.4182],[26.7425,38.2784],[26.9974,38.4001],[26.8197,38.5273],[26.8288,38.583],[26.6957,38.6408],[26.7095,38.6986],[26.9664,38.7699],[27.0349,38.8211],[27.0042,38.8848],[26.9368,38.9246],[26.7853,38.9403],[26.7898,39.0244],[26.8708,39.056],[26.7971,39.1296],[26.7079,39.1821],[26.7041,39.2505],[26.6022,39.2557],[26.7202,39.3372],[26.8535,39.4608],[26.9262,39.4765],[26.9575,39.5483],[26.8043,39.5672],[26.5462,39.5133],[26.139,39.4397],[26.0641,39.4555],[26.0849,39.604],[26.1419,39.6606],[26.1407,39.75],[26.1276,39.8786],[26.186,39.9972],[26.3203,39.9919],[26.4031,40.1765],[26.4817,40.187],[26.7653,40.3769],[26.9965,40.3717],[27.0561,40.4297],[27.2718,40.4508],[27.3292,40.3558],[27.4496,40.3098],[27.526,40.2971],[27.7639,40.2873],[27.8302,40.3453],[27.7998,40.4033],[27.6793,40.4614],[27.8078,40.5036],[27.9538,40.4877],[28.0065,40.4508],[27.9082,40.3506],[28.004,40.3621],[28.4777,40.3951],[28.7564,40.3765],[28.9268,40.3558],[29.0524,40.3347],[29.1223,40.4139],[29.0835,40.4561],[28.8732,40.4719],[28.778,40.5247],[28.9016,40.6201],[29.5252,40.6883],[29.7131,40.6936],[29.8827,40.7464],[29.6834,40.7516],[29.4172,40.7411],[29.3204,40.7411],[29.2896,40.8067],[29.0145,40.9787],[29.1612,41.2164],[29.5778,41.1534],[30.1376,41.1318],[30.2561,41.1847],[30.7448,41.0403],[31.2177,41.0541],[31.4041,41.1635],[31.3857,41.285],[31.6664,41.3948],[31.8713,41.4914],[32.419,41.7492],[32.6879,41.846],[33.1555,41.9496],[33.5555,41.9825],[33.8967,41.9511],[34.3039,41.8941],[34.6629,41.8756],[35.0019,42.0432],[35.0988,41.8059],[35.2861,41.6715],[35.4114,41.6268],[35.6779,41.6209],[35.9578,41.6856],[36.1614,41.3525],[36.3829,41.2375],[36.6412,41.315],[36.817,41.2897],[37.2528,41.0277],[37.8218,41.0096],[38.314,40.9209],[38.6512,40.9216],[39.1386,41.0443],[39.3702,41.064],[39.663,41.0005],[40.0067,40.9563],[40.361,40.9634],[40.6099,41.028],[41.2931,41.2858],[41.484,41.4365],[41.5163,41.462],[42.6711,40.6593],[42.6929,40.7005],[43.325,40.9533],[44.0293,41.1224],[44.552,40.9359],[44.7822,41.3031],[44.8912,41.3292],[45.4319,41.459],[46.1483,39.6892],[46.8225,38.3408],[46.9068,37.9194],[46.8225,37.6666],[45.5162,37.0345],[44.842,36.7816],[44.4627,36.8238],[42.0187,38.1301],[41.0074,38.3408],[39.6168,37.8351],[37.5942,37.1609],[37.3835,36.6131],[37.0263,35.7499],[36.8778,35.3911],[35.8519,34.4929],[35.7508,34.7468],[35.8089,35.0138],[35.8414,35.0426],[35.7964,35.2707],[35.6073,35.4175],[35.664,35.4595],[35.6804,35.5277],[35.7332,35.5854],[35.6914,35.685],[35.7395,35.6903],[35.8559,35.8345],[35.8291,35.8848],[35.7185,36.0916],[35.6649,36.1335],[35.7086,36.2122],[35.8141,36.2985],[35.8172,36.301],[36.0953,36.4825],[36.1045,36.5612],[36.0824,36.6215],[35.9568,36.7475],[35.8909,36.7711],[35.6717,36.6058],[35.5676,36.5874],[35.5062,36.5586],[35.5476,36.5402],[35.4946,36.4431],[35.4171,36.4326],[35.3887,36.4536],[35.3542,36.4142],[35.2205,36.388],[35.0714,36.4877],[34.8699,36.5769],[34.6624,36.6478],[34.4851,36.6268],[34.1032,36.3803],[33.9517,36.2516],[33.9541,36.1598],[33.891,36.1388],[33.8359,36.1073],[33.8337,36.0706],[33.7532,36.1466],[33.4817,36.0543],[33.1713,35.9709],[32.9041,35.9767],[32.6403,36.008],[32.335,36.1284],[31.902,36.4969],[31.3707,36.7123],[30.9053,36.7942],[30.5936,36.7617],[30.5401,36.647],[30.4967,36.373],[30.4728,36.1883],[30.3949,36.118],[30.2799,36.1178],[30.1661,36.1876],[29.662,36.0783],[29.4719,36.0907],[29.2982,36.1731],[29.0023,36.6948],[28.8135,36.5352],[28.4698,36.7383],[28.2669,36.7124],[28.0142,36.5272],[27.9119,36.6989],[27.9419,36.7563]]],[[[23.5677,35.255],[23.5131,35.276],[23.4669,35.3179],[23.5294,35.5696],[23.6715,35.5722],[23.6691,35.6116],[23.6651,35.6667],[23.6967,35.6981],[23.7337,35.6273],[23.7429,35.5618],[23.8795,35.5524],[23.9568,35.5277],[24.039,35.5618],[24.0333,35.5985],[24.0819,35.6116],[24.1527,35.5644],[24.1358,35.5224],[24.0915,35.5198],[24.0733,35.4962],[24.1132,35.4857],[24.1777,35.47],[24.2197,35.449],[24.2296,35.3913],[24.3883,35.373],[24.7686,35.428],[24.9975,35.421],[25.0136,35.3625],[25.1001,35.3467],[25.374,35.3179],[25.5116,35.2948],[25.6732,35.3494],[25.7135,35.327],[25.6685,35.1868],[25.7418,35.137],[25.789,35.137],[25.9355,35.213],[26.0642,35.2392],[26.0994,35.2156],[26.1688,35.2471],[26.2735,35.3127],[26.236,35.2288],[26.2427,35.1449],[26.1605,35.0243],[25.8987,35.0453],[25.7417,35.0089],[25.5907,35.0164],[24.6935,34.9405],[24.7156,35.0348],[24.6901,35.0924],[24.3244,35.2078],[24.0132,35.2104],[23.7856,35.2629],[23.5677,35.255]]],[[[15.991,41.4061],[16.4203,41.2787],[16.946,41.0938],[17.3193,40.9293],[18.0339,40.5967],[18.0599,40.5135],[18.3836,40.3078],[18.5226,40.0941],[18.4337,39.8984],[18.3649,39.7467],[18.1601,39.8731],[18.0171,39.9479],[17.9677,40.1669],[17.8496,40.2435],[17.6191,40.2878],[17.4017,40.2919],[17.2042,40.3979],[17.2428,40.4958],[17.0841,40.5251],[16.9487,40.4811],[16.8441,40.3631],[16.7276,40.1836],[16.6044,40.0899],[16.6239,39.9678],[16.535,39.8316],[16.5321,39.6975],[16.874,39.5437],[17.1491,39.4218],[17.1074,39.2805],[17.121,39.086],[17.1807,39.0222],[17.0947,38.915],[16.7977,38.9259],[16.6133,38.8273],[16.5222,38.725],[16.572,38.4571],[16.3307,38.3207],[16.0529,37.9312],[15.7852,37.9097],[15.7102,37.9414],[15.6275,38.0042],[15.6266,38.2331],[15.7909,38.2964],[15.9335,38.5399],[15.8273,38.6227],[15.9898,38.7348],[16.1522,38.7013],[16.2122,38.778],[16.1772,38.931],[16.0826,39.0125],[15.9896,39.4284],[15.8247,39.6606],[15.757,39.9336],[15.6662,40.0919],[15.7665,40.5741],[15.598,41.0798],[15.4486,41.8567],[16.0128,41.9043],[16.1874,41.8409],[16.1984,41.7457],[15.9891,41.6346],[15.8733,41.5021],[15.991,41.4061]]],[[[34.3722,44.7572],[34.3319,44.5436],[33.9555,44.3811],[33.6239,44.4522],[33.3955,44.6005],[33.5544,44.6236],[33.528,44.8718],[35.042,45.3722],[35.0634,45.3401],[35.1777,45.3316],[35.2764,45.3021],[35.399,45.2554],[35.4391,45.2754],[35.4262,45.295],[35.3585,45.3319],[35.5462,45.3799],[35.6626,45.4049],[35.7118,45.0719],[35.5996,45.1017],[35.3867,45.0819],[35.0673,44.8617],[34.6142,44.8415],[34.3722,44.7572]]]]}},{"type":"Feature","properties":{"NAME":"Volga Bulgars","ABBREVN":"Volga Bulgars","INFO_UR":null,"SUBJECTO":"Volga Bulgars","BORDERPRECISION":1,"PARTOF":"Bulgars"},"geometry":{"type":"MultiPolygon","coordinates":[[[[41.23911572686134,59.88481241972218],[44.45045665485198,58.93642459737193],[48.60792522187434,57.7086220534561],[53.97646398874319,57.7086220534561],[53.92448387264525,57.601384527021416],[55.70905991815804,57.19766715162802],[55.06188193288802,51.14984849060609],[50.86510099928831,51.5474596278338],[45.40194318408457,52.06504975849007],[44.82601345850744,52.11961445385375],[40.02833937701965,52.47757448840467],[42.17080041598191,56.39902282214345],[41.23911572686134,59.88481241972218]],[[48.46806640625002,54.1244140625],[48.56679687500002,54.097509765625],[48.661230468750006,54.037890625],[48.81337890625002,53.938671875],[48.8828125,53.86591796875],[48.903125,53.8275390625],[48.87675781250002,53.754296875],[48.86542968750001,53.64765625],[48.95585937500002,53.5353515625],[49.0087890625,53.45966796875],[48.99189453125001,53.439794921875],[49.1064453125,53.40498046875],[49.20498046875002,53.367578125],[49.20585937500002,53.337548828125],[49.13652343750002,53.308935546875],[48.9248046875,53.309033203125],[48.759375,53.323779296874996],[48.80078125,53.280566406249996],[49.09414062500002,53.269580078124996],[49.22988281250002,53.284228515624996],[49.25771484375002,53.352099609374996],[49.31611328125001,53.40224609375],[49.494726562500006,53.435986328125],[49.85185546875002,53.426025390625],[49.90478515625,53.45673828125],[49.88164062500002,53.485595703125],[49.56083984375002,53.498779296875],[49.246679687500006,53.502099609375],[49.08671875000002,53.534033203125],[49.06298828125,53.606591796875],[49.071875,53.71328125],[49.09111328125002,53.7939453125],[49.12675781250002,53.824755859374996],[49.18984375000002,53.807421875],[49.279296875,53.728125],[49.31035156250002,53.722314453125],[49.34453125000002,53.6982421875],[49.36894531250002,53.69482421875],[49.37177734375001,53.73046875],[49.350683593750006,53.770166015625],[49.32021484375002,53.791308593749996],[49.26972656250001,53.818017578125],[49.21914062500002,53.87802734375],[49.217871093750006,53.934423828125],[49.30878906250001,53.973046875],[49.44121093750002,54.0376953125],[49.53681640625001,54.12666015625],[49.66640625000002,54.159375],[49.7421875,54.190722656249996],[49.72734375000002,54.22509765625],[49.56328125000002,54.179443359375],[49.39531250000002,54.119775390625],[49.27519531250002,54.070703125],[49.02031250000002,54.015185546874996],[48.84765625,54.04541015625],[48.80888671875002,54.098681640624996],[48.79804687500001,54.130810546875],[48.755859375,54.150341796875],[48.65898437500002,54.1708984375],[48.549414062500006,54.240527343749996],[48.49941406250002,54.334375],[48.52958984375002,54.39423828125],[48.63125,54.435009765625],[48.78652343750002,54.44736328125],[48.86406250000002,54.462255859375],[48.86298828125001,54.5009765625],[48.89501953125,54.527978515625],[48.908789062500006,54.549560546875],[48.8955078125,54.58154296875],[48.94257812500001,54.616552734375],[48.97314453125,54.6412109375],[48.97607421875,54.666943359375],[48.986328125,54.72763671875],[49.080664062500006,54.775732421875],[49.09785156250001,54.80048828125],[49.0302734375,54.80869140625],[48.969335937500006,54.828125],[48.93984375000002,54.901660156249996],[49.00849609375001,54.970068359375],[49.13642578125001,54.997851562499996],[49.22441406250002,55.02333984375],[49.31972656250002,55.01376953125],[49.39609375,55.016064453125],[49.44550781250001,55.051611328125],[49.4521484375,55.0736328125],[49.46074218750002,55.114111328125],[49.52324218750002,55.13388671875],[49.692480468750006,55.190722656249996],[49.81074218750001,55.24365234375],[49.89199218750002,55.293701171875],[50.734472656250006,55.407080078125],[50.76357421875002,55.428857421875],[50.87714843750001,55.45205078125],[51.07109375000002,55.4150390625],[51.12978515625002,55.393017578125],[51.18427734375001,55.357421875],[51.21875,55.400146484375],[51.19843750000001,55.441162109375],[51.17421875000002,55.4634765625],[51.20585937500002,55.488720703125],[51.41044921875002,55.441015625],[51.52373046875002,55.50302734375],[51.55019531250002,55.558398437499996],[51.61503906250002,55.565380859375],[51.714453125,55.592822265624996],[51.72773437500001,55.643017578125],[51.74843750000002,55.67529296875],[51.79960937500002,55.683935546875],[51.885839843750006,55.670849609375],[51.9365234375,55.699072265625],[51.87470703125001,55.70361328125],[51.76347656250002,55.720458984375],[51.63496093750001,55.6458984375],[51.521484375,55.63232421875],[51.46083984375002,55.700976562499996],[51.47158203125002,55.79501953125],[51.48027343750002,55.83271484375],[51.44814453125002,55.812304687499996],[51.413671875,55.774462890624996],[51.398046875,55.684912109375],[51.46660156250002,55.58984375],[51.46914062500002,55.511279296874996],[51.41386718750002,55.494384765625],[51.35341796875002,55.495556640625],[51.3310546875,55.49892578125],[51.254980468750006,55.526171875],[51.12578125000002,55.501123046875],[50.83388671875002,55.479541015624996],[50.67519531250002,55.450634765625],[50.4814453125,55.4599609375],[50.37910156250001,55.430517578125],[50.22480468750001,55.438427734375],[50.08955078125001,55.46279296875],[49.99990234375002,55.4150390625],[49.78828125000001,55.38349609375],[49.58281250000002,55.390234375],[49.45488281250002,55.403613281249996],[49.37128906250001,55.464794921875],[49.36767578125,55.524267578125],[49.36738281250001,55.544384765625],[49.32900390625002,55.5177734375],[49.33193359375002,55.4515625],[49.328125,55.37890625],[49.358007812500006,55.3390625],[49.303320312500006,55.323388671875],[49.233496093750006,55.337939453124996],[49.18886718750002,55.381201171875],[49.11953125000002,55.475927734375],[49.05898437500002,55.482666015625],[49.04765625000002,55.442822265625],[49.103515625,55.352880859375],[49.17226562500002,55.29267578125],[49.15947265625002,55.1630859375],[48.97685546875002,55.073974609375],[48.859472656250006,55.01162109375],[48.86376953125,54.87080078125],[48.83154296875,54.803662109375],[48.808203125,54.73291015625],[48.7451171875,54.675048828125],[48.55146484375001,54.652197265625],[48.41582031250002,54.59716796875],[48.40458984375002,54.452490234375],[48.39873046875002,54.336669921875],[48.378027343750006,54.23115234375],[48.387304687500006,54.16796875],[48.46806640625002,54.1244140625]]]]}},{"type":"Feature","properties":{"NAME":"Duchy of Swabia","ABBREVN":"Swabia","INFO_UR":"https://en.wikipedia.org/wiki/Duchy_of_Swabia","SUBJECTO":"Holy Roman Empire","BORDERPRECISION":1,"PARTOF":"Holy Roman Empire"},"geometry":{"type":"MultiPolygon","coordinates":[[[[7.81339,47.46217],[8.51039,48.72064],[9.99117,48.81617],[10.65991,47.69365],[10.06282,46.47558],[8.47501,46.40849],[8.41115,47.46217],[7.81339,47.46217]],[[9.09632,47.66604],[9.17793,47.66433],[9.19123,47.64805],[9.30006,47.61073],[9.3824,47.57123],[9.38681,47.54431],[9.43744,47.51895],[9.43576,47.50652],[9.46622,47.49633],[9.48189,47.48171],[9.52988,47.48141],[9.561,47.50049],[9.59838,47.48729],[9.64135,47.50711],[9.64783,47.48811],[9.66583,47.49599],[9.67807,47.48883],[9.69925,47.50628],[9.74281,47.50464],[9.75237,47.51077],[9.71242,47.55062],[9.68034,47.54266],[9.68024,47.55631],[9.65315,47.55618],[9.62819,47.5704],[9.60671,47.57248],[9.60088,47.58531],[9.56336,47.58475],[9.53393,47.59678],[9.50226,47.64637],[9.48817,47.65151],[9.46608,47.64798],[9.42118,47.66595],[9.34763,47.66092],[9.2878,47.68377],[9.23725,47.71148],[9.22578,47.73935],[9.13238,47.77234],[9.1057,47.79245],[9.04297,47.81762],[9.03061,47.80499],[9.06687,47.77953],[9.17365,47.73444],[9.1798,47.70459],[9.20132,47.70741],[9.18805,47.69931],[9.21148,47.68279],[9.21788,47.66631],[9.12427,47.6707],[9.11252,47.68572],[9.08139,47.68321],[9.04332,47.69346],[9.04818,47.70827],[9.08447,47.68972],[9.10902,47.69016],[9.10092,47.70242],[8.98718,47.74341],[9.01402,47.71961],[8.95924,47.73739],[8.93997,47.72618],[8.9943,47.70671],[9.00635,47.69476],[8.99459,47.68441],[8.93573,47.659],[8.89425,47.65198],[8.85976,47.6572],[8.90653,47.6447],[8.96097,47.65681],[8.9835,47.66998],[9.06571,47.67422],[9.09017,47.673],[9.09632,47.66604]]]]}},{"type":"Feature","properties":{"NAME":"Poland","ABBREVN":"Poland","INFO_UR":null,"SUBJECTO":"Poland","BORDERPRECISION":1,"PARTOF":"Poland"},"geometry":{"type":"MultiPolygon","coordinates":[[[[14.679755978926874,50.90924066074824],[14.728939020950449,51.130564349854325],[14.134137326119102,52.408925709401345],[13.60711570693274,52.31603148843025],[13.569641371810796,53.22034592673583],[13.43473455620156,54.0310937961782],[13.667614969713938,54.084167085844896],[13.737782511217844,54.03028830166521],[13.76432612846638,53.87718542690935],[13.780499491198313,53.77517660732927],[13.850170168383372,53.72928961392107],[14.009740862353098,53.673209749419115],[14.176863703234446,53.68340643521013],[14.189576181872141,53.6247936117238],[14.280191454394114,53.61341818447771],[14.378188430920938,53.60111556019411],[14.433155092699778,53.59421499844255],[14.537060770495188,53.538165651518725],[14.495303186877024,53.6247936117238],[14.56530097435261,53.69359930630388],[14.556940111620676,53.75988348599138],[14.482524904711497,53.8185306417531],[14.472936663134348,53.87677725430193],[14.467412027819407,53.91035040493669],[14.580244322217496,53.9290180912011],[14.885758432848704,53.97956427212419],[15.079682383044016,54.00251730557146],[15.31168940971638,54.071002565581225],[15.898360285265696,54.128402315337084],[16.114680323107493,54.19960745449724],[16.473248514635813,54.41503485317888],[16.975901636584055,54.549308382231615],[17.65761283348347,54.6854625570363],[18.279448542101633,54.724120699126146],[18.759530100329172,54.5364147054738],[18.36291602562214,54.66889151211443],[18.338496241076243,54.602645479399584],[18.453806910021555,54.52537878628435],[18.51315597008015,54.315780245024584],[18.673077616198313,54.25514181729021],[18.684934699163804,54.25402242200741],[18.964976343615305,54.227584444243334],[19.117781112019074,54.253722181331696],[19.431387729364744,53.38343235164721],[19.5649825168084,53.459772230186445],[20.07830405901042,53.66510084706724],[20.07830405901042,53.511104384406636],[20.386296984331622,53.511104384406636],[20.42824509866496,53.778147713556336],[20.709395381809642,53.75806555047458],[20.809806197218464,53.63757257198401],[21.104947143414464,53.81909730972785],[21.46427222295587,53.81909730972785],[24.169444165923593,54.280238884479104],[24.348282690453473,51.90500303511092],[24.306529618417844,51.77974381900401],[24.144483036438615,51.293604073066234],[24.131951941103054,48.811120856545],[21.7706786242032,49.591705278232865],[21.7706786242032,49.742980371796946],[21.768063558826285,49.743677722564115],[21.316853343510914,49.86400044664822],[21.286598324798106,49.77323539050977],[21.13532323123401,49.83374542793541],[20.984048137669916,49.742980371796946],[20.893283081531493,49.83374542793541],[20.802518025393013,49.83374542793541],[20.893283081531493,49.742980371796946],[20.681497950541754,49.652215315658495],[20.53022285697766,49.803490409222576],[20.348692744700756,49.742980371796946],[20.015887538859758,49.803490409222576],[19.8948674640085,49.47068520338159],[19.713337351731596,49.53119524080722],[19.5620622581675,49.53119524080722],[19.5620622581675,49.712725353084124],[19.380532145890598,49.803490409222576],[19.13849199618805,49.712725353084124],[19.108236977475215,49.591705278232865],[18.926706865198312,49.62196029694567],[18.522176655414867,49.56107151341769],[18.47847432057335,49.49988824463957],[14.679755978926874,50.90924066074824]]],[[[14.174167665941965,53.90676077480974],[14.205406221850168,53.81320532437029],[14.145425829394114,53.8264537679738],[14.068350824816477,53.84347494717302],[14.02871707390095,53.86548193569841],[13.827770266039622,53.82971914883318],[13.777402910692942,53.94862326260271],[13.778410944445383,54.04440649624529],[14.069946321947825,53.917769991118334],[14.174167665941965,53.90676077480974]]],[[[14.227241548998606,53.909511171538256],[14.305262598498118,53.91501959438982],[14.424838098986399,53.91501959438982],[14.472936663134348,53.87677725430193],[14.459070238573801,53.81871374722185],[14.333859476549875,53.82971914883318],[14.247895273669016,53.815963350493334],[14.227241548998606,53.909511171538256]]]]}},{"type":"Feature","properties":{"NAME":"Prussians","ABBREVN":"Prussians","INFO_UR":null,"SUBJECTO":"Prussians","BORDERPRECISION":1,"PARTOF":"Prussians"},"geometry":{"type":"MultiPolygon","coordinates":[[[[21.031875840944984,55.61430821955151],[25.197573127585738,54.83114502075262],[24.169444165923593,54.280238884479104],[21.46427222295587,53.81909730972785],[21.104947143414464,53.81909730972785],[20.809806197218464,53.63757257198401],[20.709395381809642,53.75806555047458],[20.42824509866496,53.778147713556336],[20.386296984331622,53.511104384406636],[20.07830405901042,53.511104384406636],[20.07830405901042,53.66510084706724],[19.5649825168084,53.459772230186445],[19.431387729364744,53.38343235164721],[19.117781112019074,54.253722181331696],[19.25500396202351,54.27719458218279],[19.733597788317454,54.461173616606615],[19.757716211779368,54.45917471523943],[19.317608866198313,54.27167852993669],[19.23206237266804,54.222072206694506],[19.230307611925852,54.16696890469255],[19.32809928367878,54.16145285244646],[19.45682242821003,54.21656378384294],[19.570403223141696,54.25508398136884],[19.733119043810618,54.310268007475756],[19.914581807227407,54.39466250885789],[19.97753814171101,54.423942171294115],[20.18864539573933,54.52197607632341],[20.326712641222727,54.56400641079607],[20.194232019884836,54.57504614468279],[20.00570395897175,54.54745825405779],[19.938118967516672,54.608172975737475],[19.88181022117878,54.52537878628435],[19.833247217638743,54.53089865322771],[19.863169702990305,54.75173147793474],[19.942570719225657,54.84985693569841],[20.127097162707102,54.845641695219896],[20.797150644762766,54.817977510649584],[20.98520377586628,54.81164129849138],[21.13734343956257,54.845458589751146],[21.19194320152546,54.959579073149584],[21.113345179064524,55.08924444790544],[21.223853144152415,55.111449800688646],[21.19312194298054,55.16635092373552],[21.162322077257883,55.22138174648943],[21.143034967882883,55.25583990688982],[21.200932535631907,55.26139410610857],[21.21629622886921,55.3436656820363],[21.031875840944984,55.61430821955151]]]]}},{"type":"Feature","properties":{"NAME":"Baltic Tribes","ABBREVN":"Baltic Tribes","INFO_UR":null,"SUBJECTO":"Baltic Tribes","BORDERPRECISION":1,"PARTOF":"Baltic Tribes"},"geometry":{"type":"MultiPolygon","coordinates":[[[[21.018450769884836,55.63400992031755],[21.014815363390696,55.69705542202654],[20.99595740745808,56.024127565581225],[20.94544890831257,56.06995733853044],[20.916007074816477,56.096671663481615],[20.919519468945918,56.13669941147423],[22.631141834904707,56.276146827063236],[23.525993247131186,56.884039834294704],[23.767813715441477,56.8658824789113],[24.158383402331125,56.97548636074724],[24.266305002672922,57.03014715786638],[24.346499475939524,57.159720979887865],[24.322939905627024,57.33689077969255],[24.23618606041218,57.72816046353044],[24.325442347033274,57.83747061367693],[24.34564879844929,57.86221655483904],[24.415644678576243,57.94793280239763],[24.41440108726765,58.105887972075365],[24.48870072845212,58.20262733310452],[24.49678519676472,58.213153444487475],[24.331091913683665,58.30793341274919],[24.05835059593464,58.111529909331225],[23.90806868980671,58.22444876309099],[23.670859369738352,58.24138983364763],[23.69046500633503,58.665484987456225],[23.511870417101633,58.58087500210466],[23.36081984947468,58.767421327788256],[23.43197921226765,58.8580814230031],[23.337885889513743,58.97239264126482],[23.456978830797922,59.005492769438646],[23.41575721214558,59.11896475430193],[23.57018378685261,59.13807257290544],[24.032107386095774,59.17574270840349],[24.029559168322336,59.23541601772966],[24.281945261461985,59.28414114590349],[24.34156707237507,59.368880830962084],[24.537568125231516,59.323409639555834],[24.57092383812214,59.374328218657396],[24.71381286094929,59.351832948882006],[24.75122168968464,59.44846304531755],[25.24829009483601,59.36179693813982],[25.448794397814524,59.49396093960466],[25.489993128283274,59.420043550688646],[25.721121820910227,59.45984228726091],[26.343258890612375,59.446647249419115],[26.861901316149485,59.371749483305834],[26.99901679466511,59.31772955532732],[27.265091928942454,59.33804281826677],[27.524574479228292,59.3139687058209],[27.57017734727372,58.998974119472024],[27.523730468750017,59.00693359375],[27.298144531250017,58.994921875],[27.107324218750023,58.95419921875],[26.97412109375,58.88427734375],[26.96640625,58.805566406249994],[27.15673828125,58.64794921875],[27.236621093750017,58.45224609375],[27.32392578125001,58.401904296875],[27.42548828125001,58.303076171875],[27.47265625,58.216748046875],[27.4970703125,58.184130859375],[27.623828125000017,58.0142578125],[27.678320312500006,58.018505859375],[27.713273038097707,58.01056330516736],[27.95932683246563,56.31098570186206],[25.197573127585738,54.83114502075262],[21.031875840944984,55.61430821955151],[21.018450769884836,55.63400992031755]]]]}},{"type":"Feature","properties":{"NAME":null,"ABBREVN":null,"INFO_UR":null,"SUBJECTO":null,"BORDERPRECISION":1,"PARTOF":null},"geometry":{"type":"MultiPolygon","coordinates":[[[[23.173607000000118,58.675827],[23.186382,58.678047],[23.200829,58.679161],[23.216385,58.677773],[23.247459,58.671051],[23.271385,58.664436],[23.317219,58.650826],[23.339165,58.643326],[23.347218,58.6386030000001],[23.394997,58.5655440000001],[23.399162,58.558884],[23.396385000000123,58.550827],[23.376106,58.533051],[23.364998,58.52999100000011],[23.227219000000105,58.529716],[23.215271,58.533051],[23.09110600000014,58.580276],[23.07111,58.588326],[23.06472,58.59415400000012],[23.0602760000001,58.60083],[23.057774,58.60833000000014],[23.060829,58.616386],[23.068607,58.62165800000014],[23.140274,58.665825],[23.149719,58.670273],[23.173607000000118,58.675827]]]]}},{"type":"Feature","properties":{"NAME":null,"ABBREVN":null,"INFO_UR":null,"SUBJECTO":null,"BORDERPRECISION":1,"PARTOF":null},"geometry":{"type":"MultiPolygon","coordinates":[[[[22.948330000000112,58.844437],[22.884441,58.833054],[22.865551,58.82444],[22.868328000000133,58.818886],[22.882217,58.816666],[22.888607,58.810822000000144],[22.887218,58.787773],[22.884441,58.779716],[22.848053,58.773605],[22.81583,58.772766],[22.798332,58.773605],[22.784443,58.775826],[22.778053,58.781662],[22.777222,58.789993],[22.783333,58.796104],[22.792774000000122,58.80027],[22.803886,58.803604],[22.823051,58.81221],[22.829163,58.81832900000012],[22.826385,58.824165],[22.812496,58.826385],[22.798054,58.824997],[22.775829,58.81860400000011],[22.747215,58.80555],[22.739437,58.80027],[22.721107,58.781662],[22.701385,58.753883],[22.692493,58.73943300000013],[22.689716,58.731102],[22.680828000000133,58.716660000000104],[22.674717,58.710548],[22.666939,58.7052690000001],[22.646385000000123,58.697769],[22.624165,58.691101],[22.595551,58.688324],[22.565273,58.686653],[22.547497,58.68721],[22.531666,58.688599],[22.517776,58.691101],[22.479996000000142,58.699715],[22.469715,58.703606],[22.465271,58.710274],[22.46944,58.715546],[22.471939,58.763611],[22.44999700000011,58.831383],[22.445549000000142,58.838043],[22.426105,58.85527],[22.404995,58.871658],[22.390274,58.8822100000001],[22.381939,58.88694],[22.369717,58.890274],[22.336109,58.89222],[22.276943,58.889435],[22.245548,58.878601],[22.229439000000127,58.878044],[22.177219,58.88888500000013],[22.164997,58.891937],[22.06361,58.92360700000012],[22.053329,58.927773],[22.044998,58.932495],[22.042221,58.939987],[22.046387,58.945267000000115],[22.052219,58.949715],[22.064999000000114,58.95221700000013],[22.191105,58.94748700000014],[22.375553,58.95166],[22.434441,58.966385],[22.468052,58.978043],[22.487774000000115,58.992218],[22.523609,59.022491000000116],[22.575829000000113,59.068604],[22.699162,59.051384],[22.694717,59.044159],[22.698605,59.019989],[22.703049,59.013611],[22.71971500000012,59.003609],[22.733883,59.001389],[22.749718000000144,59.000000000000114],[22.801109,58.997215],[22.843052000000114,59.00222],[22.860828,59.001663],[22.929718,58.982491],[22.952496,58.966934],[23.04361,58.851105],[23.048054,58.844437],[23.045277,58.83638],[23.0216640000001,58.820549],[23.005276,58.830551],[22.96082700000011,58.844994],[22.948330000000112,58.844437]]]]}},{"type":"Feature","properties":{"NAME":null,"ABBREVN":null,"INFO_UR":null,"SUBJECTO":null,"BORDERPRECISION":1,"PARTOF":null},"geometry":{"type":"MultiPolygon","coordinates":[[[[23.206104,58.444992],[23.198051,58.449715],[23.142494000000113,58.44360400000011],[23.076942,58.413879],[23.064163,58.385826],[23.02861,58.35777300000012],[22.756943,58.240273000000116],[22.648884000000123,58.23027],[22.58194,58.24110400000012],[22.520554,58.242218],[22.487495000000138,58.242218],[22.474995,58.241936],[22.37833,58.223045],[22.36749600000013,58.219711],[22.288609,58.188042],[22.279163,58.18387600000011],[22.2716640000001,58.178604],[22.26722,58.171379000000115],[22.266388,58.163879],[22.2691650000001,58.15638],[22.273609,58.14971900000012],[22.276108,58.142494],[22.264721,58.102219],[22.261944,58.09388000000013],[22.202496,57.986107],[22.099163,57.93055],[22.07333,57.916664],[22.051662,57.90971400000012],[22.037777,57.908325000000104],[22.022221,57.90971400000012],[22.010277,57.91304800000012],[22.000553,57.916939],[21.994160000000136,57.922768],[21.980549,57.958046],[21.98582800000014,57.976379],[22.082218,58.07666],[22.089718,58.08194],[22.100552,58.085266],[22.112495000000138,58.08387800000014],[22.151108,58.08638],[22.197216,58.137497],[22.201385,58.144714],[22.196941,58.151382],[22.188606,58.15638],[22.176941,58.159431],[22.145275,58.1586],[22.131664,58.16082],[22.078609,58.17083],[22.068607,58.17471300000011],[21.884441,58.25222],[21.869717,58.262497],[21.84860600000013,58.278877000000136],[21.844162,58.28555300000011],[21.841385,58.293053],[21.84388700000011,58.299164],[21.874439,58.339989],[21.885273,58.343323],[21.899162,58.342766],[21.955551,58.343048],[22.0075,58.353325],[22.006386,58.359993],[21.996384,58.381378],[21.916664,58.457497],[21.910275,58.46305100000012],[21.901939,58.468048],[21.878052,58.4741590000001],[21.867775,58.478325],[21.851387,58.48777],[21.83194,58.50499700000012],[21.842773000000136,58.50833100000011],[21.924995,58.517212],[21.984718,58.516388],[22.000553,58.514999],[22.112495000000138,58.492218],[22.18916300000012,58.544998],[22.19833,58.54943800000012],[22.327221,58.577492],[22.501663,58.602219],[22.624165,58.59332300000011],[22.76833,58.600273],[22.775761,58.606155000000115],[22.80777400000011,58.616386],[22.823608,58.616936],[22.87166200000013,58.617767],[22.905273,58.61749300000014],[22.917217000000107,58.61610400000012],[22.978882,58.601105],[22.990829,58.597771],[23.090832,58.564438],[23.263054,58.496101],[23.273052,58.491936],[23.289165,58.48220800000013],[23.31971700000014,58.461662],[23.332218000000125,58.449997],[23.332775,58.441658],[23.328053000000125,58.434433000000126],[23.267498,58.429436],[23.250000000000114,58.430275],[23.226105,58.436653],[23.206104,58.444992]]]]}},{"type":"Feature","properties":{"NAME":"Samis","ABBREVN":"Samis","INFO_UR":null,"SUBJECTO":"Samis","BORDERPRECISION":1,"PARTOF":"Samis"},"geometry":{"type":"MultiPolygon","coordinates":[[[[20.157650980456125,69.747829042632],[20.28637603233601,69.78590735073747],[20.35831740806843,69.71038397427263],[20.27816489647175,69.58179052944841],[20.196503672106516,69.31769140835466],[20.552685770495188,69.52190741177263],[20.733939203722727,69.77918585415544],[21.102726969225657,69.81769140835466],[21.411963495714915,70.01541479702654],[21.60856154869343,69.96254309292497],[21.908072504503977,69.80404242153826],[22.16331008384968,70.09311255093279],[22.306448969347727,70.21561773892107],[22.745574030382883,70.1706043111867],[23.20360663841511,69.9427753316945],[23.29246810386921,70.01129492397966],[23.50840857933308,70.27907141323747],[23.827288660509836,70.47883947964372],[23.95485404442097,70.50205572720232],[24.207715067370188,70.47186621304216],[24.359614405138743,70.61029394741716],[24.570508036120188,70.7413822042531],[24.849038156969797,70.82660254116716],[25.38903144310261,70.90462835903826],[25.832055124743235,70.89776190396013],[25.23069289634968,70.55818518276872],[25.12242415855671,70.43524511929216],[25.074080500109446,70.14438208218279],[25.263024363024485,70.10654791470232],[25.574040445788157,70.3671375143117],[26.262717279894602,70.79074438687029],[26.606516870959055,70.9146228658742],[26.619105371935618,70.79908331509294],[26.617423090441477,70.39204748745622],[26.934350046618235,70.4692874776906],[27.131081614001047,70.5770755636281],[27.51601127098347,70.97030981655779],[27.9475431771114,71.01741369839372],[28.211159739001047,71.01790960903826],[28.308413538439524,70.94864996548357],[28.136439356310618,70.83272894497576],[27.98529151390339,70.71700628872576],[28.018929514391672,70.60945471401872],[27.8753996224239,70.42505987759294],[28.289725336535227,70.37221106167497],[28.388907465441477,70.57175024624529],[28.794812235338938,70.864772402007],[28.984337839586985,70.85741003628435],[29.74123099754597,70.60498388882341],[30.041438135607493,70.5441394674367],[30.46196082542683,70.53725012417497],[30.754202875597727,70.43041571255388],[30.798840555651438,70.30796393032732],[30.25187972496296,70.13114508267107],[29.7348966927364,70.1148944723195],[28.730080637438547,70.13592871304216],[28.817093882067454,70.09791906948747],[29.080019983752024,69.9612308370656],[29.555932077868235,69.8334003316945],[29.72857573936726,69.69756659146013],[30.05580619285847,69.72085913296404],[30.36129477928425,69.76681097622576],[30.73535827110554,69.75236090298357],[31.053782495959055,69.63959082241716],[31.331275019152415,69.66276129360857],[31.78220084617878,69.77701910610857],[32.07155898521687,69.8834949361867],[32.07601073692585,69.8153568136281],[32.190562281115305,69.64171179409685],[32.35172561119343,69.51367529507341],[32.59630874107624,69.42361792202654],[33.00963118980671,69.38669165249529],[33.28056624840046,69.34201391812029],[33.31560042808796,69.07128485317888],[33.628375086291086,69.21468695278826],[33.81804564903523,69.19247778530779],[34.30514815758015,69.1708255636281],[34.698889765246165,69.16405066128435],[34.93413833091999,69.149440370757],[35.43655303428913,69.15035589810076],[36.01827910850788,69.023707948882],[37.24586394737507,68.79349859829607],[37.68857863853718,68.62961157437029],[38.406443628771555,68.24269446011247],[38.66845229576374,68.14634283657732],[39.33470824669148,68.0359378683156],[39.91807082603718,67.9403797018117],[40.826052698595774,67.66004522915544],[40.973391565783274,67.5343738424367],[40.9508276314571,67.33465918179216],[41.01687148521687,67.20186194058122],[41.20882705162312,67.06946142788591],[41.25529769371296,66.93697699185076],[41.14697173546101,66.78226812954607],[40.83637908409382,66.56139715786638],[40.34514907310749,66.31864508267107],[39.977522882921946,66.20091589565935],[39.19002822349812,66.03870733853044],[38.78211120079304,66.00145300503435],[38.047869715197336,66.0073734151906],[37.42243102501179,66.0938220846242],[36.505225214464915,66.17248877163591],[35.771746668322336,66.25886877651872],[35.16772368858601,66.41150244351091],[34.15295318077351,66.62963446255388],[33.6512785286739,66.6801029073781],[33.43749144981648,66.70173987026872],[33.157725367052805,66.9144779073781],[32.990950617296946,66.987819277007],[32.64433959434773,67.04610022183122],[32.21943572471882,66.99374731655779],[32.3578214974239,66.92032965298357],[32.424727472765696,66.89102514858904],[32.75353911827351,66.64904364224138],[32.970862421496165,66.58338507290544],[33.469668421252024,66.31309851284685],[33.844214472277415,66.18213995571794],[34.258494410021555,66.10982855435076],[34.54369643638874,66.00083502407732],[34.726172480089915,65.79697760220232],[34.725588831408274,65.61499365444841],[34.60118773887898,65.48392828579607],[34.293414148791086,65.39624365444841],[30.603998127121553,64.93804540067741],[27.231594534992126,63.35447998456054],[23.130561750232246,63.78342849447229],[23.580285105211985,64.082057558257],[24.09403518150593,64.37656744595232],[24.47009375999714,64.635524355132],[24.931916269762766,64.81603582974138],[25.325089487536204,64.8023944723195],[25.351904901964915,64.93909796353044],[25.293414148791086,65.00389441128435],[25.132559809191477,65.07594641323747],[25.186125788195383,65.24265631313982],[25.251507791979563,65.41688879604997],[25.10361197899128,65.54012640591326],[24.59113982628132,65.58278235073747],[24.214800867541086,65.78590735073747],[23.947732004626047,65.7966800558156],[23.84408286522175,65.79847296353044],[23.40568831871296,65.72483404751482],[23.20402053306843,65.68075140591326],[22.798161539538157,65.85482367153826],[22.64555457542683,65.93478735562029],[22.489802393419993,65.88341864224138],[22.201569590075266,65.71528967495622],[21.957482370836985,65.44573553677263],[21.81872657249714,65.38013800259294],[21.522328409655344,65.37231024380388],[21.277346643908274,65.21227606411638],[21.42371276329304,65.10388525601091],[21.489449533922922,65.0171619283742],[21.32944205711628,64.89435156460466],[20.921193155749094,64.71382483120622],[21.064322504503977,64.59199865933122],[21.23704627464558,64.52054175015154],[21.385829004748118,64.38455542202654],[21.04889586876179,64.2191654073781],[20.873273399290948,64.03282247139006],[20.873273399290937,64.03282247139006],[20.866480860216868,64.02561529751482],[20.700659784777415,63.81812628384294],[19.984885248644602,63.51726873989763],[19.67027572105671,63.388541780669115],[19.46501258323933,63.480704866606615],[19.31822493980671,63.44482763882341],[19.07592681358601,63.202498995024584],[18.784991297228586,63.13801153774919],[18.486624750597727,62.98124273892107],[18.3889494271114,62.85337408657732],[18.303191217882883,62.78942450161638],[17.9674406380489,62.774623476225756],[17.868168863756907,62.788619600493334],[16.193076194139465,62.755664903942204],[14.34372061271587,62.94812856407893],[14.536054902202025,63.09760264133526],[17.009382981781513,67.24776331723984],[19.579979929430735,69.1810565816945],[19.82121375511433,69.36973150845232],[20.157650980456125,69.747829042632]]]]}},{"type":"Feature","properties":{"NAME":"Kyivan Rus","ABBREVN":"Rus","INFO_UR":null,"SUBJECTO":"Kyivan Rus","BORDERPRECISION":1,"PARTOF":"Rus"},"geometry":{"type":"MultiPolygon","coordinates":[[[[41.56336471754116,47.90269838021419],[42.20738235012229,48.23741060162015],[42.73213745815135,47.93466954301784],[42.63672743850969,47.323836767189114],[41.61106972736198,47.34000280554647],[41.56336471754116,47.90269838021419]]],[[[37.713326,45.296097],[37.701378,45.558594],[37.637321,45.578823],[37.645821,45.449425],[37.603325,45.414986],[37.584579137197416,45.53072294942722],[37.606659,45.655266],[37.663483,45.618603],[37.705826000000116,45.621933],[37.66360500000013,45.656937],[37.89264357824038,45.83596323886442],[38.49735216470168,45.2392414658813],[38.26882228939438,44.42664604807006],[38.219704,44.383606],[37.98816784396294,44.59409810343682],[37.852776,44.699715],[37.78804800000012,44.724991],[37.823875,44.66331500000012],[37.813881,44.636101],[37.488319,44.66943400000012],[37.35395701904569,44.787327414560025],[37.296387,44.871651],[37.276375,44.931107000000104],[37.156280917772776,45.00321182291457],[36.962723068609726,45.061419837118734],[36.83093900109445,45.09340901031],[36.710815,45.099709],[36.621651,45.129433],[36.576096,45.19249],[36.7286,45.203316],[36.960541,45.274994],[36.96888,45.307487],[36.779709,45.38472000000011],[36.66943400000014,45.326096],[36.756943,45.416656],[36.896378,45.42360700000011],[37.057442867136324,45.36604065190876],[37.094147,45.340546],[37.077209,45.236382],[37.314713,45.269981000000136],[37.216385,45.298607],[37.397774,45.316376],[37.523041,45.362488],[37.58416,45.338326],[37.713326,45.296097]]],[[[36.549431,45.33887500000012],[36.497208,45.34137],[36.43277,45.275269],[36.404709,45.151932],[36.456940000000145,45.081100000000106],[36.23333,45.006104],[36.128593,45.021103],[36.004166000000104,45.004715],[35.834717000000126,44.991096],[35.788879,45.050545],[35.71888,45.08416],[35.68859900000012,45.326096],[35.863045,45.404427],[35.93277,45.37027],[36.035553,45.371368],[36.070824,45.428596],[36.149994000000106,45.461098],[36.290833,45.465271],[36.48526800000013,45.441376],[36.60582,45.419159],[36.636375,45.379715],[36.616936,45.331383],[36.549431,45.33887500000012]]],[[[27.170654277631343,47.97257464428307],[27.17052768677833,47.97286399480424],[24.297108496353147,48.756523774011114],[24.131951941103054,48.811120856545],[24.144483036438615,51.293604073066234],[24.306529618417844,51.77974381900401],[24.348282690453473,51.90500303511092],[24.169444165923593,54.280238884479104],[25.197573127585738,54.83114502075262],[27.95932683246563,56.31098570186206],[27.713273038097707,58.01056330516736],[27.802734375,57.990234375],[27.881640625000017,57.93701171875],[27.875390625000023,57.92041015625],[27.910937500000017,57.895751953125],[27.992089843750023,57.868115234375],[28.10175781250001,57.8599609375],[28.169238281250017,57.914501953125],[28.149218750000017,57.974658203124996],[28.096972656250017,58.04443359375],[27.973046875000023,58.1326171875],[27.865136718750023,58.173486328124994],[27.71435546875,58.1642578125],[27.690733297582547,58.16625299189741],[27.591796875,58.174609375],[27.56855468750001,58.214794921875],[27.561328125000017,58.257421875],[27.58271484375001,58.306396484375],[27.66187142737159,58.36561178791214],[27.747851562500017,58.429931640625],[27.798144531250017,58.446826171875],[27.82050781250001,58.484912109375],[27.81367187500001,58.571337890625],[27.748437500000023,58.912060546875],[27.683007812500023,58.979638671874994],[27.57017734727372,58.998974119472024],[27.524574479228292,59.3139687058209],[27.702038797838938,59.297504030424975],[27.893597635729563,59.34611090298357],[28.015851053698313,59.454154573637865],[28.013093027575266,59.45822104092302],[27.973393473131907,59.51671179409685],[27.896657022936594,59.53378256436052],[27.941687616808665,59.64759787197771],[28.094189676745188,59.66467627163591],[28.163104090197336,59.590682588774584],[28.26633742759968,59.56222876187029],[28.350983652575266,59.60206183071794],[28.309100183947336,59.66440161343279],[28.4443636269405,59.73374136563005],[28.662732157213938,59.644340120512865],[28.79593375633503,59.67222174282732],[28.936268839342844,59.824550234038256],[29.076066050036204,59.907794557768725],[29.41362861107136,59.860030733305834],[29.765452417834055,59.7362438070363],[29.963156733019602,59.736617647368334],[30.126639399035227,59.80604513760271],[29.995443754341427,59.94159990566773],[31.006570010003042,60.18704439613204],[31.027643075,60.1819047],[31.066032675,60.1405502],[31.097392225,60.068919],[31.09204315,60.013918525],[31.04998545,59.975548775],[31.0441369,59.948550075],[31.0744975,59.932922425],[31.1989939,59.92479945],[31.4176261,59.92418115],[31.53558965,59.9400322],[31.55288455,59.9723526],[31.5394735,60.011245275],[31.4953565,60.056710225],[31.534506025,60.120701025],[31.656922075,60.203217675],[31.823859475,60.23559535],[32.035318225,60.21783405],[32.165823775,60.1867908],[32.215376125,60.1424656],[32.319977525,60.134577525],[32.479627975,60.163126575],[32.577737825,60.194444025],[32.614307075,60.228529875],[32.620910675,60.272259425],[32.597548625,60.325632675],[32.612413425,60.3629589],[32.665505075,60.3842381],[32.6649854,60.4239733],[32.6108544,60.4821645],[32.647538975,60.513207675],[32.775039125,60.517102825],[32.85038975,60.524139425],[32.87359085,60.534317475],[32.891572375,60.54384825],[32.904334325,60.55273175],[32.923458475,60.5757318],[32.948944825,60.6128484],[32.92643305,60.651073275],[32.85592315,60.690406425],[32.8178492,60.742530475],[32.8122112,60.807445425],[32.75409279819756,60.875997992882404],[32.753484225,60.876715825],[32.641668275,60.950341675],[32.6294669702271,60.96228932119715],[35.29283191796468,61.41979295293436],[35.5394512,61.309183325],[35.6437234,61.191627175],[35.66472105,61.098941],[35.60244415,61.0311248],[35.54780955,60.997981975],[35.50081725,60.999512525],[35.497628125,60.9773893],[35.538242175,60.9316123],[35.67165525,60.922281375],[35.89786735,60.949396525],[36.0332438,60.992912925],[36.0777846,61.052830575],[36.184818325,61.11158255],[36.354344975,61.16916885],[36.41474295,61.21654025],[36.36601225,61.25369675],[36.3706818,61.2896959],[36.407411096494556,61.31173342729653],[41.23911572686134,59.88481241972218],[42.17080041598191,56.39902282214345],[40.02833937701965,52.47757448840467],[39.765641208516065,52.497174703816725],[39.3019845997576,51.709020503380565],[32.92443605530745,49.355410882130734],[32.86064453125002,49.4078125],[32.75390625,49.48476562499999],[32.712011718750006,49.559375],[32.664648437500006,49.537011718749994],[32.65947265625002,49.464404296874996],[32.68242187500002,49.4009765625],[32.6318359375,49.3818359375],[32.46142578125,49.426074218749996],[32.35,49.469091796875],[32.18359375,49.520947265625],[32.11445312500001,49.541308593749996],[31.955371093750017,49.569677734375],[31.887988281250017,49.554443359375],[31.900488281250006,49.51279296875],[32.17011718750001,49.40439453125],[32.293554687500006,49.34619140625],[32.408203125,49.301708984375],[32.56830001089598,49.223980252515204],[30.44499980711248,48.44038452547438],[30.463032217795018,48.395653155352505],[29.879924963897498,48.32072246596741],[27.170654277631343,47.97257464428307]],[[38.69169921875002,58.20703125],[38.77949218750001,58.134765625],[38.80517578125,58.121972656249994],[38.81875,58.134814453125],[38.812109375,58.250732421875],[38.83046875000002,58.295556640624994],[38.87089843750002,58.3310546875],[39.00527343750002,58.358056640624994],[39.00039062500002,58.386767578125],[38.9703125,58.440820312499994],[39.00371093750002,58.475634765625],[38.9892578125,58.49560546875],[38.75283203125002,58.546923828125],[38.609960937500006,58.636572265625],[38.42734375,58.747021484375],[38.11943359375002,58.95458984375],[38.046972656250006,58.994189453125],[37.919921875,59.04208984375],[37.85771484375002,59.075146484375],[37.86640625000001,59.094091796875],[37.91015625,59.102734375],[38.170507812500006,59.0650390625],[38.23945312500001,59.0626953125],[38.33154296875,59.092578125],[38.407324218750006,59.152294921875],[38.414648437500006,59.1734375],[38.294042968750006,59.161328125],[38.18291015625002,59.203076171875],[38.14326171875001,59.209765625],[38.1240234375,59.202880859375],[38.176367187500006,59.1482421875],[38.18046875000002,59.13212890625],[38.1796875,59.113330078125],[38.159375,59.1015625],[38.1162109375,59.102587890625],[38.02724609375002,59.128076171874994],[38.007421875,59.14375],[38.0015625,59.159765625],[37.9873046875,59.1767578125],[37.940039062500006,59.174072265625],[37.842871093750006,59.1552734375],[37.64492187500002,59.156787109375],[37.64003906250002,59.1376953125],[37.67626953125,59.10234375],[37.69560546875002,59.06396484375],[37.67324218750002,59.0251953125],[37.60888671875,58.98896484375],[37.499121093750006,58.944189453125],[37.484375,58.927197265625],[37.4658203125,58.874560546875],[37.471289062500006,58.857080078124994],[37.50136718750002,58.844775390625],[37.58125,58.89882812499999],[37.64238281250002,58.918896484375],[37.71367187500002,58.927734375],[37.77724609375002,58.926220703125],[37.82832031250001,58.9140625],[37.86943359375002,58.8970703125],[37.917578125,58.858251953125],[37.99589843750002,58.861669921875],[38.02392578125,58.7458984375],[37.96132812500002,58.743603515625],[37.94169921875002,58.735498046874994],[37.9453125,58.7203125],[37.98417968750002,58.6923828125],[37.98769531250002,58.672216796875],[38.09550781250002,58.63447265625],[38.103125,58.619482421875],[38.073828125,58.591552734375],[38.07392578125001,58.541943359375],[37.99492187500002,58.550439453124994],[37.76777343750001,58.617626953125],[37.71484375,58.617529296875],[37.63232421875,58.63623046875],[37.62089843750002,58.626220703125],[37.666601562500006,58.5724609375],[37.6611328125,58.557470703125],[37.60869140625002,58.5453125],[37.56464843750001,58.55283203125],[37.537695312500006,58.612695312499994],[37.45917968750001,58.633935546874994],[37.41035156250001,58.669970703125],[37.41035156250001,58.6890625],[37.4228515625,58.7265625],[37.37226562500001,58.7314453125],[37.30791015625002,58.760009765625],[37.15078125000002,58.84873046875],[37.16923828125002,58.725634765625],[37.15458984375002,58.70654296875],[37.1552734375,58.694970703124994],[37.31679687500002,58.657421875],[37.41689453125002,58.6130859375],[37.50712890625002,58.5353515625],[37.89716796875001,58.291796875],[37.94404296875001,58.30087890625],[38.14873046875002,58.2486328125],[38.22050781250002,58.2373046875],[38.2509765625,58.19873046875],[38.249609375,58.102685546874994],[38.25917968750002,58.0708984375],[38.28105468750002,58.053857421874994],[38.31015625,58.040576171875],[38.369238281250006,58.031591796875],[38.41533203125002,58.015576171875],[38.437109375,58.017529296875],[38.43691406250002,58.03564453125],[38.35703125,58.10009765625],[38.38310546875002,58.121875],[38.61171875000002,58.113134765625],[38.68095703125002,58.108203125],[38.70400390625002,58.113134765625],[38.69794921875001,58.132958984374994],[38.619238281250006,58.20126953125],[38.63828125,58.2203125],[38.69169921875002,58.20703125]],[[31.64697265625,58.3083984375],[31.64570312500001,58.351416015625],[31.653417968750006,58.36875],[31.637109375000023,58.38798828125],[31.518164062500006,58.37255859375],[31.5107421875,58.3888671875],[31.43017578125,58.416552734375],[31.374316406250017,58.429248046875],[31.29833984375,58.4765625],[31.25166015625001,58.425439453124994],[31.170214843750017,58.35947265625],[31.079980468750023,58.331591796875],[31.019433593750023,58.319726562499994],[30.954882812500017,58.284375],[30.85703125,58.239111328125],[30.87617187500001,58.214111328125],[31.15625,58.171337890625],[31.39404296875,58.141992187499994],[31.44648437500001,58.205908203125],[31.53095703125001,58.23017578125],[31.63056640625001,58.207275390625],[31.688281250000017,58.202294921874994],[31.64697265625,58.3083984375]]]]}},{"type":"Feature","properties":{"NAME":"Sweden","ABBREVN":"Sweden","INFO_UR":null,"SUBJECTO":"Sweden","BORDERPRECISION":1,"PARTOF":"Sweden"},"geometry":{"type":"MultiPolygon","coordinates":[[[[11.766084703905832,57.67267950649919],[11.736376187990075,57.69820870971917],[12.487895457193432,58.56291949268916],[12.422772440417063,60.03877981777849],[12.435860666735422,60.27809866543474],[12.547958406908762,60.43387182827654],[12.431030306322825,60.625846468169115],[12.17403891990925,60.956405245024584],[12.5973816246822,61.02862127896013],[12.791736635668528,61.329948030669115],[13.154899574856202,62.024227120754574],[14.34372061271587,62.94812856407893],[16.193076194139465,62.755664903942204],[17.868168863756907,62.788619600493334],[17.936255487902415,62.54800375576677],[17.71811202476765,62.356734834868334],[17.290240320666086,62.4407230245656],[17.3873625130489,62.20076712246599],[17.49677184532429,62.088100038725756],[17.386973413927805,61.65843542690935],[17.162642511828196,61.62990530605974],[17.065176996691477,61.5383792745656],[17.150189432604563,61.19770773525896],[17.146208796007883,60.95282705898943],[17.31762793968464,60.753070436674975],[17.188498529894602,60.67429312344255],[17.604964289171946,60.637538515288256],[17.70645621727253,60.553580843169115],[17.930748972399485,60.59030874844255],[18.224387201769602,60.32296713467302],[18.416865381701243,60.181624971587084],[18.804085764391672,60.108398042876146],[18.893071207506907,59.92568930264177],[19.037323984606516,59.86324270840349],[19.04355147789265,59.71242483730974],[18.86789229820515,59.71242483730974],[18.639250788195383,59.56692846890154],[18.251421961291086,59.431937776762865],[18.03008368919636,59.35928305264177],[17.795283350451243,59.36447485562029],[17.72995284508015,59.41636236782732],[17.367983850939524,59.46826513882341],[17.07059768150593,59.54614981289568],[16.785538706286204,59.577315889555834],[16.724089655382883,59.530570589262865],[16.52320769737507,59.58251532192888],[16.407576593859446,59.44749792690935],[16.77647498558308,59.478656374174975],[16.999835047228586,59.35928305264177],[17.265778574450266,59.33853491421404],[17.358122858507883,59.245177828032396],[17.574921640856516,59.21407278652849],[17.58441260765339,59.27111395474138],[17.861731562121165,59.23999365444841],[17.97763541649128,59.328151308257006],[18.111378702624094,59.32297476406755],[18.328169855578196,59.3696666585988],[18.429560694201243,59.33334692593279],[18.441370996935618,59.40079077358904],[18.51546958397175,59.40079077358904],[18.61132720421101,59.33334692593279],[18.598195108874094,59.297042452055834],[18.273371729357493,59.286666475493334],[18.371960672838938,59.157069765288256],[18.015667948229563,59.03791006680193],[17.940136942370188,58.90848883267107],[17.76646521995808,58.87226828213396],[17.726422342760813,58.913661562163256],[17.745200190050852,58.986129366118334],[17.73910811851765,59.11042364712419],[17.623181375963938,59.10007055874529],[17.58218863914753,58.89296682949724],[17.35667518089558,58.7429691183156],[17.2453890175655,58.71711691494646],[17.082999262316477,58.748134218413256],[17.080731424792063,58.649928652007006],[16.442866358263743,58.63442190762224],[16.513194117052805,58.42811545010271],[16.744044336779368,58.311950288969896],[16.77354529808308,58.037902437407396],[16.724585566027415,57.88932379360857],[16.59776404808308,57.866454683501146],[16.459530863268625,57.89520605679216],[16.476531061632883,57.70212896938982],[16.6072054238155,57.66581305142107],[16.550478968127024,57.545150362212084],[16.65867904136921,57.442950807768725],[16.494158777697336,57.278922640044115],[16.39452460716511,57.07430227871599],[16.37617400596882,56.82242163296404],[16.06315060848881,56.39623928230259],[15.426993333232232,56.765740887137554],[14.484980269750153,56.68010333591191],[14.175412094711518,56.81280296483813],[13.432448474618766,56.5238726681354],[13.226069691259667,57.10173326154086],[12.895863637885114,56.977905991525404],[12.730760611197823,57.43193931491541],[12.524381827838752,57.3906635582436],[12.318003044479624,57.67959385494633],[11.876622232897532,57.32520636196794],[11.881114038927805,57.508964143950365],[11.766084703905832,57.67267950649919]]],[[[18.147778,56.911942],[18.140274,56.914993],[18.142498,56.920273],[18.158333,56.94166600000011],[18.209164,56.989166],[18.256664,57.032219],[18.254444,57.079163],[18.173332,57.141937],[18.148331,57.235275000000115],[18.158054,57.315826],[18.142498,57.409439],[18.115276000000108,57.480827],[18.110275,57.496109],[18.109997,57.513054000000125],[18.111385,57.51944],[18.119164,57.531105],[18.138611,57.551109],[18.179165,57.588333],[18.191441,57.596138],[18.211941000000138,57.605827],[18.227776,57.611382000000106],[18.242222,57.61749300000014],[18.249165,57.62082700000013],[18.276108,57.634163000000115],[18.29472,57.645828],[18.338886,57.681664],[18.355831000000137,57.69583100000011],[18.381943,57.718605],[18.401665,57.738609],[18.41972,57.760277],[18.456387,57.802773],[18.461388,57.8077770000001],[18.46722,57.811943],[18.48111,57.818604],[18.681942,57.913605],[18.689999,57.916107],[18.71611,57.921104],[18.724998,57.922775],[18.881943,57.919716],[18.902496,57.918327],[18.914165,57.917496],[19.004719,57.908607],[19.006107,57.90361],[19.003887000000134,57.898888],[19.033333,57.826942],[18.929443,57.739716],[18.848888,57.721107],[18.809166,57.703606],[18.793331,57.659164],[18.75972,57.508049],[18.768055,57.472221],[18.769444,57.467216],[18.78833,57.448326],[18.71444300000013,57.246941000000106],[18.711941,57.241661],[18.658054,57.220833],[18.551941,57.182777],[18.514721000000122,57.169441],[18.498333,57.165276],[18.455555,57.156944],[18.439442,57.152771],[18.417221,57.144165],[18.397221,57.134163],[18.391388,57.12999700000012],[18.386665,57.124992],[18.345554,57.07972],[18.341389,57.073883],[18.339165,57.06860400000011],[18.335552,57.023331],[18.335831,57.017494],[18.34333,57.014442],[18.346664,56.998604000000114],[18.302498,56.937492],[18.294998000000135,56.934715],[18.215553,56.913055],[18.206108,56.911942],[18.168888,56.909996],[18.147778,56.911942]]],[[[16.571941,56.371666],[16.575275,56.367218],[16.575554,56.361382],[16.571663,56.354996],[16.553055,56.32638500000013],[16.496109,56.24082900000013],[16.486385,56.231384000000105],[16.47361,56.224442],[16.437222,56.21138800000011],[16.429722,56.20888500000012],[16.420830000000137,56.211105],[16.416111000000114,56.215271],[16.410831,56.224998],[16.403332,56.274162],[16.3916660000001,56.464996],[16.393330000000105,56.529160000000104],[16.395832,56.535828],[16.420277,56.58638800000011],[16.5425,56.776382],[16.611942,56.868332],[16.616665,56.873604],[16.629166,56.879166],[16.644997,56.883606],[16.749443,56.93972],[16.848053000000107,57.064163],[16.899998,57.13499500000012],[16.959442,57.22361],[16.963055,57.229439],[16.965553000000114,57.241661],[16.960278,57.256943],[16.959164,57.274162],[16.960552,57.280273],[16.96611,57.29361],[16.973331,57.305275],[16.982777,57.31555200000014],[16.993053,57.324715],[17.00999800000011,57.337494],[17.022221,57.344994],[17.035553000000107,57.35194400000012],[17.056664,57.359161],[17.09861,57.350555],[17.105553,57.348328],[17.124165,57.32083100000011],[17.050552,57.186661],[17.008888,57.131943],[16.961109000000135,57.075272],[16.926666,57.038055],[16.880276,56.929718],[16.848331,56.843887],[16.84111000000013,56.832222],[16.836666,56.826942],[16.828053,56.825272],[16.816944,56.825829],[16.808331000000123,56.824165],[16.785,56.809998],[16.779442,56.805832],[16.77027500000014,56.79583],[16.72666500000014,56.702217],[16.635555,56.51888300000013],[16.576664,56.406944],[16.57055300000013,56.394440000000145],[16.569443,56.388054],[16.570274,56.37693800000011],[16.571941,56.371666]]]]}},{"type":"Feature","properties":{"NAME":"Kingdom of Georgia","ABBREVN":"Georgia","INFO_UR":null,"SUBJECTO":"Kingdom of Georgia","BORDERPRECISION":1,"PARTOF":"Kingdom of Georgia"},"geometry":{"type":"MultiPolygon","coordinates":[[[[43.3250095843281,40.953343998053384],[42.69293463250837,40.70051401732549],[42.671128696774815,40.65932502760655],[41.51625822046989,41.46200694552765],[41.52111342857624,41.46583517666521],[41.666113886339915,41.729152284819506],[41.68046859215046,41.79333838101091],[41.65183547447468,42.1206432210988],[41.502722773058665,42.608478151518725],[41.40974334190632,42.78824194546404],[41.12255385826374,43.019088350493334],[40.969336542589915,43.076659761626146],[40.55709365318562,43.14658697720232],[40.25161651085163,43.26818426724138],[40.09806350181843,43.37755163784685],[39.73794734672187,43.634036209076456],[41.39004381416987,43.334450124362114],[42.47840255284036,43.13324743801728],[43.05769549232488,43.02615471990554],[43.625385457420876,42.81632317923894],[45.25983714902755,42.43851801493287],[45.294014411002905,42.36979009690512],[45.97921541387585,42.42427711087371],[46.221537046188466,42.22817509322473],[45.868432358323204,42.06288054044997],[45.83234056748051,41.69510579310613],[45.51495486304371,41.70809027745868],[45.43192609039387,41.45900395950916],[44.89118164269644,41.32922529206178],[44.811470027098224,41.34978827042802],[44.78217985176953,41.303064862239324],[44.552020482529834,40.93591683267785],[44.02925967291415,41.122364019314034],[43.3250095843281,40.953343998053384]]]]}},{"type":"Feature","properties":{"NAME":"Arran","ABBREVN":"","INFO_UR":null,"SUBJECTO":"Arran","BORDERPRECISION":1,"PARTOF":"Arran"},"geometry":{"type":"MultiPolygon","coordinates":[[[[46.475207029952394,40.77718476629018],[46.42431625104156,40.93411255876109],[46.534241180111515,40.942762035808705],[46.53001248416406,40.93115509819276],[46.8157837811249,40.87789817177294],[46.87250876036927,40.856049546977154],[46.87380490864932,40.84697650901682],[48.0802239032941,40.07090963817697],[48.33869606912334,39.946145395372234],[48.37319249040053,39.96656083940032],[47.93929559246406,39.6743304583401],[47.817469936058174,39.67297142072481],[47.128957805191554,39.66529065862557],[47.0624083250774,40.44136258094082],[46.858675192452104,40.447913774425594],[46.78446637871823,40.45030001514541],[46.49478040645655,40.59313729303555],[46.475207029952394,40.77718476629018]]]]}},{"type":"Feature","properties":{"NAME":"Shirvan","ABBREVN":"Shirvan","INFO_UR":null,"SUBJECTO":"Shirvan","BORDERPRECISION":1,"PARTOF":"Shirvan"},"geometry":{"type":"MultiPolygon","coordinates":[[[[47.849258060544926,41.17912009668831],[47.87792030044409,41.167676139826234],[49.54039779050493,40.50389966082933],[49.658504770637414,40.659019180286904],[49.80730346153523,40.58070334072771],[50.0200529427364,40.6019779073781],[50.190249475939524,40.570067964751146],[50.31789687584187,40.495605074126146],[50.42426970909382,40.410506807524584],[50.4668188423946,40.32540854092302],[50.4668188423946,40.26158484097185],[50.30725768516804,40.32540854092302],[50.12642577598835,40.34668310757341],[50.03068831871296,40.34668310757341],[49.913680109484446,40.32540854092302],[49.849856409533274,40.27222403164568],[49.66902068565632,40.24031027432146],[49.57328322838093,40.17648657437029],[49.55200866173054,40.091388307768725],[49.54137328575398,39.87864264126482],[49.48818496177937,39.76163061733904],[49.445635828478586,39.655257784087084],[49.40348784579458,39.48666585335106],[49.07455142970576,39.47820342190338],[48.95160023666674,39.803051034511626],[48.894476365867426,39.9539772076819],[48.53432623819076,40.06192194896629],[48.37319249040053,39.96656083940032],[48.33869606912334,39.946145395372234],[48.0802239032941,40.07090963817697],[46.87380490864932,40.84697650901682],[46.87250876036927,40.856049546977154],[47.03109092267073,40.79496883421915],[47.13678715579323,40.80978525273251],[46.86118638407609,40.935306181029404],[46.84888488038016,41.02141670690091],[47.74498422898439,41.16268189439613],[47.849258060544926,41.17912009668831]]]]}},{"type":"Feature","properties":{"NAME":"Alans","ABBREVN":"","INFO_UR":null,"SUBJECTO":"Alans","BORDERPRECISION":1,"PARTOF":"Alans","CORREGIDO":{"base":"world_1000.geojson","motivo":"norte del Cáucaso, alanos","fuente":"https://en.wikipedia.org/wiki/Khazars"}},"geometry":{"type":"MultiPolygon","coordinates":[[[[28.9318,47.1581],[27.6153,46.9002],[27.6277,46.928],[27.5286,47.1545],[27.4283,47.3836],[27.3911,47.4687],[27.1707,47.9726],[29.8799,48.3207],[29.6371,47.2963],[28.9318,47.1581]]],[[[45.2598,42.4385],[43.6254,42.8163],[43.0577,43.0262],[42.4784,43.1332],[41.39,43.3345],[39.7379,43.634],[39.4587,43.8329],[38.9237,44.2119],[38.5561,44.3851],[38.277,44.4232],[38.2688,44.4266],[38.3738,44.8],[47.0496,44.8],[47.0258,44.7881],[46.8729,44.6802],[46.81,44.5363],[46.8459,44.4464],[46.9988,44.3565],[47.1427,44.3385],[47.2236,44.2036],[47.3315,44.1856],[47.4394,44.0328],[47.5653,43.844],[47.5383,43.6731],[47.4934,43.5832],[47.5203,43.5113],[47.5653,43.6012],[47.6103,43.754],[47.6642,43.8529],[47.7361,43.8619],[47.6732,43.6641],[47.5743,43.5023],[47.6013,43.3224],[47.6552,43.2775],[47.5833,43.1875],[47.5653,43.0077],[47.7361,42.8998],[47.7901,42.8548],[47.844,42.6211],[47.9699,42.5941],[48.1318,42.4053],[48.2217,42.2794],[46.7382,41.7118],[46.8225,41.2062],[46.8725,40.856],[46.8158,40.8779],[46.53,40.9312],[46.5342,40.9428],[46.4243,40.9341],[46.4752,40.7772],[46.4948,40.5931],[46.7845,40.4503],[46.8587,40.4479],[46.7382,40.0263],[46.1483,39.6892],[45.4319,41.459],[45.515,41.7081],[45.8323,41.6951],[45.8684,42.0629],[46.2215,42.2282],[45.9792,42.4243],[45.294,42.3698],[45.2598,42.4385]]]]}},{"type":"Feature","properties":{"NAME":"Serbia","ABBREVN":"Serbia","INFO_UR":null,"SUBJECTO":"Serbia","BORDERPRECISION":1,"PARTOF":"Serbia"},"geometry":{"type":"MultiPolygon","coordinates":[[[[16.81725,44.8202],[18.88873,44.47077],[18.89974,42.48164],[19.87964,42.13967],[19.52026,41.78279],[19.45789,41.79808],[19.36771,41.84637],[19.33847,41.86202],[19.14304,41.93209],[19.13554,41.99954],[18.9099,42.21779],[18.52864,42.35274],[18.51359,42.36214],[18.24871,42.52744],[18.00137,42.69446],[17.64638,42.8646],[17.59568,42.8889],[17.54798,42.92012],[17.30407,43.07621],[17.07509,43.22275],[16.99226,43.32272],[16.63981,43.38974],[16.71152,43.77133],[16.70148,43.84666],[16.8651,44.24474],[16.81725,44.8202]]]]}},{"type":"Feature","properties":{"NAME":null,"ABBREVN":null,"INFO_UR":null,"SUBJECTO":null,"BORDERPRECISION":1,"PARTOF":null,"CORREGIDO":{"base":"world_1000.geojson","motivo":"cede territorio a «Karkhanids»: los karajánidas toman Bujará y Samarcanda (999); Kashgar es suya desde mediados del s. X"}},"geometry":{"type":"MultiPolygon","coordinates":[[[[74.8379,46.3889],[79.1337,46.6498],[99.8687,48.6089],[98.3845,55.5188],[99.5375,55.2811],[99.4854,55.6585],[107.9615,59.8184],[114.0159,59.5467],[115.2055,57.3861],[116.9616,59.8827],[127.8094,61.8038],[137.178,61.3343],[142.7215,59.239],[142.3578,59.141],[141.9238,58.9409],[141.5908,58.7275],[141.3496,58.5009],[140.9943,58.3906],[140.5874,58.2393],[140.4998,58.1708],[140.0287,57.6441],[139.2938,57.3362],[138.8668,57.1245],[138.3459,56.8042],[137.6019,56.2403],[137.2291,55.9827],[136.5213,55.5899],[136.1194,55.4206],[135.2695,55.0287],[134.9852,54.8539],[134.8937,54.7199],[134.902,54.5594],[135.0945,54.4328],[135.3126,54.4132],[135.7258,54.4073],[136.1964,54.475],[136.4916,54.4555],[136.3435,53.8878],[136.3507,53.7012],[136.4871,53.6548],[136.7702,53.6954],[137.0407,53.8625],[137.3829,53.8098],[137.3258,53.7431],[137.1217,53.5894],[137.0713,53.4895],[137.2392,53.4565],[137.9794,53.4646],[138.234,53.5716],[138.4095,53.8051],[138.4168,54.0919],[138.7604,54.0859],[139.0517,54.0865],[139.378,54.0804],[139.8059,53.9611],[140.1025,53.8017],[140.3213,53.5356],[140.7023,53.2769],[140.8937,53.1974],[141.1212,53.0516],[141.0897,52.9851],[140.8282,52.8252],[141.032,52.7261],[141.0905,52.5869],[140.9395,52.2618],[141.1606,52.2092],[141.2571,52.1035],[141.1263,51.8716],[140.9699,51.6928],[140.7303,51.4413],[140.4045,50.8274],[140.3235,50.5178],[140.3488,50.4192],[140.457,50.104],[140.3722,49.6913],[140.3282,49.3579],[140.1466,48.7244],[140.081,48.5026],[139.2137,47.8106],[139.0467,47.6152],[138.9493,47.3224],[138.685,47.1335],[138.3516,46.8732],[138.2429,46.7107],[137.9846,46.2693],[137.7205,45.9967],[137.2969,45.6463],[136.4941,44.966],[136.2851,44.753],[136.1792,44.5468],[136.034,44.3984],[135.6928,44.224],[135.4148,44.0368],[135.1561,43.7212],[134.9624,43.515],[134.5686,43.2122],[134.1389,42.993],[133.312,42.7794],[132.9528,42.6695],[132.8274,42.8619],[132.5944,42.9],[132.4847,42.8805],[132.3331,42.9637],[132.1818,43.1946],[131.8831,43.072],[131.6746,43.0266],[131.8652,43.2904],[133.3993,44.6712],[133.709,45.4144],[133.0277,46.5292],[131.9129,46.5292],[127.5775,44.4235],[123.6138,43.9899],[120.0836,43.8041],[113.8283,43.2467],[108.3605,41.5078],[103.0626,41.2021],[101.4596,41.2021],[101.4324,41.2021],[98.9872,41.8134],[96.2364,41.5078],[92.2629,42.1191],[91.346,42.1191],[88.1876,41.4059],[85.9461,41.4059],[85.233,40.9984],[85.1311,40.1833],[85.8443,39.572],[88.2895,38.9607],[87.6782,38.655],[88.0857,38.1456],[79.8331,35.4966],[79.8453,35.2252],[79.8979,34.0514],[79.8076,33.0578],[72.2104,33.3721],[67.8842,36.8516],[67.6616,37.0],[80.0,37.0],[80.0,45.5],[73.1109,45.5],[73.5744,45.8635],[74.8379,46.3889]]],[[[54.9295,39.1591],[54.8676,36.8057],[54.0674,36.9415],[54.0087,37.3487],[54.0151,37.3483],[53.9852,37.5177],[53.9278,37.8242],[53.8799,38.0254],[53.9373,38.1594],[53.9373,38.3318],[53.9373,38.5713],[53.9852,38.6575],[54.0331,38.7916],[54.0714,38.8969],[54.0331,38.9927],[53.9182,39.0502],[53.7745,39.1364],[53.6787,39.2513],[53.6596,39.3184],[53.5829,39.3184],[53.4967,39.3375],[53.3339,39.3854],[53.2477,39.2992],[53.2094,39.4046],[53.2477,39.4525],[53.3148,39.5674],[53.3722,39.5195],[53.5446,39.5387],[53.7362,39.5004],[53.7937,39.4908],[53.8128,39.5482],[53.6691,39.644],[53.5542,39.6536],[53.5159,39.7781],[53.5925,39.893],[53.6883,39.9792],[53.5063,39.9984],[53.3627,39.9601],[53.1903,39.9601],[53.0466,39.9984],[52.9891,39.9314],[52.9125,40.0463],[52.8455,40.1804],[52.8455,40.3336],[52.8263,40.4677],[52.9029,40.5635],[52.9508,40.7072],[52.97,40.8221],[53.0179,40.9466],[53.0562,41.052],[53.1519,40.8987],[53.1807,40.8413],[53.2573,40.7646],[53.4393,40.8029],[53.6117,40.7455],[53.6596,40.8125],[53.65,40.8796],[53.6979,40.8796],[53.7649,40.87],[53.7937,40.7263],[53.8416,40.6401],[53.9756,40.6497],[54.1097,40.6784],[54.2247,40.7263],[54.33,40.688],[54.4162,40.6593],[54.4545,40.7167],[54.3875,40.8029],[54.3683,40.8987],[54.4545,40.9179],[54.5024,40.8508],[54.6078,40.8125],[54.7227,40.8508],[54.8185,40.8796],[54.8281,40.9849],[54.7514,41.1382],[54.5982,41.2435],[54.3588,41.3872],[54.2058,41.4637],[60.848,43.1655],[61.1525,44.7319],[61.7274,44.9338],[61.8616,45.0483],[61.68,45.1068],[61.2391,45.1772],[61.5003,46.5207],[61.5615,46.5972],[61.6543,46.7689],[61.5484,46.7677],[61.6342,47.209],[64.7383,45.5],[62.0,45.5],[62.0,39.7405],[55.4869,39.3449],[54.9295,39.1591]]]]}},{"type":"Feature","properties":{"NAME":"Holy Roman Empire","ABBREVN":"Holy Roman Empire","INFO_UR":null,"SUBJECTO":"Holy Roman Empire","BORDERPRECISION":1,"PARTOF":"Holy Roman Empire"},"geometry":{"type":"MultiPolygon","coordinates":[[[[8.47501,46.40849],[10.06282,46.47558],[10.65991,47.69365],[9.99117,48.81617],[8.51039,48.72064],[7.81339,47.46217],[7.26987,47.46217],[6.78075,47.95129],[6.25177,47.95721],[6.23786,48.29121],[5.94562,48.34687],[6.0152,48.65303],[5.83428,48.77828],[6.00128,48.90352],[5.87603,49.07052],[5.72295,48.95919],[5.61162,49.20968],[5.90387,49.19577],[5.90926,49.20086],[5.36113,49.69676],[4.25522,49.88724],[3.82033,50.03945],[3.43844,51.00828],[3.6813,51.32142],[3.77505,51.38774],[3.74348,51.46045],[3.52032,51.57914],[3.87814,51.79173],[4.26441,52.07089],[4.38724,52.23037],[4.64101,52.7557],[4.71877,52.80242],[5.0084,52.85619],[5.17329,52.74342],[5.23463,52.62285],[5.10824,52.5315],[5.00609,52.55688],[5.03574,52.33372],[4.94983,52.27795],[5.47319,52.1766],[5.57437,52.28302],[5.75691,52.33372],[5.81714,52.52136],[5.61125,52.5315],[5.55571,52.58732],[5.54689,52.6787],[5.65344,52.74978],[5.57638,52.75993],[5.32575,52.79041],[5.35802,52.93775],[5.34275,52.99631],[5.33212,53.01145],[5.38952,53.13857],[5.64735,53.22776],[5.96631,53.33501],[6.26072,53.32174],[6.75072,53.38986],[6.86105,53.26576],[7.00906,53.24541],[7.04328,53.164],[7.15994,53.164],[7.18975,53.23014],[6.98071,53.31666],[7.03733,53.51015],[7.16564,53.59167],[7.33239,53.60443],[7.83638,53.63209],[7.87503,53.63369],[7.96854,53.63753],[8.01102,53.56569],[8.09873,53.44393],[8.02908,53.37265],[8.17499,53.32174],[8.24193,53.35229],[8.26077,53.43885],[8.189,53.53052],[8.30565,53.52543],[8.5018,53.44903],[8.42866,53.61205],[8.51624,53.76104],[8.53954,53.80068],[8.5856,53.79308],[8.84848,53.74968],[9.12504,53.79048],[8.8571,53.86699],[8.81897,53.96904],[8.94634,54.01497],[8.83265,54.06602],[8.77879,54.1324],[8.8533,54.16816],[8.88401,54.22945],[8.96168,54.27591],[9.05618,54.3486],[9.13613,54.29772],[9.16521,54.31952],[9.21609,54.29045],[9.2597,54.30498],[9.29604,54.24683],[9.44141,54.24683],[9.44868,54.18869],[9.67401,54.18869],[9.73943,54.27591],[9.82665,54.27591],[9.8848,54.2541],[10.14173,54.33675],[10.20459,53.69844],[10.57143,53.04628],[11.75346,52.84248],[11.54966,52.63868],[11.67194,52.35336],[13.58766,52.3126],[13.60712,52.31603],[14.13414,52.40893],[14.72894,51.13056],[14.67976,50.90924],[18.47847,49.49989],[18.25037,49.18055],[18.22319,48.99028],[18.11447,48.99028],[18.11447,48.85438],[17.86985,48.80002],[17.35342,48.9631],[16.48162,48.19585],[16.55704,47.49537],[16.64402,47.29967],[16.55704,47.19095],[16.55704,47.06048],[16.44832,46.93001],[16.44832,46.7778],[16.51355,46.62559],[16.29611,46.40815],[16.53529,46.36466],[16.44832,46.10373],[16.20913,46.14722],[16.07866,45.88629],[16.20913,45.73408],[16.12215,45.58187],[15.91168,45.63098],[15.46982,45.73408],[15.42362,45.42966],[14.88001,45.48402],[14.79847,45.86455],[14.52667,45.783],[14.35449,45.32289],[14.23862,45.06235],[14.17461,45.01039],[13.90806,44.97911],[13.79921,45.30563],[13.95159,45.3927],[13.99513,45.45801],[13.79998,45.56637],[13.67318,45.71451],[13.56461,45.72652],[13.43773,45.63843],[13.3677,45.69449],[13.08086,45.98045],[12.64549,45.91514],[12.14482,45.76277],[11.97067,45.43624],[12.17619,45.21429],[12.31251,45.17829],[12.32214,45.04237],[12.40899,44.98901],[12.52309,44.88275],[12.47604,44.78709],[12.37777,44.73153],[12.27358,44.67264],[12.28073,44.55012],[12.34508,44.30104],[12.50812,44.13146],[12.69723,43.93476],[13.60087,43.5348],[13.73156,43.37416],[13.79163,43.12334],[13.91509,42.87276],[14.0764,42.63378],[14.09277,42.60953],[14.40493,42.35311],[14.51931,42.2297],[14.71996,42.14176],[14.73853,42.04716],[14.43918,41.8787],[13.38741,41.85173],[13.25257,41.66295],[13.27145,41.31424],[12.97678,41.37138],[12.64152,41.5311],[12.39485,41.72955],[11.96343,42.00474],[11.96013,42.00737],[11.49737,42.37635],[11.10476,42.54908],[10.74276,42.85051],[10.48775,43.23594],[10.33791,43.5962],[10.29248,43.70544],[10.26138,43.74524],[10.15524,43.8811],[10.13675,43.90477],[9.9093,44.11048],[9.8255,44.15255],[9.69194,44.2196],[9.15704,44.37324],[8.89659,44.43719],[8.67172,44.4174],[8.34279,44.22019],[8.28887,44.56822],[7.67747,44.73126],[7.51443,45.38341],[8.49267,46.11709],[8.47501,46.40849]]]]}},{"type":"Feature","properties":{"NAME":"Icelandic Commonwealth","ABBREVN":"Iceland","INFO_UR":null,"SUBJECTO":"Icelandic Commonwealth","BORDERPRECISION":1,"PARTOF":"Icelandic Commonwealth"},"geometry":{"type":"MultiPolygon","coordinates":[[[[-24.21885,65.53374],[-24.16154,65.60662],[-23.97264,65.68711],[-23.57052,65.68057],[-23.26697,65.72486],[-23.42614,65.82667],[-23.60829,65.97963],[-23.46557,66.13343],[-23.3411,66.13366],[-22.91092,65.94441],[-22.6093,65.92308],[-22.47414,65.99638],[-22.56006,66.11319],[-22.84109,66.28104],[-22.67637,66.39131],[-22.20982,66.28955],[-21.77907,66.25373],[-21.44325,66.12992],[-21.24249,65.88182],[-21.29617,65.69941],[-21.49472,65.56797],[-21.07972,65.20545],[-20.83062,65.3656],[-20.67248,65.42405],[-20.38893,65.47545],[-20.16845,65.5559],[-20.14128,65.65057],[-20.21739,66.0006],[-19.97331,66.11073],[-19.74766,65.90653],[-19.55601,65.76826],[-19.336,65.67393],[-19.23918,65.66684],[-19.15589,65.72528],[-19.27453,65.9293],[-19.16544,66.00257],[-19.04412,66.01741],[-18.6763,66.0912],[-18.36903,65.8945],[-18.12793,65.78553],[-17.88377,65.75682],[-17.86104,65.83709],[-18.02248,66.07779],[-17.56967,66.01287],[-16.92214,65.97755],[-16.56799,66.02935],[-16.37569,66.13209],[-16.38522,66.45442],[-15.85989,66.41872],[-15.57399,66.20677],[-15.07075,66.06139],[-14.76334,66.05466],[-14.64068,65.94529],[-14.75407,65.69707],[-14.40011,65.56669],[-13.6469,65.49534],[-13.58979,65.43004],[-13.52557,65.18335],[-13.55737,65.00939],[-13.62584,64.89389],[-13.69419,64.77863],[-13.89342,64.72071],[-14.26032,64.71283],[-14.34812,64.66954],[-14.3659,64.47556],[-14.59754,64.26713],[-14.8212,64.19503],[-15.07681,64.2089],[-15.26654,64.28021],[-15.63414,64.05748],[-15.8765,63.99266],[-16.53384,63.78413],[-16.91754,63.73341],[-17.24438,63.73283],[-17.59146,63.68934],[-17.9441,63.42484],[-18.15692,63.36746],[-18.64186,63.32382],[-18.96079,63.33746],[-19.55309,63.41468],[-19.82675,63.4783],[-20.40395,63.69834],[-20.87988,63.74029],[-21.07912,63.71134],[-21.54751,63.71762],[-22.37291,63.77319],[-22.50659,63.86582],[-22.31134,63.95198],[-21.80411,64.11036],[-21.48847,64.37614],[-21.85671,64.38262],[-22.08618,64.43959],[-22.27861,64.6188],[-22.39242,64.6617],[-22.55359,64.62545],[-23.25753,64.57384],[-23.50831,64.55902],[-23.67458,64.65931],[-23.61117,64.7457],[-23.43667,64.80359],[-23.13565,64.84734],[-22.77842,64.8552],[-22.45029,64.90623],[-21.97829,64.95034],[-21.80916,65.03736],[-21.72895,65.18245],[-21.79376,65.29845],[-21.9548,65.37805],[-22.14649,65.38492],[-22.36159,65.44995],[-22.81372,65.4709],[-23.18324,65.42659],[-23.37423,65.35359],[-23.67845,65.3167],[-24.14689,65.43932],[-24.21885,65.53374]]]]}},{"type":"Feature","properties":{"NAME":"Kalinga","ABBREVN":"Kalinga","INFO_UR":null,"SUBJECTO":"Kalinga","BORDERPRECISION":1,"PARTOF":"Rajput kingdoms"},"geometry":{"type":"MultiPolygon","coordinates":[[[[82.91244,20.666],[83.68719,18.08446],[83.68472,18.08345],[83.3814,17.71068],[83.07698,17.50039],[82.84609,17.38341],[82.74959,17.33452],[82.54642,17.22609],[82.354,17.08591],[82.26742,16.85702],[82.23458,16.6473],[82.08142,16.46274],[81.78898,16.3287],[81.59677,16.30288],[81.3691,16.34686],[81.2531,16.22591],[81.0879,15.82679],[80.96311,15.7234],[80.73596,15.83727],[80.45976,15.77315],[78.20298,14.81427],[77.71674,14.32803],[77.65417,16.50198],[78.7369,17.832],[81.36636,19.48058],[81.26855,19.82944],[82.91244,20.666]]]]}},{"type":"Feature","properties":{"NAME":"Rajput kingdoms","ABBREVN":"Rajput kingdoms","INFO_UR":null,"SUBJECTO":"Rajput kingdoms","BORDERPRECISION":1,"PARTOF":"Rajput kingdoms","DERIVADO":{"base":"world_1000.geojson","motivo":"los Gurjara-Pratihara desaparecen hacia 1036; su capa solapaba con los reinos rajputs · la capa rajput solapaba con el reino de los Pala en Bihar · cede territorio a «Ghaznavid Emirate»: el Punjab y Lahore, gaznávidas desde Mahmud de Gazni (1020s) hasta 1186","fuente":"https://en.wikipedia.org/wiki/Gurjara-Pratihara_dynasty; https://en.wikipedia.org/wiki/Pala_Empire"}},"geometry":{"type":"Polygon","coordinates":[[[88.1541,27.3126],[88.0685,27.0261],[87.8678,27.0179],[87.1872,25.1054],[85.9325,25.2448],[85.0978,25.8013],[84.7123,25.4479],[83.9848,24.7811],[84.8195,23.8535],[84.9123,22.7405],[84.7268,21.9058],[84.7268,21.5893],[82.9124,20.666],[81.2686,19.8294],[80.9797,20.8598],[78.4662,21.5088],[75.4114,21.8681],[72.7066,21.5043],[72.6659,21.8489],[72.6956,22.1285],[72.3191,22.115],[72.233,22.0196],[72.1271,21.8287],[72.131,21.7462],[72.2557,21.6321],[72.289,21.5496],[72.2562,21.3526],[72.1209,21.1553],[71.8944,20.9897],[71.5289,20.8237],[71.3026,20.7724],[71.0245,20.6575],[70.8551,20.6508],[70.4675,20.777],[70.21,20.948],[69.7522,21.3981],[69.1261,21.9685],[68.8942,22.2857],[69.0142,22.305],[69.4922,22.2488],[69.7692,22.2875],[69.9685,22.3515],[70.1762,22.479],[70.4106,22.7526],[70.3807,22.8606],[70.3102,22.8286],[70.046,22.7773],[69.6649,22.7892],[69.3918,22.8394],[69.1072,22.8989],[68.8824,22.9972],[68.7908,23.0287],[68.3729,23.3264],[68.0722,23.6752],[68.8645,24.4809],[69.2167,25.2465],[70.289,27.5776],[71.1561,28.8782],[71.1643,29.0],[75.291,29.0],[72.6277,28.3666],[74.1174,26.5443],[76.3091,27.0452],[78.5513,27.6304],[79.8537,27.9704],[77.0601,29.4208],[75.5,29.0497],[75.5,33.236],[79.8076,33.0578],[80.0786,31.8835],[79.8076,31.1609],[79.8076,30.7092],[80.054,29.9815],[83.74,28.2048],[84.4285,27.873],[86.4093,27.3297],[88.1541,27.3126]]]}},{"type":"Feature","properties":{"NAME":"Orissa","ABBREVN":"Orissa","INFO_UR":null,"SUBJECTO":"Orissa","BORDERPRECISION":1,"PARTOF":"Rajput kingdoms"},"geometry":{"type":"MultiPolygon","coordinates":[[[[82.91244,20.666],[84.72676,21.58929],[84.72676,20.88552],[85.37911,19.60537],[85.11321,19.44231],[84.90662,19.18141],[84.65877,18.93313],[84.32451,18.53029],[84.26273,18.45584],[83.98768,18.20749],[83.68719,18.08446],[82.91244,20.666]]]]}},{"type":"Feature","properties":{"NAME":"Senas","ABBREVN":"Senas","INFO_UR":null,"SUBJECTO":"Senas","BORDERPRECISION":1,"PARTOF":"Senas"},"geometry":{"type":"MultiPolygon","coordinates":[[[[93.80979,22.52265],[92.45369,20.57339],[92.40335,20.61396],[92.1763,20.88663],[92.12367,20.99643],[92.06686,21.11509],[91.94605,21.36258],[91.8459,21.90867],[91.62414,22.42076],[91.65179,22.35692],[91.57107,22.54331],[91.41017,22.72083],[91.37367,22.70312],[91.30346,23.95277],[91.43317,27.16385],[91.43788,27.28058],[91.83027,27.27675],[94.1529,27.66846],[94.49169,26.50692],[94.68028,26.52578],[93.80979,22.52265]]]]}},{"type":"Feature","properties":{"NAME":"Palas","ABBREVN":"Palas","INFO_UR":null,"SUBJECTO":"Palas","BORDERPRECISION":1,"PARTOF":"Palas"},"geometry":{"type":"MultiPolygon","coordinates":[[[[90,22.56096],[90,22.32539],[90,22.13481],[90,22.05845],[90,22.0199],[90,21.93025],[89.90269,22.10783],[89.86969,22.13323],[89.79634,21.83207],[89.67018,21.71984],[89.57895,21.70058],[89.45661,21.94171],[89.23388,21.65538],[89.07225,21.77434],[88.99477,21.62948],[89.02554,21.54696],[88.88094,21.51489],[88.72346,21.53995],[88.65698,21.85744],[88.5676,21.89537],[88.45388,21.73631],[88.37706,21.57734],[88.29957,21.55177],[88.24793,21.59612],[88.12161,21.86265],[88.05304,21.93874],[87.86749,21.69696],[87.64072,21.56308],[87.19424,21.38426],[86.9372,21.28843],[86.8187,21.18653],[86.79619,21.13567],[86.84421,20.87532],[86.92611,20.69126],[86.77521,20.4686],[86.63785,20.31911],[86.63238,20.20365],[86.38562,20.01674],[86.11917,19.80654],[85.90895,19.72351],[85.71478,19.69768],[85.37911,19.60537],[84.72676,20.88552],[84.72676,21.90578],[84.91227,22.74053],[84.81952,23.85354],[83.98476,24.78105],[85.09777,25.8013],[85.93252,25.2448],[87.18715,25.1054],[87.86779,27.01791],[88.0685,27.02613],[88.1541,27.31264],[89.22507,27.30218],[91.43788,27.28058],[91.43317,27.16385],[91.30346,23.95277],[91.37367,22.70312],[91.08138,22.56133],[90,22.56096]]]]}},{"type":"Feature","properties":{"NAME":"Chauhans","ABBREVN":"Chauhans","INFO_UR":null,"SUBJECTO":"Chauhans","BORDERPRECISION":1,"PARTOF":"Chauhans"},"geometry":{"type":"MultiPolygon","coordinates":[[[[76.30908,27.04515],[74.1174,26.54434],[72.62766,28.36655],[77.06013,29.42076],[79.85371,27.97039],[78.55132,27.63043],[76.30908,27.04515]]]]}},{"type":"Feature","properties":{"NAME":"minor Hindu and Buddhist states","ABBREVN":"minor Hindu and Buddhist states","INFO_UR":null,"SUBJECTO":"minor Hindu and Buddhist states","BORDERPRECISION":1,"PARTOF":"minor Hindu and Buddhist states"},"geometry":{"type":"MultiPolygon","coordinates":[[[[111.11991,1.27033],[110.8934,1.51131],[110.96977,1.75929],[111.1338,2.03288],[111.37183,2.59893],[111.63455,2.72023],[112.30133,2.87417],[112.75925,3.00859],[112.95166,3.15515],[113.18754,3.61465],[113.42308,3.75981],[113.81484,4.26261],[113.91349,4.35814],[114.02327,4.42453],[114.07373,4.45502],[114.16662,4.51117],[114.45026,4.56262],[114.74521,4.98438],[114.85398,5.01587],[114.82273,4.89517],[114.87785,4.85582],[114.96151,4.87652],[115.0369,4.89517],[115.12111,4.83093],[115.15933,4.83808],[115.36143,4.87592],[115.43391,5.00315],[115.41777,5.11114],[115.20305,5.27587],[115.29167,5.45398],[115.48784,5.48616],[115.71728,5.46761],[115.78709,5.7401],[115.9708,5.88115],[116.0987,6.09745],[116.33778,6.35848],[116.56179,6.82278],[116.59563,6.89909],[116.74053,6.68974],[116.88902,6.64558],[117.03112,6.8365],[117.16806,6.61442],[117.32571,6.48768],[117.50709,6.39277],[117.54089,6.24036],[117.45925,6.08133],[117.35359,5.87779],[117.37007,5.78886],[117.65428,5.84666],[117.86653,5.90431],[117.91827,5.80276],[117.76156,5.58003],[118.09538,5.62523],[118.25601,5.6637],[118.37702,5.63855],[118.84297,5.34093],[118.99797,5.27772],[119.04261,5.16981],[118.97142,5.04893],[118.88133,4.97885],[118.68284,4.91488],[118.41559,4.90159],[118.10842,4.93905],[117.94841,4.79892],[117.99183,4.68465],[118.39121,4.37417],[118.31868,4.23423],[118.11238,4.14484],[117.82212,4.09973],[117.58917,4.0484],[117.55869,3.98072],[117.54051,3.94027],[117.68386,3.62924],[117.58022,3.56547],[117.33471,3.54589],[117.07398,3.5072],[117.16311,3.40573],[117.21508,3.2724],[117.13904,3.17058],[117.23603,3.07547],[117.34201,3.02488],[117.58774,2.65051],[117.82919,2.31426],[117.84828,2.22535],[117.69636,1.90095],[117.73007,1.79935],[117.91282,1.59005],[118.24726,1.38744],[118.51726,1.16563],[118.76522,0.82303],[118.55612,0.74632],[118.21829,0.75829],[117.85968,0.86554],[117.70829,0.82073],[117.53429,0.61066],[117.37497,0.19726],[117.33889,-0.01697],[117.31822,-0.13966],[117.37765,-0.43184],[117.42981,-0.62237],[117.3703,-1.00378],[117.25522,-1.00403],[117.04563,-0.93458],[116.57888,-1.36772],[116.38421,-1.66047],[116.04628,-1.93446],[116.2455,-2.10562],[116.2727,-2.2835],[116.34913,-2.41679],[116.04077,-2.44287],[116.24452,-2.703],[116.24822,-2.79831],[116.20198,-2.9001],[115.9559,-3.19932],[114.63468,-1.65918],[116.01956,0.18733],[116.43373,1.36081],[116.22664,2.05109],[115.32927,3.08652],[114.56996,3.50069],[113.74162,3.08652],[112.49911,2.25818],[111.26321,0.78979],[110.96831,1.22552],[111.11991,1.27033]]]]}},{"type":"Feature","properties":{"NAME":"Haripunjaya","ABBREVN":"Haripunjaya","INFO_UR":null,"SUBJECTO":"Haripunjaya","BORDERPRECISION":1,"PARTOF":"Haripunjaya"},"geometry":{"type":"MultiPolygon","coordinates":[[[[97.64892,18.58962],[97.78278,18.65609],[98.09544,19.79759],[100.20068,20.24803],[101.24289,19.42453],[101.15951,17.56649],[102.36893,16.8455],[101.60614,15.56905],[101.36419,15.47789],[98.68983,14.47031],[98.63127,14.65514],[98.60868,16.22262],[97.57958,17.44852],[97.73433,18.37611],[97.64892,18.58962]]]]}},{"type":"Feature","properties":{"NAME":"Khmer Empire","ABBREVN":"Khmer Empire","INFO_UR":null,"SUBJECTO":"Khmer Empire","BORDERPRECISION":1,"PARTOF":"Khmer Empire"},"geometry":{"type":"MultiPolygon","coordinates":[[[[100.88927,14.07573],[101.36419,15.47789],[101.60614,15.56905],[102.36893,16.8455],[103.05807,17.99871],[104.11129,17.99871],[104.93303,17.45088],[105.39972,16.33098],[106.20392,16.05303],[106.4515,16.18796],[107.46226,14.98828],[107.89784,13.68154],[107.89784,12.5684],[106.92988,11.84243],[106.77316,10.63917],[106.70439,10.44842],[106.72699,10.22611],[106.74861,10.06733],[106.65628,9.7431],[106.48203,9.55212],[106.33506,9.52003],[106.22927,9.55158],[106.1184,9.33532],[105.92659,9.18877],[105.69075,9.12472],[105.50308,9.02902],[105.29659,8.77443],[105.20842,8.65353],[105.02568,8.51971],[104.90708,8.47497],[104.74248,8.49367],[104.77762,8.88132],[104.82238,9.4723],[104.89044,9.69481],[104.98728,9.82209],[104.97853,9.98091],[104.76486,10.1774],[104.42781,10.28468],[104.38718,10.31441],[104.27201,10.39871],[104.1603,10.51918],[104.00306,10.5379],[103.83095,10.474],[103.73876,10.49286],[103.60692,10.47351],[103.52487,10.52417],[103.58846,10.66408],[103.67031,10.76591],[103.65232,10.88022],[103.52489,11.05784],[103.40012,11.03851],[103.19204,10.90464],[103.03959,10.89797],[102.96259,11.36794],[102.67078,12.03772],[102.6585,12.06613],[102.52976,12.14845],[102.32391,12.18613],[101.91858,12.58549],[101.72354,12.65496],[101.58664,12.66102],[101.32911,12.55882],[101.15366,12.60926],[101.02303,12.67252],[100.87163,12.67854],[100.87124,12.8056],[100.95698,13.36485],[100.90871,13.44734],[100.93537,14.05268],[100.88927,14.07573]]]]}},{"type":"Feature","properties":{"NAME":"Dvaravati","ABBREVN":"Dvaravati","INFO_UR":null,"SUBJECTO":"Dvaravati","BORDERPRECISION":1,"PARTOF":"Dvaravati"},"geometry":{"type":"MultiPolygon","coordinates":[[[[100.02317,12.99437],[99.97711,12.84179],[99.8337,12.52383],[99.8711,12.26343],[99.89527,12.07925],[99.76342,11.78037],[99.5013,11.24613],[99.18618,10.4894],[99.07135,9.89828],[99.11866,9.37104],[99.19562,9.23779],[99.29846,9.16177],[99.54618,9.19406],[99.72405,9.25798],[99.83726,9.22646],[99.89802,9.06775],[99.90212,8.92163],[99.88019,8.79466],[99.4428,8.88287],[98.80218,8.73817],[98.19215,8.37364],[98.19523,8.32705],[98.17717,8.60022],[98.25057,8.93712],[98.39557,9.38853],[98.81196,9.68916],[99.21851,11.33244],[99.17334,12.94433],[99.16789,12.96152],[98.68983,14.47031],[101.36419,15.47789],[100.88927,14.07573],[100.93537,14.05268],[100.90871,13.44734],[100.58545,13.47205],[100.47393,13.50993],[100.23968,13.49037],[100.04,13.39465],[99.93033,13.261],[100.02317,12.99437]]]]}},{"type":"Feature","properties":{"NAME":null,"ABBREVN":null,"INFO_UR":null,"SUBJECTO":null,"BORDERPRECISION":1,"PARTOF":null},"geometry":{"type":"MultiPolygon","coordinates":[[[[102.36893,16.8455],[101.15951,17.56649],[101.24289,19.42453],[100.20068,20.24803],[98.09544,19.79759],[97.78278,18.65609],[97.64892,18.58962],[97.44394,19.10208],[97.00837,19.19887],[96.69927,19.12427],[96.47599,21.76395],[95.89522,22.63511],[95.45964,22.7319],[95.41297,22.72801],[94.87887,22.68351],[94.2981,22.29632],[93.96559,19.19436],[93.83904,18.95269],[93.69467,19.00955],[93.45794,19.17421],[93.67501,19.25091],[93.815,19.25756],[93.74784,19.4734],[93.72382,19.59404],[93.416,19.94276],[93.33432,20.02517],[93.24848,20.03769],[93.06563,19.99283],[92.89443,20.11317],[92.93328,20.31017],[92.92148,20.37367],[92.8271,20.42429],[92.66279,20.40489],[92.45369,20.57339],[93.80979,22.52265],[94.68028,26.52578],[95.8016,26.63791],[96.42759,26.70051],[98.63723,27.47874],[100.68163,28.69096],[101.21896,26.9909],[98.58265,25.40088],[99.42825,21.66715],[101.00764,21.42347],[103.78689,20.22182],[103.05807,17.99871],[102.36893,16.8455]]]]}},{"type":"Feature","properties":{"NAME":"Kingdom of Pagan","ABBREVN":"Kingdom of Pagan","INFO_UR":null,"SUBJECTO":"Kingdom of Pagan","BORDERPRECISION":1,"PARTOF":"Kingdom of Pagan"},"geometry":{"type":"MultiPolygon","coordinates":[[[[99.16789,12.96152],[99.17334,12.94433],[99.21851,11.33244],[98.81196,9.68916],[98.39557,9.38853],[98.50176,9.71915],[98.63262,10.10065],[98.59324,10.12048],[98.43165,10.20187],[98.39786,10.56394],[98.60528,10.86299],[98.68357,11.08554],[98.73838,11.43508],[98.86735,11.64502],[98.63706,11.65723],[98.59017,11.69524],[98.58831,11.82231],[98.67654,12.05121],[98.59677,12.73718],[98.48592,13.11178],[98.40265,13.2664],[98.19889,13.64481],[97.98979,14.20656],[97.97914,14.23517],[97.82299,14.61601],[97.7423,15.0097],[97.66407,15.79094],[97.61145,16.09575],[97.59611,16.34982],[97.57322,16.44507],[97.41848,16.48285],[97.35199,16.52717],[97.21499,16.93981],[96.98308,17.24423],[96.88162,17.34566],[96.77038,17.33271],[96.73407,16.88796],[96.6629,16.69723],[96.46925,16.51258],[96.2039,16.38496],[95.71379,16.15521],[95.55233,15.87535],[95.4182,15.74165],[95.32981,15.67793],[95.22297,15.80476],[95.22019,16.00169],[95.1248,15.99513],[94.97264,15.83599],[94.82801,15.84204],[94.75341,15.93717],[94.81964,16.15965],[94.81928,16.21047],[94.53972,16.13364],[94.4156,16.0762],[94.30409,15.9489],[94.14436,16.00574],[94.14336,16.21538],[94.392,16.90836],[94.46485,17.26426],[94.46531,17.64281],[94.46533,17.66447],[94.42046,18.14081],[94.24741,18.57878],[94.24415,18.58691],[94.05371,19.06115],[93.96559,19.19436],[94.2981,22.29632],[94.87887,22.68351],[95.41297,22.72801],[95.45964,22.7319],[95.89522,22.63511],[96.47599,21.76395],[96.69927,19.12427],[97.00837,19.19887],[97.44394,19.10208],[97.64892,18.58962],[97.73433,18.37611],[97.57958,17.44852],[98.60868,16.22262],[98.63127,14.65514],[98.68983,14.47031],[99.16789,12.96152]]]]}},{"type":"Feature","properties":{"NAME":"Srivijaya Empire","ABBREVN":"Srivijaya E.","INFO_UR":null,"SUBJECTO":"Srivijaya Empire","BORDERPRECISION":1,"PARTOF":"Srivijaya Empire"},"geometry":{"type":"MultiPolygon","coordinates":[[[[109.5175,1.82052],[109.55396,1.8007],[109.72312,1.6168],[109.90182,1.55365],[110.28949,1.51636],[110.47523,1.4405],[110.81756,1.24426],[110.96831,1.22552],[111.26321,0.78979],[110.63622,0.1628],[110.70589,-0.60352],[111.33287,-1.36984],[110.10231,-3.07854],[110.07639,-2.78626],[110.06594,-2.49395],[109.94623,-1.85871],[109.94091,-1.64265],[109.7828,-1.30619],[109.59979,-1.1223],[109.24452,-0.93242],[109.17892,-0.86901],[109.42858,-0.70961],[109.18953,-0.53854],[109.07336,-0.40535],[109.15776,-0.07473],[109.12418,-0.01697],[108.99906,0.19819],[108.84098,0.33129],[108.87031,0.54106],[108.81431,0.80782],[108.89605,1.1003],[108.9555,1.25929],[109.14624,1.52024],[109.28237,1.88272],[109.42594,1.87033],[109.5175,1.82052]]],[[[105.89147,-6.15092],[105.93318,-6.02598],[106.02417,-6.08072],[106.3081,-6.13095],[106.52127,-6.10995],[106.62801,-6.30938],[106.864,-6.26957],[106.93512,-6.13595],[106.94509,-6.02598],[107.06137,-6.07848],[107.33963,-6.15415],[107.52462,-6.35076],[107.67703,-6.33037],[107.76869,-6.45192],[107.96961,-6.43878],[108.17333,-6.35572],[108.309,-6.45075],[108.47539,-6.68555],[108.55577,-6.92053],[108.95341,-6.93873],[109.16109,-7.02311],[109.21701,-7.01438],[109.11535,-7.73875],[109.0372,-7.72029],[108.61045,-7.70214],[108.36071,-7.83614],[108.16023,-7.85564],[107.72973,-7.78666],[107.36764,-7.565],[107.20682,-7.53356],[106.4837,-7.50336],[106.32024,-7.43379],[106.34467,-7.37019],[106.54659,-7.16002],[106.36553,-7.03966],[106.11755,-6.99571],[105.88996,-6.93264],[105.75223,-6.92023],[105.18478,-6.86567],[105.14389,-6.7817],[105.28617,-6.7712],[105.46738,-6.81319],[105.63347,-6.75524],[105.66399,-6.5193],[105.67217,-6.45632],[105.81075,-6.48157],[105.79153,-6.2569],[105.89147,-6.15092]]],[[[103.42774,1.38076],[103.34909,1.41237],[103.11473,1.60883],[102.7169,1.88121],[102.44667,2.03313],[101.89264,2.33694],[101.4338,2.66637],[101.3364,2.78052],[101.26428,3.22516],[101.06691,3.53608],[100.75484,3.82107],[100.66431,3.90375],[100.57663,4.20219],[100.5942,4.42462],[100.60762,4.55173],[100.55933,4.73589],[100.37972,5.02143],[100.22373,5.85346],[100.13911,6.17732],[100.15874,6.3401],[100.16444,6.38705],[100.22199,6.52061],[100.1544,6.60305],[99.96908,6.50735],[99.83384,6.53883],[99.663,6.71001],[99.6108,6.93864],[99.63965,7.06578],[99.57173,7.26259],[99.46808,7.33862],[99.29393,7.31918],[99.1186,7.64284],[99.02451,7.87137],[98.88945,8.01722],[98.74962,8.08681],[98.54463,8.26427],[98.39026,8.21946],[98.29241,8.15571],[98.19523,8.32705],[98.19215,8.37364],[98.80218,8.73817],[99.4428,8.88287],[99.88019,8.79466],[99.86589,8.71187],[99.92938,8.58494],[100.00935,8.49007],[100.13154,8.53205],[100.20771,8.32505],[100.30192,7.88685],[100.28749,7.77244],[100.34463,7.44046],[100.53962,7.04866],[100.61492,6.97893],[100.97531,6.85264],[101.21749,6.80232],[101.42796,6.8282],[101.55989,6.73953],[101.67956,6.46433],[101.97837,6.21942],[102.0738,6.15424],[102.08966,6.14342],[102.32511,6.09944],[102.80229,5.56039],[103.05716,5.22346],[103.11419,5.14806],[103.34182,4.80544],[103.37855,4.54502],[103.36812,4.18282],[103.30778,3.7951],[103.33394,3.39373],[103.33925,3.31226],[103.30776,3.02626],[103.35108,2.80395],[103.43956,2.63258],[103.67809,2.41071],[103.83045,2.16957],[104.14767,1.44587],[104.17564,1.38874],[104.01071,1.42015],[103.6084,1.44469],[103.42774,1.38076]]],[[[100.206,-2.692],[100.211,-2.701],[100.214,-2.719],[100.216,-2.751],[100.214,-2.756],[100.203,-2.759],[100.195,-2.76],[100.176,-2.769],[100.158,-2.778],[100.146,-2.787],[100.142,-2.797],[100.141,-2.803],[100.141,-2.817],[100.14,-2.822],[100.136,-2.825],[100.031,-2.842],[100.019,-2.842],[100.012,-2.836],[100.01,-2.832],[100.008,-2.827],[99.989,-2.752],[99.961,-2.552],[99.966,-2.51],[99.971,-2.5],[99.977,-2.493],[99.982,-2.491],[99.987,-2.489],[99.993,-2.489],[99.997,-2.491],[100.006,-2.497],[100.156,-2.626],[100.163,-2.633],[100.19,-2.667],[100.206,-2.692]]],[[[106.357,-2.473],[106.361,-2.476],[106.371,-2.48],[106.381,-2.483],[106.392,-2.486],[106.616,-2.527],[106.782,-2.592],[106.747,-2.612],[106.738,-2.617],[106.725,-2.632],[106.712,-2.646],[106.687,-2.676],[106.676,-2.693],[106.668,-2.712],[106.657,-2.742],[106.648,-2.766],[106.644,-2.777],[106.61,-2.866],[106.606,-2.883],[106.602,-2.913],[106.601,-2.932],[106.602,-2.938],[106.606,-2.947],[106.61,-2.951],[106.618,-2.956],[106.654,-2.974],[106.66,-2.974],[106.669,-2.971],[106.675,-2.97],[106.738,-3],[106.742,-3.003],[106.746,-3.006],[106.743,-3.068],[106.74,-3.079],[106.718,-3.098],[106.53,-3.108],[106.522,-3.106],[106.516,-3.102],[106.51,-3.094],[106.457,-3.009],[106.444,-2.981],[106.406,-2.97],[106.315,-2.925],[106.307,-2.92],[106.289,-2.91],[106.279,-2.907],[106.268,-2.903],[106.211,-2.885],[106.146,-2.868],[106.116,-2.85],[106.101,-2.844],[106.085,-2.84],[106.028,-2.835],[106.014,-2.835],[106.002,-2.834],[105.991,-2.831],[105.978,-2.823],[105.967,-2.807],[105.929,-2.749],[105.919,-2.725],[105.902,-2.653],[105.9,-2.641],[105.9,-2.62],[105.901,-2.607],[105.902,-2.601],[105.917,-2.562],[105.924,-2.554],[105.927,-2.551],[105.932,-2.543],[105.937,-2.533],[105.941,-2.517],[105.941,-2.504],[105.941,-2.498],[105.935,-2.476],[105.933,-2.471],[105.924,-2.459],[105.913,-2.45],[105.904,-2.445],[105.894,-2.441],[105.86,-2.434],[105.852,-2.428],[105.829,-2.403],[105.821,-2.391],[105.819,-2.385],[105.818,-2.373],[105.808,-2.272],[105.801,-2.183],[105.8,-2.171],[105.785,-2.158],[105.753,-2.135],[105.745,-2.129],[105.739,-2.128],[105.48,-2.101],[105.416,-2.12],[105.342,-2.127],[105.141,-2.08],[105.137,-2.076],[105.132,-2.067],[105.123,-2.035],[105.121,-2.024],[105.123,-2.012],[105.143,-1.95],[105.174,-1.926],[105.183,-1.922],[105.209,-1.913],[105.262,-1.898],[105.28,-1.889],[105.293,-1.881],[105.38,-1.821],[105.391,-1.811],[105.396,-1.803],[105.401,-1.788],[105.402,-1.774],[105.401,-1.762],[105.397,-1.752],[105.392,-1.744],[105.385,-1.737],[105.377,-1.731],[105.368,-1.726],[105.357,-1.723],[105.343,-1.717],[105.335,-1.711],[105.333,-1.707],[105.332,-1.7],[105.343,-1.659],[105.345,-1.654],[105.349,-1.651],[105.393,-1.607],[105.451,-1.569],[105.46,-1.565],[105.574,-1.529],[105.58,-1.528],[105.598,-1.529],[105.603,-1.531],[105.606,-1.535],[105.612,-1.549],[105.647,-1.638],[105.652,-1.709],[105.649,-1.713],[105.648,-1.72],[105.652,-1.729],[105.661,-1.741],[105.681,-1.762],[105.689,-1.767],[105.707,-1.777],[105.712,-1.779],[105.781,-1.795],[105.806,-1.798],[105.811,-1.796],[105.812,-1.79],[105.81,-1.785],[105.75,-1.642],[105.709,-1.548],[105.744,-1.529],[105.88,-1.489],[105.894,-1.491],[105.906,-1.494],[105.916,-1.498],[106.023,-1.572],[106.031,-1.578],[106.041,-1.588],[106.045,-1.598],[106.045,-1.603],[106.043,-1.608],[106.039,-1.611],[106.033,-1.612],[106.03,-1.616],[106.028,-1.627],[106.028,-1.648],[106.034,-1.676],[106.038,-1.685],[106.091,-1.772],[106.138,-1.849],[106.166,-1.931],[106.163,-1.962],[106.162,-1.995],[106.166,-2.033],[106.166,-2.039],[106.186,-2.142],[106.189,-2.153],[106.238,-2.304],[106.244,-2.319],[106.254,-2.343],[106.265,-2.366],[106.276,-2.383],[106.312,-2.428],[106.318,-2.436],[106.342,-2.461],[106.357,-2.473]]],[[[108.079,-3.228],[108.077,-3.233],[108.073,-3.235],[108.068,-3.237],[107.988,-3.25],[107.982,-3.248],[107.979,-3.245],[107.975,-3.235],[107.973,-3.23],[107.971,-3.218],[107.971,-3.198],[107.972,-3.185],[107.972,-3.172],[107.966,-3.158],[107.897,-3.076],[107.894,-3.072],[107.872,-3.052],[107.867,-3.051],[107.849,-3.06],[107.818,-3.078],[107.818,-3.083],[107.824,-3.092],[107.827,-3.096],[107.838,-3.105],[107.841,-3.109],[107.843,-3.114],[107.843,-3.12],[107.84,-3.151],[107.838,-3.157],[107.832,-3.164],[107.822,-3.168],[107.807,-3.174],[107.654,-3.226],[107.642,-3.227],[107.629,-3.226],[107.62,-3.222],[107.612,-3.216],[107.609,-3.211],[107.607,-3.2],[107.579,-3.012],[107.579,-3.005],[107.58,-2.987],[107.585,-2.979],[107.611,-2.912],[107.615,-2.779],[107.633,-2.76],[107.638,-2.751],[107.639,-2.745],[107.636,-2.708],[107.633,-2.69],[107.65,-2.586],[107.655,-2.578],[107.664,-2.565],[107.67,-2.558],[107.675,-2.556],[107.709,-2.558],[107.755,-2.564],[107.768,-2.563],[107.773,-2.562],[107.783,-2.558],[107.833,-2.535],[107.995,-2.578],[108.079,-2.604],[108.09,-2.607],[108.26,-2.747],[108.266,-2.756],[108.289,-2.828],[108.293,-2.844],[108.293,-2.854],[108.26,-2.908],[108.216,-2.98],[108.206,-3.004],[108.205,-3.009],[108.198,-3.119],[108.104,-3.162],[108.08,-3.222],[108.079,-3.228]]],[[[97.936,0.978],[97.937,0.965],[97.935,0.96],[97.931,0.951],[97.92,0.934],[97.918,0.933],[97.912,0.925],[97.905,0.911],[97.901,0.901],[97.896,0.879],[97.895,0.873],[97.888,0.783],[97.887,0.764],[97.887,0.729],[97.887,0.691],[97.888,0.651],[97.887,0.639],[97.882,0.629],[97.877,0.621],[97.864,0.606],[97.822,0.559],[97.816,0.552],[97.811,0.55],[97.712,0.57],[97.702,0.574],[97.695,0.581],[97.687,0.587],[97.679,0.599],[97.681,0.605],[97.687,0.612],[97.689,0.616],[97.69,0.623],[97.689,0.629],[97.656,0.717],[97.621,0.799],[97.612,0.817],[97.589,0.843],[97.579,0.853],[97.392,1.013],[97.367,1.063],[97.346,1.103],[97.305,1.173],[97.253,1.258],[97.25,1.262],[97.246,1.264],[97.171,1.333],[97.115,1.393],[97.15,1.418],[97.154,1.414],[97.161,1.408],[97.166,1.406],[97.224,1.408],[97.246,1.413],[97.251,1.415],[97.264,1.423],[97.316,1.467],[97.329,1.481],[97.332,1.485],[97.334,1.49],[97.335,1.496],[97.396,1.501],[97.482,1.47],[97.522,1.427],[97.525,1.423],[97.526,1.417],[97.534,1.397],[97.543,1.379],[97.677,1.19],[97.681,1.186],[97.689,1.181],[97.694,1.179],[97.73,1.166],[97.741,1.164],[97.786,1.149],[97.79,1.147],[97.901,1.049],[97.907,1.043],[97.914,1.035],[97.916,1.03],[97.936,0.978]]],[[[99.28,-1.625],[99.296,-1.701],[99.297,-1.713],[99.296,-1.719],[99.286,-1.737],[99.282,-1.739],[99.252,-1.66],[99.244,-1.641],[99.233,-1.624],[99.229,-1.622],[99.223,-1.62],[99.218,-1.622],[99.199,-1.634],[99.221,-1.659],[99.238,-1.696],[99.249,-1.732],[99.255,-1.759],[99.255,-1.772],[99.248,-1.779],[99.239,-1.784],[99.116,-1.805],[99.109,-1.805],[99.092,-1.801],[99.082,-1.798],[99.054,-1.785],[99.036,-1.775],[98.881,-1.681],[98.873,-1.675],[98.87,-1.672],[98.826,-1.619],[98.824,-1.607],[98.831,-1.593],[98.832,-1.587],[98.832,-1.581],[98.831,-1.576],[98.824,-1.562],[98.802,-1.522],[98.795,-1.509],[98.787,-1.497],[98.734,-1.426],[98.719,-1.407],[98.709,-1.397],[98.693,-1.378],[98.69,-1.374],[98.632,-1.288],[98.603,-1.223],[98.593,-1.192],[98.592,-1.186],[98.593,-1.181],[98.596,-1.176],[98.612,-1.151],[98.628,-1.126],[98.639,-1.102],[98.645,-1.087],[98.652,-1.053],[98.654,-1.041],[98.654,-1.027],[98.652,-1.008],[98.651,-0.989],[98.653,-0.977],[98.662,-0.965],[98.678,-0.954],[98.692,-0.948],[98.697,-0.946],[98.711,-0.946],[98.751,-0.954],[98.756,-0.956],[98.767,-0.959],[98.781,-0.959],[98.791,-0.956],[98.832,-0.929],[98.883,-0.91],[98.889,-0.91],[98.896,-0.916],[98.929,-0.95],[98.99,-1.109],[99.053,-1.224],[99.057,-1.26],[99.056,-1.265],[99.055,-1.272],[99.057,-1.283],[99.108,-1.369],[99.217,-1.585],[99.221,-1.589],[99.227,-1.589],[99.233,-1.589],[99.248,-1.583],[99.254,-1.583],[99.277,-1.615],[99.28,-1.625]]],[[[100.452,-3.27],[100.469,-3.294],[100.474,-3.302],[100.478,-3.313],[100.479,-3.319],[100.478,-3.325],[100.47,-3.331],[100.459,-3.334],[100.445,-3.327],[100.437,-3.321],[100.428,-3.311],[100.369,-3.241],[100.335,-3.2],[100.338,-3.18],[100.341,-3.139],[100.341,-3.132],[100.337,-3.122],[100.335,-3.118],[100.324,-3.107],[100.304,-3.087],[100.296,-3.081],[100.247,-3.049],[100.202,-2.992],[100.191,-2.976],[100.187,-2.966],[100.185,-2.961],[100.174,-2.811],[100.174,-2.805],[100.176,-2.8],[100.184,-2.794],[100.197,-2.787],[100.212,-2.781],[100.217,-2.779],[100.23,-2.778],[100.235,-2.779],[100.244,-2.784],[100.255,-2.793],[100.351,-2.889],[100.371,-2.91],[100.465,-3.015],[100.47,-3.024],[100.473,-3.034],[100.476,-3.106],[100.476,-3.119],[100.474,-3.124],[100.467,-3.131],[100.463,-3.133],[100.458,-3.135],[100.431,-3.141],[100.424,-3.142],[100.419,-3.14],[100.41,-3.135],[100.405,-3.134],[100.399,-3.135],[100.382,-3.146],[100.379,-3.15],[100.379,-3.155],[100.398,-3.194],[100.42,-3.233],[100.437,-3.258],[100.452,-3.27]]],[[[100.85432,1.87718],[100.85606,1.96614],[100.80061,2.06769],[100.83172,2.17578],[101.05976,2.08097],[101.27575,1.71924],[101.47431,1.54809],[101.67528,1.52311],[101.86814,1.43457],[102.0098,1.26966],[102.13589,0.93951],[102.27829,0.74283],[102.47178,0.62251],[102.70161,0.56582],[103.04659,0.52844],[103.24049,0.45896],[103.46308,0.28786],[103.72216,0.01518],[103.7136,-0.01697],[103.68663,-0.11834],[103.50074,-0.31574],[103.40866,-0.50022],[103.23762,-0.65947],[103.31132,-0.81818],[103.38419,-0.89427],[103.74693,-1.11591],[104.1212,-1.14052],[104.22989,-1.19112],[104.29766,-1.36255],[104.35519,-1.70559],[104.35243,-1.88989],[104.47248,-2.08028],[104.56755,-2.13727],[104.81259,-2.1558],[104.60981,-2.57567],[104.67776,-2.67084],[104.99461,-2.4668],[105.36515,-2.58039],[105.4449,-2.59928],[105.56393,-2.71341],[105.62867,-2.91028],[105.94282,-3.21466],[105.71109,-4.10488],[105.69316,-4.30829],[105.79668,-4.73388],[105.78709,-4.93091],[105.79637,-5.22959],[105.7956,-5.35035],[105.72847,-5.82714],[105.68928,-5.89714],[105.64069,-5.92903],[105.47567,-5.81499],[105.30404,-5.58021],[105.18672,-5.54233],[105.06914,-5.75867],[105.03279,-5.8795],[104.5634,-5.60087],[104.46469,-5.63922],[104.64216,-5.97567],[104.56848,-6.07117],[104.47689,-5.98238],[103.8725,-5.3418],[103.52346,-4.99937],[103.06859,-4.61268],[102.46223,-4.18182],[102.28652,-3.97884],[102.19676,-3.7566],[102.11067,-3.60425],[101.65957,-3.31925],[101.34546,-3.01489],[100.81208,-2.33605],[100.77876,-2.17724],[100.79625,-2.0247],[100.6503,-1.631],[100.27201,-0.97092],[99.972,-0.50132],[99.69655,-0.15241],[99.53037,-0.01697],[99.40105,0.08842],[99.11331,0.22125],[98.99888,0.5578],[98.68911,1.37049],[98.71933,1.47859],[98.67103,1.61828],[98.60055,1.70709],[98.30258,1.9352],[97.9825,2.11243],[97.73999,2.20721],[97.59715,2.25138],[98.71031,2.85368],[98.79031,2.85721],[98.21162,3.4055],[97.14706,4.41576],[96.42005,4.41576],[95.64811,4.43286],[95.56092,4.53446],[95.30815,4.95962],[95.20507,5.24532],[95.19055,5.41049],[95.21608,5.4995],[95.28316,5.55049],[95.46405,5.56994],[95.62773,5.52582],[95.74045,5.46888],[96.02468,5.21532],[96.18734,5.14579],[96.60203,5.07679],[96.75271,5.06441],[96.99945,5.10942],[97.20378,5.1734],[97.38407,5.18014],[97.52933,5.04067],[97.94281,4.52055],[98.17379,4.38126],[98.19937,4.31142],[98.1455,4.06985],[98.62529,3.65788],[98.96241,3.43621],[99.49127,3.12601],[99.79595,2.98053],[99.85836,2.90441],[99.87223,2.63756],[99.86316,2.56764],[100.12142,2.5428],[100.45648,2.11778],[100.73194,1.87056],[100.85432,1.87718]]]]}},{"type":"Feature","properties":{"NAME":"Tuʻi Tonga Empire","ABBREVN":"Tuʻi Tonga Empire","INFO_UR":null,"SUBJECTO":"Tuʻi Tonga Empire","BORDERPRECISION":1,"PARTOF":"Tuʻi Tonga Empire"},"geometry":{"type":"MultiPolygon","coordinates":[[[[-170.55029,-14.29833],[-170.55588,-14.295],[-170.56082,-14.28778],[-170.54837,-14.2825],[-170.54004,-14.28389],[-170.53668,-14.28889],[-170.54251,-14.2975],[-170.54611,-14.29861],[-170.55029,-14.29833]]],[[[-170.66,-14.25528],[-170.57028,-14.25278],[-170.56555,-14.25584],[-170.56003,-14.26584],[-170.56082,-14.26917],[-170.56332,-14.2725],[-170.57861,-14.27917],[-170.63727,-14.28945],[-170.7439,-14.37555],[-170.74942,-14.37389],[-170.76645,-14.36361],[-170.82227,-14.32945],[-170.82611,-14.325],[-170.82227,-14.32028],[-170.80917,-14.30806],[-170.80029,-14.30056],[-170.79501,-14.29806],[-170.68167,-14.25806],[-170.66806,-14.25556],[-170.66,-14.25528]]],[[[-169.50946,-14.27667],[-169.51306,-14.27583],[-169.51779,-14.27278],[-169.5217,-14.26833],[-169.53555,-14.24278],[-169.53723,-14.23778],[-169.53613,-14.23167],[-169.53394,-14.22972],[-169.52228,-14.22695],[-169.51532,-14.22666],[-169.44977,-14.22639],[-169.44559,-14.22666],[-169.43945,-14.23167],[-169.43832,-14.25667],[-169.44,-14.26056],[-169.44449,-14.26167],[-169.50946,-14.27667]]],[[[-169.62308,-14.18389],[-169.62558,-14.18972],[-169.63141,-14.19083],[-169.64169,-14.18611],[-169.6442,-14.18111],[-169.64474,-14.17611],[-169.64056,-14.17167],[-169.62613,-14.16694],[-169.62195,-14.16861],[-169.62195,-14.17639],[-169.62308,-14.18389]]],[[[-169.68308,-14.16667],[-169.66559,-14.17278],[-169.66223,-14.175],[-169.65976,-14.17917],[-169.65976,-14.18055],[-169.66144,-14.18333],[-169.68112,-14.19167],[-169.68558,-14.19194],[-169.68695,-14.19194],[-169.69305,-14.18889],[-169.69415,-14.18528],[-169.69415,-14.17361],[-169.69086,-14.1675],[-169.68726,-14.16639],[-169.68308,-14.16667]]],[[[-178.72086,-20.64806],[-178.7056,-20.67084],[-178.70776,-20.67444],[-178.71503,-20.67444],[-178.73334,-20.66944],[-178.73721,-20.66611],[-178.73776,-20.65972],[-178.73334,-20.65028],[-178.73056,-20.64611],[-178.72446,-20.64473],[-178.72086,-20.64806]]],[[[-178.21143,-19.8525],[-178.2164,-19.85334],[-178.22168,-19.85111],[-178.22305,-19.84555],[-178.22168,-19.84],[-178.2128,-19.8275],[-178.20975,-19.82639],[-178.20392,-19.8275],[-178.20032,-19.83112],[-178.19809,-19.83584],[-178.20032,-19.84084],[-178.20166,-19.84362],[-178.21143,-19.8525]]],[[[-178.39142,-19.17611],[-178.3967,-19.185],[-178.41864,-19.185],[-178.4231,-19.18222],[-178.42505,-19.1775],[-178.4231,-19.1725],[-178.41113,-19.14362],[-178.39862,-19.12917],[-178.39279,-19.13055],[-178.38837,-19.13389],[-178.38641,-19.13889],[-178.38641,-19.15945],[-178.39142,-19.17611]]],[[[179.77304,-19.12333],[179.77747,-19.125],[179.78915,-19.14167],[179.79663,-19.17833],[179.79749,-19.18444],[179.79358,-19.18778],[179.77969,-19.19528],[179.77469,-19.1975],[179.74661,-19.19583],[179.74023,-19.18805],[179.73969,-19.18194],[179.75388,-19.13306],[179.75833,-19.13028],[179.77304,-19.12333]]],[[[-178.59332,-19.12056],[-178.58585,-19.11361],[-178.57642,-19.10861],[-178.56973,-19.10805],[-178.5639,-19.10945],[-178.55893,-19.11167],[-178.55444,-19.11417],[-178.55084,-19.11778],[-178.5386,-19.18195],[-178.54587,-19.18195],[-178.55612,-19.17917],[-178.58029,-19.1675],[-178.59332,-19.15916],[-178.59695,-19.15583],[-178.60141,-19.14583],[-178.6022,-19.13972],[-178.60141,-19.13361],[-178.59915,-19.12862],[-178.59332,-19.12056]]],[[[178.37219,-18.93167],[178.46829,-18.95639],[178.49051,-18.96972],[178.49411,-18.97333],[178.49634,-18.97805],[178.49829,-18.99],[178.49802,-19.00944],[178.48636,-19.01889],[178.46551,-19.03389],[178.42304,-19.04555],[178.41721,-19.04695],[178.38052,-19.05194],[178.37384,-19.0525],[178.34164,-19.05084],[178.33746,-19.05056],[178.32803,-19.02778],[178.32831,-19.0125],[178.32913,-19.00639],[178.32553,-19.00278],[178.30747,-18.99916],[178.30304,-18.99916],[178.19193,-19.04583],[178.18802,-19.04917],[178.17248,-19.07056],[178.17026,-19.07528],[178.16913,-19.08833],[178.17053,-19.09389],[178.13611,-19.13778],[178.09412,-19.16278],[178.08551,-19.15833],[178.03888,-19.14806],[178.03275,-19.14778],[178.01581,-19.15944],[178.0047,-19.16278],[177.99884,-19.1625],[177.96051,-19.14333],[177.95609,-19.14056],[177.95331,-19.13639],[177.95108,-19.13139],[177.95218,-19.12528],[177.96774,-19.10556],[177.9722,-19.10278],[178.06857,-19.06611],[178.17136,-19],[178.17526,-18.98972],[178.17804,-18.98555],[178.18192,-18.98222],[178.30692,-18.93556],[178.33914,-18.9275],[178.34497,-18.92639],[178.37219,-18.93167]]],[[[-178.94281,-18.92528],[-178.93863,-18.92806],[-178.93335,-18.93694],[-178.93143,-18.94861],[-178.93057,-18.96056],[-178.93057,-18.97417],[-178.93362,-18.98528],[-178.93671,-18.98944],[-178.94696,-18.99361],[-178.95337,-18.99278],[-178.95865,-18.99083],[-178.96225,-18.98723],[-178.96722,-18.97834],[-178.97226,-18.95278],[-178.96863,-18.94223],[-178.9628,-18.93417],[-178.94943,-18.92584],[-178.94281,-18.92528]]],[[[-179.85333,-18.97278],[-179.85083,-19.01306],[-179.85724,-19.01222],[-179.86526,-19.00862],[-179.8689,-19.00528],[-179.8703,-19.00112],[-179.86581,-18.9775],[-179.85748,-18.93833],[-179.85309,-18.92862],[-179.845,-18.9225],[-179.83893,-18.9225],[-179.82169,-18.92528],[-179.81723,-18.92667],[-179.7886,-18.93722],[-179.78363,-18.94639],[-179.78226,-18.95889],[-179.78833,-18.9725],[-179.79501,-18.98028],[-179.80307,-18.98638],[-179.80444,-18.98361],[-179.80588,-18.97111],[-179.80948,-18.96083],[-179.81226,-18.95639],[-179.81586,-18.95306],[-179.82693,-18.94945],[-179.8342,-18.94945],[-179.84003,-18.95083],[-179.84805,-18.95695],[-179.85251,-18.96666],[-179.85333,-18.97278]]],[[[178.52805,-18.86722],[178.53638,-18.89222],[178.53638,-18.89778],[178.53415,-18.9025],[178.52805,-18.91083],[178.5022,-18.93472],[178.49719,-18.93389],[178.4733,-18.915],[178.47107,-18.91],[178.47189,-18.89695],[178.47662,-18.88306],[178.48026,-18.87972],[178.50415,-18.86083],[178.50915,-18.85861],[178.52164,-18.85972],[178.52582,-18.8625],[178.52805,-18.86722]]],[[[-178.47665,-18.64695],[-178.47305,-18.65056],[-178.47305,-18.6575],[-178.47833,-18.66639],[-178.48642,-18.6725],[-178.49863,-18.67472],[-178.50613,-18.67472],[-178.51196,-18.67333],[-178.51611,-18.67055],[-178.5192,-18.66639],[-178.52139,-18.66139],[-178.52139,-18.65445],[-178.51975,-18.64889],[-178.517,-18.64473],[-178.50668,-18.63528],[-178.5014,-18.63722],[-178.47665,-18.64695]]],[[[179.83578,-18.58167],[179.83746,-18.57639],[179.84024,-18.57222],[179.84912,-18.56667],[179.88135,-18.55167],[179.90555,-18.54555],[179.92886,-18.54028],[179.94998,-18.53972],[179.96387,-18.54056],[179.96747,-18.54417],[179.9697,-18.54889],[179.96664,-18.56],[179.91275,-18.64194],[179.90832,-18.64472],[179.89581,-18.64389],[179.88803,-18.6375],[179.83942,-18.59084],[179.83664,-18.58667],[179.83578,-18.58167]]],[[[177.63611,-18.49139],[177.64471,-18.49583],[177.64972,-18.50472],[177.65164,-18.50972],[177.6636,-18.57778],[177.66415,-18.58389],[177.6633,-18.59028],[177.66025,-18.59417],[177.65524,-18.59361],[177.64804,-18.58639],[177.63748,-18.56889],[177.61911,-18.53833],[177.61359,-18.51611],[177.61301,-18.50972],[177.61523,-18.505],[177.6308,-18.49194],[177.63611,-18.49139]]],[[[178.12717,-18.35389],[178.13971,-18.35194],[178.14526,-18.35333],[178.14972,-18.35611],[178.15332,-18.36056],[178.15555,-18.36528],[178.15692,-18.37083],[178.15665,-18.37778],[178.15027,-18.40667],[178.13858,-18.41639],[178.13272,-18.4175],[178.1283,-18.4175],[178.11664,-18.41472],[178.11246,-18.41167],[178.10941,-18.4075],[178.12106,-18.36195],[178.12357,-18.35722],[178.12717,-18.35389]]],[[[-178.74753,-18.20139],[-178.74472,-18.20556],[-178.74249,-18.21028],[-178.74112,-18.21611],[-178.74112,-18.22278],[-178.74472,-18.23333],[-178.74777,-18.2375],[-178.7514,-18.24083],[-178.76028,-18.24639],[-178.76532,-18.24834],[-178.77835,-18.24972],[-178.79172,-18.25112],[-178.7981,-18.25028],[-178.80307,-18.24834],[-178.81195,-18.24278],[-178.8367,-18.22389],[-178.84387,-18.21695],[-178.84308,-18.21083],[-178.82861,-18.19],[-178.82419,-18.18723],[-178.81891,-18.18528],[-178.80804,-18.18333],[-178.78699,-18.1825],[-178.77307,-18.18333],[-178.76364,-18.18833],[-178.74753,-18.20139]]],[[[179.24579,-18.03639],[179.24301,-18.02528],[179.23636,-17.96833],[179.24329,-17.95111],[179.26666,-17.93611],[179.27332,-17.93556],[179.29221,-17.93722],[179.30026,-17.94194],[179.30801,-17.94833],[179.3533,-18.00917],[179.35523,-18.01389],[179.36774,-18.08194],[179.36829,-18.08805],[179.36746,-18.09444],[179.35858,-18.11361],[179.3519,-18.12111],[179.34164,-18.1225],[179.33609,-18.12111],[179.24579,-18.03639]]],[[[-178.99112,-17.95083],[-178.98889,-17.95556],[-178.98831,-17.97417],[-178.98975,-17.97972],[-178.9928,-17.98722],[-178.99554,-17.99],[-179.01172,-17.99528],[-179.0181,-17.99611],[-179.02393,-17.99472],[-179.0289,-17.9925],[-179.06003,-17.97389],[-179.07059,-17.96333],[-179.07642,-17.955],[-179.07861,-17.95027],[-179.07782,-17.94416],[-179.06836,-17.9325],[-179.05893,-17.9275],[-179.0481,-17.92361],[-179.02698,-17.92306],[-179.02139,-17.92444],[-179.017,-17.92722],[-179.00171,-17.94028],[-178.99112,-17.95083]]],[[[-178.32388,-17.8825],[-178.31003,-17.88306],[-178.29755,-17.88528],[-178.26502,-17.9025],[-178.25613,-17.90805],[-178.24448,-17.91778],[-178.23862,-17.92611],[-178.23807,-17.93222],[-178.23862,-17.94278],[-178.24081,-17.9475],[-178.2439,-17.95167],[-178.24753,-17.95528],[-178.26282,-17.96139],[-178.28699,-17.96611],[-178.30139,-17.96611],[-178.31891,-17.96333],[-178.3306,-17.96056],[-178.34003,-17.95583],[-178.35529,-17.93556],[-178.35724,-17.93084],[-178.35803,-17.92611],[-178.35443,-17.90861],[-178.35083,-17.89834],[-178.34781,-17.89416],[-178.33475,-17.88584],[-178.32388,-17.8825]]],[[[179.42191,-17.84834],[179.41693,-17.85055],[179.41193,-17.84834],[179.40833,-17.84472],[179.39609,-17.82195],[179.38611,-17.79417],[179.39276,-17.78639],[179.39722,-17.785],[179.41608,-17.78805],[179.42108,-17.79722],[179.43027,-17.82833],[179.42859,-17.84084],[179.42191,-17.84834]]],[[[-179.28833,-17.78112],[-179.29251,-17.7839],[-179.29837,-17.78528],[-179.33115,-17.77195],[-179.33331,-17.76695],[-179.33475,-17.7614],[-179.33252,-17.74973],[-179.32587,-17.735],[-179.31915,-17.72751],[-179.31332,-17.72612],[-179.30249,-17.72973],[-179.29227,-17.73389],[-179.28809,-17.73667],[-179.285,-17.74084],[-179.28171,-17.75973],[-179.28171,-17.76667],[-179.28308,-17.77195],[-179.28531,-17.77695],[-179.28833,-17.78112]]],[[[178.83273,-17.62722],[178.83609,-17.63055],[178.85025,-17.65861],[178.85303,-17.66972],[178.85358,-17.68833],[178.8533,-17.705],[178.8497,-17.71528],[178.83774,-17.73194],[178.82025,-17.74277],[178.77191,-17.75445],[178.74774,-17.71972],[178.74411,-17.6725],[178.74857,-17.65583],[178.75082,-17.65111],[178.75665,-17.64278],[178.76053,-17.63944],[178.77805,-17.62861],[178.79193,-17.62111],[178.81024,-17.62056],[178.81665,-17.62139],[178.82831,-17.62444],[178.83273,-17.62722]]],[[[-179.14783,-17.47834],[-179.16168,-17.47751],[-179.16614,-17.47473],[-179.17337,-17.46778],[-179.18335,-17.44973],[-179.18167,-17.43723],[-179.17889,-17.43306],[-179.16806,-17.42973],[-179.15335,-17.42973],[-179.14334,-17.43111],[-179.12805,-17.45],[-179.12747,-17.45612],[-179.12805,-17.46251],[-179.12973,-17.46806],[-179.13251,-17.47222],[-179.142,-17.47695],[-179.14783,-17.47834]]],[[[178.17554,-18.24167],[178.1647,-18.25194],[178.16025,-18.25472],[178.15497,-18.25667],[178.01914,-18.26778],[177.96024,-18.26833],[177.86414,-18.26389],[177.61996,-18.18167],[177.61636,-18.17833],[177.61191,-18.17556],[177.60608,-18.17389],[177.51608,-18.15305],[177.47302,-18.16278],[177.33331,-18.11945],[177.32968,-18.11583],[177.29913,-18.07861],[177.25916,-17.99833],[177.24884,-17.96278],[177.24829,-17.95639],[177.25665,-17.87417],[177.25943,-17.87],[177.27499,-17.85722],[177.27942,-17.85445],[177.29413,-17.84778],[177.37134,-17.8125],[177.42969,-17.76167],[177.43192,-17.75667],[177.43304,-17.74361],[177.43246,-17.7375],[177.42386,-17.69083],[177.42249,-17.68528],[177.41971,-17.68111],[177.39026,-17.6675],[177.38721,-17.66305],[177.38525,-17.65139],[177.38803,-17.63278],[177.51025,-17.50945],[177.51914,-17.50389],[177.62466,-17.44472],[177.82025,-17.36472],[177.82526,-17.36278],[177.83109,-17.36278],[177.83441,-17.37333],[177.83524,-17.37972],[177.83496,-17.38639],[177.83331,-17.39611],[177.89777,-17.40778],[177.94635,-17.41056],[177.95358,-17.41056],[177.95941,-17.40916],[178.12466,-17.35778],[178.17053,-17.3425],[178.18692,-17.32333],[178.18857,-17.30389],[178.19302,-17.30111],[178.21747,-17.31],[178.23969,-17.32333],[178.24411,-17.32611],[178.26914,-17.34389],[178.27136,-17.34889],[178.27969,-17.37806],[178.28165,-17.38972],[178.28082,-17.40305],[178.30277,-17.43028],[178.37247,-17.475],[178.59106,-17.63583],[178.5983,-17.64306],[178.60107,-17.65805],[178.6008,-17.67055],[178.59857,-17.6825],[178.59525,-17.69361],[178.59775,-17.78417],[178.62079,-17.89389],[178.6933,-18.025],[178.69748,-18.04722],[178.6922,-18.05695],[178.68109,-18.07417],[178.67804,-18.07833],[178.6611,-18.08972],[178.58829,-18.13528],[178.56079,-18.11555],[178.55746,-18.10028],[178.55331,-18.0975],[178.5322,-18.09222],[178.40082,-18.10361],[178.39581,-18.10417],[178.34885,-18.11611],[178.33856,-18.12],[178.27332,-18.1475],[178.24356,-18.18861],[178.23053,-18.19],[178.21942,-18.19305],[178.19443,-18.21778],[178.18219,-18.23417],[178.17554,-18.24167]]],[[[177.09998,-17.31472],[177.10025,-17.27111],[177.11136,-17.25833],[177.14194,-17.24778],[177.14554,-17.25],[177.15832,-17.26528],[177.15832,-17.26806],[177.14331,-17.29555],[177.11746,-17.3125],[177.11246,-17.31444],[177.09998,-17.31472]]],[[[-179.11642,-17.26778],[-179.11783,-17.27334],[-179.12006,-17.27806],[-179.12366,-17.28167],[-179.12863,-17.28361],[-179.14172,-17.285],[-179.14841,-17.28417],[-179.15338,-17.28223],[-179.15698,-17.27861],[-179.16147,-17.26889],[-179.16336,-17.25723],[-179.16281,-17.25083],[-179.15842,-17.24806],[-179.15256,-17.24667],[-179.14673,-17.24806],[-179.12143,-17.25862],[-179.11783,-17.26222],[-179.11642,-17.26778]]],[[[179.44165,-17.24778],[179.44525,-17.25139],[179.44663,-17.25695],[179.44971,-17.30333],[179.44803,-17.31583],[179.44412,-17.33306],[179.44052,-17.34333],[179.42719,-17.3725],[179.42358,-17.37583],[179.39941,-17.39444],[179.38333,-17.39972],[179.38443,-17.36583],[179.38388,-17.34972],[179.37912,-17.31583],[179.37051,-17.29639],[179.358,-17.26278],[179.35718,-17.25944],[179.41913,-17.24277],[179.43304,-17.24222],[179.44165,-17.24778]]],[[[-178.90863,-17.21778],[-178.9231,-17.2525],[-178.92529,-17.25723],[-178.9292,-17.26084],[-178.94141,-17.26],[-178.9713,-17.28911],[-178.97296,-17.29145],[-178.97513,-17.29778],[-178.98584,-17.31806],[-179.01141,-17.18222],[-179.02005,-17.15305],[-179.01501,-17.15083],[-179.00778,-17.15111],[-178.92224,-17.19778],[-178.90921,-17.21306],[-178.90863,-17.21778]]],[[[177.20831,-17.08889],[177.23578,-17.05944],[177.24023,-17.05667],[177.24606,-17.05556],[177.2811,-17.05194],[177.28525,-17.05472],[177.28802,-17.05889],[177.29135,-17.06945],[177.29135,-17.07639],[177.28915,-17.08111],[177.2822,-17.09555],[177.27609,-17.10805],[177.27026,-17.11639],[177.26361,-17.12361],[177.1994,-17.17028],[177.18802,-17.1675],[177.17719,-17.16361],[177.17719,-17.16083],[177.17831,-17.14361],[177.18747,-17.1175],[177.20831,-17.08889]]],[[[178.34024,-16.83056],[178.33801,-16.83528],[178.33304,-16.83583],[178.29385,-16.83667],[178.28748,-16.83583],[178.2822,-16.83389],[178.27887,-16.83028],[178.27664,-16.82528],[178.27441,-16.79334],[178.27719,-16.78944],[178.32498,-16.79417],[178.32996,-16.79639],[178.33136,-16.80056],[178.33887,-16.82472],[178.34024,-16.83056]]],[[[179.89276,-16.94611],[179.90442,-16.92972],[179.93219,-16.90083],[179.94693,-16.88694],[179.95413,-16.88],[179.95941,-16.87111],[179.96884,-16.8525],[180,-16.78739],[180,-16.96573],[179.98468,-16.98305],[179.95746,-16.99861],[179.94748,-17.00278],[179.92914,-17.00611],[179.91858,-16.99917],[179.88666,-16.97389],[179.88303,-16.97028],[179.88245,-16.96416],[179.88471,-16.95916],[179.89276,-16.94611]]],[[[-179.82111,-16.78109],[-179.90219,-16.87551],[-179.93588,-16.8997],[-179.98758,-16.94696],[-179.99332,-16.95528],[-180,-16.96573],[-180,-16.78736],[-179.9386,-16.71586],[-179.92953,-16.71012],[-179.89508,-16.68838],[-179.88983,-16.68642],[-179.8681,-16.67946],[-179.86163,-16.68032],[-179.85312,-16.69278],[-179.82111,-16.78109]]],[[[177.57053,-16.69833],[177.56693,-16.68805],[177.56415,-16.68389],[177.56052,-16.68028],[177.55997,-16.6775],[177.56638,-16.67833],[177.58386,-16.68278],[177.59302,-16.68778],[177.59442,-16.69333],[177.59357,-16.69944],[177.58441,-16.71889],[177.57413,-16.73611],[177.52164,-16.79],[177.44302,-16.83778],[177.43137,-16.84444],[177.47662,-16.79611],[177.55832,-16.72194],[177.5672,-16.70944],[177.57053,-16.69833]]],[[[179.9433,-16.65194],[179.93887,-16.65445],[179.92941,-16.65916],[179.91415,-16.66194],[179.88666,-16.66028],[179.88443,-16.6575],[179.91666,-16.62583],[179.94775,-16.61306],[179.94998,-16.61778],[179.95053,-16.62417],[179.95053,-16.63805],[179.94913,-16.64361],[179.9433,-16.65194]]],[[[180,-16.49427],[180,-16.53792],[179.99469,-16.53917],[179.98828,-16.53833],[179.98468,-16.535],[179.9819,-16.53083],[179.98108,-16.52445],[179.9819,-16.51139],[179.98358,-16.50584],[179.98636,-16.50167],[179.99524,-16.49611],[180,-16.49427]]],[[[-179.97113,-16.45889],[-179.94946,-16.44667],[-179.94452,-16.44445],[-179.91476,-16.43167],[-179.90225,-16.42944],[-179.89642,-16.43111],[-179.89368,-16.43528],[-179.92694,-16.51889],[-179.93198,-16.52084],[-179.96979,-16.53445],[-179.97617,-16.53528],[-180,-16.53792],[-180,-16.49427],[-179.99753,-16.48917],[-179.98862,-16.47695],[-179.97113,-16.45889]]],[[[179.56857,-16.75806],[179.61606,-16.72055],[179.64304,-16.69083],[179.71469,-16.625],[179.75192,-16.59139],[179.81302,-16.54056],[179.85245,-16.50889],[179.91803,-16.46778],[179.93246,-16.46083],[179.93747,-16.46167],[179.94193,-16.46444],[179.94412,-16.46944],[179.94553,-16.475],[179.95163,-16.5075],[179.95026,-16.51306],[179.94721,-16.51722],[179.92691,-16.5325],[179.92386,-16.53639],[179.90109,-16.57722],[179.87439,-16.63666],[179.87134,-16.665],[179.87802,-16.66583],[179.88721,-16.67083],[179.95053,-16.73638],[179.9519,-16.74194],[179.94525,-16.74972],[179.9372,-16.75445],[179.90219,-16.76945],[179.89804,-16.77084],[179.87051,-16.77333],[179.86606,-16.77195],[179.85523,-16.76139],[179.8533,-16.75639],[179.8447,-16.74389],[179.81052,-16.73472],[179.77887,-16.7275],[179.74634,-16.72639],[179.70996,-16.72972],[179.66275,-16.73972],[179.57163,-16.80111],[179.40942,-16.81083],[179.33191,-16.80222],[179.33359,-16.77111],[179.34384,-16.76694],[179.3483,-16.76445],[179.3519,-16.76083],[179.35468,-16.75667],[179.35553,-16.75194],[179.3558,-16.73944],[179.3494,-16.73167],[179.27805,-16.69278],[179.27222,-16.69139],[179.26581,-16.69056],[179.20636,-16.70528],[179.1683,-16.72417],[179.05304,-16.80056],[179.04941,-16.80417],[179.04636,-16.80833],[179.01639,-16.88972],[179.01639,-16.89528],[179.02054,-16.89806],[179.02637,-16.89667],[179.03305,-16.88917],[179.03693,-16.87889],[179.0397,-16.87472],[179.07358,-16.88278],[179.07221,-16.88833],[179.06998,-16.89305],[179.02387,-16.92528],[179.01886,-16.92722],[178.95886,-16.90639],[178.95468,-16.90361],[178.94971,-16.89444],[178.9483,-16.88889],[178.94412,-16.87917],[178.90665,-16.855],[178.86969,-16.86083],[178.81024,-16.90805],[178.80942,-16.91444],[178.81165,-16.92611],[178.81137,-16.93167],[178.80969,-16.94972],[178.79608,-16.98417],[178.7883,-16.99028],[178.75888,-17.00945],[178.75388,-17.01139],[178.74719,-17.01195],[178.7269,-17.01167],[178.70969,-17.00722],[178.70026,-17.0025],[178.69663,-17.00028],[178.69025,-16.9925],[178.68192,-16.97305],[178.67914,-16.96194],[178.67081,-16.92167],[178.62497,-16.83556],[178.55164,-16.80833],[178.54358,-16.81444],[178.52527,-16.81639],[178.51804,-16.81611],[178.5022,-16.81056],[178.49219,-16.80611],[178.48856,-16.80278],[178.48578,-16.79834],[178.47885,-16.78167],[178.47607,-16.76361],[178.4783,-16.75889],[178.52832,-16.70666],[178.59525,-16.64167],[178.60025,-16.64389],[178.68387,-16.67139],[178.69553,-16.67417],[178.70773,-16.67528],[178.7319,-16.64555],[178.74023,-16.6325],[178.74606,-16.62417],[178.77304,-16.60167],[178.77747,-16.59917],[178.8269,-16.57472],[178.86328,-16.56667],[178.88944,-16.55472],[178.89386,-16.55194],[178.89749,-16.54834],[178.92554,-16.51972],[178.92777,-16.51472],[178.92996,-16.50306],[178.92636,-16.49944],[178.9819,-16.46972],[179.22412,-16.3975],[179.2294,-16.39806],[179.23496,-16.40667],[179.29858,-16.41278],[179.33191,-16.41305],[179.40054,-16.41305],[179.40414,-16.40972],[179.40442,-16.40278],[179.40305,-16.39861],[179.39166,-16.38194],[179.40137,-16.34917],[179.46329,-16.29222],[179.50333,-16.27389],[179.67276,-16.22833],[179.77081,-16.20361],[179.84219,-16.2075],[179.87106,-16.20583],[179.91553,-16.17917],[179.95609,-16.15583],[179.96109,-16.15305],[179.96774,-16.1525],[180,-16.15472],[180,-16.17274],[179.99274,-16.17556],[179.97967,-16.18361],[179.95801,-16.1975],[179.89832,-16.23722],[179.89166,-16.24472],[179.85303,-16.29111],[179.80969,-16.36083],[179.75693,-16.44222],[179.75388,-16.44639],[179.74661,-16.45305],[179.73801,-16.45861],[179.68915,-16.48805],[179.67468,-16.49472],[179.65305,-16.50167],[179.59164,-16.53972],[179.48441,-16.69278],[179.47858,-16.70111],[179.49301,-16.76167],[179.53943,-16.76472],[179.54663,-16.765],[179.55969,-16.76361],[179.56857,-16.75806]]],[[[-169.89389,-19.14556],[-169.93088,-19.12444],[-169.95142,-19.07639],[-169.95306,-19.07028],[-169.93167,-19.01667],[-169.92889,-19.01056],[-169.89475,-18.97028],[-169.88477,-18.96333],[-169.8689,-18.96362],[-169.81751,-18.96833],[-169.81277,-18.97222],[-169.78171,-19.06278],[-169.7814,-19.06778],[-169.7981,-19.08722],[-169.82443,-19.11083],[-169.85028,-19.12583],[-169.85916,-19.13055],[-169.88806,-19.14445],[-169.89389,-19.14556]]],[[[-174.9747,-21.36583],[-174.97391,-21.35889],[-174.97055,-21.35389],[-174.93527,-21.32472],[-174.91144,-21.30611],[-174.91086,-21.42667],[-174.91727,-21.45417],[-174.92447,-21.45222],[-174.93393,-21.44611],[-174.96582,-21.41778],[-174.9736,-21.39139],[-174.9747,-21.36583]]],[[[-175.0517,-21.16167],[-175.11804,-21.26028],[-175.12363,-21.26389],[-175.13504,-21.26778],[-175.14529,-21.26806],[-175.1864,-21.25278],[-175.31445,-21.18],[-175.32364,-21.17444],[-175.33643,-21.16167],[-175.35141,-21.14333],[-175.35693,-21.13389],[-175.35803,-21.12944],[-175.36053,-21.1025],[-175.35947,-21.09917],[-175.35498,-21.09139],[-175.35141,-21.08612],[-175.34308,-21.07667],[-175.33917,-21.07306],[-175.3161,-21.06473],[-175.3125,-21.06362],[-175.3053,-21.065],[-175.30194,-21.06806],[-175.30225,-21.07139],[-175.30475,-21.07445],[-175.27667,-21.125],[-175.15222,-21.17556],[-175.14584,-21.17806],[-175.14169,-21.17862],[-175.13504,-21.17306],[-175.13196,-21.16305],[-175.13196,-21.15528],[-175.12946,-21.14473],[-175.12332,-21.135],[-175.11948,-21.1325],[-175.10724,-21.12806],[-175.09363,-21.125],[-175.07309,-21.12417],[-175.06699,-21.12473],[-175.06082,-21.12723],[-175.05029,-21.13445],[-175.04724,-21.13944],[-175.04556,-21.14583],[-175.04642,-21.1525],[-175.0517,-21.16167]]],[[[-174.76755,-20.27806],[-174.77753,-20.27556],[-174.78531,-20.27167],[-174.78833,-20.2664],[-174.79587,-20.24528],[-174.79532,-20.23861],[-174.79196,-20.23472],[-174.78644,-20.23167],[-174.77918,-20.23083],[-174.76556,-20.23472],[-174.76004,-20.23722],[-174.75668,-20.2425],[-174.75613,-20.26445],[-174.75836,-20.27251],[-174.76083,-20.27639],[-174.76755,-20.27806]]],[[[-174.41864,-19.92833],[-174.42279,-19.92778],[-174.42392,-19.91472],[-174.42255,-19.91],[-174.42001,-19.90556],[-174.40527,-19.88806],[-174.40112,-19.88361],[-174.39584,-19.88055],[-174.39087,-19.88167],[-174.38751,-19.88695],[-174.38672,-19.89389],[-174.38895,-19.90056],[-174.39279,-19.905],[-174.41394,-19.92667],[-174.41864,-19.92833]]],[[[-174.3186,-19.82194],[-174.32748,-19.82528],[-174.33331,-19.82472],[-174.34805,-19.81861],[-174.35309,-19.81556],[-174.35498,-19.81195],[-174.35443,-19.80639],[-174.32587,-19.76833],[-174.32254,-19.76445],[-174.31586,-19.76417],[-174.30972,-19.76695],[-174.30643,-19.77195],[-174.31171,-19.81139],[-174.31445,-19.81723],[-174.3186,-19.82194]]],[[[-175.07837,-19.70806],[-175.05893,-19.71806],[-175.05475,-19.72195],[-175.05029,-19.72834],[-175.04388,-19.75917],[-175.04251,-19.78139],[-175.04227,-19.7875],[-175.04419,-19.79223],[-175.04755,-19.79611],[-175.05139,-19.79917],[-175.05667,-19.80084],[-175.06332,-19.80084],[-175.06973,-19.79889],[-175.07724,-19.79361],[-175.08093,-19.78935],[-175.08389,-19.78612],[-175.08554,-19.7825],[-175.0914,-19.76806],[-175.0986,-19.74973],[-175.09781,-19.74139],[-175.09027,-19.71195],[-175.08694,-19.70806],[-175.0817,-19.70639],[-175.07837,-19.70806]]],[[[-174.26306,-19.74472],[-174.26645,-19.75],[-174.27252,-19.75279],[-174.27918,-19.75362],[-174.29282,-19.75112],[-174.29916,-19.74861],[-174.30475,-19.74472],[-174.30722,-19.74083],[-174.3053,-19.73694],[-174.26172,-19.69111],[-174.25613,-19.68805],[-174.25085,-19.69223],[-174.24753,-19.69722],[-174.24918,-19.70723],[-174.26306,-19.74472]]],[[[-175.01501,-19.65167],[-175.01059,-19.65139],[-175.00558,-19.6525],[-175.00308,-19.65694],[-175.00284,-19.66028],[-175.00394,-19.66445],[-175.01395,-19.68556],[-175.01834,-19.69139],[-175.02115,-19.6925],[-175.02557,-19.69194],[-175.03204,-19.68877],[-175.03394,-19.68667],[-175.035,-19.68361],[-175.03613,-19.67944],[-175.03586,-19.67667],[-175.0314,-19.66806],[-175.02533,-19.65972],[-175.01889,-19.65417],[-175.01501,-19.65167]]],[[[-174.28003,-19.59278],[-174.2417,-19.64278],[-174.2392,-19.64695],[-174.23889,-19.65112],[-174.24057,-19.65445],[-174.24448,-19.65611],[-174.25034,-19.65723],[-174.26083,-19.65194],[-174.27393,-19.64333],[-174.28195,-19.63445],[-174.29059,-19.61861],[-174.29388,-19.60723],[-174.29388,-19.60111],[-174.29196,-19.59444],[-174.28644,-19.59139],[-174.28003,-19.59278]]],[[[-174.64978,-18.78306],[-174.6456,-18.78556],[-174.62442,-18.80667],[-174.62308,-18.80944],[-174.62442,-18.81417],[-174.63031,-18.82334],[-174.63861,-18.8275],[-174.64697,-18.83028],[-174.65366,-18.83028],[-174.66696,-18.82583],[-174.6731,-18.81278],[-174.67505,-18.80445],[-174.67416,-18.79417],[-174.67087,-18.79028],[-174.66528,-18.78723],[-174.65561,-18.78389],[-174.64978,-18.78306]]],[[[-174.07364,-18.68111],[-174.06891,-18.68222],[-174.06555,-18.68723],[-174.06171,-18.69861],[-174.0614,-18.70472],[-174.06665,-18.70639],[-174.09027,-18.70306],[-174.09613,-18.70111],[-174.09781,-18.69639],[-174.09418,-18.69111],[-174.08585,-18.68417],[-174.07971,-18.68139],[-174.07364,-18.68111]]],[[[-174.04114,-18.68028],[-174.03754,-18.68084],[-174.02972,-18.68417],[-174.0192,-18.69445],[-174.01501,-18.70528],[-174.01645,-18.71195],[-174.01975,-18.71722],[-174.0242,-18.71972],[-174.03336,-18.71555],[-174.03476,-18.71389],[-174.04446,-18.6875],[-174.04501,-18.68361],[-174.04333,-18.68084],[-174.04114,-18.68028]]],[[[-174.12363,-18.6775],[-174.11581,-18.67139],[-174.10584,-18.66666],[-174.09109,-18.66389],[-174.0853,-18.66555],[-174.0867,-18.67028],[-174.08972,-18.67417],[-174.12387,-18.70445],[-174.12805,-18.70333],[-174.12836,-18.69722],[-174.12781,-18.69028],[-174.12637,-18.68278],[-174.12363,-18.6775]]],[[[-174.07004,-18.63944],[-174.07059,-18.6325],[-174.06805,-18.62639],[-174.0625,-18.62361],[-174.05722,-18.62112],[-174.04947,-18.62112],[-174.04138,-18.62112],[-174.03336,-18.62112],[-174.02722,-18.61889],[-174.02338,-18.61445],[-174.01724,-18.60305],[-174.01306,-18.58972],[-174.00559,-18.58001],[-174.00085,-18.57639],[-173.99554,-18.57334],[-173.98944,-18.57112],[-173.96753,-18.56806],[-173.93921,-18.56889],[-173.93558,-18.57083],[-173.93167,-18.57528],[-173.91669,-18.59973],[-173.9075,-18.62056],[-173.90616,-18.62694],[-173.90726,-18.63306],[-173.91055,-18.63806],[-173.98697,-18.68417],[-174.05444,-18.66972],[-174.06195,-18.66222],[-174.06421,-18.65639],[-174.07004,-18.63944]]],[[[-175.6792,-15.615],[-175.6828,-15.60778],[-175.68472,-15.59361],[-175.68393,-15.58972],[-175.67807,-15.57639],[-175.67166,-15.56861],[-175.66782,-15.56611],[-175.62723,-15.56028],[-175.6214,-15.56083],[-175.61667,-15.56333],[-175.60892,-15.57083],[-175.60724,-15.585],[-175.60947,-15.60055],[-175.61197,-15.60444],[-175.63641,-15.625],[-175.64474,-15.62917],[-175.65472,-15.63028],[-175.66583,-15.62722],[-175.67001,-15.62417],[-175.6792,-15.615]]],[[[-178.14056,-14.31639],[-178.1539,-14.30806],[-178.17111,-14.28778],[-178.17783,-14.27806],[-178.18088,-14.27278],[-178.18832,-14.25611],[-178.1911,-14.24333],[-178.18945,-14.23611],[-178.18558,-14.23167],[-178.17783,-14.23305],[-178.12997,-14.24694],[-178.12469,-14.25028],[-178.04477,-14.31444],[-178.04227,-14.31667],[-178.04251,-14.31945],[-178.06082,-14.32389],[-178.13422,-14.31778],[-178.14056,-14.31639]]],[[[-176.16782,-13.35278],[-176.17032,-13.35111],[-176.17725,-13.34139],[-176.18808,-13.31361],[-176.1911,-13.28695],[-176.18582,-13.25778],[-176.18307,-13.24361],[-176.17835,-13.23222],[-176.16055,-13.21611],[-176.15616,-13.21361],[-176.15033,-13.21417],[-176.14584,-13.21806],[-176.12363,-13.25139],[-176.12195,-13.25639],[-176.12109,-13.26333],[-176.13861,-13.33833],[-176.14056,-13.34361],[-176.14447,-13.34667],[-176.16144,-13.35278],[-176.16504,-13.35305],[-176.16782,-13.35278]]],[[[-171.46527,-14.05278],[-171.47998,-14.05056],[-171.51666,-14.04778],[-171.52444,-14.04778],[-171.54611,-14.05028],[-171.58893,-14.0525],[-171.64838,-14.05028],[-171.7681,-14.03583],[-171.91113,-14.0125],[-172.04837,-13.91445],[-172.05283,-13.91056],[-172.05698,-13.90611],[-172.06003,-13.90028],[-172.06476,-13.88194],[-172.06476,-13.87444],[-172.06171,-13.86917],[-172.0578,-13.86472],[-172.03085,-13.84111],[-172.0278,-13.83944],[-171.90671,-13.80667],[-171.88391,-13.80555],[-171.82227,-13.8075],[-171.74808,-13.83167],[-171.61914,-13.87861],[-171.44614,-13.9825],[-171.44223,-13.98639],[-171.43198,-13.99944],[-171.42944,-14.00528],[-171.42865,-14.01278],[-171.42975,-14.01972],[-171.44199,-14.0575],[-171.46527,-14.05278]]],[[[-172.2225,-13.56306],[-172.20306,-13.59195],[-172.19336,-13.61333],[-172.16888,-13.6775],[-172.16782,-13.68444],[-172.16782,-13.69139],[-172.21054,-13.80528],[-172.21417,-13.80778],[-172.22504,-13.80889],[-172.25195,-13.8075],[-172.25754,-13.80584],[-172.26227,-13.80195],[-172.39334,-13.79167],[-172.48279,-13.80667],[-172.4892,-13.80695],[-172.50891,-13.80667],[-172.51947,-13.80528],[-172.52722,-13.80389],[-172.5325,-13.80083],[-172.57443,-13.76584],[-172.59003,-13.73972],[-172.6911,-13.62611],[-172.75,-13.57583],[-172.75339,-13.57222],[-172.77283,-13.55],[-172.77972,-13.53972],[-172.78061,-13.53333],[-172.7803,-13.53],[-172.77948,-13.52722],[-172.77502,-13.51945],[-172.77005,-13.51556],[-172.75809,-13.51111],[-172.75308,-13.50945],[-172.7417,-13.5075],[-172.73611,-13.50945],[-172.72864,-13.51333],[-172.65527,-13.51917],[-172.5965,-13.50911],[-172.55194,-13.49722],[-172.47528,-13.47972],[-172.39111,-13.46417],[-172.36084,-13.46056],[-172.34836,-13.46139],[-172.3114,-13.46917],[-172.30444,-13.47111],[-172.29892,-13.47417],[-172.28973,-13.48194],[-172.28586,-13.48639],[-172.2225,-13.56306]]]]}},{"type":"Feature","properties":{"NAME":"Karkhanids","ABBREVN":null,"SUBJECTO":"Karkhanids","BORDERPRECISION":1,"PARTOF":"Karkhanids","CORREGIDO":{"base":"world_1000.geojson","motivo":"los karajánidas toman Bujará y Samarcanda (999); Kashgar es suya desde mediados del s. X","fuente":"https://en.wikipedia.org/wiki/Kara-Khanid_Khanate"}},"geometry":{"type":"Polygon","coordinates":[[[80.0,37.0],[67.6616,37.0],[67.3422,37.2129],[66.7099,37.2129],[66.5293,38.1162],[64.6324,38.8388],[63.7291,39.4711],[63.1215,39.8087],[62.0,39.7405],[62.0,45.5],[64.7383,45.5],[69.6576,42.7916],[73.1109,45.5],[80.0,45.5],[80.0,37.0]]]}},{"type":"Feature","properties":{"NAME":"Norse Greenland","ABBREVN":null,"SUBJECTO":"Norse Greenland","BORDERPRECISION":1,"PARTOF":"Norse Greenland","CORREGIDO":{"base":"world_1000.geojson","motivo":"asentamientos nórdicos de Groenlandia (Brattahlíð, c. 985), independientes hasta 1261","fuente":"revisiones/aplicadas/2026-09-28-carto-A-med1000-1100.md"},"DERIVADO":{"base":"world_1000.geojson","motivo":"recibe una astilla sin datos que dejó un recorte vecino"}},"geometry":{"type":"MultiPolygon","coordinates":[[[[-43.0,59.8885],[-43.0145,59.8329],[-43.1436,59.8188],[-43.5788,59.9357],[-44.0523,60.1642],[-44.2761,60.0316],[-44.4674,59.7609],[-44.7531,60.0307],[-44.6822,60.2885],[-44.8562,60.3787],[-45.362,60.4615],[-45.6217,60.6006],[-45.6041,60.6845],[-45.4899,60.7966],[-45.4602,60.8946],[-45.6065,61.0204],[-45.7709,61.1041],[-46.0719,60.9425],[-46.1958,60.9352],[-46.3311,60.8719],[-46.531,60.8926],[-46.9721,60.8637],[-47.1594,60.8564],[-47.4162,60.723],[-47.6305,60.5968],[-47.8224,60.7782],[-47.8694,60.939],[-47.9692,61.0369],[-48.2,61.1416],[-48.5679,61.2461],[-48.9155,61.421],[-49.1483,61.7723],[-49.1164,62.1038],[-49.2059,62.1743],[-49.4013,62.2163],[-49.6115,62.1947],[-50.0479,62.3141],[-50.0967,62.3564],[-50.1589,62.4624],[-50.0959,62.668],[-49.8893,62.8457],[-49.8575,62.9665],[-49.9737,62.9947],[-50.2217,63.0085],[-50.4658,63.0507],[-50.5909,63.15],[-50.6167,63.4348],[-50.8231,63.4915],[-51.1005,63.4695],[-51.3658,63.726],[-51.355,63.8118],[-51.2659,63.9264],[-50.9879,64.0915],[-50.439,64.2431],[-50.2569,64.3797],[-50.0426,64.4376],[-50.0199,64.6101],[-50.1445,64.7393],[-50.3574,64.6957],[-50.7718,64.659],[-50.9937,64.6154],[-51.2797,64.4281],[-51.5214,64.3702],[-51.8048,64.2333],[-51.9574,64.3766],[-51.9402,64.6568],[-51.9916,65.0098],[-52.0843,65.2126],[-52.0777,65.3724],[-52.1736,65.5],[-43.0,65.5],[-43.0,62.6846],[-43.226,62.6809],[-43.0,62.5196],[-43.0,61.2889],[-43.0373,61.2917],[-43.0,61.2466],[-43.0,60.5054],[-43.1499,60.5145],[-43.4971,60.479],[-43.1541,60.3053],[-42.962,60.0341],[-43.0,59.8885]]],[[[-52.4138,65.4809],[-52.536,65.4952],[-52.545,65.5],[-52.296,65.5],[-52.4138,65.4809]]]]}},{"type":"Feature","properties":{"NAME":null,"ABBREVN":null,"SUBJECTO":null,"BORDERPRECISION":1,"PARTOF":null,"CORREGIDO":{"base":"world_1000.geojson","motivo":"resto de Groenlandia: pueblos thule, no nórdicos (sin datos)","fuente":"revisiones/aplicadas/2026-09-28-carto-A-med1000-1100.md"}},"geometry":{"type":"MultiPolygon","coordinates":[[[[-42.9272,60.501],[-43.0,60.5054],[-43.0,61.2466],[-42.8171,61.0256],[-42.8244,60.8016],[-42.7541,60.6969],[-42.7849,60.5292],[-42.9272,60.501]]],[[[-42.3062,61.7289],[-42.4783,61.3068],[-42.6703,61.2643],[-43.0,61.2889],[-43.0,62.5196],[-42.9191,62.4619],[-42.4204,62.286],[-42.2714,62.1944],[-42.3062,61.7289]]],[[[-50.5391,67.4881],[-50.4771,67.4822],[-50.4911,67.6454],[-50.4676,67.6883],[-50.3567,67.8909],[-50.491,67.9726],[-50.9499,68.091],[-51.5605,68.2316],[-51.9667,68.3055],[-52.6834,68.4537],[-52.8425,68.5058],[-52.6912,68.6634],[-52.3369,68.6641],[-51.6787,68.5005],[-51.2137,68.4789],[-51.0193,68.5072],[-51.0052,68.5092],[-50.9597,68.5358],[-50.9538,68.5393],[-50.9203,68.7659],[-50.9138,68.8093],[-50.8744,68.9446],[-50.8492,68.946],[-50.6066,68.9601],[-50.5187,68.9408],[-50.5186,68.9408],[-50.3688,68.9079],[-50.2999,68.9384],[-50.2665,68.9532],[-50.2788,69.1112],[-50.3665,69.1939],[-50.7674,69.3364],[-50.7365,69.4196],[-50.6944,69.5329],[-50.5277,69.6764],[-50.4566,69.7376],[-50.5726,69.8662],[-51.1171,69.9411],[-51.6365,69.9402],[-52.1668,70.0688],[-52.9091,70.2894],[-53.2599,70.3347],[-53.6663,70.357],[-54.0085,70.5099],[-54.3735,70.7247],[-54.3032,70.7403],[-54.158,70.8099],[-53.8855,70.8104],[-53.6281,70.8187],[-52.9187,70.7151],[-52.9186,70.7151],[-52.6898,70.6817],[-52.5311,70.6744],[-52.3675,70.6669],[-52.231,70.6335],[-51.8057,70.5294],[-51.1528,70.3233],[-50.8245,70.2473],[-50.8146,70.3019],[-50.8146,70.302],[-50.7995,70.3854],[-50.9391,70.5772],[-51.3264,70.823],[-51.3596,70.9091],[-51.4038,71.0236],[-51.6754,71.2244],[-51.8934,71.2473],[-52.198,71.3554],[-52.1737,71.3741],[-52.0356,71.48],[-51.8987,71.5152],[-51.7914,71.5427],[-51.7209,71.5891],[-51.7208,71.5891],[-51.7201,71.5896],[-52.0368,71.6981],[-52.532,71.7049],[-52.8134,71.7434],[-53.3228,71.8908],[-53.7187,71.617],[-53.8646,71.5466],[-53.9882,71.4141],[-54.3816,71.3047],[-55.0124,71.3346],[-55.4765,71.4891],[-55.6143,71.5978],[-55.6143,71.5979],[-55.6264,71.7304],[-55.4296,71.8713],[-55.3878,71.963],[-55.2976,72.1612],[-55.3661,72.7278],[-55.1492,72.7478],[-55.1491,72.7478],[-55.104,72.752],[-54.7931,72.6657],[-54.6261,72.7213],[-54.5781,72.8273],[-54.5582,72.8716],[-54.7304,73.0376],[-55.15,73.283],[-55.3535,73.3463],[-55.7793,73.7045],[-56.1822,74.1206],[-56.6794,74.7006],[-56.9394,74.919],[-57.7743,75.0895],[-58.0746,75.2045],[-58.2053,75.2952],[-58.2285,75.6106],[-58.6357,75.7933],[-59.0683,75.8426],[-59.7835,75.9165],[-60.6511,76.1077],[-61.5075,76.2575],[-62.4676,76.34],[-62.9162,76.3645],[-63.6508,76.3799],[-64.0038,76.2949],[-64.4734,76.2519],[-64.8359,76.167],[-65.4745,76.0986],[-66.0268,76.1732],[-66.6839,76.3067],[-66.5404,75.9707],[-66.5634,75.9287],[-67.0367,75.9362],[-67.619,76.019],[-69.0448,76.2938],[-68.353,76.5486],[-68.1444,76.5999],[-68.1859,76.7016],[-68.3763,76.7778],[-68.8562,76.7854],[-69.851,76.792],[-70.2167,76.8253],[-70.4999,76.8333],[-71.057,77.0285],[-71.4483,77.1219],[-71.1839,77.2595],[-70.6184,77.2778],[-69.2521,77.2117],[-68.3406,77.1963],[-67.7363,77.1889],[-66.7838,77.2593],[-66.3093,77.3548],[-66.1778,77.398],[-66.1534,77.5532],[-66.4356,77.6823],[-66.8047,77.7768],[-67.3523,77.7065],[-67.8518,77.5931],[-68.4412,77.5833],[-68.9532,77.6342],[-69.2921,77.599],[-69.6875,77.5551],[-69.9936,77.5804],[-70.3795,77.6661],[-70.678,77.8301],[-71.0452,77.9163],[-71.343,77.9418],[-71.6695,77.9151],[-71.8884,77.9494],[-72.5254,78.1661],[-72.5453,78.3235],[-72.3832,78.5257],[-72.0188,78.5792],[-71.4628,78.6243],[-70.7802,78.6873],[-69.8468,78.7598],[-69.2663,78.7962],[-68.8385,78.9741],[-68.3485,79.0905],[-67.9691,79.1268],[-66.8543,79.1289],[-66.3587,79.1744],[-65.4849,79.1582],[-65.3041,79.2209],[-65.1645,79.3104],[-64.8905,79.3824],[-64.7995,79.6784],[-64.6755,79.9039],[-64.6232,79.9492],[-65.0237,80.0518],[-65.8996,80.0692],[-66.4194,79.9819],[-66.8512,80.0385],[-67.4103,80.2107],[-67.1428,80.5621],[-66.5217,80.7113],[-65.2413,80.8728],[-64.6083,80.974],[-63.7254,81.0862],[-62.7748,81.1588],[-62.5483,81.1418],[-62.2513,81.1195],[-61.7053,81.1509],[-61.4191,81.1661],[-61.1118,81.1825],[-60.9567,81.2637],[-60.9517,81.3655],[-61.1122,81.7042],[-61.1224,81.7976],[-60.9813,81.8354],[-60.9812,81.8354],[-60.8873,81.8606],[-60.0387,81.8833],[-59.3519,81.791],[-58.3887,81.6066],[-57.8053,81.5051],[-57.6796,81.4768],[-57.4442,81.4239],[-57.109,81.536],[-57.074,81.5477],[-57.8196,81.7838],[-58.1333,82.0132],[-58.0578,82.0344],[-57.5801,82.0608],[-57.0681,82.0892],[-56.7756,82.1193],[-56.5433,82.1432],[-56.1095,82.1937],[-56.1094,82.1937],[-55.7092,82.2404],[-54.5752,82.3281],[-54.5156,82.3224],[-54.5155,82.3224],[-54.2467,82.2968],[-53.7679,82.2446],[-53.6635,81.4626],[-53.2527,81.5352],[-53.2122,81.5594],[-53.0104,81.68],[-52.816,82.1301],[-52.3643,82.1205],[-51.4623,81.975],[-50.6261,81.7888],[-49.938,81.6762],[-49.846,81.8113],[-50.1358,81.9464],[-50.503,82.188],[-50.9054,82.3681],[-50.8414,82.4302],[-50.7724,82.4971],[-50.7486,82.4964],[-50.7485,82.4964],[-50.4385,82.4871],[-49.6476,82.4781],[-49.1365,82.3826],[-48.2549,82.2633],[-48.2548,82.2633],[-47.897,82.2148],[-47.3192,82.0891],[-47.0298,82.0449],[-47.0297,82.0449],[-46.3703,81.944],[-45.8433,81.867],[-45.5252,81.8205],[-44.683,81.7289],[-44.3228,81.8231],[-43.9554,82.4905],[-44.102,82.5764],[-44.6835,82.727],[-45.2129,82.9667],[-44.8941,83.0779],[-44.6127,83.0785],[-43.8125,83.0803],[-42.4794,83.2279],[-41.9429,83.2592],[-41.8811,83.2628],[-41.8414,83.2583],[-41.194,83.1862],[-40.8412,83.1087],[-40.8411,83.1087],[-40.1946,82.9668],[-39.4894,82.8915],[-39.0994,82.8639],[-39.0993,82.8639],[-38.5872,82.8277],[-38.4521,83.17],[-38.5872,83.3824],[-37.3966,83.4753],[-36.5425,83.5091],[-36.4871,83.5113],[-36.3845,83.5075],[-36.3844,83.5075],[-35.322,83.4687],[-34.8928,83.4372],[-34.4269,83.403],[-33.5784,83.4839],[-32.5132,83.577],[-31.5937,83.5791],[-30.7572,83.479],[-29.936,83.5035],[-29.344,83.4709],[-29.0653,83.4264],[-28.8177,83.4721],[-27.9419,83.4064],[-27.1738,83.3856],[-27.1737,83.3856],[-26.4208,83.3423],[-26.4207,83.3423],[-25.3236,82.9999],[-24.9941,82.9418],[-24.994,82.9417],[-24.7079,82.8913],[-24.1026,82.9255],[-23.7746,82.8762],[-23.7745,82.8762],[-23.5996,82.8499],[-23.5698,82.8472],[-23.5697,82.8472],[-22.4324,82.7433],[-22.2319,82.5596],[-22.3688,82.5055],[-22.59,82.4191],[-23.3474,82.3533],[-24.3837,82.2977],[-24.9023,82.2435],[-25.4572,82.221],[-26.1184,82.2514],[-27.3924,82.2806],[-28.3914,82.3104],[-29.0164,82.2345],[-29.7428,82.2224],[-30.6127,82.2099],[-31.1347,82.1981],[-31.8031,82.1226],[-32.0028,82.0695],[-32.598,81.9736],[-32.7487,81.7647],[-32.4145,81.6516],[-31.2665,81.7783],[-30.6513,81.8107],[-28.8907,81.7937],[-28.1029,81.8364],[-27.8905,81.8479],[-26.8417,81.8501],[-26.7731,81.8519],[-26.3933,81.8615],[-26.0103,81.8337],[-25.9747,81.8311],[-25.1785,81.636],[-25.0114,81.6135],[-25.0113,81.6135],[-24.8766,81.5954],[-24.3951,81.6777],[-24.3873,81.679],[-23.6388,81.7738],[-23.1625,81.8609],[-23.1624,81.8609],[-22.9476,81.9002],[-22.0636,81.9648],[-21.7979,81.757],[-22.0529,81.5398],[-23.0953,81.2521],[-23.5329,81.0999],[-24.1096,80.7694],[-24.0554,80.6313],[-23.9572,80.5845],[-23.9117,80.5628],[-23.5533,80.6029],[-23.3388,80.623],[-23.1461,80.6889],[-22.6119,80.8718],[-22.2599,80.9789],[-21.8173,81.1135],[-21.1817,81.2866],[-20.631,81.3899],[-20.6309,81.39],[-20.4141,81.4307],[-20.0654,81.5235],[-19.5512,81.574],[-19.3174,81.597],[-18.5894,81.5472],[-17.9635,81.5177],[-17.7666,81.5572],[-17.7665,81.5572],[-17.2897,81.6528],[-16.9734,81.7984],[-16.4654,81.9036],[-15.9608,81.9047],[-15.9607,81.9047],[-15.4988,81.9057],[-15.2902,81.8917],[-15.2901,81.8917],[-14.7463,81.8552],[-14.5288,81.8465],[-14.2525,81.8354],[-13.714,81.7742],[-13.5685,81.745],[-13.2033,81.6718],[-12.7051,81.6213],[-12.5902,81.5301],[-12.5631,81.5086],[-12.6445,81.3858],[-13.531,81.2723],[-14.2019,81.2101],[-14.7622,80.9879],[-15.0126,80.8577],[-15.7344,80.6978],[-16.4409,80.451],[-16.9196,80.411],[-17.3327,80.4297],[-18.0492,80.4087],[-19.045,80.4262],[-19.7158,80.3373],[-20.0447,80.2397],[-20.2674,79.9989],[-20.193,79.8538],[-20.1929,79.8538],[-19.9916,79.8853],[-19.3159,79.9912],[-18.6046,80.0118],[-18.0546,79.9821],[-18.0545,79.9821],[-17.7692,79.9666],[-17.7677,79.7774],[-18.1023,79.6689],[-19.1767,79.613],[-19.3854,79.5499],[-19.4813,79.4603],[-19.5515,79.1927],[-19.7632,78.8731],[-20.0682,78.8018],[-20.545,78.8362],[-20.8788,78.8179],[-21.2557,78.4126],[-21.7,77.9235],[-21.7676,77.7673],[-21.5635,77.6294],[-21.382,77.5866],[-21.3316,77.627],[-21.3315,77.627],[-21.1112,77.8032],[-20.7767,77.9686],[-20.3913,77.9867],[-20.073,77.9507],[-19.3358,77.8672],[-19.1773,77.8242],[-19.1345,77.7773],[-19.0592,77.6946],[-19.0857,77.5996],[-19.6408,77.6331],[-19.9437,77.6411],[-20.1743,77.5975],[-20.2351,77.5112],[-20.2179,77.4942],[-20.1049,77.3825],[-19.3147,77.2981],[-19.2164,77.2747],[-19.0644,77.2386],[-18.2534,77.3001],[-18.1325,77.2523],[-18.0164,77.2063],[-17.9788,77.1497],[-17.92,77.0611],[-17.942,76.8651],[-18.057,76.8053],[-18.8829,76.8888],[-19.6266,76.913],[-19.9779,76.9463],[-20.5606,76.9112],[-21.1827,76.6975],[-21.553,76.7562],[-21.7733,76.8238],[-22.2502,76.8058],[-22.3777,76.6359],[-21.751,76.3666],[-21.217,76.2666],[-21.129,76.2579],[-20.6328,76.2088],[-20.1143,76.1865],[-20.1142,76.1865],[-19.8835,76.1766],[-19.5702,76.11],[-19.3345,75.9034],[-19.3344,75.9034],[-19.3222,75.8927],[-19.2012,75.695],[-19.1998,75.6928],[-19.1935,75.4435],[-19.3889,75.2611],[-19.5616,75.2277],[-20.143,75.3093],[-20.5118,75.3582],[-20.6792,75.3082],[-20.6688,75.0608],[-20.6158,74.9543],[-20.4955,74.9087],[-20.424,74.8816],[-20.3523,74.8713],[-20.146,74.8416],[-19.8205,74.745],[-19.6036,74.7113],[-19.4092,74.6811],[-19.0709,74.6089],[-18.8987,74.4398],[-19.051,74.3347],[-19.4251,74.2696],[-19.7162,74.2128],[-20.5022,74.2274],[-21.0315,74.2666],[-21.7623,74.3055],[-22.0288,74.104],[-21.7809,74.0162],[-21.1525,73.9933],[-20.6794,73.9221],[-20.5017,73.8613],[-20.3536,73.8106],[-20.3138,73.6668],[-20.3296,73.4196],[-20.3881,73.4221],[-20.8795,73.4425],[-21.4405,73.3937],[-21.7085,73.2739],[-22.2692,73.2649],[-22.8203,73.3275],[-23.4937,73.5093],[-23.9086,73.724],[-24.0764,73.7557],[-24.5689,73.6269],[-25.0099,73.4746],[-25.498,73.4339],[-25.7629,73.3538],[-26.4156,73.3685],[-26.8266,73.4075],[-27.2628,73.343],[-27.4406,73.287],[-27.5189,73.1598],[-27.5164,73.0964],[-27.5164,73.0963],[-27.3572,72.8591],[-27.0377,72.7491],[-26.8901,72.7433],[-26.4601,72.7265],[-25.7782,72.6095],[-25.073,72.6344],[-25.0078,72.6078],[-25.0077,72.6078],[-24.4778,72.3915],[-24.1365,72.2901],[-23.9196,72.1885],[-23.3813,72.0407],[-23.0677,71.9455],[-23.0676,71.9455],[-22.8178,71.8697],[-22.6485,71.7452],[-22.5259,71.5176],[-22.4309,71.3412],[-22.0297,71.4351],[-21.96,71.4698],[-21.9044,71.4975],[-21.726,71.4046],[-21.6903,71.3532],[-21.5918,71.211],[-21.5601,71.0563],[-21.4708,70.5323],[-21.5471,70.4401],[-21.7138,70.3861],[-21.9573,70.4316],[-22.2032,70.4849],[-22.6157,70.4841],[-23.0842,70.4679],[-23.7537,70.5896],[-24.0402,70.7738],[-24.227,71.059],[-24.3864,71.1825],[-24.913,71.4374],[-25.2913,71.5689],[-25.6276,71.6306],[-26.1202,71.6686],[-26.3545,71.6058],[-26.7875,71.5583],[-25.8496,71.4357],[-25.8495,71.4357],[-25.7672,71.349],[-25.7671,71.349],[-25.6949,71.273],[-26.086,71.1948],[-26.3294,71.1324],[-27.0844,71.0846],[-27.606,71.0682],[-27.9162,70.998],[-28.0835,70.8973],[-28.2218,70.6273],[-28.3845,70.458],[-27.912,70.2825],[-27.6667,70.24],[-27.6666,70.24],[-27.4749,70.2068],[-27.4503,70.206],[-26.5226,70.1779],[-26.3804,70.1782],[-26.252,70.1784],[-25.7538,70.2462],[-25.4533,70.2871],[-24.5847,70.304],[-24.1952,70.2435],[-23.7753,70.1448],[-23.5874,70.084],[-23.4595,70.0919],[-23.1168,70.0925],[-23.0089,70.0927],[-22.8265,70.0882],[-22.434,70.0785],[-22.1791,70.0579],[-22.1575,70.0561],[-22.7323,69.7741],[-23.4443,69.5685],[-24.3333,69.3328],[-24.5835,69.3399],[-24.8966,69.3921],[-25.3244,69.0899],[-25.8016,68.8636],[-26.3621,68.66],[-26.8687,68.5267],[-26.9636,68.5017],[-27.9591,68.4774],[-28.1953,68.4171],[-28.4212,68.4167],[-28.8631,68.3262],[-29.1621,68.251],[-29.3997,68.2281],[-29.8254,68.4141],[-29.9945,68.3914],[-30.305,67.9805],[-30.7365,67.9276],[-31.0203,67.9568],[-31.3547,68.0456],[-31.6346,68.2538],[-32.0187,68.4474],[-32.3099,68.5441],[-32.3591,68.544],[-32.3555,68.4542],[-32.0372,67.9847],[-32.1238,67.8729],[-32.2675,67.8652],[-32.578,67.7531],[-32.956,67.641],[-33.214,67.47],[-33.6642,67.0624],[-33.96,66.7669],[-34.4331,66.384],[-34.7823,66.266],[-35.2477,66.2285],[-35.708,66.3522],[-35.7745,66.1031],[-35.9719,65.8469],[-36.3244,65.7223],[-36.7705,65.7652],[-37.0479,65.7428],[-37.5789,65.5451],[-37.1548,66.3202],[-37.2094,66.3128],[-37.5673,66.3194],[-38.0418,66.3992],[-37.9249,66.2088],[-37.9367,66.004],[-38.1103,65.821],[-38.4674,65.6454],[-38.9894,65.5716],[-39.4271,65.5707],[-39.992,65.5333],[-39.9089,65.4616],[-39.7818,65.3519],[-39.6949,65.187],[-39.6863,65.1706],[-39.7269,64.9965],[-39.8978,64.9529],[-40.0424,64.9815],[-40.2537,64.9667],[-41.0603,65.0375],[-40.8277,64.8935],[-40.4836,64.6854],[-40.3507,64.5275],[-40.3553,64.427],[-40.4724,64.3478],[-41.0111,64.3324],[-41.4841,64.2742],[-41.1042,64.0886],[-40.8925,64.0317],[-40.6912,63.9319],[-40.5162,63.7821],[-40.7657,63.5745],[-40.8939,63.5244],[-41.1634,63.5667],[-41.3782,63.5234],[-41.223,63.3099],[-41.227,63.253],[-41.4345,63.0392],[-41.6531,63.0957],[-41.9156,63.1236],[-41.9039,63.0525],[-41.7891,62.8468],[-41.8344,62.6906],[-41.9637,62.6904],[-42.2589,62.7324],[-42.2988,62.7394],[-42.7395,62.6889],[-43.0,62.6846],[-43.0,65.5],[-52.1736,65.5],[-52.1869,65.5177],[-52.296,65.5],[-52.545,65.5],[-52.8354,65.6549],[-53.1025,65.8733],[-53.1084,66.034],[-52.7297,66.2764],[-52.6105,66.268],[-52.8604,66.3532],[-53.348,66.3243],[-53.3943,66.4518],[-53.2217,66.5309],[-52.9168,66.5445],[-52.6532,66.5678],[-52.448,66.6073],[-52.3032,66.9095],[-52.8468,66.9306],[-53.1042,66.908],[-53.2673,66.9224],[-53.3974,66.9959],[-53.4496,67.0845],[-53.3494,67.2103],[-53.2512,67.2139],[-53.1703,67.2858],[-52.9781,67.3103],[-53.1467,67.3952],[-53.395,67.3623],[-53.4941,67.4735],[-53.4684,67.5582],[-53.4358,67.6176],[-53.319,67.6179],[-53.1801,67.6627],[-52.8079,67.7748],[-52.26,67.7386],[-51.876,67.6651],[-51.5268,67.6509],[-51.3565,67.5918],[-50.9394,67.5258],[-50.5391,67.4881]]],[[[-51.9279,69.5155],[-52.1726,69.4923],[-52.5211,69.4766],[-52.8674,69.3928],[-53.3217,69.3241],[-53.5515,69.2784],[-53.8071,69.3383],[-54.1253,69.4812],[-54.4859,69.5636],[-54.5744,69.6089],[-54.6869,69.707],[-54.7227,70.0869],[-54.5937,70.2402],[-54.4283,70.2482],[-54.1375,70.1875],[-53.6167,70.1578],[-53.0375,70.0366],[-52.7012,69.9154],[-52.4336,69.8704],[-52.084,69.7725],[-51.8128,69.6216],[-51.8774,69.5307],[-51.9279,69.5155]]],[[[-23.5854,72.4404],[-23.657,72.4717],[-23.7984,72.6605],[-23.131,72.6775],[-22.7294,72.6152],[-22.2505,72.498],[-21.8821,72.365],[-21.8095,72.1454],[-21.9061,72.0512],[-22.1457,72.0273],[-22.8328,72.269],[-23.2649,72.3702],[-23.5854,72.4404]]]]}},{"type":"Feature","properties":{"NAME":"Denmark","ABBREVN":"","INFO_UR":null,"SUBJECTO":"Denmark","BORDERPRECISION":1,"PARTOF":"Denmark","CORREGIDO":{"base":"world_1000.geojson","motivo":"cede territorio a «Norse Greenland»: asentamientos nórdicos de Groenlandia (Brattahlíð, c. 985), independientes hasta 1261 · cede territorio a «sin datos»: resto de Groenlandia: pueblos thule, no nórdicos (sin datos) · «Denmark-Norway» es la unión de 1523/1536-1814; en 1000, Dinamarca de Svend Barba Partida (dominio sobre Noruega tras Svolder, discutido)","fuente":"https://en.wikipedia.org/wiki/Denmark–Norway"},"DERIVADO":{"base":"world_1000.geojson","motivo":"cede territorio a «Norway»: Noruega, independiente de Dinamarca desde 1035 (Magnus el Bueno); Harald Hardrada reina desde 1046"}},"geometry":{"type":"MultiPolygon","coordinates":[[[[10.4388,54.8583],[10.4348,54.8472],[10.3867,54.8573],[10.2944,54.8885],[10.2323,54.9215],[10.2002,54.9563],[10.2483,54.9462],[10.3767,54.8913],[10.4388,54.8583]]],[[[9.9967,54.9753],[10.0463,54.9083],[9.9998,54.8826],[9.8572,54.8983],[9.7795,54.9249],[9.7669,54.9624],[9.7815,54.9714],[9.8233,54.9519],[9.8329,54.9594],[9.8102,54.9939],[9.7568,55.0207],[9.6726,55.0399],[9.671,55.0558],[9.752,55.0686],[9.8374,55.0585],[9.9271,55.0254],[9.9967,54.9753]]],[[[10.6659,55.0029],[10.6617,54.9797],[10.6306,54.9601],[10.5985,54.9502],[10.5656,54.9501],[10.5365,54.9641],[10.5113,54.9923],[10.5319,55.0156],[10.5986,55.0341],[10.6433,55.0299],[10.6659,55.0029]]],[[[10.4676,55.5126],[10.4333,55.4727],[10.4317,55.4491],[10.463,55.4417],[10.5105,55.4501],[10.5742,55.4743],[10.6094,55.5196],[10.6159,55.586],[10.6507,55.5849],[10.7137,55.5165],[10.7676,55.4351],[10.8124,55.341],[10.8217,55.251],[10.7958,55.1653],[10.7115,55.0991],[10.569,55.0523],[10.4115,55.0428],[10.239,55.0706],[10.0335,55.1881],[9.7949,55.3955],[9.8341,55.5286],[10.1512,55.5875],[10.3535,55.5958],[10.441,55.5536],[10.4676,55.5126]]],[[[8.4338,55.4342],[8.4597,55.4033],[8.4623,55.3572],[8.4485,55.3455],[8.4182,55.3681],[8.3924,55.399],[8.371,55.4382],[8.3848,55.4499],[8.4338,55.4342]]],[[[8.6726,55.2092],[8.6401,55.3547],[8.5448,55.459],[8.3866,55.5219],[8.2949,55.5378],[8.2696,55.5067],[8.2145,55.5056],[8.1297,55.5344],[8.1118,55.5974],[8.161,55.6945],[8.171,55.8037],[8.1418,55.9249],[8.142,55.9417],[8.1716,55.8539],[8.2391,55.8319],[8.3445,55.8756],[8.3617,55.9438],[8.2906,56.0365],[8.2256,56.0898],[8.1669,56.1038],[8.1302,56.0876],[8.1156,56.041],[8.1226,56.1767],[8.151,56.4944],[8.1792,56.6674],[8.2072,56.6954],[8.2283,56.6833],[8.2426,56.6311],[8.3694,56.5743],[8.6087,56.5129],[8.7374,56.5028],[8.7554,56.5439],[8.7436,56.5783],[8.7019,56.6061],[8.749,56.6662],[8.8847,56.7585],[8.9833,56.8054],[9.0448,56.8068],[9.0948,56.7816],[9.1333,56.7298],[9.129,56.6697],[9.0821,56.6012],[9.1125,56.5827],[9.2203,56.6142],[9.286,56.6039],[9.3098,56.5517],[9.3354,56.5354],[9.3627,56.5551],[9.3584,56.5988],[9.3224,56.6663],[9.2699,56.6945],[9.2007,56.6835],[9.1691,56.7376],[9.1752,56.8565],[9.211,56.9375],[9.2766,56.9805],[9.4757,57.0194],[9.8081,57.0543],[10.0587,57.0491],[10.2275,57.0039],[10.3102,56.923],[10.3069,56.8064],[10.1956,56.7236],[9.9761,56.6747],[9.9844,56.6615],[10.2206,56.684],[10.3449,56.6812],[10.3574,56.653],[10.3274,56.6174],[10.2551,56.5745],[10.2111,56.5319],[10.1956,56.4897],[10.218,56.496],[10.2784,56.5508],[10.4282,56.5672],[10.6674,56.5452],[10.8304,56.5119],[10.9174,56.4673],[10.951,56.4197],[10.9313,56.369],[10.8773,56.2987],[10.7891,56.2088],[10.7115,56.1788],[10.6446,56.2087],[10.5948,56.1924],[10.5622,56.1301],[10.4976,56.123],[10.4012,56.1712],[10.3919,56.2127],[10.4695,56.2476],[10.4814,56.2715],[10.4275,56.2844],[10.3544,56.2547],[10.2622,56.1823],[10.232,56.1143],[10.2638,56.0507],[10.2571,55.9712],[10.2118,55.8758],[10.1083,55.8326],[9.9465,55.8418],[9.9113,55.8384],[10.0029,55.8224],[10.0346,55.7871],[10.0067,55.7324],[9.8821,55.7052],[9.6607,55.7056],[9.6173,55.6806],[9.7519,55.63],[9.7615,55.559],[9.646,55.4674],[9.6134,55.3655],[9.6635,55.2531],[9.6313,55.1787],[9.5165,55.1422],[9.5262,55.0903],[9.6604,55.0231],[9.7299,54.949],[9.7348,54.8682],[9.7081,54.8347],[9.6708,54.8434],[9.8644,54.7263],[9.9867,54.5924],[9.978,54.4902],[9.8648,54.4114],[10.0649,54.4339],[10.1417,54.3368],[9.8848,54.2541],[9.8267,54.2759],[9.7394,54.2759],[9.674,54.1887],[9.4487,54.1887],[9.4414,54.2468],[9.296,54.2468],[9.2597,54.305],[9.2161,54.2905],[9.1652,54.3195],[9.1361,54.2977],[9.0562,54.3486],[8.9617,54.2759],[8.884,54.2295],[8.5807,54.1937],[8.554,54.2754],[8.8524,54.3317],[8.9506,54.4186],[8.7421,54.6078],[8.596,54.7614],[8.6161,54.8874],[8.6451,55.0691],[8.6372,55.0955],[8.631,55.1007],[8.5409,55.0738],[8.4861,55.0762],[8.4667,55.108],[8.4693,55.1423],[8.494,55.1791],[8.552,55.1822],[8.6433,55.1517],[8.6726,55.2092]],[[9.6103,54.88],[9.6184,54.8751],[9.6147,54.9101],[9.5671,54.9021],[9.6103,54.88]]],[[[10.5923,55.764],[10.5491,55.7652],[10.5265,55.8197],[10.5246,55.9275],[10.5504,55.9524],[10.6038,55.8945],[10.6264,55.84],[10.6181,55.7889],[10.5923,55.764]]],[[[8.6148,56.851],[8.7187,56.8967],[8.856,56.9113],[8.8853,56.862],[8.8064,56.7488],[8.7025,56.7031],[8.5736,56.7247],[8.5444,56.774],[8.6148,56.851]]],[[[9.5299,57.2592],[9.8098,57.4755],[10.1238,57.6218],[10.4719,57.6981],[10.5926,57.7003],[10.4859,57.6282],[10.4599,57.5017],[10.5148,57.3206],[10.4908,57.1704],[10.388,57.0513],[10.2541,57.0163],[10.0892,57.0654],[9.816,57.0664],[9.4346,57.0192],[9.2118,57.0099],[9.1476,57.0385],[9.0044,57.0259],[8.782,56.9722],[8.6071,56.8785],[8.4796,56.7449],[8.4597,56.6801],[8.5475,56.6841],[8.5823,56.6602],[8.5641,56.6084],[8.4763,56.6137],[8.319,56.676],[8.2463,56.7386],[8.2582,56.8014],[8.3524,56.905],[8.529,57.0494],[8.8104,57.129],[9.1968,57.1438],[9.5299,57.2592]]],[[[11.7051,54.8694],[11.8013,54.8003],[11.8025,54.799],[11.7726,54.8429],[11.791,54.9256],[11.9557,54.9035],[12.0709,54.8792],[12.1366,54.8525],[12.1195,54.8042],[12.0197,54.7344],[11.9684,54.665],[11.9658,54.5961],[11.9005,54.6554],[11.8527,54.7254],[11.8544,54.704],[11.756,54.6674],[11.5557,54.6354],[11.3391,54.6623],[11.1063,54.748],[11.0004,54.8218],[11.0214,54.8838],[11.0651,54.9252],[11.1313,54.9462],[11.2518,54.9249],[11.4265,54.8615],[11.5497,54.8483],[11.6212,54.8853],[11.7051,54.8694]]],[[[10.6802,54.8699],[10.7488,54.9717],[10.8824,55.098],[10.9011,55.0651],[10.805,54.8732],[10.7365,54.7714],[10.6955,54.7597],[10.6767,54.7926],[10.6802,54.8699]]],[[[12.464,54.9432],[12.2771,54.9013],[12.1667,54.8862],[12.1328,54.8982],[12.1649,54.9369],[12.2629,55.0025],[12.3733,55.0175],[12.4961,54.9819],[12.464,54.9432]]],[[[14.8451,55.2563],[15.0424,55.1779],[15.1188,55.1027],[15.074,55.0309],[14.9587,55.0212],[14.7727,55.0735],[14.6964,55.1487],[14.7297,55.2466],[14.8451,55.2563]]],[[[12.6042,55.5612],[12.5626,55.566],[12.5288,55.5951],[12.5355,55.6313],[12.5826,55.6745],[12.6242,55.6697],[12.6605,55.6169],[12.6538,55.5808],[12.6042,55.5612]]],[[[16.0315,56.3531],[15.7705,56.0332],[15.6962,56.061],[15.497,56.1672],[15.2208,56.0804],[14.6529,56.1206],[14.6052,55.9808],[14.4918,56.018],[14.2589,55.8993],[14.126,55.6666],[14.2864,55.5155],[14.1172,55.3471],[13.9011,55.4052],[13.8233,55.4218],[13.3019,55.3007],[12.8024,55.3529],[12.8019,55.4168],[12.8876,55.4516],[12.8593,55.5329],[12.9859,55.6666],[12.699,55.9051],[12.5983,56.0221],[12.5801,56.0047],[12.5543,55.974],[12.5285,55.9376],[12.5367,55.8656],[12.5791,55.758],[12.4979,55.6478],[12.2932,55.535],[12.2585,55.4306],[12.394,55.3344],[12.35,55.2551],[12.1267,55.1926],[12.0565,55.1503],[12.1396,55.1283],[12.1788,55.0876],[12.174,55.0285],[12.1467,54.9913],[12.0969,54.9762],[11.9866,54.9916],[11.8159,55.0376],[11.7474,55.0844],[11.781,55.132],[11.781,55.1678],[11.7476,55.1917],[11.6098,55.2026],[11.3677,55.2007],[11.2073,55.3155],[11.1285,55.547],[11.0353,55.6802],[10.9275,55.7151],[10.958,55.7241],[11.1267,55.7073],[11.2849,55.741],[11.4326,55.8251],[11.4481,55.8983],[11.3316,55.9606],[11.396,55.9849],[11.6413,55.9715],[11.7406,55.9271],[11.6939,55.8518],[11.7015,55.776],[11.7635,55.6998],[11.8244,55.7287],[11.8842,55.8627],[11.9499,55.8828],[12.0213,55.7891],[12.0267,55.72],[11.9661,55.6756],[11.9662,55.6533],[12.0269,55.6533],[12.0664,55.6678],[12.0847,55.6967],[12.0803,55.7644],[12.0533,55.8709],[11.9947,55.9348],[11.9045,55.956],[11.9672,56.0072],[12.1828,56.0883],[12.3726,56.1072],[12.5368,56.0637],[12.5814,56.0417],[12.5134,56.1206],[12.4144,56.243],[12.6524,56.2955],[12.6154,56.4356],[12.8048,56.4012],[12.8716,56.5115],[12.7859,56.6167],[12.6575,56.6108],[12.526,56.7804],[12.2886,56.8799],[12.0051,57.3252],[11.8766,57.3252],[12.318,57.6796],[12.5244,57.3907],[12.7308,57.4319],[12.8959,56.9779],[13.2261,57.1017],[13.4325,56.5239],[14.1754,56.8128],[14.485,56.6801],[15.427,56.7657],[16.0632,56.3962],[16.0315,56.3531]]],[[[11.6482,56.7225],[11.6485,56.7208],[11.6279,56.7077],[11.5865,56.6831],[11.5502,56.6801],[11.519,56.6985],[11.5395,56.7117],[11.6119,56.7194],[11.6482,56.7225]]],[[[11.0471,57.2452],[10.9617,57.2333],[10.8902,57.2531],[10.8973,57.2774],[10.983,57.306],[11.0683,57.3179],[11.1533,57.3132],[11.1463,57.289],[11.0471,57.2452]]],[[[11.6179,57.8],[11.8248,57.8],[11.7364,57.6982],[11.6179,57.8]]]]}},{"type":"Feature","properties":{"NAME":"Malagasy","ABBREVN":"Madagascar","INFO_UR":null,"SUBJECTO":"Malagasy","BORDERPRECISION":1,"PARTOF":"Malagasy","CORREGIDO":{"base":"world_1000.geojson","motivo":"Madagascar no se unifica hasta el s. XIX; enlaza con la ficha moderna · el reino merina nace hacia 1540","fuente":"https://en.wikipedia.org/wiki/Merina_Kingdom"}},"geometry":{"type":"Polygon","coordinates":[[[45.1969,-16.0374],[45.2778,-16.05],[45.4335,-16.0941],[45.5546,-16.0557],[45.7323,-15.8901],[46.1423,-15.8257],[46.2819,-15.9525],[46.4192,-15.9395],[46.4644,-15.8568],[46.3875,-15.6917],[46.7344,-15.4494],[46.9246,-15.36],[47.0695,-15.4614],[47.2446,-15.3657],[47.1061,-15.1436],[47.1993,-15.0163],[47.4263,-14.8251],[47.5295,-14.9583],[47.6329,-14.9836],[47.8837,-14.7161],[47.8125,-14.6273],[47.699,-14.4432],[47.7412,-14.3096],[47.8504,-14.3158],[47.9717,-14.2837],[48.049,-14.131],[47.9155,-13.7373],[47.9425,-13.5847],[48.0573,-13.5654],[48.11,-13.597],[48.2236,-13.7938],[48.3496,-13.838],[48.4397,-13.6535],[48.7513,-13.4177],[48.8572,-13.2522],[48.9175,-13.0487],[48.9933,-12.7372],[48.9334,-12.5784],[48.9348,-12.4767],[49.1763,-12.2665],[49.3366,-12.4123],[49.5418,-12.7042],[49.8172,-12.8307],[49.8805,-12.9196],[49.9762,-13.3007],[50.1085,-14.1202],[50.1502,-14.4189],[50.2544,-14.7745],[50.4301,-15.1047],[50.5033,-15.3142],[50.4863,-15.4795],[50.4551,-15.5495],[50.4293,-15.594],[50.1873,-15.9568],[50.0885,-15.8998],[50.0036,-15.7348],[49.7538,-15.3985],[49.6203,-15.4623],[49.5977,-15.653],[49.685,-16.0469],[49.8628,-16.2817],[49.8982,-16.4595],[49.7603,-16.7458],[49.4247,-17.1978],[49.4046,-17.4012],[49.4228,-17.8016],[49.3419,-18.2276],[49.0231,-19.1817],[48.6517,-20.3392],[48.0874,-22.0438],[47.4916,-24.0598],[47.2585,-24.7658],[47.1738,-24.8804],[46.9455,-25.1669],[46.8551,-25.218],[46.2391,-25.2637],[45.7895,-25.4109],[45.5762,-25.6211],[45.2105,-25.66],[45.0468,-25.4506],[44.9585,-25.3872],[44.713,-25.3051],[44.5464,-25.3372],[44.4253,-25.3121],[44.0368,-24.9887],[43.9898,-24.8808],[43.981,-24.6266],[43.9342,-24.5186],[43.7272,-24.3538],[43.6714,-24.2268],[43.6717,-23.9026],[43.8271,-23.4129],[43.7847,-23.2668],[43.6554,-23.051],[43.3764,-22.6321],[43.2913,-22.4098],[43.3248,-22.1111],[43.501,-21.4942],[43.6032,-21.3986],[43.8165,-21.3156],[44.1617,-20.6983],[44.4703,-20.1701],[44.5171,-20.0239],[44.5854,-19.528],[44.5357,-19.3692],[44.4105,-19.2678],[44.251,-19.1028],[44.2809,-19.0202],[44.3942,-18.7911],[44.1595,-18.4039],[44.107,-18.099],[44.0758,-17.8766],[43.9716,-17.5527],[43.9825,-17.5018],[44.215,-17.1899],[44.378,-16.9226],[44.4514,-16.7254],[44.4544,-16.2424],[44.6722,-16.2356],[44.9174,-16.2033],[45.1969,-16.0374]]]}},{"type":"Feature","properties":{"NAME":"Dali Kingdom","ABBREVN":"Nan Chao","INFO_UR":null,"SUBJECTO":"Dali Kingdom","BORDERPRECISION":1,"PARTOF":"Dali Kingdom","CORREGIDO":{"base":"world_1000.geojson","motivo":"Nanzhao cae en 902; reino de Dalí (937-1253)","fuente":"https://en.wikipedia.org/wiki/Nanzhao"}},"geometry":{"type":"Polygon","coordinates":[[[99.4282,21.6672],[98.5826,25.4009],[101.219,26.9909],[102.9613,26.7973],[105.1876,25.8294],[106.5854,22.9189],[104.8488,21.7639],[104.5584,20.1668],[104.026,20.1184],[103.7869,20.2218],[101.0076,21.4235],[99.4282,21.6672]]]}},{"type":"Feature","properties":{"NAME":"Kangaba (Manden)","ABBREVN":"Mali","INFO_UR":null,"SUBJECTO":"Kangaba (Manden)","BORDERPRECISION":1,"PARTOF":"Kangaba (Manden)","CORREGIDO":{"base":"world_1000.geojson","motivo":"el Imperio de Malí nace hacia 1235 (Sundiata); antes, jefaturas mandinga de Kangaba (discutido)","fuente":"https://en.wikipedia.org/wiki/Mali_Empire"}},"geometry":{"type":"Polygon","coordinates":[[[-9.0559,13.8945],[-8.7396,13.8945],[-7.7833,13.8945],[-5.0137,13.4227],[-4.5645,12.7622],[-4.6394,12.0074],[-5.0885,11.5357],[-6.5108,11.347],[-7.6336,11.347],[-9.1308,11.9131],[-9.5799,12.3848],[-9.5799,13.3283],[-9.0559,13.8945]]]}},{"type":"Feature","properties":{"NAME":"Empire of Ghana","ABBREVN":"Ghana","INFO_UR":null,"SUBJECTO":"Empire of Ghana","BORDERPRECISION":1,"PARTOF":"Empire of Ghana","CORREGIDO":{"base":"world_1000.geojson","motivo":"imperio de Ghana (Uagadú, Mauritania y Malí); no la Ghana moderna","fuente":"https://en.wikipedia.org/wiki/Ghana_Empire"}},"geometry":{"type":"Polygon","coordinates":[[[-7.8335,17.6361],[-5.0123,16.6957],[-4.8033,15.5463],[-6.9976,14.397],[-8.8783,14.2925],[-11.804,15.7553],[-11.9085,16.3822],[-11.6995,17.1137],[-7.8335,17.6361]]]}},{"type":"Feature","properties":{"NAME":"Burgundy","ABBREVN":"Burgandy","INFO_UR":null,"SUBJECTO":"Burgundy","BORDERPRECISION":1,"PARTOF":"Burgundy","CORREGIDO":{"base":"world_1000.geojson","motivo":"errata"}},"geometry":{"type":"Polygon","coordinates":[[[8.0896,44.0508],[7.9795,43.9649],[7.6891,43.8871],[7.5528,43.8675],[7.4675,43.8108],[7.3971,43.7641],[7.3552,43.9015],[6.9228,43.815],[6.8857,43.9015],[6.9599,43.9139],[6.9228,43.9756],[6.9969,44.0498],[6.9722,44.0621],[6.9351,44.1362],[6.8857,44.1486],[6.8363,44.1115],[6.7869,44.198],[6.7869,44.2968],[6.8698,44.3492],[6.7829,44.5479],[6.9247,44.715],[7.0035,44.7195],[6.9426,44.8687],[6.6653,44.9545],[6.5073,45.1157],[6.2804,45.1986],[6.2434,45.2974],[6.2681,45.3221],[6.2187,45.3468],[6.1445,45.3221],[6.0828,45.3715],[6.0334,45.3345],[6.0581,45.2233],[5.9469,45.2604],[5.9345,45.3221],[5.8234,45.3962],[5.6071,45.8466],[5.3567,45.876],[5.3567,46.0528],[5.5334,46.0086],[5.5334,46.097],[5.2683,46.318],[5.4156,46.5242],[5.6457,46.4567],[5.7249,46.48],[5.7397,46.5978],[5.6255,46.6491],[5.6464,46.8498],[5.757,46.8867],[5.7939,46.9972],[5.6673,47.1083],[5.7369,47.2336],[5.7786,47.3588],[5.7925,47.5119],[5.9178,47.5954],[5.8204,47.7346],[5.9595,47.8041],[5.9595,47.9851],[6.0569,47.9572],[6.0987,48.0268],[6.2518,47.9572],[6.7808,47.9513],[7.2699,47.4622],[7.8134,47.4622],[8.4111,47.4622],[8.475,46.4085],[8.4927,46.1171],[7.5144,45.3834],[7.6775,44.7313],[8.2889,44.5682],[8.3428,44.2202],[8.1864,44.1264],[8.0896,44.0508]],[[6.3994,46.4587],[6.3848,46.4643],[6.3469,46.4609],[6.2913,46.4227],[6.2741,46.3901],[6.2589,46.3925],[6.2482,46.3861],[6.1714,46.2958],[6.1478,46.2067],[6.1722,46.2119],[6.1938,46.2384],[6.1991,46.264],[6.2353,46.2891],[6.2779,46.3504],[6.3035,46.3661],[6.3435,46.3701],[6.3609,46.3479],[6.3893,46.3401],[6.4135,46.36],[6.4773,46.3756],[6.4843,46.3934],[6.5149,46.4049],[6.5451,46.3948],[6.6368,46.4067],[6.7255,46.4083],[6.8569,46.3853],[6.8605,46.3957],[6.9187,46.3952],[6.9309,46.4084],[6.9009,46.4397],[6.8579,46.4495],[6.832,46.4668],[6.7765,46.4734],[6.7427,46.4887],[6.7209,46.4856],[6.6894,46.5002],[6.592,46.5177],[6.5588,46.5072],[6.5111,46.5159],[6.4486,46.4736],[6.3994,46.4587]]]}},{"type":"Feature","properties":{"NAME":"Duchy of Benevento","ABBREVN":"Benevento","INFO_UR":null,"SUBJECTO":"Duchy of Benevento","BORDERPRECISION":1,"PARTOF":"Duchy of Benevento","CORREGIDO":{"base":"world_1000.geojson","motivo":"errata"}},"geometry":{"type":"MultiPolygon","coordinates":[[[[15.7665,40.5741],[15.6662,40.0919],[15.5159,40.0659],[15.432,39.989],[15.0273,40.2122],[14.8987,40.2415],[14.9923,40.3722],[14.951,40.5515],[14.7433,40.7048],[14.3341,40.5936],[14.3498,40.6425],[14.4946,40.73],[14.3703,40.8515],[14.24,40.8529],[14.0509,40.7675],[13.9419,40.998],[13.8525,41.091],[13.797,41.1934],[13.7605,41.2067],[13.4984,41.3019],[13.2714,41.3142],[13.2526,41.663],[13.3874,41.8517],[14.4392,41.8787],[14.7385,42.0472],[14.9224,41.9718],[15.4486,41.8567],[15.598,41.0798],[15.7665,40.5741]]]]}},{"type":"Feature","properties":{"NAME":"Pechenegs","ABBREVN":"Peshemegs","INFO_UR":null,"SUBJECTO":"Pechenegs","BORDERPRECISION":1,"PARTOF":"Pechenegs","CORREGIDO":{"base":"world_1000.geojson","motivo":"el kanato jázaro cae en 965-969 (Sviatoslav) · errata","fuente":"https://en.wikipedia.org/wiki/Khazars"}},"geometry":{"type":"MultiPolygon","coordinates":[[[[59.2379,44.7966],[59.0464,44.9547],[59.1333,45.1945],[59.2853,45.2752],[59.4472,45.1876],[59.461,45.0552],[59.2379,44.7966]]],[[[60.1145,45.689],[60.0177,45.6587],[59.9131,45.5979],[59.7927,45.5896],[59.7631,45.6324],[59.7769,45.7014],[59.9012,45.6959],[60.0671,45.7138],[60.1145,45.689]]],[[[61.0403,45.7386],[60.9989,45.9216],[61.0344,46.0149],[60.9989,46.0779],[61.1193,46.1039],[61.1588,46.1833],[61.218,46.2215],[61.2694,46.2516],[61.2891,46.2952],[61.3681,46.3552],[61.5003,46.5207],[61.2391,45.1772],[61.1746,45.1876],[61.0206,45.4873],[61.0403,45.7386]]],[[[47.6732,45.7502],[47.6282,45.7322],[47.6013,45.6603],[47.6552,45.5434],[47.5563,45.4535],[47.4754,45.3186],[47.3945,45.1748],[47.2506,44.9859],[47.1697,44.86],[47.0496,44.8],[38.3738,44.8],[38.4974,45.2392],[37.8926,45.836],[37.9899,46.0067],[38.149,46.0217],[38.2255,46.1361],[38.459,46.0789],[38.2649,46.3186],[37.9702,46.4413],[37.7571,46.6032],[37.8666,46.6554],[38.0319,46.6687],[38.4011,46.7214],[38.7227,46.8779],[39.2824,47.074],[39.202,47.2278],[39.1941,47.243],[39.1599,47.2689],[38.8003,47.2292],[38.2097,47.1505],[37.8593,47.1037],[37.4221,47.0769],[37.1926,46.8944],[36.8646,46.8093],[36.2414,46.6314],[36.2131,46.6608],[36.0675,46.6703],[35.9072,46.6511],[35.8058,46.6161],[35.7256,46.5705],[35.6464,46.4994],[35.5111,46.4547],[35.3522,46.3317],[35.3469,46.355],[35.198,46.4433],[35.2167,46.405],[35.1197,46.2994],[35.0381,46.2517],[34.8125,46.1814],[34.4912,46.1682],[34.217,46.2303],[34.1746,46.266],[34.1586,46.2666],[34.158,46.2485],[34.1586,46.2435],[34.0642,46.2649],[33.911,46.216],[33.8482,46.2307],[33.7781,46.234],[33.728,46.2281],[33.7039,46.2148],[33.6962,46.2003],[33.7076,46.1818],[33.7705,46.1333],[33.8152,46.1423],[33.8314,46.1434],[33.8851,46.0599],[33.9243,46.0391],[33.9602,46.04],[33.9777,46.0518],[33.9983,46.0723],[34.0724,46.0593],[34.1215,46.0258],[34.1328,46.0097],[34.1403,45.9626],[34.1645,45.9444],[34.1866,45.9563],[34.1871,45.9766],[34.1819,46.0161],[34.1897,46.0296],[34.227,46.0214],[34.2715,46.0269],[34.3879,45.9504],[34.38,45.9013],[34.39,45.8879],[34.4117,45.8898],[34.449,45.911],[34.5031,45.8761],[34.6192,45.935],[34.5188,45.8244],[34.4951,45.8028],[34.4951,45.7983],[34.4664,45.7667],[34.6492,45.7856],[35.0081,45.612],[35.0319,45.5343],[34.99,45.45],[35.042,45.3722],[33.528,44.8718],[33.5594,44.9361],[33.5167,45.1235],[33.3819,45.1867],[33.2756,45.1542],[33.0117,45.3044],[32.9369,45.3419],[32.6435,45.3806],[32.5753,45.3611],[32.5032,45.4451],[32.9023,45.6726],[33.1842,45.7386],[33.5395,45.8747],[33.6388,45.9268],[33.5279,46.1341],[33.3325,46.1661],[32.9729,46.146],[32.5164,46.1256],[32.2022,46.1704],[32.1141,46.2156],[31.9259,46.4099],[32.1888,46.5922],[32.0075,46.6392],[31.9513,46.8646],[31.7811,46.7019],[31.5377,46.7014],[31.1678,46.6473],[31.0872,46.6355],[30.8329,46.5766],[30.5205,46.2514],[30.4437,46.1851],[30.3061,46.3158],[29.9411,46.5445],[29.5792,46.6149],[28.9318,47.1582],[29.6371,47.2963],[29.8799,48.3207],[30.463,48.3957],[30.445,48.4404],[32.5683,49.224],[32.6205,49.1986],[32.7181,49.1401],[32.7695,49.1159],[32.8634,49.0873],[32.9809,49.0826],[33.0435,49.0631],[33.0661,49.0214],[33.0763,49.0044],[33.1625,48.9936],[33.1671,49.0193],[33.194,49.0939],[33.1943,49.1188],[33.1041,49.2002],[33.0154,49.2807],[32.9244,49.3554],[39.302,51.709],[39.7656,52.4972],[40.0283,52.4776],[44.826,52.1196],[45.4019,52.0651],[50.8651,51.5475],[55.0619,51.1499],[55.7543,51.0843],[61.9593,48.8814],[61.6342,47.2091],[61.5484,46.7678],[61.4658,46.7669],[61.3128,46.6819],[61.2496,46.6115],[61.1233,46.5653],[60.9381,46.4898],[60.8462,46.5244],[60.7994,46.569],[60.7831,46.6327],[60.8587,46.6975],[60.8429,46.7733],[60.6574,46.8219],[60.5034,46.8057],[60.5231,46.7273],[60.6378,46.7208],[60.728,46.676],[60.7257,46.6258],[60.6512,46.5891],[60.6045,46.5781],[60.5546,46.5856],[60.5012,46.6118],[60.4596,46.5928],[60.4297,46.5289],[60.3963,46.5431],[60.3594,46.6353],[60.3174,46.6875],[60.2705,46.6997],[60.1891,46.6768],[60.0731,46.6188],[60.0092,46.5606],[59.9977,46.5024],[60.0207,46.4494],[60.0787,46.4018],[60.2112,46.2871],[60.456,46.2734],[60.5665,46.2652],[60.8226,46.2432],[60.8241,46.2134],[60.7857,46.1518],[60.7235,46.1679],[60.605,46.1269],[60.5527,46.1549],[60.4787,46.2048],[60.3,46.1638],[60.0187,46.213],[59.8154,46.1814],[59.8008,46.2545],[59.7789,46.3015],[59.7494,46.3221],[59.6988,46.3313],[59.577,46.3335],[59.5488,46.3448],[59.5308,46.3427],[59.4807,46.3171],[59.5459,46.2393],[59.5498,45.9943],[59.4314,45.8034],[59.2873,45.835],[59.3011,45.8804],[59.3603,45.9326],[59.3662,45.9902],[59.3287,46.0259],[59.2636,46.0272],[59.1984,46.0231],[59.1432,46.0067],[59.0701,46.0012],[58.9816,45.9746],[58.9574,45.9682],[58.8806,45.9559],[58.8155,45.9312],[58.7716,45.895],[58.7207,45.8477],[58.6813,45.7836],[58.6553,45.7157],[58.6279,45.6002],[58.6113,45.5847],[58.5887,45.5371],[58.5601,45.4572],[58.5136,45.3857],[58.4492,45.3224],[58.4041,45.253],[58.3783,45.1775],[58.2722,44.9817],[58.2381,44.9031],[58.2321,44.8513],[58.251,44.7864],[58.2946,44.7084],[58.2967,44.6384],[58.2571,44.5766],[58.1985,44.5197],[58.2301,44.4521],[58.242,44.359],[58.3999,44.1667],[58.3762,44.0391],[58.3446,43.8657],[58.3673,43.7371],[58.5963,43.7571],[58.7799,43.7471],[58.8273,43.844],[58.9102,43.8525],[59.0188,43.8611],[59.0079,43.9795],[59.1264,44.0022],[59.2478,43.854],[59.5054,43.9141],[59.7157,43.6693],[60.077,43.6086],[60.9436,44.4411],[61.1094,44.7167],[61.1525,44.7319],[60.848,43.1655],[54.2058,41.4637],[54.1672,41.483],[54.1385,41.6266],[54.1193,41.7799],[54.0235,41.8565],[54.0235,41.9523],[54.0235,42.0481],[53.9852,42.1055],[53.7362,42.1343],[53.4584,42.096],[53.2669,42.0864],[53.0657,42.0289],[52.9795,41.9044],[52.9412,41.7703],[52.9987,41.6841],[52.97,41.5596],[52.9317,41.3776],[52.9604,41.2723],[52.97,41.1382],[52.855,41.3872],[52.6922,41.5309],[52.7114,41.6075],[52.6826,41.6937],[52.5593,41.7578],[52.6008,41.9377],[52.5738,42.0186],[52.5198,42.0726],[52.5828,42.1895],[52.6727,42.2794],[52.7356,42.4232],[52.7536,42.5581],[52.8345,42.648],[52.7626,42.7559],[52.5828,42.8279],[52.376,42.8009],[52.295,42.8728],[52.1601,42.8459],[52.0702,42.8279],[51.9803,42.9088],[51.8814,43.0527],[51.7375,43.1786],[51.5847,43.1786],[51.4228,43.1696],[51.4228,43.2595],[51.4588,43.3854],[51.3689,43.5562],[51.261,43.6102],[51.171,43.7181],[50.9912,44.0777],[50.9552,44.2036],[50.7035,44.2576],[50.3887,44.2936],[50.3258,44.3655],[50.3348,44.5633],[50.4067,44.6173],[50.5416,44.6442],[50.7214,44.6352],[50.8743,44.6263],[51.0901,44.5633],[51.3329,44.4824],[51.4138,44.5183],[51.5757,44.5543],[51.4858,44.6263],[51.3689,44.6802],[51.189,44.7701],[51.0991,44.878],[51.216,45.0399],[51.3419,45.0579],[51.3779,45.1748],[51.4588,45.3096],[51.5127,45.3726],[51.6296,45.3546],[51.7735,45.3906],[51.8454,45.4355],[51.9983,45.3816],[52.1062,45.3816],[52.6097,45.3996],[53.0593,45.3366],[53.2841,45.3276],[53.2122,45.3636],[53.0593,45.4535],[52.8435,45.5075],[52.8345,45.6423],[52.9245,45.7323],[53.0503,45.8312],[53.1493,45.9571],[53.2032,46.1908],[53.2572,46.3167],[53.1852,46.4246],[53.1223,46.4966],[53.1672,46.5865],[53.2841,46.6764],[53.2302,46.7304],[53.1852,46.8652],[53.0234,46.9192],[52.8615,46.9372],[52.5558,46.9821],[52.4659,46.9102],[52.376,46.8742],[52.1422,46.8383],[51.9354,46.8922],[51.7915,47.0091],[51.6746,47.0361],[51.3689,47.09],[51.1171,47.063],[50.8204,46.9192],[50.6315,46.9102],[50.2719,46.6854],[49.9481,46.5595],[49.7234,46.5325],[49.5345,46.5415],[49.4086,46.4336],[49.3132,46.3527],[49.2378,46.2628],[49.0579,46.1369],[48.8871,46.0829],[48.8332,46.0829],[48.8332,46.02],[48.8332,45.9211],[48.7702,45.8851],[48.6353,45.975],[48.4825,45.8851],[48.3026,45.7682],[48.0507,45.721],[48.0149,45.7143],[47.871,45.6783],[47.7541,45.7143],[47.6732,45.7502]],[[41.5634,47.9027],[41.6111,47.34],[42.6367,47.3238],[42.7321,47.9347],[42.2074,48.2374],[41.5634,47.9027]],[[34.2662,47.5899],[34.2403,47.5749],[34.2107,47.5362],[34.1479,47.5423],[34.067,47.5584],[33.984,47.5557],[33.9361,47.5415],[33.9473,47.4514],[33.9646,47.3589],[33.9628,47.3313],[33.9335,47.2824],[33.8348,47.2123],[33.7772,47.1625],[33.7613,47.119],[33.7047,47.0608],[33.6668,47.042],[33.6554,47.0503],[33.6298,47.034],[33.5759,46.8826],[33.5398,46.8313],[33.5594,46.8222],[33.6873,46.8606],[33.6997,46.8987],[33.7182,46.9406],[33.9041,47.1587],[34.0972,47.3161],[34.1728,47.3246],[34.1834,47.3457],[34.1768,47.3893],[34.1898,47.42],[34.4194,47.487],[34.5924,47.5201],[34.8077,47.4631],[34.9606,47.4065],[35.049,47.4282],[35.2132,47.4499],[35.2694,47.4505],[35.3018,47.4918],[35.2424,47.6473],[35.1303,47.84],[35.1057,47.8416],[35.0856,47.8243],[35.0878,47.6755],[34.9971,47.5876],[34.7307,47.5775],[34.4866,47.593],[34.4363,47.5689],[34.3803,47.5575],[34.3158,47.5668],[34.2662,47.5899]]]]}},{"type":"Feature","properties":{"NAME":"Beothuk","ABBREVN":"Boethuk","INFO_UR":null,"SUBJECTO":"Beothuk","BORDERPRECISION":1,"PARTOF":"Beothuk","CORREGIDO":{"base":"world_1000.geojson","motivo":"errata"}},"geometry":{"type":"Polygon","coordinates":[[[-58.0923,49.594],[-57.8601,49.9879],[-57.3556,50.5952],[-56.7015,51.1845],[-56.3755,51.3836],[-56.1524,51.4701],[-55.5608,51.5574],[-55.4716,51.5245],[-55.422,51.4252],[-55.5565,51.3257],[-55.8185,51.3119],[-55.9274,51.2522],[-55.7703,51.0541],[-56.11,50.7032],[-56.6615,50.0561],[-56.7836,49.8194],[-56.7326,49.6884],[-56.6831,49.6885],[-56.4904,49.7676],[-56.2731,50.0173],[-56.0671,50.1033],[-55.5654,49.9661],[-55.9684,49.6571],[-55.8508,49.5656],[-55.7476,49.533],[-55.1073,49.2788],[-54.7662,49.2926],[-54.6199,49.4763],[-54.4811,49.5027],[-54.1579,49.4771],[-53.7862,49.3862],[-53.5091,49.2819],[-53.6429,49.1507],[-53.8108,49.0457],[-54.1296,48.8357],[-53.9768,48.6856],[-53.7626,48.5226],[-53.6455,48.5163],[-53.4578,48.5886],[-53.249,48.6478],[-53.1239,48.5958],[-53.115,48.5239],[-53.2293,48.4061],[-53.4113,48.2947],[-53.8125,48.2482],[-53.8817,48.1893],[-53.7587,48.0263],[-53.7029,47.8438],[-53.5768,47.7397],[-53.4943,47.8311],[-53.3556,47.9488],[-53.1184,47.8775],[-53.1628,47.6753],[-53.0958,47.5515],[-52.7737,47.5391],[-52.7352,47.5457],[-52.7286,47.4545],[-52.8042,47.3176],[-52.9165,47.0243],[-53.0696,46.7313],[-53.1696,46.7636],[-53.4893,46.8215],[-53.6249,46.8863],[-53.6437,47.1792],[-53.9142,46.9963],[-54.0824,46.9895],[-54.1251,47.1131],[-53.9013,47.4066],[-53.8963,47.5565],[-54.0857,47.7713],[-54.2114,47.8036],[-54.3858,47.6272],[-54.5762,47.4965],[-54.7405,47.431],[-54.9362,47.3394],[-55.1845,47.098],[-55.4079,46.9479],[-55.8042,46.9666],[-55.9039,47.064],[-55.8296,47.1293],[-55.2767,47.3127],[-55.067,47.5477],[-54.7826,47.7112],[-55.0971,47.7693],[-55.3675,47.7949],[-55.5127,47.5859],[-55.6977,47.5791],[-55.7561,47.6506],[-55.7385,47.8724],[-56.0789,47.8652],[-56.1456,47.7346],[-56.3301,47.6365],[-56.8037,47.616],[-57.123,47.6414],[-57.6354,47.7252],[-58.0905,47.7634],[-58.7004,47.7362],[-59.1566,47.6701],[-59.2217,47.7547],[-59.3185,47.9633],[-59.2345,48.0417],[-58.982,48.1924],[-58.6518,48.3759],[-58.4257,48.4482],[-58.1395,48.5991],[-58.6805,48.7026],[-58.392,49.0368],[-58.2311,49.1091],[-58.1056,49.0831],[-57.974,49.0834],[-57.8142,49.2015],[-58.1277,49.4956],[-58.0923,49.594]]]}},{"type":"Feature","properties":{"NAME":"Caloosahatchee culture","ABBREVN":"Caloosahatchee cultureure","INFO_UR":null,"SUBJECTO":"Caloosahatchee culture","BORDERPRECISION":1,"PARTOF":"Caloosahatchee culture","CORREGIDO":{"base":"world_1000.geojson","motivo":"errata"}},"geometry":{"type":"Polygon","coordinates":[[[-80.5915,28.4919],[-80.4472,27.7756],[-80.2285,27.2383],[-80.2621,27.1969],[-80.1333,27.0729],[-80.0779,26.9231],[-80.05,26.5511],[-80.1854,25.8601],[-80.2144,25.7347],[-80.354,25.5482],[-80.3053,25.3576],[-80.3141,25.2439],[-80.4908,24.9959],[-80.4984,25.0372],[-80.4402,25.1457],[-80.4517,25.2077],[-80.567,25.1918],[-80.738,25.1302],[-80.8689,25.187],[-81.0979,25.125],[-81.1518,25.2732],[-81.1456,25.3782],[-81.401,25.8587],[-81.7447,25.9207],[-81.8366,26.0791],[-81.8873,26.4478],[-82.0776,26.5511],[-82.1423,26.8668],[-82.3101,26.8249],[-82.5839,27.3106],[-82.7527,27.5276],[-82.6196,27.5276],[-82.4508,27.7244],[-82.4293,27.8261],[-82.4294,27.8263],[-80.5915,28.4919]]]}},{"type":"Feature","properties":{"NAME":"Taifa of Zaragoza","ABBREVN":null,"SUBJECTO":"Taifa of Zaragoza","BORDERPRECISION":1,"PARTOF":"Taifa of Zaragoza","DERIVADO":{"base":"world_1000.geojson","motivo":"fitna de al-Ándalus (1009-1031): taifa de Zaragoza (tuyibíes, hudíes desde 1039). Frontera aproximada","fuente":"https://en.wikipedia.org/wiki/Taifa_of_Zaragoza"}},"geometry":{"type":"Polygon","coordinates":[[[0.3407,42.0003],[0.9417,41.8943],[1.0336,41.8781],[1.4421,41.18],[1.3112,41.1573],[0.8792,41.0217],[0.7338,40.875],[0.7098,40.7851],[0.8271,40.7274],[0.7876,40.6569],[0.5051,40.5928],[0.2833,40.3],[-2.6,40.3],[-2.6,41.3526],[-2.5834,41.3585],[-1.0044,41.9188],[0.3407,42.0003]]]}},{"type":"Feature","properties":{"NAME":"Taifa of Badajoz","ABBREVN":null,"SUBJECTO":"Taifa of Badajoz","BORDERPRECISION":1,"PARTOF":"Taifa of Badajoz","DERIVADO":{"base":"world_1000.geojson","motivo":"taifa de Badajoz (aftasíes, 1022-1094). Frontera aproximada","fuente":"https://en.wikipedia.org/wiki/Taifa"}},"geometry":{"type":"Polygon","coordinates":[[[-8.8537,38.4996],[-9.0223,38.461],[-9.2366,38.4174],[-9.2852,38.6195],[-9.0692,38.643],[-8.9419,38.7419],[-8.9608,38.8185],[-9.0408,38.9202],[-9.1758,38.7322],[-9.3616,38.6711],[-9.5224,38.6899],[-9.549,38.7745],[-9.4598,38.9531],[-9.3977,39.2304],[-9.4153,39.3667],[-9.2993,39.4177],[-9.1179,39.644],[-8.9156,40.1381],[-8.9697,40.19],[-8.6941,40.9922],[-7.7705,40.9406],[-7.7705,40.533],[-6.8298,40.6201],[-5.6,40.734],[-5.6,38.2],[-8.8257,38.2],[-8.823,38.2061],[-8.8473,38.3846],[-8.7889,38.436],[-8.8537,38.4996]]]}},{"type":"Feature","properties":{"NAME":"Taifa of Toledo","ABBREVN":null,"SUBJECTO":"Taifa of Toledo","BORDERPRECISION":1,"PARTOF":"Taifa of Toledo","DERIVADO":{"base":"world_1000.geojson","motivo":"taifa de Toledo (Banu Dhi l-Nun, 1035-1085). Frontera aproximada","fuente":"https://en.wikipedia.org/wiki/Taifa"}},"geometry":{"type":"Polygon","coordinates":[[[-4.4443,40.8943],[-3.5315,41.0221],[-3.0302,41.2],[-2.6,41.2],[-2.6,40.3],[-1.5,40.3],[-1.5,38.4],[-5.6,38.4],[-5.6,40.734],[-5.5695,40.7368],[-4.4443,40.8943]]]}},{"type":"Feature","properties":{"NAME":"Taifa of Denia","ABBREVN":null,"SUBJECTO":"Taifa of Denia","BORDERPRECISION":1,"PARTOF":"Taifa of Denia","DERIVADO":{"base":"world_1000.geojson","motivo":"taifa de Denia y las Baleares (Muyahid, 1010-1076). Frontera aproximada","fuente":"https://en.wikipedia.org/wiki/Taifa"}},"geometry":{"type":"MultiPolygon","coordinates":[[[[1.2772,38.8797],[1.2706,38.8781],[1.2575,38.8636],[1.2525,38.8592],[1.2461,38.8603],[1.2225,38.8742],[1.2119,38.8983],[1.2278,38.9481],[1.2425,38.968],[1.2942,39.0314],[1.3036,39.0386],[1.3292,39.0553],[1.3625,39.0728],[1.4728,39.1053],[1.5197,39.1183],[1.5458,39.118],[1.6006,39.0961],[1.6053,39.0917],[1.6092,39.0814],[1.615,39.0283],[1.5317,38.9519],[1.4058,38.8456],[1.3719,38.8308],[1.3681,38.8511],[1.3617,38.8606],[1.3575,38.865],[1.3528,38.8683],[1.3464,38.8711],[1.2772,38.8797]]],[[[1.5181,38.6569],[1.5053,38.6694],[1.4944,38.6756],[1.4631,38.6856],[1.4567,38.6869],[1.4439,38.6828],[1.3903,38.6433],[1.3864,38.6478],[1.3856,38.6581],[1.3836,38.6831],[1.3831,38.6939],[1.3831,38.7156],[1.3831,38.7206],[1.3992,38.7378],[1.4453,38.7411],[1.5731,38.6914],[1.5778,38.6878],[1.5867,38.6725],[1.5881,38.6672],[1.5761,38.6555],[1.5694,38.6542],[1.5564,38.6542],[1.5306,38.6542],[1.5242,38.6547],[1.5181,38.6569]]],[[[4.2631,39.8089],[4.2567,39.8106],[4.2383,39.8161],[4.1164,39.8683],[4.1008,39.8778],[4.0908,39.8847],[4.0883,39.8905],[4.0847,39.8956],[4.0797,39.8992],[4.0411,39.9156],[4.0286,39.92],[3.9847,39.9303],[3.9656,39.9336],[3.9383,39.9325],[3.9242,39.9292],[3.9111,39.9258],[3.8911,39.9208],[3.8847,39.9203],[3.8781,39.92],[3.8267,39.9225],[3.7969,40.0172],[3.8314,40.0528],[3.8361,40.0564],[3.8683,40.0581],[3.9375,40.0589],[4.1225,40.0561],[4.1744,40.0503],[4.2414,39.9936],[4.2733,39.9614],[4.3156,39.8789],[4.3169,39.8461],[4.3139,39.8319],[4.3,39.8142],[4.2953,39.8106],[4.2892,39.8075],[4.2764,39.8064],[4.2631,39.8089]]],[[[3.4397,39.7503],[3.4803,39.7217],[3.4797,39.7111],[3.4636,39.6614],[3.4475,39.6403],[3.3775,39.5528],[3.3717,39.5492],[3.3319,39.5264],[3.3203,39.5206],[3.3056,39.5022],[3.2881,39.4675],[3.2669,39.4128],[3.2419,39.3644],[3.0819,39.273],[3.0636,39.2636],[3.0569,39.2631],[3.0292,39.2831],[2.9856,39.3186],[2.8297,39.3533],[2.7994,39.3606],[2.7864,39.3647],[2.7814,39.3692],[2.7553,39.3925],[2.7456,39.4064],[2.7431,39.4117],[2.7278,39.4731],[2.7417,39.4908],[2.7464,39.4947],[2.7528,39.4967],[2.7547,39.5025],[2.7536,39.5075],[2.745,39.5158],[2.7364,39.5239],[2.7317,39.5275],[2.6944,39.5519],[2.6753,39.5594],[2.6625,39.5636],[2.6561,39.5644],[2.5464,39.5247],[2.5425,39.5203],[2.4369,39.5217],[2.3892,39.525],[2.3642,39.5558],[2.3861,39.6128],[2.5386,39.7003],[2.6839,39.7939],[2.7778,39.8447],[2.9878,39.9111],[3.0714,39.9219],[3.0969,39.9114],[3.0919,39.9014],[3.0889,39.8914],[3.0894,39.8858],[3.1244,39.8122],[3.1347,39.7922],[3.1383,39.7875],[3.1519,39.7758],[3.1808,39.76],[3.2414,39.7361],[3.2478,39.7347],[3.2608,39.7336],[3.275,39.7378],[3.2933,39.7458],[3.3236,39.7594],[3.3333,39.7661],[3.3439,39.7758],[3.3828,39.7733],[3.4397,39.7503]]],[[[0.1261,38.8214],[0.1726,38.7383],[-0.107,38.5915],[-0.2037,38.544],[-0.4352,38.4303],[-0.5132,38.3],[-0.6,38.3],[-0.6,39.1],[-0.252,39.1],[-0.2359,39.0624],[-0.2037,39.0127],[-0.1657,38.9541],[0.1261,38.8214]]]]}},{"type":"Feature","properties":{"NAME":"Taifa of Valencia","ABBREVN":null,"SUBJECTO":"Taifa of Valencia","BORDERPRECISION":1,"PARTOF":"Taifa of Valencia","DERIVADO":{"base":"world_1000.geojson","motivo":"taifa de Valencia, con Murcia (amiríes, 1010-1065). Frontera aproximada","fuente":"https://en.wikipedia.org/wiki/Taifa_of_Valencia"}},"geometry":{"type":"Polygon","coordinates":[[[0.2833,40.3],[0.2379,40.2402],[-0.1606,39.886],[-0.2037,39.7994],[-0.2845,39.6368],[-0.3948,39.4345],[-0.252,39.1],[-0.6,39.1],[-0.6,38.3],[-0.5132,38.3],[-0.5641,38.2149],[-0.6647,38.1766],[-0.8723,37.7598],[-0.8026,37.615],[-0.8414,37.6],[-2.2,37.6],[-2.2,38.4],[-1.5,38.4],[-1.5,40.3],[0.2833,40.3]]]}},{"type":"Feature","properties":{"NAME":"Taifa of Almería","ABBREVN":null,"SUBJECTO":"Taifa of Almería","BORDERPRECISION":1,"PARTOF":"Taifa of Almería","DERIVADO":{"base":"world_1000.geojson","motivo":"taifa de Almería (Banu Sumadih, 1041-1091). Frontera aproximada","fuente":"https://en.wikipedia.org/wiki/Taifa"}},"geometry":{"type":"Polygon","coordinates":[[[-1.6257,37.4395],[-1.8169,37.2925],[-1.9405,36.9516],[-2.2388,36.7284],[-2.3551,36.8241],[-2.6243,36.8113],[-2.7,36.7445],[-2.7,37.6],[-2.2,37.6],[-1.5,37.6],[-1.5,37.4919],[-1.6257,37.4395]]]}},{"type":"Feature","properties":{"NAME":"Taifa of Granada","ABBREVN":null,"SUBJECTO":"Taifa of Granada","BORDERPRECISION":1,"PARTOF":"Taifa of Granada","DERIVADO":{"base":"world_1000.geojson","motivo":"taifa zirí de Granada (1013-1090). Frontera aproximada","fuente":"https://en.wikipedia.org/wiki/Taifa"}},"geometry":{"type":"Polygon","coordinates":[[[-2.9153,36.6901],[-2.9698,36.7411],[-4.4466,36.722],[-4.7573,36.4861],[-5.2,36.4124],[-5.2,37.6],[-2.7,37.6],[-2.7,36.7445],[-2.7615,36.6901],[-2.9153,36.6901]]]}},{"type":"Feature","properties":{"NAME":"Taifa of Córdoba","ABBREVN":null,"SUBJECTO":"Taifa of Córdoba","BORDERPRECISION":1,"PARTOF":"Taifa of Córdoba","DERIVADO":{"base":"world_1000.geojson","motivo":"Córdoba, república de los Banu Yahwar (1031-1069) tras la abolición del califato en 1031","fuente":"https://en.wikipedia.org/wiki/Taifa"}},"geometry":{"type":"Polygon","coordinates":[[[-5.2,37.6],[-5.4,37.6],[-5.4,38.4],[-3.6,38.4],[-3.6,37.6],[-5.2,37.6]]]}},{"type":"Feature","properties":{"NAME":"Taifa of Seville","ABBREVN":null,"SUBJECTO":"Taifa of Seville","BORDERPRECISION":1,"PARTOF":"Taifa of Seville","DERIVADO":{"base":"world_1000.geojson","motivo":"taifa abadí de Sevilla (1023-1091), que absorbe las pequeñas taifas del Guadalquivir y del Algarve. Frontera aproximada","fuente":"https://en.wikipedia.org/wiki/Taifa"}},"geometry":{"type":"MultiPolygon","coordinates":[[[[-5.6606,36.008],[-5.85,36.0717],[-6.2045,36.2821],[-6.305,36.4542],[-6.2889,36.5722],[-6.444,36.6232],[-6.5005,36.7188],[-6.4217,36.7922],[-6.6322,37.0218],[-6.948,37.1493],[-7.0101,37.1653],[-7.2278,37.2259],[-7.4915,37.2082],[-7.6034,37.163],[-7.836,37.0323],[-8.0336,37.0088],[-8.2802,37.0886],[-8.5411,37.0886],[-8.6671,37.1214],[-8.9908,36.99],[-9.0166,37.0698],[-8.8415,37.5251],[-8.851,37.9102],[-8.9328,37.9618],[-8.8257,38.2],[-5.6,38.2],[-5.6,38.4],[-5.4,38.4],[-5.4,37.6],[-5.2,37.6],[-5.2,36.4124],[-5.2167,36.4096],[-5.3742,36.2375],[-5.3867,36.11],[-5.4243,36.0717],[-5.4571,36.1674],[-5.4879,36.1737],[-5.4855,36.0654],[-5.6606,36.008]]],[[[-3.6,37.6],[-3.6,38.4],[-2.2,38.4],[-2.2,37.6],[-2.7,37.6],[-3.6,37.6]]],[[[-0.8414,37.6],[-0.9183,37.5703],[-1.3646,37.5484],[-1.5,37.4919],[-1.5,37.6],[-0.8414,37.6]]],[[[-2.6,41.3526],[-2.6,41.2],[-3.0302,41.2],[-2.6,41.3526]]]]}},{"type":"Feature","properties":{"NAME":"Zenata emirates","ABBREVN":"Caliphate of Córdoba","INFO_UR":null,"SUBJECTO":"Zenata emirates","BORDERPRECISION":1,"PARTOF":"Zenata emirates","DERIVADO":{"base":"world_1000.geojson","motivo":"cede territorio a «Taifa of Zaragoza»: fitna de al-Ándalus (1009-1031): taifa de Zaragoza (tuyibíes, hudíes desde 1039). Frontera aproximada · cede territorio a «Taifa of Badajoz»: taifa de Badajoz (aftasíes, 1022-1094). Frontera aproximada · cede territorio a «Taifa of Toledo»: taifa de Toledo (Banu Dhi l-Nun, 1035-1085). Frontera aproximada · cede territorio a «Taifa of Denia»: taifa de Denia y las Baleares (Muyahid, 1010-1076). Frontera aproximada · cede territorio a «Taifa of Valencia»: taifa de Valencia, con Murcia (amiríes, 1010-1065). Frontera aproximada · cede territorio a «Taifa of Almería»: taifa de Almería (Banu Sumadih, 1041-1091). Frontera aproximada · cede territorio a «Taifa of Granada»: taifa zirí de Granada (1013-1090). Frontera aproximada · cede territorio a «Taifa of Córdoba»: Córdoba, república de los Banu Yahwar (1031-1069) tras la abolición del califato en 1031 · cede territorio a «Taifa of Seville»: taifa abadí de Sevilla (1023-1091), que absorbe las pequeñas taifas del Guadalquivir y del Algarve. Frontera aproximada · en el Magreb occidental, sin el califato, mandan principados zenatas (magrawas de Fez, Sijilmasa); los almorávides empiezan en el Sáhara hacia 1040 y toman Sijilmasa en 1055","fuente":"https://en.wikipedia.org/wiki/Maghrawa_(tribe)"}},"geometry":{"type":"Polygon","coordinates":[[[-9.817,30.7552],[-9.8578,31.0602],[-9.8133,31.2891],[-9.6353,31.5754],[-9.3176,31.9637],[-9.2223,32.2562],[-9.2508,32.4214],[-9.2187,32.5804],[-8.6403,33.1217],[-8.3144,33.3385],[-7.9024,33.4855],[-7.3326,33.6964],[-7.004,33.875],[-6.753,34.1234],[-6.5115,34.4543],[-6.472,34.5309],[-6.302,34.8614],[-5.9288,35.7279],[-5.8079,35.7854],[-5.565,35.8623],[-5.4794,35.8052],[-5.1718,35.4238],[-5.1096,35.3793],[-4.593,35.1512],[-4.2954,35.1518],[-4.0279,35.1332],[-3.4408,35.1663],[-3.2058,35.2686],[-3.009,35.39],[-2.8299,35.1421],[-2.7148,35.0977],[-2.3557,35.0539],[-2.3259,35.054],[-2.193,35.0542],[-2.0353,35.0546],[-1.7383,35.1188],[-1.4951,35.2339],[-1.3291,35.4889],[-1.1467,35.6294],[-0.9175,35.668],[-0.7343,35.7385],[-0.4288,35.8601],[-0.283,35.7585],[-0.2037,35.7507],[-0.0917,35.7398],[0.0153,35.8037],[0.1987,36.0333],[0.4744,36.225],[0.7812,36.3849],[1.0576,36.4619],[1.5797,36.5139],[1.2374,35.8864],[0.8706,33.0739],[0.4578,32.5474],[-1.0813,32.4539],[-1.4962,32.4386],[-1.8022,32.4272],[-2.3208,32.2933],[-4.7728,31.6597],[-9.625,30.4061],[-9.817,30.7552]]]}},{"type":"Feature","properties":{"NAME":"Zirid Emirate","ABBREVN":null,"SUBJECTO":"Zirid Emirate","BORDERPRECISION":1,"PARTOF":"Zirid Emirate","DERIVADO":{"base":"world_1000.geojson","motivo":"los ziríes de Ifriqiya rompen con El Cairo en 1048 y reconocen a los abasíes","fuente":"https://en.wikipedia.org/wiki/Zirid_dynasty"}},"geometry":{"type":"Polygon","coordinates":[[[6.923,36.8178],[7.0632,36.8819],[7.2049,36.9905],[7.307,37.0608],[7.5449,37.0421],[7.719,36.9533],[7.792,36.8324],[7.9132,36.7752],[8.145,36.8139],[8.6367,36.8853],[8.8655,36.9684],[9.1503,37.1729],[9.4161,37.2754],[9.7322,37.2824],[10.0214,37.2001],[10.1327,37.1047],[10.1589,36.9965],[10.2715,36.7546],[10.3928,36.7166],[10.5806,36.7934],[10.8433,36.9915],[11.0238,37.0683],[11.0394,36.909],[10.9201,36.6539],[10.6334,36.424],[10.5092,36.2136],[10.5115,36.0862],[10.6026,35.8889],[10.8308,35.6793],[10.989,35.6223],[11.1251,35.2406],[11.0828,35.145],[10.8394,34.8012],[10.574,34.6481],[10.1164,34.2342],[10.0195,34.0815],[10.1487,33.8784],[10.4126,33.6311],[10.6502,33.4982],[10.7781,33.473],[10.9565,33.5751],[11.0991,33.5372],[11.2089,33.2515],[11.4707,33.1441],[12.117,32.8785],[12.5648,32.7396],[12.7989,32.7338],[13.1871,32.7918],[13.4588,32.7796],[14.157,32.6794],[14.4334,32.4639],[14.7908,32.363],[15.0098,32.3634],[15.1637,32.2748],[15.2414,32.1733],[15.3581,31.805],[15.5334,31.5512],[15.8,31.3222],[15.8,29.3033],[12.5327,30.8049],[7.8923,32.5926],[6.5029,32.7326],[6.0,32.7833],[6.0,36.8281],[6.0474,36.8416],[6.3229,37.0906],[6.7705,36.8621],[6.923,36.8178]]]}},{"type":"Feature","properties":{"NAME":"Hammadid Emirate","ABBREVN":null,"SUBJECTO":"Hammadid Emirate","BORDERPRECISION":1,"PARTOF":"Hammadid Emirate","DERIVADO":{"base":"world_1000.geojson","motivo":"emirato hammadí del Magreb central (Qal'at Beni Hammad), independiente desde 1014-1015","fuente":"https://en.wikipedia.org/wiki/Hammadid_dynasty"}},"geometry":{"type":"Polygon","coordinates":[[[1.2374,35.8864],[1.5797,36.5139],[2.2938,36.5408],[2.5244,36.5732],[2.8099,36.7139],[3.07,36.6189],[3.3238,36.6512],[3.5869,36.792],[3.7412,36.8369],[4.1639,36.8314],[4.3946,36.8382],[4.5326,36.813],[4.6321,36.7941],[4.7772,36.7434],[5.1445,36.6677],[5.3827,36.6745],[5.7302,36.7517],[6.0,36.8281],[6.0,32.7833],[5.6813,32.8154],[2.4531,32.6687],[0.4578,32.5474],[0.8706,33.0739],[1.2374,35.8864]]]}},{"type":"Feature","properties":{"NAME":"Norway","ABBREVN":null,"SUBJECTO":"Norway","BORDERPRECISION":1,"PARTOF":"Norway","DERIVADO":{"base":"world_1000.geojson","motivo":"Noruega, independiente de Dinamarca desde 1035 (Magnus el Bueno); Harald Hardrada reina desde 1046","fuente":"https://en.wikipedia.org/wiki/Harald_Hardrada"}},"geometry":{"type":"Polygon","coordinates":[[[10.3633,59.2125],[10.2111,59.0703],[10.1723,58.9874],[9.9376,58.94],[9.6976,58.9992],[9.3462,58.8453],[9.3716,58.7862],[9.1459,58.6561],[8.9217,58.5379],[8.1752,58.1721],[8.1538,58.0896],[8.0302,58.066],[7.9084,58.066],[6.9586,57.9717],[6.8742,58.0778],[6.7257,58.1367],[6.6437,58.0424],[6.4791,58.0896],[6.6517,58.1721],[6.2313,58.2782],[5.8738,58.4316],[5.6155,58.4552],[5.3997,58.7152],[5.531,58.8808],[5.4746,58.9755],[5.6275,58.9637],[5.6658,58.8217],[5.7937,58.9163],[6.0935,58.798],[5.9837,58.8867],[6.0412,58.9518],[6.2662,58.9933],[6.0506,58.9814],[5.9404,58.9341],[5.8223,59.017],[5.7719,59.0762],[6.0326,59.2007],[6.2375,59.2837],[6.0203,59.254],[5.8775,59.3134],[6.0763,59.4202],[6.1134,59.5271],[5.8159,59.3134],[5.7995,59.432],[5.6805,59.5092],[5.6829,59.4142],[5.7172,59.3371],[5.5285,59.2659],[5.3438,59.2659],[5.3503,59.3905],[5.2826,59.2718],[5.1767,59.3074],[5.0866,59.5092],[5.3826,59.7113],[5.4186,59.5152],[5.4493,59.6578],[5.6462,59.5865],[5.7411,59.628],[5.6666,59.6756],[5.9699,59.7113],[6.1854,59.8243],[5.9105,59.7529],[5.6941,59.7529],[5.5433,59.8243],[5.6317,59.8838],[5.8058,59.9493],[5.8941,60.1613],[5.5246,60.1675],[5.2791,60.1253],[5.0962,60.2641],[5.2618,60.3271],[5.5511,60.5089],[5.4558,60.5924],[5.2552,60.5641],[5.0755,60.5917],[4.9804,60.6892],[5.1085,60.9061],[5.3871,61.0256],[5.1196,61.1371],[5.0183,61.3051],[5.141,61.3896],[5.1011,61.6986],[5.149,61.7409],[5.416,61.7695],[5.5924,61.7897],[5.7971,61.7699],[5.8339,61.8194],[5.7195,61.8796],[5.5282,61.9326],[5.4257,62.0093],[5.4697,62.0937],[5.5646,62.1503],[5.8236,62.179],[6.0535,62.3348],[6.3084,62.2858],[6.5325,62.3357],[6.613,62.5833],[6.9887,62.5416],[7.2893,62.4856],[7.5467,62.5993],[7.1016,62.7046],[6.9819,62.8461],[7.0882,62.9102],[7.6065,62.9041],[7.9892,62.9403],[8.2313,62.8414],[8.258,63.0543],[8.4723,63.1755],[8.6059,63.3251],[8.9572,63.404],[9.1542,63.319],[9.2161,63.2836],[9.4409,63.4975],[9.8321,63.6836],[9.8701,63.8764],[10.0662,64.0555],[10.7399,64.3862],[10.8906,64.4725],[10.9966,64.4942],[11.2135,64.4157],[11.3641,64.416],[11.5077,64.5167],[11.4065,64.617],[11.4699,64.6746],[11.6897,64.7757],[11.8956,64.9127],[12.1121,65.1299],[12.2222,65.1012],[12.5265,65.1089],[12.4962,65.3845],[12.2841,65.4349],[12.4792,65.617],[12.7091,65.9089],[13.0874,65.8804],[13.1088,66.0337],[13.1519,66.1361],[13.581,66.1881],[13.4028,66.3488],[13.2554,66.3925],[13.1687,66.4583],[13.2421,66.5685],[13.3832,66.679],[13.592,66.6573],[13.9917,66.6875],[13.7472,66.9224],[13.8591,66.9595],[14.0547,66.9746],[14.3731,67.0931],[14.6393,67.1231],[14.7777,67.2165],[14.6165,67.2453],[14.5692,67.3293],[14.6992,67.3744],[14.9762,67.5229],[15.2267,67.5086],[15.3845,67.4644],[15.5799,67.5833],[15.7457,67.5973],[15.7618,67.6763],[15.5722,67.8207],[15.8542,67.9252],[15.9197,68.049],[16.0711,68.0447],[16.2327,67.9111],[16.4116,67.8743],[16.6486,68.0458],[16.5219,68.3409],[16.7191,68.3114],[17.0333,68.3376],[17.1264,68.4161],[16.8548,68.5578],[17.0397,68.6585],[17.4069,68.7715],[17.4489,68.887],[17.5659,68.9744],[17.8947,69.0351],[17.9282,69.0051],[18.0516,69.0279],[18.0974,69.058],[18.3191,69.3594],[18.5532,69.2469],[18.9849,69.3154],[19.1702,69.2555],[19.2892,69.2106],[19.58,69.1811],[17.0094,67.2478],[14.5361,63.0976],[14.3437,62.9481],[13.1549,62.0242],[12.7917,61.33],[12.5974,61.0286],[12.174,60.9564],[12.431,60.6259],[12.548,60.4339],[12.4359,60.2781],[12.4228,60.0388],[12.4879,58.5629],[11.8248,57.8],[11.6179,57.8],[11.6098,57.807],[11.7091,58.0247],[11.8019,58.1779],[11.6139,58.2474],[11.4311,58.2015],[11.4067,58.3313],[11.2214,58.3083],[11.1404,58.8512],[11.0392,58.9104],[11.1789,59.0703],[11.1121,59.1651],[10.8292,59.1058],[10.7689,59.1177],[10.6568,59.2244],[10.5493,59.3786],[10.6336,59.4499],[10.5697,59.5805],[10.4071,59.4974],[10.3786,59.3668],[10.4296,59.26],[10.3633,59.2125]]]}},{"type":"Feature","properties":{"NAME":"Seljuk Empire","ABBREVN":null,"SUBJECTO":"Seljuk Empire","BORDERPRECISION":1,"PARTOF":"Seljuk Empire","DERIVADO":{"base":"world_1000.geojson","motivo":"los selyúcidas vencen a los gaznávidas en Dandanaqan (1040) y se quedan con el Jorasán; toman Rayy (1042), Hamadán y Kermán (1048). Isfahán es de 1051 y Bagdad de 1055. Frontera aproximada","fuente":"https://en.wikipedia.org/wiki/Seljuk_Empire"}},"geometry":{"type":"Polygon","coordinates":[[[55.4869,39.3449],[58.04,39.5],[63.0,39.5],[63.0,30.0],[62.0336,29.5973],[57.0,27.5],[55.0,29.0],[54.0,32.5],[51.0,33.5],[48.5,34.5],[48.5,38.5],[48.9322,38.5786],[48.825,38.3096],[48.8315,38.3063],[48.8092,37.9886],[48.7448,37.727],[48.8372,37.511],[49.0595,37.3976],[49.4758,37.2916],[49.848,37.2682],[50.0387,37.2247],[50.1113,37.0978],[50.2522,36.8948],[50.561,36.6864],[51.417,36.4557],[51.7955,36.4323],[51.9931,36.4589],[52.6022,36.5769],[53.139,36.6435],[53.7997,36.679],[53.9845,36.7819],[54.0674,36.9415],[54.8676,36.8057],[54.9295,39.1591],[55.4869,39.3449]]]}},{"type":"Feature","properties":{"NAME":"Kingdom of León and Castile","ABBREVN":"Castilla","INFO_UR":null,"SUBJECTO":"Kingdom of León and Castile","BORDERPRECISION":1,"PARTOF":"Kingdom of León and Castile","DERIVADO":{"base":"world_1000.geojson","motivo":"Fernando I, rey de Castilla desde 1035, se corona rey de León en 1037: Castilla y León unidos hasta 1065 · Fernando I, conde de Castilla desde 1029, es rey de León desde 1037 (Tamarón): los dos reinos y Galicia tienen un mismo rey hasta su muerte en 1065, cuando los reparte entre sus hijos","fuente":"https://en.wikipedia.org/wiki/Ferdinand_I_of_León; https://en.wikipedia.org/wiki/Ferdinand_I_of_Le%C3%B3n"}},"geometry":{"type":"Polygon","coordinates":[[[-2.7166,42.4251],[-2.5834,41.3585],[-3.5315,41.0221],[-4.4443,40.8943],[-5.5695,40.7368],[-6.8298,40.6201],[-7.7705,40.533],[-7.7705,40.9406],[-8.6941,40.9922],[-8.8518,41.4078],[-8.8548,41.5969],[-8.9207,41.767],[-8.8061,41.8892],[-8.8605,42.0145],[-8.7986,42.1945],[-8.6441,42.4197],[-8.805,42.6316],[-8.9417,42.8242],[-9.1731,42.8559],[-9.2469,42.9008],[-9.2708,43.0487],[-9.1975,43.1582],[-9.0136,43.2809],[-8.8492,43.3262],[-8.5957,43.3396],[-8.3104,43.353],[-8.2507,43.4304],[-8.2202,43.6172],[-7.9795,43.7401],[-7.6363,43.7214],[-7.1513,43.5549],[-6.808,43.5234],[-6.4676,43.5627],[-6.208,43.6405],[-5.9797,43.7054],[-5.8205,43.7057],[-5.5374,43.5775],[-5.2249,43.5072],[-5.0864,43.4949],[-4.8023,43.4694],[-4.1102,43.4515],[-3.8476,43.4392],[-3.417,43.3757],[-3.3561,43.3953],[-3.1958,42.3979],[-2.7166,42.4251]]]}}]}
