{"type":"FeatureCollection","name":"contemporanea-ne-regiones","features":[{"type":"Feature","properties":{"NAME":"Alaska","FUENTE":"Natural Earth 1:50m Admin 0 – Countries, dominio público; github.com/nvkelso/natural-earth-vector (consultado el 2026-09-28)","NOTA":"Alaska (EE. UU.) según Natural Earth; incluye las Aleutianas al este de 180°"},"geometry":{"type":"MultiPolygon","coordinates":[[[[-132.757617,56.511035],[-132.884717,56.512451],[-132.930811,56.524463],[-132.948047,56.567236],[-132.93623,56.606836],[-132.906543,56.637402],[-132.870654,56.696387],[-132.842529,56.794775],[-132.655859,56.684717],[-132.598682,56.635742],[-132.567969,56.57583],[-132.634229,56.553467],[-132.714453,56.542529],[-132.746875,56.525684],[-132.757617,56.511035]]],[[[-132.830957,56.244141],[-132.891455,56.259424],[-133.03501,56.340918],[-133.037646,56.364844],[-133.01709,56.391992],[-132.935498,56.441797],[-132.902051,56.45376],[-132.706055,56.448486],[-132.643359,56.435156],[-132.629102,56.411914],[-132.632275,56.388281],[-132.652832,56.364355],[-132.657568,56.339307],[-132.646582,56.313184],[-132.669385,56.287305],[-132.779883,56.247266],[-132.830957,56.244141]]],[[[-134.319873,58.204102],[-134.45625,58.206543],[-134.593994,58.243115],[-134.661572,58.290918],[-134.647998,58.312402],[-134.519971,58.33252],[-134.398877,58.287207],[-134.312744,58.228906],[-134.319873,58.204102]]],[[[-145.150488,60.312646],[-145.237646,60.321338],[-145.284277,60.336816],[-145.128125,60.401123],[-145.102441,60.388232],[-145.118506,60.337109],[-145.150488,60.312646]]],[[[-144.613574,59.812646],[-144.541553,59.878223],[-144.444922,59.950684],[-144.353955,59.996191],[-144.235742,60.015186],[-144.248975,59.982129],[-144.403223,59.921094],[-144.565625,59.818408],[-144.613574,59.812646]]],[[[-148.07417,60.034717],[-148.271875,60.053271],[-148.230664,60.113525],[-148.07959,60.15166],[-147.914209,60.092334],[-148.021777,60.065332],[-148.07417,60.034717]]],[[[-152.069043,60.358057],[-152.004492,60.407422],[-151.959717,60.50376],[-151.899414,60.490381],[-151.887305,60.472705],[-151.986914,60.373975],[-152.020752,60.361719],[-152.069043,60.358057]]],[[[-160.343311,55.258789],[-160.480762,55.308984],[-160.51748,55.333838],[-160.49292,55.352344],[-160.362305,55.356982],[-160.329297,55.337695],[-160.343311,55.258789]]],[[[-159.394482,54.967334],[-159.421338,54.978125],[-159.458496,55.034961],[-159.461914,55.058789],[-159.39043,55.040869],[-159.363184,54.999512],[-159.362012,54.972412],[-159.394482,54.967334]]],[[[-159.52041,55.072168],[-159.534961,55.059619],[-159.561475,55.080908],[-159.617725,55.057324],[-159.648486,55.074561],[-159.6354,55.102344],[-159.639648,55.123975],[-159.597949,55.125684],[-159.588037,55.165332],[-159.595264,55.182031],[-159.574756,55.217725],[-159.545068,55.225977],[-159.515137,55.151855],[-159.52041,55.072168]]],[[[-166.223828,53.72041],[-166.249414,53.745166],[-166.250732,53.767773],[-166.234375,53.78418],[-166.187744,53.822461],[-166.154541,53.836133],[-166.113721,53.843066],[-166.102686,53.832812],[-166.138623,53.787402],[-166.18374,53.756885],[-166.209766,53.723291],[-166.223828,53.72041]]],[[[-176.093359,51.790479],[-176.204443,51.834814],[-176.193652,51.886279],[-176.071631,51.843311],[-176.008984,51.812354],[-176.093359,51.790479]]],[[[-166.148633,66.221826],[-166.146484,66.237158],[-166.03252,66.277734],[-165.822217,66.328076],[-165.829883,66.317139],[-165.942285,66.278174],[-166.109863,66.227441],[-166.148633,66.221826]]],[[[-171.447852,63.615674],[-171.343359,63.619629],[-171.196924,63.609131],[-171.034863,63.585498],[-170.874609,63.593994],[-170.67251,63.668848],[-170.551855,63.688477],[-170.43042,63.698828],[-170.299365,63.680615],[-170.171289,63.640918],[-170.121826,63.617529],[-170.082422,63.57666],[-170.056299,63.527197],[-170.017383,63.491748],[-169.777441,63.447998],[-169.624121,63.430566],[-169.587207,63.406592],[-169.554541,63.373486],[-169.427588,63.34834],[-169.295068,63.35752],[-169.221094,63.348584],[-168.996045,63.347314],[-168.716016,63.310596],[-168.761328,63.21377],[-168.852393,63.17124],[-169.109033,63.184912],[-169.364697,63.171143],[-169.47085,63.121289],[-169.559277,63.058203],[-169.571289,62.996777],[-169.622852,62.968555],[-169.676367,62.956104],[-169.719824,62.990088],[-169.777783,63.09375],[-169.818604,63.122363],[-169.863428,63.140381],[-169.988477,63.173145],[-170.115381,63.193848],[-170.1896,63.196338],[-170.243115,63.232275],[-170.272705,63.284277],[-170.323535,63.311133],[-170.42417,63.349268],[-170.5271,63.379297],[-170.848389,63.444385],[-170.954053,63.45293],[-171.06123,63.445898],[-171.176025,63.416211],[-171.287305,63.372168],[-171.401172,63.339258],[-171.519141,63.331982],[-171.631836,63.351221],[-171.737842,63.394238],[-171.790967,63.424707],[-171.819385,63.477246],[-171.81792,63.529834],[-171.803516,63.580518],[-171.746387,63.703076],[-171.646484,63.727002],[-171.463037,63.640039],[-171.447852,63.615674]]],[[[-166.043652,60.333936],[-165.994922,60.331152],[-165.840918,60.34624],[-165.784473,60.335596],[-165.729688,60.314209],[-165.695801,60.281543],[-165.689355,60.224121],[-165.714404,60.172852],[-165.706934,60.100586],[-165.712354,60.069336],[-165.630566,60.028369],[-165.605029,59.972803],[-165.591797,59.913135],[-165.769287,59.893213],[-165.946729,59.890039],[-166.099854,59.849609],[-166.131201,59.819775],[-166.106689,59.775439],[-166.14873,59.764111],[-166.187549,59.773828],[-166.261621,59.814893],[-166.342969,59.834424],[-166.627637,59.864648],[-166.985059,59.983887],[-167.138867,60.008545],[-167.295117,60.095703],[-167.436426,60.206641],[-167.344336,60.224463],[-167.251709,60.233545],[-166.836328,60.216992],[-166.784375,60.296436],[-166.730957,60.31626],[-166.598975,60.33877],[-166.475684,60.382764],[-166.420361,60.381689],[-166.363867,60.364746],[-166.246973,60.391162],[-166.184961,60.396777],[-166.135449,60.383545],[-166.043652,60.333936]]],[[[-152.89082,57.768994],[-152.850146,57.775684],[-152.69624,57.832275],[-152.616016,57.848877],[-152.511572,57.851465],[-152.42876,57.825684],[-152.411914,57.805908],[-152.419141,57.782324],[-152.4854,57.734424],[-152.482617,57.70332],[-152.411475,57.646094],[-152.236523,57.614893],[-152.215283,57.597705],[-152.216211,57.577002],[-152.33667,57.482227],[-152.380859,57.460107],[-152.412207,57.454785],[-152.630957,57.471826],[-152.831152,57.502881],[-152.912158,57.508154],[-152.940771,57.498096],[-152.997461,57.468945],[-152.956836,57.460352],[-152.781348,57.453418],[-152.719531,57.41084],[-152.692529,57.37959],[-152.679053,57.345117],[-152.714063,57.330957],[-152.789111,57.320654],[-152.879053,57.320801],[-152.990283,57.281982],[-153.051611,57.237646],[-153.274365,57.226367],[-153.443701,57.167187],[-153.503564,57.137988],[-153.524414,57.103076],[-153.588281,57.077686],[-153.732568,57.052344],[-153.646533,57.02959],[-153.633057,57.010352],[-153.631445,56.983691],[-153.643311,56.960742],[-153.757227,56.85835],[-153.972705,56.774219],[-154.027344,56.777979],[-154.050781,56.788477],[-154.07002,56.804541],[-154.07085,56.820654],[-153.793213,56.989502],[-153.804199,56.997803],[-153.879736,57.003516],[-153.999365,57.049951],[-154.083789,57.020068],[-154.102979,57.02124],[-154.080469,57.061035],[-154.025439,57.108496],[-154.035059,57.121826],[-154.065332,57.133691],[-154.134863,57.140771],[-154.24375,57.143018],[-154.324414,57.131787],[-154.376807,57.107031],[-154.381104,57.096533],[-154.269531,57.099463],[-154.239209,57.086865],[-154.209131,57.06333],[-154.19082,57.036133],[-154.184326,57.005322],[-154.207715,56.963818],[-154.260938,56.911768],[-154.338965,56.920898],[-154.498779,57.036572],[-154.569336,57.205908],[-154.705957,57.335352],[-154.712207,57.36626],[-154.673193,57.446094],[-154.535303,57.559424],[-154.387061,57.590479],[-154.281445,57.638086],[-154.179346,57.652441],[-154.116162,57.651221],[-154.029834,57.630713],[-153.99502,57.587305],[-154.015869,57.566895],[-154.00791,57.556152],[-153.947363,57.530078],[-153.881885,57.439014],[-153.80542,57.358203],[-153.75459,57.325342],[-153.687695,57.305127],[-153.756934,57.366846],[-153.797803,57.443262],[-153.818359,57.595605],[-153.838135,57.63584],[-153.799463,57.64668],[-153.690137,57.640723],[-153.693164,57.663428],[-153.808496,57.714746],[-153.879443,57.757178],[-153.906104,57.790771],[-153.904443,57.819873],[-153.841553,57.862842],[-153.805811,57.875098],[-153.768994,57.880371],[-153.695605,57.87124],[-153.662646,57.857813],[-153.568555,57.761084],[-153.524463,57.731006],[-153.487939,57.730957],[-153.454053,57.747021],[-153.422705,57.77915],[-153.39043,57.798389],[-153.357129,57.804688],[-153.252393,57.790479],[-153.21748,57.795752],[-153.200293,57.82002],[-153.201025,57.863281],[-153.175195,57.878857],[-153.168848,57.910645],[-153.225928,57.957617],[-153.160449,57.971973],[-152.943262,57.936035],[-152.850391,57.896777],[-152.898047,57.823926],[-152.89082,57.768994]]],[[[-130.074658,55.836035],[-130.111963,55.779785],[-130.137061,55.719385],[-130.146533,55.654492],[-130.14043,55.58501],[-130.12041,55.524414],[-130.059473,55.412305],[-130.039258,55.343604],[-130.036572,55.2979],[-130.171826,55.137012],[-130.218506,55.060254],[-130.214063,55.025879],[-130.312549,54.945947],[-130.493262,54.83418],[-130.575342,54.769678],[-130.61582,54.790918],[-130.849609,54.807617],[-130.934619,54.950391],[-130.979688,55.061182],[-131.047852,55.157666],[-131.045898,55.17959],[-130.983936,55.243945],[-130.750391,55.296973],[-130.748193,55.318018],[-130.835059,55.33208],[-130.855957,55.355127],[-130.879785,55.459521],[-130.873389,55.551123],[-130.879639,55.611816],[-130.918555,55.735986],[-130.977002,55.811963],[-131.127686,55.960156],[-131.140381,55.99751],[-131.074023,56.044385],[-131.032764,56.088086],[-131.287598,56.012109],[-131.635254,55.932227],[-131.78418,55.876562],[-131.815479,55.854199],[-131.826172,55.835352],[-131.799072,55.782812],[-131.803271,55.765967],[-131.833594,55.734912],[-131.869434,55.647168],[-131.94502,55.55415],[-131.983398,55.53501],[-132.118994,55.569775],[-132.15542,55.599561],[-132.223437,55.721045],[-132.20752,55.753418],[-132.157959,55.780664],[-132.090674,55.839551],[-132.005713,55.930078],[-131.843848,56.160107],[-131.738037,56.16123],[-131.551367,56.206787],[-131.844238,56.229639],[-131.887891,56.24165],[-131.927295,56.272998],[-131.962305,56.323682],[-132.021924,56.380078],[-132.133252,56.399854],[-132.182031,56.420654],[-132.255566,56.489111],[-132.30498,56.519873],[-132.332031,56.55791],[-132.33667,56.603125],[-132.357666,56.625879],[-132.434424,56.634131],[-132.475928,56.649658],[-132.487109,56.766406],[-132.639502,56.796436],[-132.701953,56.822266],[-132.802197,56.895166],[-132.829883,56.930615],[-132.838818,56.960205],[-132.814258,57.040723],[-132.824609,57.055811],[-132.913428,57.047461],[-133.465869,57.172168],[-133.43667,57.336865],[-133.538965,57.55415],[-133.64873,57.642285],[-133.626953,57.676514],[-133.603369,57.694678],[-133.554199,57.695068],[-133.342334,57.631104],[-133.142822,57.555127],[-133.117041,57.566211],[-133.435742,57.727051],[-133.515479,57.775146],[-133.535205,57.832959],[-133.536426,57.863867],[-133.511133,57.880127],[-133.212061,57.865674],[-133.194336,57.877686],[-133.497412,57.924658],[-133.559375,57.924463],[-133.625732,57.856982],[-133.657275,57.841016],[-133.722314,57.844238],[-133.744141,57.85459],[-133.821387,57.936377],[-133.894482,57.993262],[-134.031104,58.072168],[-134.056738,58.128369],[-134.06333,58.211084],[-134.045264,58.289258],[-133.933643,58.467871],[-133.888525,58.49873],[-133.876758,58.518164],[-133.911133,58.515234],[-133.943848,58.498291],[-134.036133,58.415332],[-134.131201,58.279346],[-134.208838,58.232959],[-134.257617,58.244189],[-134.331445,58.299609],[-134.485449,58.367188],[-134.663623,58.384717],[-134.776123,58.453857],[-134.942529,58.646289],[-134.964795,58.742188],[-134.986133,58.765625],[-135.076465,58.796777],[-135.131836,58.842871],[-135.217383,59.076611],[-135.330322,59.239063],[-135.358447,59.324902],[-135.348926,59.410059],[-135.363672,59.419434],[-135.402539,59.353076],[-135.412744,59.318457],[-135.484082,59.308691],[-135.416943,59.241504],[-135.400146,59.20791],[-135.43374,59.210693],[-135.502344,59.202295],[-135.386133,59.087549],[-135.334082,58.909619],[-135.257031,58.777734],[-135.20708,58.670898],[-135.18457,58.589746],[-135.151904,58.512207],[-135.062012,58.340869],[-135.049707,58.306787],[-135.060498,58.278906],[-135.090234,58.24585],[-135.141553,58.233398],[-135.302539,58.255908],[-135.363135,58.298291],[-135.449951,58.376123],[-135.571777,58.412061],[-135.873437,58.394238],[-135.897559,58.400195],[-135.896338,58.463818],[-135.861719,58.577051],[-135.889551,58.622705],[-136.045508,58.789111],[-136.043115,58.821631],[-135.826367,58.897949],[-135.931689,58.90376],[-136.016602,58.873975],[-136.049365,58.893213],[-136.100635,58.999854],[-136.133691,59.039551],[-136.150049,59.048096],[-136.159473,58.946777],[-136.123535,58.893457],[-136.118408,58.862598],[-136.12417,58.819629],[-136.146826,58.788818],[-136.186328,58.770166],[-136.22583,58.765479],[-136.299023,58.786914],[-136.380273,58.827295],[-136.451172,58.846338],[-136.477588,58.8625],[-136.511182,58.90708],[-136.566211,58.940918],[-136.830957,58.983838],[-136.989014,59.034473],[-137.002148,59.021143],[-136.952832,58.966943],[-136.948047,58.934912],[-136.987891,58.925146],[-137.059033,58.87373],[-137.038379,58.86665],[-136.963037,58.883545],[-136.879102,58.881543],[-136.740137,58.850195],[-136.613916,58.809277],[-136.568213,58.786328],[-136.549316,58.752393],[-136.533496,58.740234],[-136.410107,58.700635],[-136.404199,58.679785],[-136.48374,58.617676],[-136.319873,58.624463],[-136.224609,58.602246],[-136.102881,58.506299],[-136.061475,58.452734],[-136.055957,58.38418],[-136.08125,58.364209],[-136.129639,58.350391],[-136.462402,58.327979],[-136.582617,58.245215],[-136.607422,58.243994],[-136.698926,58.266455],[-136.86499,58.332422],[-137.071924,58.395215],[-137.543994,58.581201],[-137.556934,58.589941],[-137.5646,58.625879],[-137.59707,58.644238],[-137.661084,58.659912],[-137.75,58.70708],[-137.863721,58.785547],[-137.933984,58.846875],[-137.960889,58.891016],[-138.026904,58.941455],[-138.240723,59.046826],[-138.35249,59.087305],[-138.451318,59.110107],[-138.537158,59.115088],[-138.560303,59.12915],[-138.520703,59.152246],[-138.514893,59.165918],[-138.704199,59.187549],[-138.884326,59.236914],[-139.340967,59.375635],[-139.576807,59.462451],[-139.714453,59.503955],[-139.773291,59.527295],[-139.799121,59.54624],[-139.766064,59.566064],[-139.674121,59.586816],[-139.611621,59.610303],[-139.513037,59.698096],[-139.505566,59.726318],[-139.558496,59.790186],[-139.582178,59.848291],[-139.581152,59.880518],[-139.569141,59.912354],[-139.554102,59.933301],[-139.512305,59.953564],[-139.483008,59.96377],[-139.446875,59.956836],[-139.330957,59.877002],[-139.314648,59.847949],[-139.32002,59.738721],[-139.286719,59.610937],[-139.27627,59.620361],[-139.265625,59.662598],[-139.25874,59.743311],[-139.245703,59.78208],[-139.220801,59.819873],[-139.178857,59.839844],[-139.048291,59.828223],[-138.988086,59.83501],[-139.24248,59.892773],[-139.40249,60.000977],[-139.431445,60.012256],[-139.518945,60.01709],[-139.61167,59.973438],[-139.850195,59.830713],[-139.916895,59.805664],[-140.216748,59.72666],[-140.419824,59.710742],[-140.648389,59.723193],[-140.843164,59.748877],[-141.331934,59.873779],[-141.408301,59.902783],[-141.294629,59.980029],[-141.289941,60.00415],[-141.329541,60.082813],[-141.362158,60.105273],[-141.40874,60.117676],[-141.42168,60.108838],[-141.422168,60.085498],[-141.409717,60.042285],[-141.44707,60.019434],[-141.530176,59.994775],[-141.670166,59.969873],[-142.104102,60.033447],[-142.548584,60.086035],[-142.945654,60.096973],[-143.506104,60.055029],[-143.805078,60.012891],[-143.979492,60.008789],[-144.147217,60.016406],[-144.160937,60.045801],[-144.084277,60.063037],[-144.088525,60.084326],[-144.185498,60.150732],[-144.332617,60.191016],[-144.52998,60.205225],[-144.642969,60.224658],[-144.671582,60.249219],[-144.741406,60.272705],[-144.852441,60.295068],[-144.901318,60.335156],[-144.862451,60.45918],[-144.824414,60.533594],[-144.786572,60.584619],[-144.691113,60.669092],[-144.724414,60.662842],[-144.863086,60.600879],[-144.984033,60.536914],[-145.095996,60.453662],[-145.162695,60.415381],[-145.248291,60.380127],[-145.381787,60.388574],[-145.563135,60.440723],[-145.718457,60.467578],[-145.847754,60.469238],[-145.898877,60.478174],[-145.810645,60.524658],[-145.759814,60.562012],[-145.690234,60.621973],[-145.674902,60.651123],[-146.149023,60.660693],[-146.166406,60.692285],[-146.16709,60.715527],[-146.182324,60.734766],[-146.251025,60.749072],[-146.347168,60.738135],[-146.502979,60.700781],[-146.570459,60.72915],[-146.546387,60.745117],[-146.495508,60.756787],[-146.391992,60.81084],[-146.531934,60.838867],[-146.603564,60.870947],[-146.638428,60.897314],[-146.636035,60.992529],[-146.599121,61.053516],[-146.284912,61.112646],[-146.384375,61.13584],[-146.582715,61.127832],[-146.715918,61.077539],[-146.874023,61.004883],[-146.980176,60.977783],[-147.034326,60.996191],[-147.105957,61.002539],[-147.19502,60.996826],[-147.254883,60.978271],[-147.285596,60.946777],[-147.321094,60.925488],[-147.361377,60.914502],[-147.390576,60.918018],[-147.433398,60.950293],[-147.523291,60.970312],[-147.567285,60.994922],[-147.592578,60.979443],[-147.623291,60.933008],[-147.655664,60.909521],[-147.807617,60.8854],[-147.891113,60.889893],[-147.990771,60.948291],[-148.005127,60.968555],[-147.971191,61.019043],[-147.751855,61.218945],[-147.773779,61.217822],[-147.844824,61.186377],[-147.986377,61.106494],[-148.049414,61.082666],[-148.15791,61.079687],[-148.208691,61.088281],[-148.27002,61.081787],[-148.341895,61.0604],[-148.38877,61.036963],[-148.410742,61.011475],[-148.39585,61.007129],[-148.287402,61.03623],[-148.225879,61.044043],[-148.208691,61.029932],[-148.293164,60.939697],[-148.344434,60.853564],[-148.393311,60.831885],[-148.471045,60.835498],[-148.556152,60.827002],[-148.557373,60.80293],[-148.398682,60.734033],[-148.34126,60.724316],[-148.267871,60.699707],[-148.256738,60.675293],[-148.284229,60.609326],[-148.30498,60.58335],[-148.338428,60.569824],[-148.467773,60.57207],[-148.50957,60.565234],[-148.596631,60.523779],[-148.640137,60.489453],[-148.624268,60.486426],[-148.549121,60.514795],[-148.439844,60.52998],[-148.296387,60.53208],[-148.189453,60.547119],[-148.119189,60.575146],[-148.050684,60.567188],[-147.984033,60.52334],[-147.964111,60.484863],[-147.990967,60.451855],[-148.045996,60.42832],[-148.129199,60.414209],[-148.181689,60.393066],[-148.203564,60.364941],[-148.215869,60.323145],[-148.218652,60.267676],[-148.197607,60.167773],[-148.21377,60.154248],[-148.24502,60.146826],[-148.291357,60.145459],[-148.333105,60.122021],[-148.430713,59.989111],[-148.465088,59.974707],[-148.506055,59.988965],[-148.542383,59.987402],[-148.574072,59.970068],[-148.643604,59.956836],[-148.750879,59.947754],[-148.842725,59.951221],[-149.004248,59.97998],[-149.070117,60.000244],[-149.121582,60.033496],[-149.266602,59.998291],[-149.304932,60.013672],[-149.395264,60.105762],[-149.414844,60.100244],[-149.432227,60.001025],[-149.459717,59.96626],[-149.54917,59.894336],[-149.598047,59.770459],[-149.612891,59.766846],[-149.629639,59.784668],[-149.684668,59.895313],[-149.713867,59.91958],[-149.794775,59.855811],[-149.803662,59.832715],[-149.782471,59.750342],[-149.80127,59.737939],[-149.96499,59.782275],[-150.005322,59.784424],[-150.015967,59.776953],[-149.960156,59.713037],[-149.966504,59.690039],[-150.198047,59.566553],[-150.258496,59.570947],[-150.296484,59.583252],[-150.338135,59.581348],[-150.485352,59.535303],[-150.525977,59.537305],[-150.581543,59.5646],[-150.607373,59.563379],[-150.621143,59.535059],[-150.6229,59.479639],[-150.677441,59.426953],[-150.852783,59.341846],[-150.899316,59.302686],[-150.934521,59.249121],[-150.960742,59.243994],[-151.063574,59.278418],[-151.182764,59.300781],[-151.199219,59.289648],[-151.163037,59.256934],[-151.170703,59.236914],[-151.222266,59.229395],[-151.2875,59.232324],[-151.366357,59.245605],[-151.477002,59.230566],[-151.619385,59.187305],[-151.738184,59.188525],[-151.903857,59.259766],[-151.949512,59.265088],[-151.964063,59.285107],[-151.931689,59.342725],[-151.884619,59.386328],[-151.849951,59.406348],[-151.692578,59.462207],[-151.512695,59.482715],[-151.399609,59.516309],[-151.262109,59.585596],[-151.189404,59.637695],[-151.046484,59.771826],[-151.057324,59.782178],[-151.089453,59.789404],[-151.403662,59.662256],[-151.450098,59.650391],[-151.512598,59.65127],[-151.763818,59.7],[-151.816943,59.720898],[-151.853223,59.78208],[-151.783447,59.921143],[-151.734521,59.98833],[-151.611865,60.092041],[-151.451465,60.202637],[-151.395996,60.274463],[-151.312695,60.466455],[-151.317529,60.553564],[-151.355029,60.659863],[-151.356445,60.722949],[-151.321777,60.74292],[-150.95376,60.841211],[-150.779492,60.914795],[-150.44126,61.023584],[-150.349121,61.022656],[-150.281494,60.985205],[-150.202783,60.955225],[-150.113037,60.932812],[-149.997559,60.935156],[-149.85625,60.962256],[-149.632471,60.952002],[-149.172852,60.88042],[-149.075098,60.876416],[-149.071289,60.885547],[-149.142236,60.935693],[-149.459131,60.964746],[-149.59248,60.993848],[-149.967725,61.121729],[-150.053271,61.171094],[-150.018555,61.194238],[-149.926758,61.213281],[-149.895312,61.231738],[-149.882031,61.263721],[-149.829199,61.30752],[-149.736914,61.36333],[-149.595996,61.417285],[-149.329053,61.497363],[-149.433545,61.500781],[-149.625439,61.486035],[-149.695264,61.470703],[-149.82373,61.413379],[-149.873682,61.372998],[-149.945215,61.294238],[-149.975684,61.279346],[-150.108936,61.26792],[-150.471777,61.259961],[-150.533203,61.300244],[-150.567236,61.306787],[-150.612256,61.301123],[-150.945508,61.198242],[-151.06499,61.145703],[-151.150146,61.08584],[-151.281885,61.041943],[-151.460107,61.014111],[-151.593506,60.979639],[-151.733984,60.910742],[-151.781641,60.857959],[-151.784424,60.833154],[-151.750488,60.754883],[-151.785107,60.740234],[-151.866162,60.734082],[-151.99624,60.682227],[-152.270703,60.528125],[-152.306592,60.472217],[-152.305078,60.453027],[-152.260303,60.409424],[-152.291504,60.381104],[-152.368848,60.336328],[-152.540918,60.26543],[-152.653955,60.238428],[-152.727295,60.237061],[-152.7979,60.247168],[-152.923389,60.292871],[-153.025,60.295654],[-153.03125,60.289258],[-152.89292,60.240381],[-152.752393,60.17749],[-152.664746,60.125293],[-152.630127,60.083789],[-152.628564,60.041113],[-152.660107,59.997217],[-152.759473,59.920898],[-152.856934,59.898096],[-153.106055,59.875049],[-153.186377,59.856885],[-153.21123,59.842725],[-153.040088,59.810498],[-153.024609,59.793994],[-153.048145,59.730029],[-153.093604,59.709131],[-153.236182,59.670947],[-153.364014,59.659863],[-153.383496,59.667187],[-153.359619,59.71748],[-153.366455,59.729834],[-153.414404,59.740137],[-153.482617,59.720947],[-153.652539,59.647021],[-153.670703,59.634814],[-153.609375,59.615039],[-153.622266,59.598486],[-153.714355,59.545264],[-153.752588,59.509863],[-153.81416,59.47373],[-154.08833,59.363281],[-154.06748,59.336377],[-154.138818,59.240137],[-154.17832,59.155566],[-154.129834,59.119873],[-153.899561,59.078027],[-153.787939,59.06792],[-153.656396,59.038672],[-153.418262,58.959961],[-153.338965,58.908545],[-153.327051,58.884326],[-153.334424,58.857861],[-153.362939,58.822217],[-153.437598,58.754834],[-153.617334,58.654736],[-153.698584,58.626367],[-153.821484,58.604102],[-153.861963,58.587842],[-154.019873,58.492969],[-154.062451,58.441748],[-154.055713,58.397168],[-154.085889,58.36582],[-154.289014,58.304346],[-154.281787,58.293457],[-154.208057,58.28877],[-154.235107,58.234619],[-154.247021,58.159424],[-154.282275,58.146777],[-154.409229,58.147314],[-154.570605,58.118066],[-154.581934,58.109766],[-154.584912,58.055664],[-155.006885,58.016064],[-155.099268,57.91333],[-155.147363,57.881836],[-155.312744,57.807129],[-155.413965,57.777051],[-155.529639,57.758887],[-155.590234,57.733594],[-155.59585,57.701074],[-155.628711,57.673047],[-155.728955,57.626611],[-155.777979,57.568213],[-155.813672,57.559033],[-156.000195,57.544971],[-156.037354,57.526514],[-156.055371,57.447559],[-156.089893,57.445068],[-156.156006,57.463428],[-156.242188,57.449219],[-156.435889,57.359961],[-156.478418,57.327881],[-156.473682,57.310693],[-156.443555,57.293652],[-156.397656,57.240576],[-156.400488,57.204834],[-156.475146,57.105176],[-156.501318,57.089795],[-156.592041,57.065088],[-156.629004,57.009961],[-156.712646,57.016064],[-156.779883,57.005615],[-156.823877,56.968848],[-156.871729,56.947656],[-156.923438,56.94209],[-156.988428,56.912939],[-157.066699,56.860205],[-157.13916,56.826563],[-157.205762,56.812061],[-157.270557,56.808496],[-157.333594,56.815869],[-157.390234,56.809814],[-157.440576,56.790332],[-157.489648,56.759766],[-157.528711,56.673193],[-157.578369,56.634473],[-157.609766,56.627686],[-157.673877,56.633447],[-157.770703,56.65166],[-157.869092,56.645215],[-158.027881,56.592139],[-158.07832,56.552051],[-157.978271,56.543164],[-157.928711,56.531689],[-157.92998,56.520459],[-157.982178,56.50957],[-158.070947,56.510352],[-158.124365,56.501025],[-158.189404,56.478174],[-158.35249,56.453516],[-158.414404,56.43584],[-158.537402,56.335449],[-158.552148,56.312695],[-158.536377,56.307666],[-158.467334,56.318262],[-158.386133,56.301562],[-158.343994,56.280322],[-158.316992,56.25415],[-158.291406,56.203662],[-158.275635,56.19624],[-158.431836,56.111475],[-158.476123,56.075488],[-158.504687,56.062109],[-158.52334,56.072461],[-158.542676,56.166846],[-158.554443,56.182861],[-158.591162,56.184521],[-158.626758,56.154688],[-158.704883,56.043115],[-158.789844,55.986914],[-159.429443,55.842725],[-159.523242,55.81001],[-159.541309,55.748486],[-159.567627,55.695215],[-159.610059,55.652783],[-159.659668,55.625928],[-159.670264,55.64502],[-159.665332,55.794873],[-159.678516,55.824658],[-159.743018,55.84375],[-159.771387,55.841113],[-159.8104,55.832715],[-159.874365,55.800293],[-159.913525,55.792187],[-159.962305,55.794873],[-160.045654,55.762939],[-160.243799,55.660547],[-160.373193,55.635107],[-160.407422,55.613818],[-160.462695,55.557812],[-160.499316,55.537305],[-160.553516,55.535498],[-160.625244,55.552393],[-160.68291,55.54043],[-160.726514,55.499658],[-160.77085,55.483545],[-160.896729,55.513623],[-160.952197,55.493066],[-161.024219,55.44043],[-161.099512,55.405713],[-161.178027,55.388867],[-161.381934,55.371289],[-161.463867,55.38252],[-161.480518,55.397803],[-161.476709,55.464893],[-161.443799,55.513281],[-161.41333,55.536133],[-161.372705,55.556299],[-161.313281,55.558643],[-161.2021,55.543555],[-161.214697,55.559766],[-161.255127,55.579004],[-161.357471,55.612207],[-161.458789,55.62915],[-161.516943,55.618408],[-161.598779,55.592822],[-161.654297,55.563379],[-161.683545,55.529932],[-161.720361,55.420703],[-161.741553,55.391162],[-161.980322,55.198633],[-162.073975,55.139307],[-162.166602,55.14375],[-162.211475,55.121338],[-162.274658,55.073242],[-162.33291,55.050244],[-162.386377,55.052344],[-162.42793,55.061475],[-162.457471,55.077686],[-162.452393,55.092822],[-162.412549,55.106885],[-162.426807,55.14541],[-162.495264,55.208447],[-162.541895,55.242725],[-162.630371,55.24668],[-162.644141,55.218018],[-162.614307,55.071484],[-162.618896,55.038428],[-162.674365,54.996582],[-162.81958,54.95],[-162.865039,54.954541],[-162.995898,55.046484],[-163.119629,55.064697],[-163.127832,55.034766],[-163.100195,54.973633],[-163.131104,54.916553],[-163.220557,54.863379],[-163.288623,54.837598],[-163.335303,54.83916],[-163.337891,54.876367],[-163.296338,54.949268],[-163.285693,55.009961],[-163.305957,55.058545],[-163.303662,55.09585],[-163.278809,55.121826],[-163.114502,55.193945],[-163.045361,55.204736],[-163.008252,55.186865],[-162.961963,55.183838],[-162.906592,55.195557],[-162.871582,55.218604],[-162.857129,55.253027],[-162.78623,55.29707],[-162.658984,55.350781],[-162.513379,55.45],[-162.349365,55.594727],[-162.157129,55.719434],[-161.936621,55.82417],[-161.697314,55.907227],[-161.215625,56.021436],[-161.178613,56.014453],[-161.222559,55.977441],[-161.192529,55.954297],[-161.145166,55.951318],[-160.968652,55.969629],[-160.898633,55.993652],[-160.877832,55.970508],[-160.902393,55.941309],[-161.008398,55.911719],[-161.005371,55.887158],[-160.851318,55.771875],[-160.802832,55.754443],[-160.762598,55.756592],[-160.745508,55.771484],[-160.758398,55.854639],[-160.706348,55.870459],[-160.599707,55.874316],[-160.530225,55.863477],[-160.4979,55.837891],[-160.436914,55.816699],[-160.347314,55.799902],[-160.291699,55.805078],[-160.270117,55.832178],[-160.308496,55.864453],[-160.479883,55.935449],[-160.527441,55.965039],[-160.539062,56.006299],[-160.514697,56.059131],[-160.46084,56.1375],[-160.37749,56.241455],[-160.302051,56.314111],[-160.149268,56.396338],[-160.04624,56.437012],[-159.785059,56.561621],[-159.283105,56.688574],[-159.159033,56.770068],[-158.990381,56.860059],[-158.918018,56.882178],[-158.918018,56.847412],[-158.894873,56.816406],[-158.78208,56.795752],[-158.708838,56.788574],[-158.675146,56.794873],[-158.665918,56.82793],[-158.681055,56.887744],[-158.684814,56.944238],[-158.677246,56.997363],[-158.660791,57.039404],[-158.585596,57.114062],[-158.47373,57.199072],[-158.320947,57.2979],[-158.224512,57.342676],[-158.133545,57.366406],[-158.045703,57.409473],[-157.894336,57.511377],[-157.845752,57.528076],[-157.737207,57.548145],[-157.697412,57.539258],[-157.674023,57.513721],[-157.645557,57.497803],[-157.535303,57.483447],[-157.461914,57.506201],[-157.473877,57.518213],[-157.533496,57.525879],[-157.571631,57.540674],[-157.607568,57.601465],[-157.680664,57.638086],[-157.697217,57.679443],[-157.683984,57.743896],[-157.621191,57.895215],[-157.610889,58.05083],[-157.555029,58.139941],[-157.442676,58.172168],[-157.193701,58.194189],[-157.339404,58.234521],[-157.393604,58.234814],[-157.488379,58.253711],[-157.524414,58.350732],[-157.523633,58.421338],[-157.460889,58.503027],[-157.228857,58.640918],[-156.974658,58.736328],[-157.009033,58.744189],[-157.040479,58.772559],[-156.923242,58.963672],[-156.808887,59.134277],[-156.963379,58.988867],[-157.142041,58.877637],[-157.665723,58.748486],[-158.021924,58.640186],[-158.190918,58.614258],[-158.302588,58.641797],[-158.389648,58.745654],[-158.439307,58.782617],[-158.503174,58.850342],[-158.47627,58.938379],[-158.425635,58.999316],[-158.314502,59.009326],[-158.189209,58.979932],[-158.080518,58.977441],[-158.220605,59.0375],[-158.422803,59.089844],[-158.514404,59.072852],[-158.584473,58.987793],[-158.678271,58.929395],[-158.760596,58.950098],[-158.809473,58.973877],[-158.775537,58.902539],[-158.837744,58.793945],[-158.861377,58.71875],[-158.772119,58.520313],[-158.788623,58.440967],[-158.950684,58.404541],[-159.082666,58.469775],[-159.358203,58.721289],[-159.454199,58.79292],[-159.670264,58.911133],[-159.741455,58.894287],[-159.832227,58.835986],[-159.920215,58.819873],[-160.152588,58.905908],[-160.260791,58.971533],[-160.363135,59.051172],[-160.519922,59.007324],[-160.656641,58.955078],[-160.81709,58.87168],[-160.924268,58.872412],[-161.215918,58.800977],[-161.246826,58.799463],[-161.287891,58.760937],[-161.328125,58.743701],[-161.361328,58.669531],[-161.755469,58.612012],[-162.144922,58.644238],[-162.008691,58.68501],[-161.856494,58.71709],[-161.724365,58.794287],[-161.780518,58.897412],[-161.790283,58.949951],[-161.788672,59.016406],[-161.644385,59.109668],[-161.794482,59.109473],[-161.890771,59.076074],[-161.981055,59.146143],[-162.023291,59.283984],[-161.920117,59.365479],[-161.872217,59.428271],[-161.831689,59.514502],[-161.828711,59.588623],[-161.908643,59.714111],[-162.138135,59.980029],[-162.24248,60.17832],[-162.421338,60.283984],[-162.287793,60.456885],[-162.138867,60.614355],[-161.946582,60.684814],[-161.962012,60.695361],[-162.068262,60.694873],[-162.138037,60.685547],[-162.199902,60.634326],[-162.265039,60.595215],[-162.468701,60.394678],[-162.599707,60.296973],[-162.684961,60.268945],[-162.547705,60.231055],[-162.526953,60.199121],[-162.500488,60.126562],[-162.535645,60.038379],[-162.570752,59.989746],[-162.732617,59.993652],[-162.877832,59.922754],[-163.219385,59.845605],[-163.680371,59.801514],[-163.906885,59.806787],[-164.142822,59.896777],[-164.141113,59.948877],[-164.131543,59.994238],[-164.470508,60.149316],[-164.662256,60.303809],[-164.799951,60.307227],[-164.919727,60.348438],[-165.061133,60.412549],[-165.04873,60.464258],[-165.026514,60.500635],[-165.113281,60.526074],[-165.224512,60.523584],[-165.353809,60.541211],[-165.016016,60.740039],[-164.899805,60.873145],[-164.805176,60.892041],[-164.682373,60.871533],[-164.512939,60.819043],[-164.370068,60.795898],[-164.318506,60.771289],[-164.265674,60.724658],[-164.321387,60.646631],[-164.372363,60.591846],[-164.309668,60.606738],[-164.131836,60.691504],[-163.999561,60.766064],[-163.936133,60.758301],[-163.894922,60.745166],[-163.821387,60.668262],[-163.72998,60.58999],[-163.528711,60.664551],[-163.420947,60.757422],[-163.511865,60.798145],[-163.623047,60.822217],[-163.906543,60.853809],[-163.837305,60.88042],[-163.65542,60.87749],[-163.586914,60.902979],[-163.658936,60.938232],[-163.749023,60.969727],[-163.994629,60.864697],[-164.441553,60.869971],[-164.753955,60.931299],[-165.065625,60.920654],[-165.114844,60.932812],[-165.175488,60.965674],[-164.999902,61.043652],[-164.875586,61.086768],[-164.868994,61.111768],[-164.941211,61.114893],[-165.0771,61.094189],[-165.137695,61.130127],[-165.127783,61.192432],[-165.150049,61.186865],[-165.20376,61.152832],[-165.279785,61.169629],[-165.344873,61.197705],[-165.310791,61.227637],[-165.243945,61.26875],[-165.273633,61.274854],[-165.333691,61.266113],[-165.392041,61.212305],[-165.379297,61.16875],[-165.380762,61.106299],[-165.480469,61.094873],[-165.565869,61.102344],[-165.627588,61.165186],[-165.691357,61.299902],[-165.863965,61.335693],[-165.906299,61.403809],[-165.797119,61.491162],[-165.845313,61.53623],[-165.961328,61.550879],[-166.093994,61.506738],[-166.152734,61.545947],[-166.163525,61.589014],[-166.168115,61.65083],[-166.131152,61.657324],[-166.100488,61.645068],[-165.83457,61.679395],[-165.808936,61.696094],[-166.019922,61.748291],[-166.078809,61.803125],[-165.991406,61.83418],[-165.833838,61.836816],[-165.612793,61.869287],[-165.705811,61.927441],[-165.725244,61.959375],[-165.743945,62.011719],[-165.707275,62.100439],[-165.447656,62.303906],[-165.194531,62.473535],[-165.115625,62.512695],[-164.999707,62.533789],[-164.891846,62.517578],[-164.779199,62.481152],[-164.757861,62.496729],[-164.796094,62.511621],[-164.844385,62.581055],[-164.687988,62.608252],[-164.596289,62.68667],[-164.589453,62.709375],[-164.688965,62.676758],[-164.792676,62.623193],[-164.818652,62.677051],[-164.84541,62.800977],[-164.799658,62.918066],[-164.764062,62.970605],[-164.677441,63.020459],[-164.428125,63.04043],[-164.384229,63.030469],[-164.375098,63.054004],[-164.525195,63.127637],[-164.463281,63.185205],[-164.409033,63.215039],[-164.107617,63.261719],[-163.942871,63.247217],[-163.73623,63.192822],[-163.616309,63.125146],[-163.63374,63.09043],[-163.663574,63.070312],[-163.725732,63.047803],[-163.748975,63.030322],[-163.737842,63.016406],[-163.649365,63.056787],[-163.504346,63.105859],[-163.423193,63.084521],[-163.358838,63.045752],[-163.287842,63.046436],[-163.062256,63.079736],[-162.947705,63.11499],[-162.807764,63.206592],[-162.621484,63.26582],[-162.359814,63.452588],[-162.282813,63.529199],[-162.193311,63.540967],[-162.1125,63.53418],[-162.05625,63.471338],[-161.973975,63.45293],[-161.50542,63.468164],[-161.266016,63.496973],[-161.099707,63.55791],[-160.926709,63.660547],[-160.826514,63.729346],[-160.778564,63.818945],[-160.840479,63.934912],[-160.903955,64.031201],[-160.987549,64.25127],[-161.220117,64.396582],[-161.385693,64.439941],[-161.490723,64.433789],[-161.4146,64.526367],[-161.193066,64.516406],[-161.048779,64.534473],[-160.931934,64.579102],[-160.893701,64.612891],[-160.836035,64.681934],[-160.855908,64.755615],[-160.886963,64.795557],[-160.96748,64.839551],[-161.063232,64.904004],[-161.130176,64.925439],[-161.186914,64.924023],[-161.466357,64.794873],[-161.633984,64.79248],[-161.759375,64.81626],[-161.868311,64.742676],[-162.172266,64.678076],[-162.334619,64.612842],[-162.635742,64.45083],[-162.711084,64.377539],[-162.807031,64.374219],[-162.876416,64.516406],[-163.203906,64.652002],[-163.302832,64.605908],[-163.248291,64.563281],[-163.174072,64.532959],[-163.051758,64.519727],[-163.104492,64.478613],[-163.144336,64.423828],[-163.267041,64.475195],[-163.486182,64.549805],[-163.713086,64.588232],[-164.303955,64.583936],[-164.691846,64.507422],[-164.72749,64.523291],[-164.764941,64.529639],[-164.829541,64.511377],[-164.857275,64.480322],[-164.899512,64.460645],[-164.97876,64.453662],[-165.138135,64.465234],[-165.446191,64.512842],[-166.142773,64.582764],[-166.325098,64.625732],[-166.481396,64.728076],[-166.478125,64.797559],[-166.408691,64.826953],[-166.415234,64.926514],[-166.550879,64.952979],[-166.826953,65.096094],[-166.928418,65.15708],[-166.906396,65.163818],[-166.856787,65.147266],[-166.762549,65.134912],[-166.531006,65.154736],[-166.45166,65.247314],[-166.279687,65.273779],[-166.121484,65.260742],[-166.157031,65.28584],[-166.197412,65.305566],[-166.609375,65.352734],[-166.665381,65.338281],[-167.404004,65.422119],[-167.987256,65.567773],[-168.03501,65.595605],[-168.088379,65.657764],[-168.009668,65.719141],[-167.930566,65.748145],[-167.927002,65.714355],[-167.914355,65.681201],[-167.580029,65.758301],[-167.405322,65.859326],[-167.074219,65.877051],[-166.997217,65.904932],[-166.894434,65.95918],[-166.747656,66.051855],[-166.540137,66.100635],[-166.39873,66.144434],[-166.2146,66.170264],[-166.057422,66.127246],[-166.008936,66.121338],[-165.723682,66.112549],[-165.629932,66.131201],[-165.58999,66.145117],[-165.560205,66.16709],[-165.840234,66.245068],[-165.811865,66.288477],[-165.776172,66.319043],[-165.449414,66.409912],[-165.198291,66.439941],[-165.063965,66.437842],[-164.674121,66.555029],[-164.460498,66.588428],[-164.058252,66.610742],[-163.727686,66.616455],[-163.638232,66.574658],[-163.815723,66.583496],[-163.893945,66.575879],[-163.838232,66.561572],[-163.775488,66.531104],[-163.793701,66.492627],[-163.902881,66.378369],[-163.893945,66.286914],[-163.96499,66.257324],[-164.03374,66.215527],[-163.695361,66.083838],[-163.171436,66.075439],[-162.886475,66.099219],[-162.721777,66.059814],[-162.586865,66.05083],[-162.214258,66.071045],[-161.933691,66.042871],[-161.816309,66.053662],[-161.556836,66.250537],[-161.45542,66.281396],[-161.345068,66.247168],[-161.201074,66.219385],[-161.109229,66.239502],[-161.034277,66.188818],[-161.069531,66.294629],[-161.120313,66.334326],[-161.544434,66.407031],[-161.828174,66.37085],[-161.916895,66.411816],[-161.887598,66.493066],[-162.191162,66.693115],[-162.317725,66.733691],[-162.467432,66.735645],[-162.543652,66.805127],[-162.607422,66.894385],[-162.47832,66.930811],[-162.361621,66.947314],[-162.253564,66.918652],[-162.131396,66.801367],[-162.017627,66.784131],[-162.050732,66.667285],[-161.90957,66.559619],[-161.591016,66.459521],[-161.335938,66.496338],[-161.155811,66.495312],[-161.048145,66.474219],[-160.784473,66.384375],[-160.650537,66.373096],[-160.231689,66.420264],[-160.227344,66.508545],[-160.262549,66.572461],[-160.360889,66.6125],[-160.643799,66.60498],[-160.864014,66.67085],[-161.051465,66.652783],[-161.398047,66.551855],[-161.571729,66.591602],[-161.680908,66.645508],[-161.856689,66.700342],[-161.87876,66.803955],[-161.731299,66.922803],[-161.622217,66.979346],[-161.719922,67.020557],[-161.96543,67.049561],[-162.391553,67.019873],[-162.411572,67.060303],[-162.409424,67.103955],[-162.583105,67.018506],[-162.761426,67.036426],[-163.001709,67.027295],[-163.531836,67.102588],[-163.720557,67.195557],[-163.799805,67.270996],[-163.942676,67.477588],[-164.125195,67.606738],[-165.386035,68.045605],[-165.95957,68.155908],[-166.235938,68.27793],[-166.409131,68.307959],[-166.574463,68.320264],[-166.786279,68.359619],[-166.643896,68.408008],[-166.545898,68.424365],[-166.647852,68.373828],[-166.57041,68.361084],[-166.447021,68.390234],[-166.380518,68.425146],[-166.282959,68.573242],[-166.182031,68.797217],[-166.209082,68.885352],[-165.509473,68.867578],[-165.043945,68.882471],[-164.889697,68.902441],[-164.302344,68.936475],[-164.150195,68.961182],[-163.86792,69.03667],[-163.535693,69.170117],[-163.250537,69.345361],[-163.205176,69.392529],[-163.187109,69.380469],[-163.161475,69.387939],[-163.131006,69.454346],[-163.093555,69.610693],[-162.9521,69.758105],[-162.350391,70.094141],[-162.071143,70.227197],[-161.977979,70.287646],[-161.880957,70.331738],[-161.812598,70.289844],[-161.779932,70.277344],[-161.761084,70.257666],[-161.818408,70.248437],[-161.911963,70.205469],[-162.042383,70.17666],[-162.073877,70.161963],[-161.997412,70.165234],[-161.768164,70.196533],[-161.639014,70.234521],[-160.996289,70.30459],[-160.647656,70.420557],[-160.634131,70.446387],[-160.117139,70.591211],[-160.045605,70.585596],[-159.963135,70.568164],[-160.106396,70.472559],[-160.005566,70.447559],[-160.095068,70.333301],[-159.907568,70.331445],[-159.865674,70.278857],[-159.855225,70.32417],[-159.85752,70.389258],[-159.842627,70.453027],[-159.81499,70.49707],[-159.683301,70.477148],[-159.386768,70.524512],[-159.746191,70.530469],[-159.961816,70.634082],[-160.081592,70.634863],[-159.680908,70.786768],[-159.314502,70.878516],[-159.231738,70.876758],[-159.191748,70.859668],[-159.183154,70.831934],[-159.262207,70.813867],[-159.339844,70.78125],[-159.30415,70.752539],[-159.251172,70.748437],[-159.075049,70.77207],[-158.996289,70.801611],[-158.620947,70.799023],[-158.51084,70.820117],[-158.484375,70.841064],[-157.998486,70.845313],[-157.909375,70.860107],[-157.605615,70.94126],[-157.324756,71.0396],[-157.195312,71.093262],[-156.97334,71.230029],[-156.783301,71.318945],[-156.470215,71.407666],[-156.395264,71.39668],[-156.49668,71.379102],[-156.567236,71.341553],[-156.469971,71.291553],[-155.811133,71.188428],[-155.645605,71.182764],[-155.579443,71.121094],[-155.63457,71.061572],[-155.804346,70.99541],[-156.146582,70.927832],[-156.041943,70.902246],[-155.973535,70.841992],[-155.872217,70.834668],[-155.708057,70.857275],[-155.579395,70.894336],[-155.313379,71.01499],[-155.229736,71.082227],[-155.166846,71.099219],[-154.943799,71.083057],[-154.817529,71.048486],[-154.673682,70.987109],[-154.726318,70.927783],[-154.785205,70.894287],[-154.598633,70.847998],[-154.392188,70.83833],[-154.195215,70.801123],[-153.918213,70.877344],[-153.701367,70.893604],[-153.497705,70.891064],[-153.23291,70.932568],[-152.784912,70.876025],[-152.67085,70.890723],[-152.491211,70.880957],[-152.300391,70.846777],[-152.23291,70.810352],[-152.437256,70.733252],[-152.470605,70.653613],[-152.399219,70.620459],[-152.269678,70.614746],[-152.253369,70.568262],[-152.172949,70.556641],[-151.769043,70.560156],[-151.799902,70.538037],[-151.819629,70.511328],[-151.944678,70.4521],[-151.224805,70.41875],[-151.128027,70.451611],[-150.979053,70.464697],[-150.662646,70.509912],[-150.543506,70.490137],[-150.403223,70.443896],[-150.273633,70.434326],[-150.15249,70.443701],[-149.870117,70.509668],[-149.544043,70.512891],[-149.410596,70.491406],[-149.269434,70.500781],[-148.844775,70.425195],[-148.688379,70.416309],[-148.479199,70.31792],[-148.371143,70.31499],[-148.248779,70.356738],[-148.142725,70.355469],[-148.039062,70.315479],[-147.869531,70.303271],[-147.790576,70.240137],[-147.705371,70.217236],[-147.062939,70.17041],[-146.744873,70.191748],[-146.28125,70.186133],[-146.057666,70.15625],[-145.823145,70.160059],[-145.440088,70.050928],[-145.236816,70.033936],[-145.197363,70.008691],[-144.619189,69.982129],[-144.416895,70.039014],[-144.064111,70.054102],[-143.746436,70.101953],[-143.566406,70.101465],[-143.357031,70.089551],[-143.276465,70.095313],[-143.218311,70.11626],[-142.707861,70.033789],[-142.422119,69.939502],[-142.296973,69.869873],[-141.699219,69.770361],[-141.526367,69.714697],[-141.40791,69.653369],[-141.338623,69.646777],[-141.289648,69.664697],[-141.080811,69.659424],[-141.002148,69.650781],[-141.002148,69.358594],[-141.002148,69.066357],[-141.002148,68.77417],[-141.002148,68.481982],[-141.002148,68.189746],[-141.002148,67.897559],[-141.002148,67.605371],[-141.002148,67.313135],[-141.002148,67.020947],[-141.002148,66.72876],[-141.002148,66.436523],[-141.002148,66.144336],[-141.002148,65.852148],[-141.002148,65.559912],[-141.002148,65.267725],[-141.002148,64.975537],[-141.002148,64.683301],[-141.002148,64.391113],[-141.002148,64.098877],[-141.002148,63.806689],[-141.002148,63.514453],[-141.002148,63.222266],[-141.002148,62.930078],[-141.002148,62.637891],[-141.002148,62.345703],[-141.002148,62.053467],[-141.002148,61.761279],[-141.002148,61.469043],[-141.002148,61.176855],[-141.002148,60.884668],[-141.002148,60.592432],[-141.002148,60.300244],[-140.762744,60.259131],[-140.525439,60.218359],[-140.452832,60.299707],[-140.196924,60.2375],[-139.973291,60.183154],[-139.830664,60.252881],[-139.676318,60.32832],[-139.467969,60.333691],[-139.234766,60.339746],[-139.079248,60.343701],[-139.079248,60.279443],[-139.136963,60.172705],[-139.185156,60.083594],[-139.043457,59.993262],[-138.86875,59.945752],[-138.705469,59.901318],[-138.632275,59.778271],[-138.453613,59.683398],[-138.317627,59.611133],[-138.187451,59.541943],[-138.001123,59.44292],[-137.870557,59.373584],[-137.696631,59.281152],[-137.593311,59.22627],[-137.543701,59.119434],[-137.48418,58.991211],[-137.520898,58.915381],[-137.438574,58.903125],[-137.277539,58.988184],[-137.126221,59.040967],[-136.939307,59.106104],[-136.813281,59.150049],[-136.57876,59.152246],[-136.466748,59.279932],[-136.466357,59.459082],[-136.347852,59.456055],[-136.277979,59.480322],[-136.247119,59.53291],[-136.321826,59.604834],[-136.097168,59.638379],[-135.934668,59.662646],[-135.702588,59.72876],[-135.475928,59.793262],[-135.367871,59.743311],[-135.260791,59.69502],[-135.051025,59.578662],[-135.03667,59.550684],[-135.05083,59.496045],[-135.071289,59.441455],[-134.94375,59.288281],[-134.907227,59.271191],[-134.802393,59.25],[-134.677246,59.199268],[-134.621973,59.155322],[-134.440771,59.085352],[-134.410205,59.05625],[-134.393066,59.00918],[-134.363525,58.96875],[-134.329639,58.939697],[-134.296973,58.898486],[-134.218506,58.849902],[-134.069189,58.795508],[-133.965723,58.757861],[-133.820752,58.705029],[-133.673926,58.597168],[-133.546387,58.503467],[-133.401123,58.410889],[-133.422559,58.337061],[-133.275293,58.222852],[-133.12041,58.077734],[-133.001416,57.948975],[-132.916846,57.877002],[-132.815527,57.772705],[-132.691504,57.645117],[-132.550488,57.499902],[-132.44248,57.406738],[-132.30166,57.276318],[-132.232178,57.198535],[-132.279395,57.145361],[-132.337988,57.079443],[-132.157031,57.048193],[-132.031543,57.026562],[-132.062891,56.953369],[-132.104297,56.856787],[-131.9625,56.818701],[-131.866162,56.792822],[-131.885986,56.742139],[-131.833105,56.684814],[-131.824268,56.58999],[-131.651514,56.596094],[-131.575098,56.598828],[-131.471875,56.556738],[-131.335791,56.501221],[-131.199414,56.449219],[-131.08291,56.404834],[-130.930225,56.378613],[-130.741699,56.34082],[-130.649072,56.263672],[-130.4771,56.230566],[-130.413135,56.12251],[-130.214697,56.082812],[-130.097852,56.109277],[-130.055957,56.065234],[-130.0229,56.014502],[-130.014062,55.950537],[-130.025098,55.888232],[-130.074658,55.836035]]],[[[-163.378955,54.815527],[-163.336914,54.783203],[-163.274512,54.765576],[-163.187109,54.747754],[-163.135059,54.723291],[-163.089258,54.686084],[-163.083252,54.668994],[-163.358105,54.735693],[-163.530859,54.63833],[-163.583008,54.625684],[-164.073291,54.620996],[-164.171289,54.603027],[-164.234619,54.571338],[-164.34668,54.482422],[-164.403516,54.447852],[-164.463477,54.427344],[-164.59082,54.404346],[-164.743799,54.407471],[-164.823438,54.419092],[-164.866162,54.461377],[-164.903955,54.544775],[-164.903711,54.567969],[-164.887646,54.607813],[-164.751465,54.662939],[-164.706201,54.691992],[-164.529785,54.880859],[-164.478613,54.906836],[-164.424316,54.913184],[-164.273682,54.900049],[-164.145068,54.955127],[-163.867969,55.039111],[-163.807129,55.049072],[-163.607471,55.05083],[-163.553027,55.037842],[-163.510889,55.014307],[-163.476025,54.980713],[-163.378955,54.815527]]],[[[-133.283203,55.515625],[-133.281689,55.497852],[-133.426465,55.431445],[-133.429102,55.417725],[-133.463086,55.37666],[-133.493457,55.36167],[-133.547363,55.317236],[-133.650195,55.269287],[-133.63501,55.41333],[-133.737109,55.496924],[-133.634229,55.539258],[-133.566699,55.527197],[-133.454785,55.522314],[-133.345557,55.559082],[-133.305078,55.54375],[-133.283203,55.515625]]],[[[-131.237451,54.949512],[-131.232031,54.90376],[-131.329541,54.887744],[-131.406201,54.894287],[-131.445703,54.909326],[-131.456104,54.930566],[-131.431348,54.996484],[-131.481738,55.035254],[-131.540039,55.048486],[-131.592236,55.025684],[-131.595117,55.090723],[-131.556006,55.137402],[-131.577832,55.20083],[-131.578467,55.248779],[-131.56543,55.264111],[-131.512646,55.262744],[-131.404639,55.21333],[-131.339746,55.079834],[-131.237451,54.949512]]],[[[-132.132959,55.943262],[-132.172607,55.952637],[-132.210303,55.952979],[-132.287305,55.929395],[-132.368604,55.939746],[-132.406592,55.958203],[-132.420605,55.979541],[-132.406055,56.028857],[-132.451172,56.056348],[-132.602979,56.066406],[-132.659912,56.078174],[-132.691357,56.130078],[-132.699023,56.198193],[-132.675195,56.223633],[-132.59873,56.24165],[-132.539014,56.32417],[-132.505957,56.335254],[-132.379834,56.498779],[-132.316504,56.4875],[-132.205615,56.387939],[-132.066895,56.244238],[-132.112354,56.109375],[-132.132959,55.943262]]],[[[-131.013916,55.379297],[-131.082764,55.266797],[-131.187891,55.206299],[-131.261865,55.219775],[-131.316309,55.268506],[-131.366846,55.26582],[-131.420703,55.275879],[-131.450928,55.316309],[-131.422363,55.368408],[-131.447559,55.408789],[-131.474512,55.373486],[-131.521826,55.341064],[-131.641309,55.298926],[-131.723682,55.218359],[-131.7625,55.16582],[-131.810986,55.223096],[-131.841992,55.358691],[-131.846094,55.41626],[-131.759473,55.503076],[-131.647559,55.585547],[-131.624951,55.831689],[-131.269238,55.955371],[-131.236182,55.948975],[-131.120654,55.856641],[-130.997803,55.727637],[-130.965967,55.669531],[-130.965039,55.568018],[-130.97915,55.48916],[-131.013916,55.379297]]],[[[-133.299707,56.972168],[-133.263525,57.00498],[-133.195996,57.003467],[-133.070801,56.974268],[-132.99624,56.93042],[-132.95415,56.880273],[-132.950586,56.850439],[-132.96333,56.782568],[-132.954004,56.713086],[-132.95918,56.677051],[-132.975879,56.647266],[-133.004102,56.62373],[-133.034912,56.620752],[-133.132373,56.683252],[-133.243994,56.79585],[-133.328955,56.830078],[-133.332422,56.818506],[-133.309082,56.78623],[-133.239697,56.725684],[-133.227246,56.689258],[-133.178467,56.644824],[-133.156641,56.611133],[-133.144238,56.566895],[-133.144727,56.528223],[-133.158154,56.495166],[-133.180811,56.473975],[-133.212646,56.4646],[-133.382764,56.473877],[-133.48418,56.451758],[-133.602783,56.464111],[-133.631348,56.484033],[-133.649268,56.516797],[-133.658301,56.596289],[-133.688184,56.71001],[-133.680957,56.79751],[-133.75752,56.87666],[-133.823047,56.924365],[-133.917285,56.96709],[-133.979443,57.00957],[-133.962354,57.043457],[-133.865967,57.068701],[-133.707715,57.062842],[-133.366211,57.003516],[-133.299707,56.972168]]],[[[-132.837744,54.880957],[-132.812891,54.89043],[-132.772314,54.926074],[-132.700635,54.919043],[-132.648877,54.90708],[-132.617236,54.892432],[-132.634033,54.840479],[-132.646973,54.756152],[-132.67666,54.726221],[-132.705811,54.68418],[-132.807275,54.709131],[-132.8896,54.762646],[-133.008936,54.854834],[-133.075391,54.921338],[-133.080566,54.949414],[-133.122705,54.969824],[-133.204639,55.084473],[-133.251172,55.175146],[-133.324854,55.185498],[-133.417969,55.210693],[-133.453809,55.260352],[-133.429053,55.303809],[-133.296582,55.325732],[-133.097412,55.213721],[-133.06709,55.166211],[-132.995752,55.110596],[-132.982178,55.033008],[-132.945996,55.002588],[-132.862256,54.894434],[-132.837744,54.880957]]],[[[-146.37168,60.422168],[-146.179541,60.42876],[-146.124268,60.423926],[-146.102246,60.411182],[-146.128271,60.392529],[-146.202393,60.368018],[-146.419189,60.325049],[-146.595313,60.268457],[-146.618311,60.273682],[-146.650439,60.335645],[-146.683008,60.360693],[-146.702881,60.395605],[-146.702539,60.408545],[-146.670264,60.432617],[-146.605908,60.467822],[-146.560303,60.480566],[-146.393945,60.449658],[-146.37168,60.422168]]],[[[-147.846338,59.798828],[-147.872461,59.828369],[-147.814355,59.901953],[-147.768066,59.94375],[-147.733643,59.953613],[-147.606689,60.036621],[-147.46582,60.097021],[-147.336523,60.185352],[-147.205225,60.311328],[-147.180859,60.358252],[-147.12002,60.363086],[-147.019873,60.332227],[-146.957861,60.288867],[-146.986719,60.254346],[-147.318457,60.075293],[-147.346338,60.051953],[-147.376514,59.991162],[-147.403809,59.969971],[-147.447559,59.960254],[-147.479395,59.933691],[-147.499316,59.890186],[-147.540234,59.867529],[-147.602051,59.865576],[-147.644922,59.853613],[-147.66875,59.831543],[-147.735889,59.813232],[-147.846338,59.798828]]],[[[-147.658691,60.424121],[-147.690039,60.398877],[-147.659961,60.35249],[-147.712012,60.272754],[-147.732129,60.22207],[-147.759912,60.190234],[-147.787842,60.17793],[-147.81582,60.185156],[-147.82168,60.202734],[-147.805273,60.230664],[-147.871338,60.229785],[-147.891455,60.299414],[-147.854883,60.321436],[-147.841699,60.35127],[-147.837598,60.371289],[-147.794531,60.459863],[-147.77915,60.466064],[-147.77417,60.444971],[-147.760205,60.43877],[-147.737305,60.447412],[-147.702979,60.486816],[-147.688574,60.491406],[-147.658252,60.450488],[-147.658691,60.424121]]],[[[-148.057422,60.81792],[-148.11543,60.830615],[-148.123779,60.844336],[-148.099707,60.894824],[-148.10166,60.916113],[-148.037744,60.924121],[-147.964404,60.900146],[-147.943115,60.875391],[-147.930713,60.826172],[-148.057422,60.81792]]],[[[-153.134229,57.092578],[-153.156836,57.093945],[-153.2354,57.028613],[-153.29541,57.000439],[-153.374609,57.051904],[-153.354346,57.131934],[-153.285205,57.185059],[-152.935449,57.167334],[-152.908398,57.152441],[-152.907764,57.139746],[-152.933447,57.129248],[-153.00708,57.124854],[-153.134229,57.092578]]],[[[-152.515527,58.478613],[-152.588623,58.509229],[-152.636621,58.541699],[-152.604883,58.566406],[-152.463184,58.618506],[-152.395508,58.619385],[-152.36792,58.611084],[-152.356836,58.594971],[-152.362256,58.57085],[-152.392822,58.540869],[-152.486084,58.48501],[-152.515527,58.478613]]],[[[-153.268555,57.822363],[-153.294971,57.829492],[-153.35083,57.861963],[-153.465039,57.909375],[-153.51709,57.941895],[-153.520068,57.955762],[-153.481055,57.971045],[-153.346973,57.932812],[-153.290039,57.8979],[-153.240625,57.850098],[-153.268555,57.822363]]],[[[-155.604883,55.789551],[-155.680615,55.791846],[-155.723193,55.802197],[-155.737354,55.829785],[-155.620605,55.913086],[-155.593945,55.924316],[-155.573242,55.921094],[-155.563916,55.88667],[-155.566016,55.821191],[-155.604883,55.789551]]],[[[-154.751221,56.412158],[-154.773926,56.420264],[-154.777148,56.439893],[-154.760938,56.471143],[-154.729346,56.502148],[-154.62373,56.561328],[-154.517529,56.600537],[-154.463379,56.598193],[-154.444873,56.573193],[-154.511182,56.521436],[-154.682813,56.435791],[-154.751221,56.412158]]],[[[-154.257812,56.512695],[-154.332129,56.539014],[-154.322217,56.570605],[-154.216748,56.60874],[-154.1104,56.60293],[-154.102246,56.581641],[-154.107178,56.557812],[-154.115967,56.543896],[-154.149805,56.52959],[-154.208643,56.514893],[-154.257812,56.512695]]],[[[-160.669727,55.314258],[-160.638818,55.321924],[-160.573975,55.378271],[-160.552783,55.380762],[-160.55249,55.363379],[-160.583154,55.307617],[-160.531201,55.233203],[-160.482666,55.197412],[-160.487549,55.184863],[-160.609082,55.159033],[-160.701807,55.177637],[-160.750635,55.171191],[-160.795068,55.145215],[-160.825488,55.173975],[-160.846533,55.311328],[-160.839648,55.3354],[-160.789209,55.383105],[-160.723926,55.404639],[-160.695654,55.39834],[-160.672168,55.379395],[-160.666357,55.359424],[-160.684912,55.314795],[-160.669727,55.314258]]],[[[-162.321924,54.842383],[-162.390771,54.872998],[-162.415771,54.895898],[-162.433887,54.931543],[-162.293652,54.982861],[-162.2646,54.983496],[-162.238379,54.954736],[-162.23374,54.932031],[-162.272559,54.867188],[-162.298145,54.847021],[-162.321924,54.842383]]],[[[-162.641113,54.379541],[-162.733105,54.402295],[-162.811719,54.444385],[-162.820557,54.494531],[-162.64541,54.462061],[-162.607959,54.446631],[-162.554395,54.401367],[-162.641113,54.379541]]],[[[-159.933936,55.106836],[-159.953076,55.078955],[-159.999414,55.067187],[-160.038428,55.044482],[-160.16958,54.941699],[-160.227051,54.922705],[-160.163574,55.010449],[-160.153613,55.03833],[-160.152393,55.056885],[-160.17207,55.123047],[-160.13374,55.120166],[-160.102197,55.133887],[-160.03877,55.192529],[-159.981641,55.197754],[-159.920459,55.267529],[-159.887354,55.272998],[-159.871045,55.263574],[-159.898242,55.221289],[-159.839404,55.182373],[-159.854102,55.144678],[-159.872998,55.12876],[-159.933936,55.106836]]],[[[-165.879395,54.053027],[-165.909863,54.04917],[-165.93291,54.05918],[-166.036426,54.047168],[-166.056641,54.054346],[-166.102832,54.113965],[-166.105811,54.144824],[-166.087744,54.169141],[-166.04126,54.19126],[-165.966406,54.211035],[-165.892871,54.206982],[-165.764453,54.1521],[-165.704248,54.119922],[-165.692871,54.099902],[-165.737891,54.081104],[-165.841553,54.070654],[-165.879395,54.053027]]],[[[-165.604834,54.12915],[-165.615381,54.139551],[-165.620508,54.183545],[-165.65415,54.25332],[-165.590332,54.278662],[-165.550635,54.284521],[-165.533789,54.273877],[-165.487695,54.221875],[-165.441748,54.208008],[-165.407861,54.196826],[-165.467578,54.180908],[-165.561133,54.136719],[-165.604834,54.12915]]],[[[-160.992383,58.561035],[-161.070264,58.569141],[-161.131494,58.668213],[-161.08457,58.671289],[-160.98623,58.736426],[-160.768604,58.789209],[-160.715137,58.795215],[-160.918994,58.5771],[-160.992383,58.561035]]],[[[-172.526074,60.391748],[-172.3875,60.398486],[-172.277539,60.343652],[-172.23208,60.299121],[-172.397168,60.331104],[-172.635742,60.328857],[-172.958398,60.462793],[-173.074023,60.493213],[-173.047656,60.568311],[-172.923877,60.606836],[-172.860205,60.505664],[-172.742236,60.457373],[-172.526074,60.391748]]],[[[-170.264014,57.136768],[-170.358008,57.154199],[-170.385889,57.188574],[-170.386621,57.203027],[-170.116162,57.241797],[-170.160547,57.183936],[-170.264014,57.136768]]],[[[-169.708105,52.807129],[-169.722754,52.792334],[-169.877344,52.81377],[-169.980566,52.806006],[-169.991846,52.829834],[-169.982568,52.851025],[-169.820654,52.883398],[-169.754883,52.883643],[-169.710986,52.866748],[-169.691943,52.847363],[-169.708105,52.807129]]],[[[-170.797363,52.549756],[-170.816064,52.561523],[-170.827051,52.600732],[-170.791162,52.63125],[-170.68208,52.697559],[-170.608057,52.685059],[-170.584619,52.667578],[-170.586621,52.642432],[-170.614014,52.609619],[-170.649268,52.593115],[-170.692285,52.592969],[-170.733398,52.581494],[-170.797363,52.549756]]],[[[-172.539111,52.257471],[-172.619824,52.272852],[-172.582178,52.325635],[-172.543652,52.353809],[-172.47041,52.388037],[-172.383105,52.372949],[-172.313623,52.32959],[-172.464795,52.272266],[-172.539111,52.257471]]],[[[-169.623926,56.615137],[-169.550488,56.628125],[-169.485693,56.617725],[-169.474316,56.594043],[-169.586865,56.542432],[-169.632617,56.545703],[-169.766162,56.607959],[-169.755225,56.635059],[-169.623926,56.615137]]],[[[-176.349658,51.733301],[-176.396094,51.759863],[-176.413721,51.840576],[-176.378564,51.861133],[-176.280225,51.802832],[-176.286719,51.791992],[-176.349658,51.733301]]],[[[-176.045068,51.972998],[-176.142871,52.004297],[-176.177539,52.029834],[-176.184521,52.056055],[-176.155664,52.099414],[-176.077393,52.099951],[-176.031201,52.082324],[-175.988086,52.049463],[-175.975293,52.028955],[-176.021533,52.002441],[-176.045068,51.972998]]],[[[-177.177002,51.703711],[-177.229883,51.693555],[-177.382373,51.704834],[-177.474658,51.70127],[-177.577588,51.694189],[-177.654883,51.676562],[-177.670215,51.701074],[-177.667627,51.721191],[-177.334717,51.776221],[-177.257275,51.804932],[-177.209766,51.84126],[-177.166406,51.909424],[-177.131494,51.929785],[-177.110059,51.92876],[-177.063037,51.901904],[-177.079541,51.866553],[-177.121387,51.835791],[-177.135107,51.806934],[-177.148193,51.716748],[-177.177002,51.703711]]],[[[-134.884863,57.241699],[-134.823193,57.156543],[-134.768506,57.054199],[-134.676855,56.842285],[-134.634082,56.762109],[-134.620703,56.718311],[-134.610547,56.603418],[-134.624316,56.578711],[-134.651709,56.556055],[-134.65708,56.523242],[-134.631689,56.435645],[-134.630029,56.302441],[-134.654004,56.22749],[-134.681885,56.216162],[-134.750293,56.240771],[-134.806445,56.28125],[-134.847998,56.323486],[-134.950146,56.456836],[-134.980566,56.518945],[-134.982422,56.563623],[-134.96665,56.596143],[-134.933203,56.616357],[-134.875098,56.670459],[-134.883447,56.679053],[-134.927588,56.666992],[-135.017822,56.660156],[-135.097168,56.702832],[-135.159033,56.725391],[-135.146582,56.802344],[-135.163135,56.824121],[-135.284814,56.800342],[-135.330615,56.821875],[-135.340625,56.850781],[-135.338379,56.893994],[-135.315137,56.931836],[-135.199609,57.027344],[-135.21123,57.044922],[-135.267383,57.048877],[-135.341357,57.081592],[-135.375293,57.188428],[-135.454932,57.249414],[-135.501953,57.243848],[-135.608936,57.071436],[-135.661865,57.03374],[-135.812305,57.009521],[-135.781641,57.05752],[-135.767725,57.100391],[-135.821143,57.23042],[-135.822754,57.28042],[-135.787109,57.317285],[-135.680908,57.332568],[-135.624512,57.354395],[-135.580566,57.38999],[-135.569629,57.424707],[-135.487305,57.516504],[-135.448682,57.534375],[-135.346289,57.533105],[-135.130664,57.431641],[-135.065234,57.416699],[-134.969775,57.351416],[-134.884863,57.241699]]],[[[-134.426123,58.138818],[-134.240088,58.143994],[-134.070166,57.994531],[-133.965527,57.873779],[-133.904102,57.789209],[-133.869287,57.70752],[-133.822754,57.628662],[-133.826904,57.617578],[-133.925,57.670801],[-133.995557,57.778467],[-134.031641,57.820605],[-134.067236,57.8396],[-134.104736,57.879346],[-134.177539,57.982178],[-134.180273,58.011133],[-134.212598,58.037939],[-134.249951,58.04917],[-134.292334,58.044727],[-134.306885,58.034375],[-134.300391,57.963428],[-134.26709,57.884521],[-134.083691,57.712256],[-133.961133,57.61416],[-133.937012,57.581592],[-133.92085,57.491992],[-133.97373,57.451367],[-133.908838,57.368701],[-133.911133,57.352539],[-133.925293,57.336768],[-134.100049,57.300098],[-134.260156,57.146777],[-134.435303,57.056982],[-134.516016,57.042578],[-134.554785,57.057568],[-134.591504,57.091992],[-134.613086,57.137939],[-134.619531,57.195508],[-134.575879,57.231738],[-134.489209,57.420166],[-134.486768,57.482031],[-134.594824,57.567822],[-134.659863,57.638086],[-134.695117,57.736035],[-134.754102,57.99502],[-134.781494,58.077832],[-134.820117,58.146875],[-134.869971,58.2021],[-134.907666,58.262793],[-134.933105,58.328955],[-134.923486,58.354639],[-134.836963,58.320166],[-134.733203,58.225],[-134.680273,58.16167],[-134.426123,58.138818]]],[[[-135.5875,58.146777],[-135.586279,58.124414],[-135.615381,58.057471],[-135.693115,58.038525],[-135.671143,58.011914],[-135.613232,57.991846],[-135.572021,58.008545],[-135.421191,58.102393],[-135.374707,58.122119],[-135.346631,58.124121],[-135.162842,58.09585],[-135.0021,58.051074],[-134.954688,58.015332],[-134.927979,57.952783],[-134.970654,57.817236],[-135.102588,57.793652],[-135.164746,57.796094],[-135.231201,57.81582],[-135.338477,57.768652],[-135.249561,57.732568],[-134.978857,57.724365],[-134.896631,57.647998],[-134.873096,57.589209],[-134.931494,57.481152],[-135.084863,57.511035],[-135.220215,57.573633],[-135.497852,57.662256],[-135.564209,57.666406],[-135.608545,57.650732],[-135.620654,57.596973],[-135.617822,57.480371],[-135.691943,57.419922],[-135.910791,57.446582],[-135.99668,57.534863],[-136.076611,57.674561],[-136.378223,57.83999],[-136.459912,57.873096],[-136.568604,57.972168],[-136.525098,58.050586],[-136.512305,58.095996],[-136.454395,58.108008],[-136.369531,58.143066],[-136.321973,58.218896],[-136.245703,58.157471],[-136.14375,58.098486],[-136.142334,58.153906],[-136.094385,58.198145],[-135.994385,58.196533],[-135.947412,58.205811],[-135.881738,58.247168],[-135.787061,58.268506],[-135.730371,58.244238],[-135.5875,58.146777]]],[[[-133.376611,56.317773],[-133.202979,56.319824],[-133.143701,56.278564],[-133.104492,56.235107],[-133.081738,56.194189],[-133.075439,56.155859],[-133.080127,56.128711],[-133.101221,56.099805],[-133.096631,56.090039],[-132.757568,55.99502],[-132.597607,55.89502],[-132.533789,55.84248],[-132.496973,55.798096],[-132.430176,55.687012],[-132.288867,55.558105],[-132.214746,55.518848],[-132.172705,55.480615],[-132.196338,55.47915],[-132.295898,55.507471],[-132.511279,55.593945],[-132.528857,55.590479],[-132.54834,55.543701],[-132.581738,55.502637],[-132.631299,55.473193],[-132.591602,55.464355],[-132.417871,55.48291],[-132.272021,55.398633],[-132.215283,55.383545],[-132.160254,55.322998],[-132.158398,55.299805],[-132.19043,55.25498],[-132.214893,55.236768],[-132.206689,55.224414],[-132.165967,55.218018],[-132.005078,55.230615],[-131.976416,55.208594],[-132.000391,55.033838],[-131.977588,54.969482],[-131.97793,54.940234],[-131.996582,54.901416],[-131.997217,54.868604],[-131.982715,54.834912],[-131.980859,54.804834],[-132.02168,54.726318],[-132.064746,54.713135],[-132.134326,54.712549],[-132.189258,54.734863],[-132.266309,54.802344],[-132.341309,54.907227],[-132.370215,54.922217],[-132.468652,54.937939],[-132.486475,54.950391],[-132.549365,54.952588],[-132.593848,54.995752],[-132.588477,55.052344],[-132.626953,55.110059],[-132.622168,55.135937],[-132.665332,55.146777],[-132.701758,55.130518],[-132.682861,55.073926],[-132.70415,55.030078],[-132.782324,55.048486],[-132.912598,55.188477],[-133.060596,55.300928],[-133.118555,55.327637],[-133.103027,55.360254],[-133.030029,55.377539],[-132.970801,55.376172],[-132.958887,55.395557],[-133.082471,55.504102],[-133.078418,55.534912],[-133.033398,55.589697],[-133.089648,55.612598],[-133.24375,55.59541],[-133.298242,55.606885],[-133.342822,55.65083],[-133.368994,55.688965],[-133.502734,55.695898],[-133.553271,55.691162],[-133.640479,55.748779],[-133.680176,55.785156],[-133.664404,55.803809],[-133.584082,55.836523],[-133.537158,55.831934],[-133.446973,55.797021],[-133.411719,55.79834],[-133.322119,55.844629],[-133.308496,55.886475],[-133.241504,55.920801],[-133.252148,55.95708],[-133.289209,56.018701],[-133.37124,56.035889],[-133.538623,55.999268],[-133.684229,55.942773],[-133.742529,55.964844],[-133.755176,55.999463],[-133.599219,56.093652],[-133.530859,56.145654],[-133.544092,56.176514],[-133.594434,56.216357],[-133.598633,56.31626],[-133.566113,56.339209],[-133.376611,56.317773]]],[[[-133.924805,56.775684],[-133.830859,56.781299],[-133.778125,56.728906],[-133.738379,56.650439],[-133.767285,56.600098],[-133.809033,56.611328],[-133.855273,56.582178],[-133.883594,56.485498],[-133.870459,56.388672],[-133.884619,56.292139],[-133.938525,56.193652],[-133.949707,56.127734],[-133.970801,56.10791],[-133.993994,56.101123],[-134.024023,56.118994],[-134.06748,56.133008],[-134.122412,56.077393],[-134.1896,56.076953],[-134.245068,56.203271],[-134.195459,56.413525],[-134.084375,56.456348],[-134.150488,56.513477],[-134.290234,56.580029],[-134.278369,56.61709],[-134.384424,56.724023],[-134.390625,56.749463],[-134.373682,56.838672],[-134.274414,56.918164],[-134.143262,56.932324],[-134.051807,56.898291],[-134.000586,56.869189],[-133.9896,56.844971],[-133.924805,56.775684]]],[[[-152.380762,58.3521],[-152.343018,58.411621],[-152.31626,58.413477],[-152.197949,58.363086],[-152.125244,58.374268],[-152.078516,58.312354],[-152.036621,58.306689],[-151.997754,58.314209],[-151.974365,58.309863],[-151.98252,58.244336],[-152.068896,58.17793],[-152.109082,58.161133],[-152.165479,58.178271],[-152.186523,58.184668],[-152.223584,58.214014],[-152.25166,58.251123],[-152.268359,58.251709],[-152.334375,58.208057],[-152.332666,58.186523],[-152.305225,58.154053],[-152.309229,58.133887],[-152.381152,58.124268],[-152.451611,58.129248],[-152.537646,58.100977],[-152.558203,58.118604],[-152.571338,58.168213],[-152.598242,58.162598],[-152.63877,58.101807],[-152.683057,58.06333],[-152.763867,58.031396],[-152.781543,58.015918],[-152.840723,58.013818],[-152.928418,57.993701],[-152.982568,57.99707],[-153.305469,58.063086],[-153.381348,58.087207],[-153.11582,58.238525],[-152.976123,58.297021],[-152.895361,58.293848],[-152.814551,58.275635],[-152.771875,58.278564],[-152.768701,58.345605],[-152.843945,58.395605],[-152.841113,58.416406],[-152.674658,58.450586],[-152.612305,58.445703],[-152.543555,58.428174],[-152.478467,58.399707],[-152.416943,58.360205],[-152.380762,58.3521]]],[[[-168.270703,53.238037],[-168.370117,53.159766],[-168.445996,53.084424],[-168.505615,53.043164],[-168.549023,53.036084],[-168.597412,53.016113],[-168.698535,52.963428],[-168.741016,52.956885],[-169.065918,52.833936],[-169.088916,52.832031],[-169.073096,52.86416],[-168.973877,52.909668],[-168.90918,52.951172],[-168.836084,53.019727],[-168.79585,53.044922],[-168.783008,53.079346],[-168.777783,53.148779],[-168.759619,53.175049],[-168.689844,53.227246],[-168.639014,53.255762],[-168.572168,53.265625],[-168.436621,53.256885],[-168.38042,53.283447],[-168.362988,53.303564],[-168.397266,53.321924],[-168.405322,53.353809],[-168.396436,53.408789],[-168.357227,53.457568],[-168.287695,53.500146],[-168.193066,53.533301],[-168.073291,53.556982],[-167.985693,53.558203],[-167.828076,53.507959],[-167.804688,53.484961],[-167.843115,53.43457],[-167.865137,53.387305],[-167.964355,53.345117],[-168.270703,53.238037]]],[[[-166.572168,53.853467],[-166.497461,53.883545],[-166.442773,53.924805],[-166.400049,53.978125],[-166.372314,53.998975],[-166.335645,53.970898],[-166.230859,53.932617],[-166.318994,53.873779],[-166.48877,53.785498],[-166.545605,53.726465],[-166.549219,53.700977],[-166.384717,53.720508],[-166.33877,53.717676],[-166.309473,53.69751],[-166.354541,53.673535],[-166.444189,53.651807],[-166.522021,53.609668],[-166.702197,53.53667],[-166.77041,53.476025],[-166.850977,53.452881],[-166.960742,53.447363],[-167.153662,53.407861],[-167.270801,53.370605],[-167.300439,53.350488],[-167.337256,53.340967],[-167.381299,53.341992],[-167.428809,53.325684],[-167.479834,53.291992],[-167.522461,53.276221],[-167.592187,53.272705],[-167.628613,53.259424],[-167.669434,53.259961],[-167.780859,53.300244],[-167.808789,53.323779],[-167.710107,53.370898],[-167.638721,53.386572],[-167.530176,53.393701],[-167.423535,53.437256],[-167.204102,53.494971],[-167.136084,53.526465],[-167.092334,53.635937],[-167.042432,53.65459],[-167.015723,53.698389],[-166.894141,53.697119],[-166.83833,53.648047],[-166.81875,53.641357],[-166.808984,53.646143],[-166.803662,53.6854],[-166.74126,53.712939],[-166.777246,53.733154],[-166.8896,53.758594],[-166.972949,53.770557],[-167.027246,53.769141],[-167.071484,53.783398],[-167.105615,53.813379],[-167.121143,53.843115],[-167.118164,53.872607],[-167.090479,53.905664],[-167.038086,53.942187],[-166.978076,53.962939],[-166.848682,53.977881],[-166.734033,54.002197],[-166.673291,54.005957],[-166.627393,53.995654],[-166.615332,53.900928],[-166.572168,53.853467]]],[[[-173.357227,52.095654],[-173.113281,52.100391],[-173.024316,52.090527],[-173.0229,52.07915],[-173.178857,52.0625],[-173.232227,52.067969],[-173.368408,52.045605],[-173.460986,52.041553],[-173.672559,52.062646],[-173.835791,52.048193],[-173.878955,52.053662],[-173.930225,52.072168],[-173.9896,52.103613],[-173.99248,52.12334],[-173.938916,52.131299],[-173.794092,52.104297],[-173.779004,52.118359],[-173.656836,52.14375],[-173.55332,52.136279],[-173.357227,52.095654]]],[[[-175.213867,51.993896],[-175.295557,52.022168],[-175.21416,52.038232],[-175.117676,52.047119],[-174.915918,52.094189],[-174.667773,52.134961],[-174.474268,52.184033],[-174.306152,52.216162],[-174.258838,52.269043],[-174.406494,52.295996],[-174.435547,52.317236],[-174.36543,52.341943],[-174.306885,52.37793],[-174.168896,52.420166],[-174.045605,52.367236],[-174.018359,52.331787],[-174.030078,52.289795],[-174.054883,52.245996],[-174.163232,52.223389],[-174.179395,52.200342],[-174.120654,52.135205],[-174.343555,52.077783],[-174.677393,52.03501],[-175.213867,51.993896]]],[[[-176.587939,51.833203],[-176.473389,51.837402],[-176.437451,51.820117],[-176.437354,51.754297],[-176.452344,51.735693],[-176.469775,51.731152],[-176.510986,51.745605],[-176.55752,51.712061],[-176.770947,51.629932],[-176.837109,51.675879],[-176.961621,51.603662],[-176.874414,51.790479],[-176.773633,51.81875],[-176.736426,51.839941],[-176.745117,51.894678],[-176.69834,51.986035],[-176.596826,51.981787],[-176.549902,51.944043],[-176.551611,51.91958],[-176.593311,51.866699],[-176.587939,51.833203]]],[[[-177.90127,51.616406],[-177.925342,51.617383],[-178.058887,51.672607],[-178.078467,51.69126],[-178.000049,51.71748],[-177.977246,51.737793],[-177.986377,51.764258],[-178.045117,51.801074],[-178.153467,51.848242],[-178.194531,51.882227],[-178.168262,51.903027],[-178.116602,51.915869],[-177.953809,51.918457],[-177.865869,51.8604],[-177.799609,51.840039],[-177.644482,51.82627],[-177.724951,51.80166],[-177.770654,51.777881],[-177.826953,51.685889],[-177.879053,51.649707],[-177.90127,51.616406]]]]}},{"type":"Feature","properties":{"NAME":"Czechia","FUENTE":"Natural Earth 1:50m Admin 0 – Countries, dominio público; github.com/nvkelso/natural-earth-vector (consultado el 2026-09-28)"},"geometry":{"type":"Polygon","coordinates":[[[18.832227,49.510791],[18.807031,49.509229],[18.749707,49.493994],[18.676172,49.488477],[18.596484,49.491455],[18.53457,49.464697],[18.476074,49.421094],[18.41582,49.390918],[18.383105,49.363916],[18.364844,49.33623],[18.160938,49.257373],[18.132617,49.224561],[18.109961,49.179785],[18.100391,49.119336],[18.085938,49.065137],[18.050879,49.036523],[17.940723,49.011963],[17.913281,48.99873],[17.892676,48.971143],[17.830859,48.928613],[17.758496,48.888135],[17.625391,48.841846],[17.482617,48.827783],[17.296875,48.842822],[17.188477,48.860937],[17.135645,48.841064],[17.063281,48.780762],[16.985254,48.676904],[16.953125,48.598828],[16.92832,48.620898],[16.883691,48.703711],[16.833203,48.714307],[16.764453,48.722021],[16.712695,48.734229],[16.600977,48.781885],[16.543555,48.79624],[16.47793,48.800098],[16.414844,48.77207],[16.367285,48.738965],[16.219336,48.739404],[16.057227,48.754785],[15.825195,48.864453],[15.765039,48.86543],[15.700781,48.860449],[15.599414,48.886377],[15.40293,48.957373],[15.310938,48.974023],[15.252734,48.963867],[15.199609,48.948145],[15.161719,48.946289],[15.139746,48.969336],[15.066797,48.997852],[14.993457,49.001123],[14.972168,48.983936],[14.947363,48.827734],[14.922559,48.771387],[14.821875,48.774023],[14.785938,48.747363],[14.706641,48.671924],[14.691309,48.599219],[14.553906,48.61333],[14.488672,48.625537],[14.431055,48.61626],[14.367578,48.576221],[14.189844,48.578564],[14.049121,48.60249],[13.98877,48.692432],[13.924316,48.728027],[13.843164,48.759863],[13.814746,48.766943],[13.769922,48.815967],[13.684961,48.876709],[13.547656,48.959668],[13.440723,48.955566],[13.401172,48.977588],[13.383691,49.008105],[13.339063,49.060791],[13.28877,49.097461],[13.227832,49.11167],[13.140527,49.15835],[13.02373,49.260107],[12.916699,49.330469],[12.813379,49.329346],[12.747852,49.366211],[12.681152,49.414502],[12.632031,49.46123],[12.555762,49.574854],[12.500293,49.639697],[12.457031,49.679785],[12.408203,49.713184],[12.390527,49.739648],[12.450195,49.800146],[12.471875,49.830078],[12.497559,49.853076],[12.5125,49.877441],[12.512012,49.895801],[12.457617,49.955518],[12.38418,49.998584],[12.276465,50.042334],[12.207813,50.09751],[12.18252,50.148047],[12.175,50.17583],[12.127832,50.213428],[12.089746,50.268555],[12.089844,50.301758],[12.099219,50.310986],[12.134863,50.310937],[12.174805,50.288379],[12.231152,50.244873],[12.277344,50.181445],[12.305664,50.205713],[12.358594,50.273242],[12.452637,50.349805],[12.549023,50.393408],[12.635547,50.39707],[12.706445,50.409131],[12.76543,50.430957],[12.868262,50.422217],[12.942676,50.406445],[12.966797,50.416211],[12.99707,50.456055],[13.016406,50.490381],[13.181152,50.510498],[13.237695,50.576758],[13.269531,50.576416],[13.306055,50.586328],[13.341016,50.611426],[13.374609,50.621729],[13.401172,50.609326],[13.436133,50.601074],[13.472559,50.616943],[13.526563,50.692822],[13.556738,50.704639],[13.701367,50.716504],[13.898535,50.761279],[13.998438,50.801123],[14.096484,50.822754],[14.201758,50.86123],[14.369043,50.89873],[14.377051,50.914062],[14.299414,50.952588],[14.27334,50.976904],[14.255859,51.001855],[14.283203,51.029492],[14.319727,51.037793],[14.367285,51.02627],[14.507324,51.009863],[14.545703,50.993945],[14.559668,50.954932],[14.595215,50.918604],[14.623828,50.914746],[14.613574,50.855566],[14.658203,50.832617],[14.72334,50.814697],[14.766504,50.818311],[14.797461,50.842334],[14.809375,50.858984],[14.895801,50.861377],[14.98291,50.886572],[14.989941,50.927246],[14.984473,51.003418],[14.99375,51.014355],[15.125977,50.992871],[15.258594,50.958545],[15.277051,50.883008],[15.312598,50.845752],[15.354395,50.811768],[15.394629,50.796289],[15.463965,50.793848],[15.643945,50.748877],[15.730566,50.739697],[15.819238,50.708691],[15.893945,50.676904],[15.948535,50.670264],[15.973828,50.635449],[16.007227,50.611621],[16.066406,50.629932],[16.282227,50.655615],[16.359961,50.621387],[16.4125,50.585156],[16.419727,50.573633],[16.392285,50.54165],[16.379102,50.516895],[16.356641,50.500488],[16.28252,50.483008],[16.240723,50.454687],[16.210352,50.42373],[16.230762,50.394092],[16.291309,50.371875],[16.33418,50.366895],[16.350488,50.345215],[16.487598,50.248389],[16.59668,50.121924],[16.63916,50.102148],[16.679102,50.097461],[16.725293,50.116064],[16.778613,50.157031],[16.841797,50.186719],[16.895313,50.201953],[16.989648,50.236914],[16.993359,50.259717],[16.914746,50.345215],[16.869141,50.414502],[16.880078,50.427051],[16.980762,50.416113],[17.151953,50.37832],[17.415234,50.254785],[17.462305,50.254785],[17.55459,50.264062],[17.654688,50.284229],[17.702246,50.307178],[17.720117,50.298633],[17.735449,50.230762],[17.709277,50.193555],[17.589355,50.157471],[17.596289,50.139502],[17.627051,50.116406],[17.681055,50.100781],[17.746582,50.056787],[17.791699,50.006592],[17.83125,49.983301],[17.874805,49.972266],[17.983789,49.999072],[18.014648,50.020264],[18.02832,50.035254],[18.049512,50.031934],[18.087695,50.007275],[18.099219,49.992773],[18.205273,49.964746],[18.266309,49.930273],[18.305273,49.914062],[18.348438,49.929834],[18.516211,49.902393],[18.562402,49.879346],[18.577148,49.841113],[18.568848,49.81792],[18.594629,49.757812],[18.806934,49.613721],[18.829297,49.540137],[18.832227,49.510791]]]}},{"type":"Feature","properties":{"NAME":"Slovakia","FUENTE":"Natural Earth 1:50m Admin 0 – Countries, dominio público; github.com/nvkelso/natural-earth-vector (consultado el 2026-09-28)"},"geometry":{"type":"Polygon","coordinates":[[[22.538672,49.072705],[22.524121,49.031396],[22.483203,48.983252],[22.432031,48.933545],[22.389453,48.873486],[22.332617,48.745068],[22.295215,48.68584],[22.142871,48.568506],[22.131836,48.405322],[22.111328,48.393359],[21.766992,48.338086],[21.721484,48.346582],[21.674609,48.378369],[21.648633,48.401465],[21.63252,48.418506],[21.602637,48.463672],[21.563184,48.495703],[21.504688,48.521875],[21.451367,48.552246],[21.382422,48.553467],[21.196387,48.510596],[21.067285,48.505908],[20.981152,48.519678],[20.866602,48.545654],[20.643164,48.549707],[20.490039,48.526904],[20.475,48.495117],[20.333789,48.295557],[20.128613,48.222021],[19.950391,48.146631],[19.898633,48.131348],[19.810059,48.155029],[19.70918,48.199805],[19.625391,48.223096],[19.564258,48.212842],[19.497461,48.162109],[19.466992,48.110693],[19.265137,48.073047],[18.91416,48.05083],[18.791895,48.000293],[18.750098,47.939453],[18.74834,47.892676],[18.778027,47.852881],[18.740625,47.806494],[18.724219,47.787158],[18.47627,47.777002],[18.145605,47.763428],[17.947949,47.766895],[17.761914,47.770166],[17.635254,47.809912],[17.480664,47.887598],[17.317285,47.990918],[17.301563,47.993359],[17.277246,48.004346],[17.174609,48.012061],[17.147363,48.005957],[17.085938,48.039551],[17.067871,48.083252],[16.972656,48.198096],[16.86543,48.386914],[16.862695,48.441406],[16.904492,48.503516],[16.943359,48.550928],[16.948828,48.588574],[16.953125,48.598828],[16.985254,48.676904],[17.063281,48.780762],[17.135645,48.841064],[17.188477,48.860937],[17.296875,48.842822],[17.482617,48.827783],[17.625391,48.841846],[17.758496,48.888135],[17.830859,48.928613],[17.892676,48.971143],[17.913281,48.99873],[17.940723,49.011963],[18.050879,49.036523],[18.085938,49.065137],[18.100391,49.119336],[18.109961,49.179785],[18.132617,49.224561],[18.160938,49.257373],[18.364844,49.33623],[18.383105,49.363916],[18.41582,49.390918],[18.476074,49.421094],[18.53457,49.464697],[18.596484,49.491455],[18.676172,49.488477],[18.749707,49.493994],[18.807031,49.509229],[18.832227,49.510791],[18.938184,49.498291],[18.957227,49.448291],[18.968359,49.39624],[19.149414,49.4],[19.250195,49.511426],[19.302344,49.524854],[19.38623,49.563623],[19.441602,49.597705],[19.479688,49.576367],[19.534766,49.504785],[19.593066,49.447119],[19.62666,49.424365],[19.630273,49.406641],[19.66416,49.396045],[19.730078,49.3896],[19.773926,49.372168],[19.787012,49.318555],[19.787988,49.269971],[19.767383,49.235205],[19.756641,49.204395],[19.802246,49.192334],[19.868945,49.204004],[19.916113,49.221387],[20.057617,49.181299],[20.107617,49.270752],[20.163672,49.316406],[20.236523,49.337646],[20.302539,49.365527],[20.362988,49.385254],[20.404688,49.384082],[20.422656,49.392334],[20.474512,49.390186],[20.53457,49.381201],[20.616113,49.391699],[20.729004,49.369922],[20.799512,49.328662],[20.868457,49.314697],[20.947266,49.31709],[21.001172,49.339844],[21.079395,49.418262],[21.136133,49.417041],[21.225,49.429443],[21.350488,49.42876],[21.639648,49.411963],[21.712109,49.381934],[21.890137,49.343457],[21.967676,49.299072],[22.002148,49.246094],[22.020117,49.209521],[22.202539,49.153223],[22.473047,49.081299],[22.538672,49.072705]]]}},{"type":"Feature","properties":{"NAME":"Croatia","FUENTE":"Natural Earth 1:50m Admin 0 – Countries, dominio público; github.com/nvkelso/natural-earth-vector (consultado el 2026-09-28)"},"geometry":{"type":"MultiPolygon","coordinates":[[[[13.57793,45.516895],[13.615234,45.476758],[13.878711,45.428369],[13.935645,45.449805],[13.970117,45.482617],[13.970313,45.503369],[13.992773,45.509424],[14.085547,45.477832],[14.16123,45.485156],[14.283008,45.486621],[14.369922,45.481445],[14.427344,45.505762],[14.505176,45.595215],[14.533984,45.645264],[14.568848,45.657227],[14.591797,45.65127],[14.608594,45.610107],[14.649512,45.571484],[14.733594,45.508496],[14.793066,45.478223],[14.84707,45.467334],[14.9,45.492676],[14.95459,45.499902],[15.110449,45.450781],[15.24209,45.441406],[15.339453,45.467041],[15.32666,45.502295],[15.291211,45.541553],[15.283594,45.579687],[15.290137,45.612646],[15.356934,45.645508],[15.353711,45.659912],[15.272949,45.717725],[15.277051,45.732617],[15.454102,45.797607],[15.624805,45.834033],[15.652148,45.862158],[15.668066,45.904443],[15.675586,45.983691],[15.666211,46.048486],[15.596875,46.109229],[15.592578,46.13999],[15.608984,46.171924],[15.635938,46.200732],[15.704199,46.213232],[15.784277,46.233984],[15.847559,46.257861],[15.933301,46.277637],[16.000684,46.305371],[16.066504,46.371338],[16.106445,46.382227],[16.227441,46.372852],[16.25332,46.389111],[16.236719,46.483838],[16.258398,46.50791],[16.301172,46.521387],[16.321191,46.534619],[16.427637,46.524414],[16.516211,46.499902],[16.569922,46.48501],[16.748047,46.416406],[16.871484,46.339307],[16.939941,46.253662],[17.032715,46.187305],[17.149609,46.140332],[17.242188,46.076611],[17.310645,45.996143],[17.406348,45.951074],[17.529199,45.941309],[17.607031,45.91377],[17.639648,45.868359],[17.706445,45.827246],[17.807129,45.79043],[17.963867,45.770264],[18.263965,45.765479],[18.290625,45.764453],[18.358301,45.753027],[18.437305,45.767334],[18.533594,45.796143],[18.564648,45.813281],[18.666016,45.907471],[18.721777,45.899365],[18.833008,45.91084],[18.900293,45.931738],[18.905371,45.931738],[18.901074,45.907617],[18.893555,45.865527],[18.839063,45.835742],[18.894531,45.76709],[18.947266,45.655811],[18.917871,45.60083],[18.953711,45.558008],[19.055078,45.527246],[19.064258,45.51499],[19.033301,45.502197],[19.007617,45.46582],[19.004688,45.399512],[19.093066,45.336914],[19.272852,45.277979],[19.330273,45.268066],[19.352246,45.24541],[19.382324,45.230615],[19.4,45.2125],[19.400977,45.189062],[19.388086,45.172998],[19.303027,45.167285],[19.205957,45.167773],[19.136914,45.19624],[19.130762,45.175488],[19.129688,45.151709],[19.062891,45.137207],[19.1,44.973779],[19.085254,44.926758],[19.060547,44.910986],[19.037598,44.917529],[19.00957,44.919385],[18.995508,44.904004],[19.007129,44.869189],[18.941309,44.865186],[18.836426,44.883252],[18.788379,44.914893],[18.780176,44.947217],[18.779395,44.977246],[18.746094,45.026514],[18.662598,45.077441],[18.488281,45.08584],[18.423926,45.102002],[18.357617,45.120557],[18.284961,45.134277],[18.217969,45.13291],[18.137207,45.119385],[17.996289,45.141797],[17.948633,45.111865],[17.874414,45.077246],[17.812793,45.078125],[17.690137,45.158398],[17.653516,45.163477],[17.546289,45.122559],[17.502637,45.120361],[17.469141,45.133301],[17.324121,45.163965],[17.258691,45.170557],[17.210645,45.156055],[17.125391,45.171777],[16.918652,45.276562],[16.79082,45.196875],[16.530664,45.216699],[16.453516,45.162012],[16.365039,45.05835],[16.293359,45.008838],[16.231055,45.026611],[16.157324,45.072217],[16.02832,45.1896],[15.963184,45.210791],[15.888281,45.215723],[15.822852,45.202783],[15.788086,45.178955],[15.761523,45.00752],[15.737988,44.856396],[15.736621,44.76582],[15.880078,44.681934],[16.049023,44.537598],[16.103418,44.520996],[16.130273,44.47373],[16.169824,44.352002],[16.214258,44.215137],[16.300098,44.124512],[16.377539,44.059619],[16.47207,44.002588],[16.590527,43.913184],[16.687695,43.815039],[16.713477,43.778809],[16.901855,43.649023],[17.08457,43.516553],[17.248047,43.470215],[17.273828,43.445752],[17.275293,43.343848],[17.293066,43.305615],[17.402246,43.198926],[17.624805,43.042773],[17.650488,43.006592],[17.657813,42.980078],[17.643457,42.959766],[17.585156,42.938379],[17.537305,42.962256],[17.329883,43.114893],[17.129395,43.211133],[16.903125,43.392432],[16.600293,43.464062],[16.393945,43.543359],[16.268945,43.53125],[16.131055,43.506299],[16.045996,43.505518],[15.985547,43.519775],[15.942578,43.568945],[15.949121,43.606982],[15.941504,43.656641],[15.820605,43.735937],[15.655664,43.811279],[15.499414,43.908789],[15.18584,44.172119],[15.122949,44.256787],[15.184668,44.2729],[15.231348,44.271436],[15.284277,44.288818],[15.369727,44.289258],[15.470996,44.271973],[15.381348,44.328271],[15.269824,44.383496],[14.981348,44.60293],[14.895215,44.706592],[14.885254,44.818262],[14.906543,44.971387],[14.85459,45.081006],[14.632031,45.2229],[14.550488,45.297705],[14.386133,45.342139],[14.312695,45.337793],[14.268555,45.28252],[14.236328,45.159668],[14.090625,44.997607],[14.041992,44.927197],[13.96582,44.835645],[13.899805,44.829346],[13.860742,44.837402],[13.74248,44.991504],[13.629297,45.108203],[13.613477,45.163428],[13.60332,45.231396],[13.517188,45.481787],[13.57793,45.516895]]],[[[16.650684,42.996582],[16.835547,42.968652],[16.971094,42.981494],[17.093652,42.964355],[17.169824,42.932617],[17.188281,42.917041],[17.089355,42.914893],[16.977539,42.927783],[16.850684,42.895508],[16.738867,42.912744],[16.696387,42.933691],[16.666309,42.959912],[16.650684,42.996582]]],[[[17.194043,43.125781],[17.124121,43.11543],[16.679199,43.123145],[16.549805,43.143896],[16.405859,43.197363],[16.376465,43.21377],[16.521387,43.229248],[16.655957,43.21377],[16.697266,43.174951],[17.061133,43.143896],[17.194043,43.125781]]],[[[16.785254,43.270654],[16.627441,43.268066],[16.490332,43.286182],[16.423145,43.317236],[16.428125,43.343408],[16.448926,43.387061],[16.601562,43.381885],[16.834375,43.35083],[16.891309,43.314648],[16.873633,43.297949],[16.785254,43.270654]]],[[[15.231055,44.062305],[15.24668,44.027051],[15.121875,44.093311],[15.074609,44.137842],[15.06582,44.157666],[15.231055,44.062305]]],[[[14.810254,44.977051],[14.687012,44.955615],[14.62832,44.993945],[14.612988,45.025439],[14.511719,45.0354],[14.450391,45.079199],[14.437891,45.098633],[14.524609,45.146826],[14.571094,45.224756],[14.62998,45.178027],[14.701172,45.090039],[14.73916,45.065479],[14.810254,44.977051]]],[[[14.831445,44.758936],[14.856641,44.714844],[14.7625,44.754639],[14.678223,44.769873],[14.660352,44.799805],[14.672461,44.824365],[14.690527,44.848145],[14.754199,44.844824],[14.76377,44.821387],[14.831445,44.758936]]],[[[15.188477,44.335742],[15.162598,44.30918],[15.097949,44.358154],[15.038574,44.393018],[14.996094,44.434326],[14.912793,44.48584],[14.884668,44.544727],[14.760449,44.664746],[14.741895,44.697363],[14.803809,44.648682],[14.855371,44.618262],[14.898047,44.61084],[15.006445,44.534229],[15.112988,44.435742],[15.239941,44.350195],[15.213574,44.347559],[15.188477,44.335742]]],[[[15.18877,43.922363],[15.203027,43.907715],[15.20166,43.897754],[15.149805,43.911816],[15.13584,43.907275],[14.891309,44.125537],[14.865039,44.167969],[14.952539,44.117188],[15.18877,43.922363]]],[[[15.371387,43.973828],[15.437207,43.899512],[15.374219,43.914795],[15.308594,43.960791],[15.27002,44.010742],[15.371387,43.973828]]],[[[14.488086,44.660059],[14.480371,44.62124],[14.419531,44.670312],[14.388867,44.758301],[14.312402,44.900391],[14.302539,44.94043],[14.342188,44.979932],[14.340039,45.019971],[14.28584,45.144629],[14.33125,45.16499],[14.358203,45.167432],[14.369141,45.080957],[14.39375,45.03125],[14.467383,44.970215],[14.452539,44.869189],[14.467578,44.725342],[14.48252,44.693359],[14.488086,44.660059]]],[[[17.607813,42.769043],[17.744238,42.700342],[17.344141,42.790381],[17.389551,42.798633],[17.431934,42.800391],[17.607813,42.769043]]],[[[18.436328,42.559717],[18.438086,42.522949],[18.47666,42.481104],[18.51748,42.43291],[18.333008,42.527881],[18.160645,42.634033],[17.823828,42.797412],[17.584961,42.837158],[17.258203,42.968457],[17.04541,43.014893],[17.126465,43.025586],[17.219824,43.025879],[17.723633,42.850684],[17.667578,42.897119],[17.740234,42.915479],[17.801953,42.902246],[17.841309,42.845068],[17.918848,42.807422],[18.044531,42.74126],[18.123926,42.690576],[18.304004,42.599414],[18.346582,42.58667],[18.436328,42.559717]]]]}},{"type":"Feature","properties":{"NAME":"Bosnia and Herz.","FUENTE":"Natural Earth 1:50m Admin 0 – Countries, dominio público; github.com/nvkelso/natural-earth-vector (consultado el 2026-09-28)"},"geometry":{"type":"Polygon","coordinates":[[[19.348633,44.880908],[19.356836,44.858545],[19.334473,44.780664],[19.291895,44.696777],[19.223145,44.60957],[19.151367,44.527344],[19.132422,44.483789],[19.127344,44.414551],[19.118457,44.359961],[19.12832,44.330273],[19.151855,44.302539],[19.231543,44.280566],[19.338867,44.22583],[19.430176,44.154492],[19.547168,44.073486],[19.583789,44.043457],[19.583691,44.011084],[19.549512,43.987109],[19.449414,43.978027],[19.345215,43.985107],[19.305273,43.993359],[19.268066,43.983447],[19.24502,43.965039],[19.257227,43.943311],[19.364063,43.844775],[19.488184,43.703564],[19.495117,43.642871],[19.47998,43.595166],[19.45127,43.562061],[19.399609,43.567578],[19.360352,43.593457],[19.300781,43.591797],[19.254492,43.584375],[19.194336,43.533301],[19.164355,43.535449],[19.112793,43.527734],[19.080078,43.517725],[19.02832,43.53252],[18.974219,43.542334],[18.950684,43.52666],[18.940234,43.496729],[18.973828,43.442383],[19.036719,43.357324],[19.02666,43.292432],[18.978711,43.2854],[18.934668,43.339453],[18.895605,43.348193],[18.851074,43.346338],[18.749219,43.283545],[18.674219,43.230811],[18.656836,43.193945],[18.62998,43.153662],[18.621875,43.124609],[18.623633,43.027686],[18.488477,43.012158],[18.460156,42.9979],[18.443848,42.968457],[18.455078,42.844092],[18.466016,42.777246],[18.543262,42.67417],[18.545898,42.641602],[18.534961,42.620117],[18.480078,42.579199],[18.453906,42.564502],[18.436328,42.559717],[18.346582,42.58667],[18.304004,42.599414],[18.123926,42.690576],[18.044531,42.74126],[17.918848,42.807422],[17.841309,42.845068],[17.801953,42.902246],[17.740234,42.915479],[17.667578,42.897119],[17.585156,42.938379],[17.643457,42.959766],[17.657813,42.980078],[17.650488,43.006592],[17.624805,43.042773],[17.402246,43.198926],[17.293066,43.305615],[17.275293,43.343848],[17.273828,43.445752],[17.248047,43.470215],[17.08457,43.516553],[16.901855,43.649023],[16.713477,43.778809],[16.687695,43.815039],[16.590527,43.913184],[16.47207,44.002588],[16.377539,44.059619],[16.300098,44.124512],[16.214258,44.215137],[16.169824,44.352002],[16.130273,44.47373],[16.103418,44.520996],[16.049023,44.537598],[15.880078,44.681934],[15.736621,44.76582],[15.737988,44.856396],[15.761523,45.00752],[15.788086,45.178955],[15.822852,45.202783],[15.888281,45.215723],[15.963184,45.210791],[16.02832,45.1896],[16.157324,45.072217],[16.231055,45.026611],[16.293359,45.008838],[16.365039,45.05835],[16.453516,45.162012],[16.530664,45.216699],[16.79082,45.196875],[16.918652,45.276562],[17.125391,45.171777],[17.210645,45.156055],[17.258691,45.170557],[17.324121,45.163965],[17.469141,45.133301],[17.502637,45.120361],[17.546289,45.122559],[17.653516,45.163477],[17.690137,45.158398],[17.812793,45.078125],[17.874414,45.077246],[17.948633,45.111865],[17.996289,45.141797],[18.137207,45.119385],[18.217969,45.13291],[18.284961,45.134277],[18.357617,45.120557],[18.423926,45.102002],[18.488281,45.08584],[18.662598,45.077441],[18.746094,45.026514],[18.779395,44.977246],[18.780176,44.947217],[18.788379,44.914893],[18.836426,44.883252],[18.941309,44.865186],[19.007129,44.869189],[19.04209,44.871338],[19.131543,44.899609],[19.236816,44.914258],[19.312695,44.897461],[19.348633,44.880908]]]}},{"type":"Feature","properties":{"NAME":"Slovenia","FUENTE":"Natural Earth 1:50m Admin 0 – Countries, dominio público; github.com/nvkelso/natural-earth-vector (consultado el 2026-09-28)"},"geometry":{"type":"Polygon","coordinates":[[[16.516211,46.499902],[16.427637,46.524414],[16.321191,46.534619],[16.301172,46.521387],[16.258398,46.50791],[16.236719,46.483838],[16.25332,46.389111],[16.227441,46.372852],[16.106445,46.382227],[16.066504,46.371338],[16.000684,46.305371],[15.933301,46.277637],[15.847559,46.257861],[15.784277,46.233984],[15.704199,46.213232],[15.635938,46.200732],[15.608984,46.171924],[15.592578,46.13999],[15.596875,46.109229],[15.666211,46.048486],[15.675586,45.983691],[15.668066,45.904443],[15.652148,45.862158],[15.624805,45.834033],[15.454102,45.797607],[15.277051,45.732617],[15.272949,45.717725],[15.353711,45.659912],[15.356934,45.645508],[15.290137,45.612646],[15.283594,45.579687],[15.291211,45.541553],[15.32666,45.502295],[15.339453,45.467041],[15.24209,45.441406],[15.110449,45.450781],[14.95459,45.499902],[14.9,45.492676],[14.84707,45.467334],[14.793066,45.478223],[14.733594,45.508496],[14.649512,45.571484],[14.608594,45.610107],[14.591797,45.65127],[14.568848,45.657227],[14.533984,45.645264],[14.505176,45.595215],[14.427344,45.505762],[14.369922,45.481445],[14.283008,45.486621],[14.16123,45.485156],[14.085547,45.477832],[13.992773,45.509424],[13.970313,45.503369],[13.970117,45.482617],[13.935645,45.449805],[13.878711,45.428369],[13.615234,45.476758],[13.57793,45.516895],[13.637305,45.535937],[13.719824,45.587598],[13.775977,45.581982],[13.844727,45.592871],[13.874707,45.614844],[13.831152,45.68042],[13.72168,45.761279],[13.663477,45.791992],[13.583398,45.812354],[13.569629,45.834131],[13.613965,45.96167],[13.600586,45.979785],[13.50918,45.973779],[13.487695,45.987109],[13.480273,46.009229],[13.486426,46.039551],[13.548047,46.089111],[13.616602,46.133105],[13.634961,46.157764],[13.63252,46.177051],[13.544727,46.196582],[13.491797,46.216602],[13.449805,46.223535],[13.420996,46.212305],[13.399609,46.224951],[13.378223,46.261621],[13.399512,46.317529],[13.478516,46.369189],[13.563281,46.415088],[13.637109,46.448535],[13.679688,46.462891],[13.7,46.520264],[13.743945,46.514307],[13.831348,46.51123],[13.928809,46.498193],[14.019629,46.482178],[14.099512,46.461914],[14.267285,46.440723],[14.419922,46.42793],[14.465918,46.416113],[14.503516,46.417041],[14.549805,46.399707],[14.577148,46.412939],[14.596973,46.436084],[14.680176,46.463428],[14.756738,46.499121],[14.810547,46.54458],[14.840625,46.580469],[14.893262,46.605908],[14.949414,46.613232],[15.000684,46.625977],[15.216992,46.642969],[15.439258,46.629639],[15.545313,46.654639],[15.632617,46.698437],[15.760254,46.710742],[15.766895,46.711279],[15.957617,46.677637],[15.972266,46.697217],[15.980469,46.705859],[15.976855,46.801367],[16.037207,46.844824],[16.093066,46.863281],[16.283594,46.857275],[16.308496,46.827979],[16.318457,46.78252],[16.335449,46.721631],[16.367188,46.704785],[16.38457,46.680811],[16.38125,46.638672],[16.418457,46.607227],[16.505664,46.52207],[16.516211,46.499902]]]}},{"type":"Feature","properties":{"NAME":"Serbia","FUENTE":"Natural Earth 1:50m Admin 0 – Countries, dominio público; github.com/nvkelso/natural-earth-vector (consultado el 2026-09-28)"},"geometry":{"type":"Polygon","coordinates":[[[21.360059,44.82666],[21.523145,44.790088],[21.59707,44.75542],[21.636133,44.710449],[21.740234,44.680664],[21.909277,44.666113],[22.026953,44.619873],[22.093066,44.541943],[22.200977,44.560693],[22.350684,44.676123],[22.497656,44.70625],[22.64209,44.650977],[22.720898,44.605518],[22.734375,44.569922],[22.700781,44.555518],[22.620117,44.562354],[22.554004,44.540332],[22.502344,44.4896],[22.494531,44.435449],[22.530664,44.377979],[22.581836,44.33833],[22.647949,44.316455],[22.683301,44.286475],[22.687891,44.248291],[22.705078,44.237793],[22.66748,44.220215],[22.626563,44.194092],[22.603418,44.148584],[22.597461,44.075293],[22.469043,44.018018],[22.420801,44.007422],[22.399023,43.969531],[22.36543,43.862109],[22.369629,43.781299],[22.386914,43.740137],[22.394824,43.706641],[22.436328,43.665479],[22.474121,43.602246],[22.499121,43.518848],[22.55459,43.454492],[22.696973,43.391064],[22.767578,43.35415],[22.819727,43.300732],[22.85957,43.252344],[22.976855,43.187988],[22.967969,43.142041],[22.942285,43.09707],[22.915234,43.075977],[22.856836,43.018262],[22.799902,42.985742],[22.706152,42.883936],[22.558105,42.878467],[22.522754,42.870312],[22.466797,42.84248],[22.439258,42.79165],[22.465625,42.750781],[22.463281,42.709473],[22.43623,42.629102],[22.47207,42.543311],[22.524219,42.503906],[22.532422,42.481201],[22.523535,42.440967],[22.445703,42.359131],[22.42207,42.328857],[22.344043,42.313965],[22.317383,42.321729],[22.277051,42.349854],[22.239746,42.358154],[22.14668,42.325],[22.052051,42.304639],[21.977539,42.320068],[21.904102,42.32207],[21.853027,42.308398],[21.814648,42.303125],[21.739258,42.267725],[21.618262,42.242139],[21.5625,42.24751],[21.541602,42.280811],[21.518945,42.328418],[21.52998,42.35],[21.609863,42.387451],[21.619043,42.423242],[21.730664,42.595459],[21.752148,42.651514],[21.75293,42.669824],[21.723828,42.681982],[21.6625,42.681494],[21.390625,42.751416],[21.403027,42.831543],[21.323145,42.874707],[21.237109,42.913232],[21.222656,42.956201],[21.127051,43.043018],[21.057031,43.091699],[20.967676,43.116016],[20.890723,43.15166],[20.844434,43.173437],[20.823828,43.213965],[20.823828,43.237939],[20.800586,43.261084],[20.763379,43.258594],[20.700586,43.226367],[20.623145,43.198633],[20.609668,43.178418],[20.637598,43.130371],[20.657617,43.099854],[20.648535,43.070947],[20.624023,43.03418],[20.475098,42.953027],[20.458398,42.924561],[20.486816,42.879053],[20.468848,42.85791],[20.344336,42.82793],[20.347656,42.852783],[20.339941,42.892871],[20.268457,42.935449],[20.167871,42.968506],[19.944043,43.081641],[19.858008,43.096533],[19.781152,43.109766],[19.670996,43.163965],[19.614453,43.173437],[19.551563,43.212256],[19.414648,43.342822],[19.298242,43.413965],[19.21875,43.449951],[19.196484,43.48501],[19.191602,43.521045],[19.194336,43.533301],[19.254492,43.584375],[19.300781,43.591797],[19.360352,43.593457],[19.399609,43.567578],[19.45127,43.562061],[19.47998,43.595166],[19.495117,43.642871],[19.488184,43.703564],[19.364063,43.844775],[19.257227,43.943311],[19.24502,43.965039],[19.268066,43.983447],[19.305273,43.993359],[19.345215,43.985107],[19.449414,43.978027],[19.549512,43.987109],[19.583691,44.011084],[19.583789,44.043457],[19.547168,44.073486],[19.430176,44.154492],[19.338867,44.22583],[19.231543,44.280566],[19.151855,44.302539],[19.12832,44.330273],[19.118457,44.359961],[19.127344,44.414551],[19.132422,44.483789],[19.151367,44.527344],[19.223145,44.60957],[19.291895,44.696777],[19.334473,44.780664],[19.356836,44.858545],[19.348633,44.880908],[19.312695,44.897461],[19.236816,44.914258],[19.131543,44.899609],[19.04209,44.871338],[19.007129,44.869189],[18.995508,44.904004],[19.00957,44.919385],[19.037598,44.917529],[19.060547,44.910986],[19.085254,44.926758],[19.1,44.973779],[19.062891,45.137207],[19.129688,45.151709],[19.130762,45.175488],[19.136914,45.19624],[19.205957,45.167773],[19.303027,45.167285],[19.388086,45.172998],[19.400977,45.189062],[19.4,45.2125],[19.382324,45.230615],[19.352246,45.24541],[19.330273,45.268066],[19.272852,45.277979],[19.093066,45.336914],[19.004688,45.399512],[19.007617,45.46582],[19.033301,45.502197],[19.064258,45.51499],[19.055078,45.527246],[18.953711,45.558008],[18.917871,45.60083],[18.947266,45.655811],[18.894531,45.76709],[18.839063,45.835742],[18.893555,45.865527],[18.901074,45.907617],[18.905371,45.931738],[18.927832,45.931396],[19.015723,45.959717],[19.047656,45.982666],[19.066211,46.009521],[19.087305,46.016162],[19.146289,45.987012],[19.208398,45.984424],[19.278125,46.002881],[19.330273,46.028516],[19.392871,46.049805],[19.421289,46.064453],[19.45752,46.087354],[19.530762,46.155176],[19.613477,46.169189],[19.724512,46.151904],[19.844434,46.145898],[19.934082,46.161475],[20.161426,46.141895],[20.210156,46.126025],[20.241797,46.108594],[20.301367,46.050684],[20.358594,45.975488],[20.437988,45.940771],[20.532617,45.899512],[20.581152,45.869482],[20.652734,45.779395],[20.709277,45.735254],[20.727832,45.737402],[20.746875,45.748975],[20.760156,45.758105],[20.775,45.749805],[20.775781,45.72251],[20.779297,45.662012],[20.76582,45.597461],[20.786035,45.536475],[20.786523,45.51748],[20.772461,45.500098],[20.774219,45.484424],[20.794043,45.467871],[20.870801,45.427539],[20.941797,45.365332],[21.023828,45.321533],[21.099902,45.293555],[21.147852,45.291748],[21.226465,45.241309],[21.381738,45.205078],[21.431445,45.192529],[21.46543,45.171875],[21.490234,45.1479],[21.491797,45.122266],[21.467871,45.109863],[21.434473,45.075146],[21.420703,45.032959],[21.395898,45.022217],[21.371094,45.021387],[21.35293,45.008984],[21.357031,44.990771],[21.377734,44.973437],[21.409961,44.957715],[21.471973,44.941992],[21.533203,44.918848],[21.532324,44.900684],[21.519922,44.880811],[21.442188,44.873389],[21.384375,44.870068],[21.35791,44.861816],[21.360059,44.82666]]]}},{"type":"Feature","properties":{"NAME":"Kosovo","FUENTE":"Natural Earth 1:50m Admin 0 – Countries, dominio público; github.com/nvkelso/natural-earth-vector (consultado el 2026-09-28)"},"geometry":{"type":"Polygon","coordinates":[[[20.344336,42.82793],[20.468848,42.85791],[20.486816,42.879053],[20.458398,42.924561],[20.475098,42.953027],[20.624023,43.03418],[20.648535,43.070947],[20.657617,43.099854],[20.637598,43.130371],[20.609668,43.178418],[20.623145,43.198633],[20.700586,43.226367],[20.763379,43.258594],[20.800586,43.261084],[20.823828,43.237939],[20.823828,43.213965],[20.844434,43.173437],[20.890723,43.15166],[20.967676,43.116016],[21.057031,43.091699],[21.127051,43.043018],[21.222656,42.956201],[21.237109,42.913232],[21.323145,42.874707],[21.403027,42.831543],[21.390625,42.751416],[21.6625,42.681494],[21.723828,42.681982],[21.75293,42.669824],[21.752148,42.651514],[21.730664,42.595459],[21.619043,42.423242],[21.609863,42.387451],[21.52998,42.35],[21.518945,42.328418],[21.541602,42.280811],[21.5625,42.24751],[21.56084,42.247656],[21.389551,42.219824],[21.331738,42.187158],[21.297559,42.130078],[21.286621,42.100391],[21.256348,42.099512],[21.206055,42.128955],[21.14248,42.175],[21.059766,42.171289],[20.778125,42.071045],[20.750391,42.018359],[20.744141,41.904297],[20.725,41.873535],[20.694922,41.853809],[20.578516,41.866211],[20.566211,41.873682],[20.581445,41.917432],[20.575391,42.013086],[20.522852,42.171484],[20.485449,42.223389],[20.408301,42.274951],[20.348242,42.308789],[20.240527,42.338965],[20.185742,42.425879],[20.103516,42.524658],[20.063965,42.547266],[20.070312,42.55708],[20.089258,42.631543],[20.065723,42.68584],[20.029492,42.732031],[20.054297,42.760059],[20.12998,42.759766],[20.192578,42.754639],[20.215137,42.798828],[20.344336,42.82793]]]}},{"type":"Feature","properties":{"NAME":"Montenegro","FUENTE":"Natural Earth 1:50m Admin 0 – Countries, dominio público; github.com/nvkelso/natural-earth-vector (consultado el 2026-09-28)"},"geometry":{"type":"Polygon","coordinates":[[[19.194336,43.533301],[19.191602,43.521045],[19.196484,43.48501],[19.21875,43.449951],[19.298242,43.413965],[19.414648,43.342822],[19.551563,43.212256],[19.614453,43.173437],[19.670996,43.163965],[19.781152,43.109766],[19.858008,43.096533],[19.944043,43.081641],[20.167871,42.968506],[20.268457,42.935449],[20.339941,42.892871],[20.347656,42.852783],[20.344336,42.82793],[20.215137,42.798828],[20.192578,42.754639],[20.12998,42.759766],[20.054297,42.760059],[20.029492,42.732031],[20.065723,42.68584],[20.089258,42.631543],[20.070312,42.55708],[20.063965,42.547266],[20.045703,42.549902],[19.939063,42.506689],[19.859766,42.486328],[19.788281,42.476172],[19.754492,42.496924],[19.737793,42.525146],[19.740723,42.606934],[19.727832,42.634521],[19.703418,42.647949],[19.654492,42.628564],[19.597461,42.56543],[19.544531,42.491943],[19.465137,42.415381],[19.399609,42.341895],[19.329004,42.249268],[19.280664,42.172559],[19.330859,42.129297],[19.361426,42.069092],[19.352148,42.024023],[19.361133,41.997754],[19.345508,41.918848],[19.342383,41.869092],[19.186426,41.948633],[19.122266,42.060498],[18.894238,42.249463],[18.63291,42.378076],[18.619043,42.398389],[18.633398,42.423145],[18.645898,42.442725],[18.591602,42.444189],[18.553516,42.428516],[18.51748,42.43291],[18.47666,42.481104],[18.438086,42.522949],[18.436328,42.559717],[18.453906,42.564502],[18.480078,42.579199],[18.534961,42.620117],[18.545898,42.641602],[18.543262,42.67417],[18.466016,42.777246],[18.455078,42.844092],[18.443848,42.968457],[18.460156,42.9979],[18.488477,43.012158],[18.623633,43.027686],[18.621875,43.124609],[18.62998,43.153662],[18.656836,43.193945],[18.674219,43.230811],[18.749219,43.283545],[18.851074,43.346338],[18.895605,43.348193],[18.934668,43.339453],[18.978711,43.2854],[19.02666,43.292432],[19.036719,43.357324],[18.973828,43.442383],[18.940234,43.496729],[18.950684,43.52666],[18.974219,43.542334],[19.02832,43.53252],[19.080078,43.517725],[19.112793,43.527734],[19.164355,43.535449],[19.194336,43.533301]]]}},{"type":"Feature","properties":{"NAME":"North Macedonia","FUENTE":"Natural Earth 1:50m Admin 0 – Countries, dominio público; github.com/nvkelso/natural-earth-vector (consultado el 2026-09-28)"},"geometry":{"type":"Polygon","coordinates":[[[21.5625,42.24751],[21.618262,42.242139],[21.739258,42.267725],[21.814648,42.303125],[21.853027,42.308398],[21.904102,42.32207],[21.977539,42.320068],[22.052051,42.304639],[22.14668,42.325],[22.239746,42.358154],[22.277051,42.349854],[22.317383,42.321729],[22.344043,42.313965],[22.498242,42.165088],[22.582715,42.104834],[22.682324,42.059131],[22.796094,42.025684],[22.836816,41.993604],[22.90918,41.835205],[22.943945,41.775098],[22.991992,41.757178],[23.003613,41.739844],[23.005664,41.716943],[22.951465,41.605615],[22.929688,41.356104],[22.916016,41.336279],[22.859277,41.337354],[22.783887,41.331982],[22.755078,41.312744],[22.724805,41.178516],[22.603613,41.140186],[22.493555,41.118506],[22.400781,41.123389],[22.237695,41.155176],[22.184473,41.158643],[22.138867,41.140527],[21.993359,41.130957],[21.929492,41.107422],[21.779492,40.950439],[21.627539,40.896338],[21.575781,40.868945],[21.459668,40.903613],[21.404102,40.907178],[21.32373,40.867139],[21.147559,40.863135],[21.1,40.856152],[20.964258,40.849902],[20.958594,40.871533],[20.933496,40.903125],[20.870215,40.91792],[20.74082,40.905273],[20.709277,40.928369],[20.656055,41.06167],[20.614453,41.083057],[20.567871,41.127832],[20.488965,41.272607],[20.487012,41.336084],[20.492383,41.391406],[20.448633,41.521289],[20.475586,41.554102],[20.516211,41.574756],[20.516602,41.627051],[20.505176,41.706494],[20.553125,41.862354],[20.566211,41.873682],[20.578516,41.866211],[20.694922,41.853809],[20.725,41.873535],[20.744141,41.904297],[20.750391,42.018359],[20.778125,42.071045],[21.059766,42.171289],[21.14248,42.175],[21.206055,42.128955],[21.256348,42.099512],[21.286621,42.100391],[21.297559,42.130078],[21.331738,42.187158],[21.389551,42.219824],[21.56084,42.247656],[21.5625,42.24751]]]}},{"type":"Feature","properties":{"NAME":"Albania","FUENTE":"Natural Earth 1:50m Admin 0 – Countries, dominio público; github.com/nvkelso/natural-earth-vector (consultado el 2026-09-28)"},"geometry":{"type":"Polygon","coordinates":[[[19.342383,41.869092],[19.345508,41.918848],[19.361133,41.997754],[19.352148,42.024023],[19.361426,42.069092],[19.330859,42.129297],[19.280664,42.172559],[19.329004,42.249268],[19.399609,42.341895],[19.465137,42.415381],[19.544531,42.491943],[19.597461,42.56543],[19.654492,42.628564],[19.703418,42.647949],[19.727832,42.634521],[19.740723,42.606934],[19.737793,42.525146],[19.754492,42.496924],[19.788281,42.476172],[19.859766,42.486328],[19.939063,42.506689],[20.045703,42.549902],[20.063965,42.547266],[20.103516,42.524658],[20.185742,42.425879],[20.240527,42.338965],[20.348242,42.308789],[20.408301,42.274951],[20.485449,42.223389],[20.522852,42.171484],[20.575391,42.013086],[20.581445,41.917432],[20.566211,41.873682],[20.553125,41.862354],[20.505176,41.706494],[20.516602,41.627051],[20.516211,41.574756],[20.475586,41.554102],[20.448633,41.521289],[20.492383,41.391406],[20.487012,41.336084],[20.488965,41.272607],[20.567871,41.127832],[20.614453,41.083057],[20.656055,41.06167],[20.709277,40.928369],[20.74082,40.905273],[20.870215,40.91792],[20.933496,40.903125],[20.958594,40.871533],[20.964258,40.849902],[20.955762,40.775293],[20.987891,40.717773],[21.031055,40.658643],[21.030859,40.622461],[21.001953,40.563379],[20.950195,40.494385],[20.881641,40.46792],[20.806055,40.445459],[20.77002,40.391895],[20.75166,40.334912],[20.717871,40.292676],[20.696973,40.246387],[20.664941,40.151758],[20.657422,40.117383],[20.60625,40.082666],[20.527051,40.068506],[20.456055,40.065576],[20.408008,40.049463],[20.383691,40.017187],[20.338477,39.991064],[20.311133,39.979443],[20.311328,39.950781],[20.344238,39.890625],[20.381641,39.841797],[20.382422,39.802637],[20.364063,39.791748],[20.306152,39.79668],[20.293848,39.782227],[20.287598,39.738574],[20.27207,39.701172],[20.248242,39.678369],[20.206836,39.653516],[20.131055,39.661621],[20.059766,39.699121],[20.022559,39.710693],[20.00127,39.709424],[19.995605,39.801025],[19.964844,39.872266],[19.851855,40.043555],[19.48457,40.209961],[19.398145,40.284863],[19.360156,40.347705],[19.322266,40.40708],[19.358594,40.40874],[19.394531,40.393701],[19.440527,40.375684],[19.45918,40.405371],[19.439258,40.470264],[19.344629,40.62207],[19.3375,40.663818],[19.383887,40.790723],[19.46123,40.933301],[19.456055,41.106055],[19.480078,41.236377],[19.453418,41.320996],[19.440625,41.424756],[19.497363,41.562695],[19.545801,41.596826],[19.575684,41.64043],[19.577539,41.7875],[19.468262,41.856152],[19.342383,41.869092]]]}},{"type":"Feature","properties":{"NAME":"Lithuania","FUENTE":"Natural Earth 1:50m Admin 0 – Countries, dominio público; github.com/nvkelso/natural-earth-vector (consultado el 2026-09-28)"},"geometry":{"type":"MultiPolygon","coordinates":[[[[20.957813,55.278906],[20.899805,55.28667],[21.014063,55.401953],[21.057617,55.476807],[21.087891,55.583105],[21.114844,55.616504],[21.115723,55.568164],[21.103906,55.487744],[21.031738,55.350488],[20.957813,55.278906]]],[[[22.766211,54.356787],[22.724316,54.405615],[22.679883,54.493018],[22.684473,54.562939],[22.709668,54.632617],[22.83125,54.838477],[22.824707,54.871289],[22.736523,54.928857],[22.627441,54.970703],[22.567285,55.059131],[22.346387,55.064258],[22.137891,55.059375],[22.072363,55.063672],[21.873926,55.100732],[21.682715,55.160352],[21.554688,55.195312],[21.44707,55.234424],[21.389258,55.275537],[21.297559,55.264453],[21.235742,55.264111],[21.236328,55.271191],[21.201074,55.343799],[21.237891,55.455029],[21.171094,55.617725],[21.061914,55.813428],[21.053809,56.022949],[21.046094,56.070068],[21.314648,56.188135],[21.653516,56.314551],[21.730566,56.325977],[22.042871,56.400781],[22.08457,56.406738],[22.365918,56.392871],[22.586914,56.375098],[22.773242,56.377295],[22.875586,56.396436],[22.968262,56.38042],[23.042969,56.324072],[23.119824,56.330664],[23.195898,56.367139],[23.612695,56.333838],[23.706738,56.334619],[23.812695,56.329248],[24.008203,56.295264],[24.120703,56.264258],[24.367871,56.283008],[24.473633,56.284082],[24.529004,56.296289],[24.699512,56.381299],[24.773242,56.395898],[24.841016,56.411182],[24.903027,56.398193],[24.943848,56.325586],[25.069922,56.200391],[25.206934,56.178418],[25.585742,56.130176],[25.663184,56.104834],[25.876367,55.994336],[26.004199,55.940137],[26.085547,55.896875],[26.20957,55.812109],[26.28125,55.750439],[26.401074,55.703809],[26.542871,55.672412],[26.593555,55.667529],[26.59082,55.622656],[26.566602,55.546484],[26.519238,55.448145],[26.469531,55.371924],[26.457617,55.34248],[26.495313,55.318018],[26.68125,55.306445],[26.760156,55.293359],[26.775684,55.273096],[26.734375,55.246777],[26.675,55.224902],[26.648438,55.204199],[26.601172,55.130176],[26.291797,55.1396],[26.250781,55.124512],[26.23125,55.090137],[26.21582,55.050391],[26.175195,55.003271],[26.092969,54.962305],[25.964453,54.947168],[25.859277,54.919287],[25.780859,54.833252],[25.722461,54.717871],[25.723926,54.636035],[25.731641,54.590381],[25.724805,54.564258],[25.685156,54.535791],[25.620313,54.4604],[25.567578,54.377051],[25.547363,54.331836],[25.55752,54.310693],[25.616895,54.310107],[25.702539,54.292969],[25.748145,54.259668],[25.765039,54.221191],[25.765234,54.179785],[25.749219,54.156982],[25.680566,54.140479],[25.573047,54.139893],[25.510352,54.159619],[25.497363,54.175244],[25.527344,54.215137],[25.505664,54.264941],[25.461133,54.292773],[25.370605,54.251221],[25.283691,54.25127],[25.179492,54.214258],[25.111426,54.154932],[25.046094,54.133057],[24.869531,54.145166],[24.825684,54.118994],[24.789258,53.998242],[24.768164,53.974658],[24.620703,53.979834],[24.478516,53.931836],[24.317969,53.892969],[24.236621,53.919971],[24.191309,53.950439],[24.103906,53.94502],[24.008496,53.931641],[23.944434,53.938965],[23.872559,53.935693],[23.733691,53.912256],[23.559082,53.919824],[23.484668,53.939795],[23.477637,53.958936],[23.483008,54.005957],[23.481348,54.079004],[23.453613,54.143457],[23.370117,54.200488],[23.282324,54.240332],[23.170313,54.281445],[23.0875,54.299463],[23.042188,54.304199],[23.031934,54.327881],[23.015527,54.34834],[22.976758,54.366357],[22.893945,54.390527],[22.82373,54.395801],[22.766211,54.356787]]]]}},{"type":"Feature","properties":{"NAME":"Latvia","FUENTE":"Natural Earth 1:50m Admin 0 – Countries, dominio público; github.com/nvkelso/natural-earth-vector (consultado el 2026-09-28)"},"geometry":{"type":"Polygon","coordinates":[[[26.593555,55.667529],[26.542871,55.672412],[26.401074,55.703809],[26.28125,55.750439],[26.20957,55.812109],[26.085547,55.896875],[26.004199,55.940137],[25.876367,55.994336],[25.663184,56.104834],[25.585742,56.130176],[25.206934,56.178418],[25.069922,56.200391],[24.943848,56.325586],[24.903027,56.398193],[24.841016,56.411182],[24.773242,56.395898],[24.699512,56.381299],[24.529004,56.296289],[24.473633,56.284082],[24.367871,56.283008],[24.120703,56.264258],[24.008203,56.295264],[23.812695,56.329248],[23.706738,56.334619],[23.612695,56.333838],[23.195898,56.367139],[23.119824,56.330664],[23.042969,56.324072],[22.968262,56.38042],[22.875586,56.396436],[22.773242,56.377295],[22.586914,56.375098],[22.365918,56.392871],[22.08457,56.406738],[22.042871,56.400781],[21.730566,56.325977],[21.653516,56.314551],[21.314648,56.188135],[21.046094,56.070068],[21.014941,56.258936],[21.031445,56.636572],[21.071289,56.82373],[21.257422,56.932764],[21.350781,57.017676],[21.405078,57.131006],[21.421484,57.23584],[21.45918,57.322461],[21.728711,57.570996],[21.942383,57.597852],[22.231445,57.666797],[22.55459,57.724268],[22.616992,57.651172],[22.648633,57.595361],[23.037793,57.39209],[23.136816,57.323828],[23.287305,57.089746],[23.647754,56.971045],[23.931152,57.008496],[24.054297,57.066113],[24.28125,57.172314],[24.382617,57.250049],[24.403223,57.325],[24.362988,57.645312],[24.301563,57.784131],[24.322559,57.870605],[24.3625,57.866162],[24.458887,57.907861],[24.775781,57.985254],[24.839063,57.988721],[24.911328,58.00459],[25.111035,58.063428],[25.175195,58.032129],[25.228711,57.996582],[25.258301,57.996143],[25.272656,58.009375],[25.268652,58.032227],[25.282617,58.048486],[25.340039,58.039453],[25.571289,57.942773],[25.660156,57.920166],[25.720898,57.913818],[25.79375,57.868555],[25.991113,57.838184],[26.015234,57.814746],[26.030371,57.785547],[26.215039,57.662744],[26.298047,57.601074],[26.462109,57.544482],[26.532617,57.531006],[26.819727,57.588721],[26.899805,57.608789],[26.966016,57.609131],[27.033398,57.57876],[27.187109,57.53833],[27.326563,57.525488],[27.351953,57.528125],[27.469727,57.524023],[27.511133,57.508154],[27.538672,57.429785],[27.672754,57.368115],[27.796875,57.316943],[27.828613,57.293311],[27.838281,57.247705],[27.830273,57.194482],[27.814551,57.166895],[27.762793,57.135107],[27.717383,57.054639],[27.711133,56.978076],[27.639453,56.845654],[27.655664,56.843213],[27.806055,56.86709],[27.848633,56.853418],[27.881543,56.82417],[27.89209,56.741064],[27.941406,56.703711],[27.991602,56.645312],[28.00752,56.599854],[28.103125,56.545703],[28.11084,56.510693],[28.169238,56.386865],[28.191699,56.315576],[28.202051,56.2604],[28.17334,56.190332],[28.147949,56.14292],[28.117871,56.145801],[28.032031,56.133301],[27.896289,56.076172],[27.694238,55.941553],[27.642285,55.911719],[27.589453,55.80918],[27.576758,55.798779],[27.45918,55.803516],[27.427148,55.805957],[27.30918,55.803906],[27.052539,55.830566],[26.953027,55.812939],[26.822461,55.709229],[26.771875,55.693994],[26.620215,55.679639],[26.593555,55.667529]]]}},{"type":"Feature","properties":{"NAME":"Estonia","FUENTE":"Natural Earth 1:50m Admin 0 – Countries, dominio público; github.com/nvkelso/natural-earth-vector (consultado el 2026-09-28)"},"geometry":{"type":"MultiPolygon","coordinates":[[[[27.351953,57.528125],[27.326563,57.525488],[27.187109,57.53833],[27.033398,57.57876],[26.966016,57.609131],[26.899805,57.608789],[26.819727,57.588721],[26.532617,57.531006],[26.462109,57.544482],[26.298047,57.601074],[26.215039,57.662744],[26.030371,57.785547],[26.015234,57.814746],[25.991113,57.838184],[25.79375,57.868555],[25.720898,57.913818],[25.660156,57.920166],[25.571289,57.942773],[25.340039,58.039453],[25.282617,58.048486],[25.268652,58.032227],[25.272656,58.009375],[25.258301,57.996143],[25.228711,57.996582],[25.175195,58.032129],[25.111035,58.063428],[24.911328,58.00459],[24.839063,57.988721],[24.775781,57.985254],[24.458887,57.907861],[24.3625,57.866162],[24.322559,57.870605],[24.332031,57.909766],[24.463867,58.105957],[24.4875,58.261621],[24.535742,58.283008],[24.549707,58.30459],[24.529102,58.354248],[24.392188,58.386084],[24.336914,58.381396],[24.287207,58.328027],[24.235645,58.289551],[24.114844,58.266113],[24.010938,58.306641],[23.767578,58.36084],[23.706055,58.433008],[23.691504,58.505615],[23.562793,58.57583],[23.509277,58.658545],[23.530664,58.71626],[23.647461,58.75415],[23.680762,58.787158],[23.533594,58.781934],[23.503613,58.789844],[23.497168,58.819531],[23.432031,58.920654],[23.489648,58.960498],[23.515039,58.999219],[23.467773,59.032178],[23.480176,59.069678],[23.516992,59.107568],[23.494434,59.195654],[23.640527,59.242334],[23.78252,59.275146],[24.083398,59.291895],[24.053613,59.372314],[24.175391,59.375928],[24.380371,59.472656],[24.583594,59.455664],[24.877539,59.52207],[25.44375,59.521143],[25.520898,59.559473],[25.507422,59.597998],[25.509277,59.639014],[25.615723,59.627539],[25.79375,59.634668],[26.46084,59.553906],[26.625,59.553906],[26.852051,59.471777],[26.974707,59.450635],[27.33584,59.450488],[27.892578,59.414209],[28.001855,59.469824],[28.0125,59.484277],[28.06582,59.453174],[28.133008,59.403076],[28.151074,59.374414],[28.12832,59.357568],[28.061328,59.343262],[28.046094,59.327832],[28.016406,59.301709],[27.938184,59.297021],[27.897656,59.277637],[27.849512,59.192676],[27.757617,59.052002],[27.621777,58.944971],[27.513086,58.886279],[27.464453,58.841309],[27.43418,58.787256],[27.427051,58.733057],[27.531348,58.435254],[27.530078,58.381494],[27.505566,58.32627],[27.487793,58.270068],[27.502441,58.221338],[27.571094,58.138086],[27.644141,58.013916],[27.673438,57.934619],[27.721973,57.905469],[27.76875,57.884131],[27.778516,57.870703],[27.776953,57.856738],[27.752832,57.841016],[27.54209,57.799414],[27.514746,57.764209],[27.491992,57.724951],[27.4,57.666797],[27.371777,57.612549],[27.354297,57.550293],[27.351953,57.528125]]],[[[22.617383,58.62124],[22.688379,58.597021],[22.753809,58.604687],[22.820117,58.621533],[22.964258,58.605713],[23.292871,58.483496],[23.323242,58.45083],[23.127148,58.435986],[23.082617,58.398486],[23.035449,58.372314],[22.979883,58.363867],[22.885156,58.311279],[22.757031,58.260889],[22.730273,58.230664],[22.498438,58.23623],[22.37168,58.217139],[22.269336,58.160742],[22.227344,58.051807],[22.152441,57.966797],[22.07627,57.936035],[21.996875,57.931348],[21.978027,57.963281],[21.985547,57.995166],[22.15293,58.115332],[22.187695,58.154346],[22.104395,58.17168],[22.03457,58.213379],[21.882129,58.262354],[21.854492,58.30166],[21.891016,58.30459],[21.924414,58.315869],[21.965039,58.348828],[21.984082,58.38667],[21.862305,58.497168],[21.924414,58.514258],[22.001855,58.510254],[22.081348,58.478125],[22.168555,58.51582],[22.205566,58.521387],[22.266602,58.507959],[22.328125,58.580859],[22.474414,58.604883],[22.546973,58.627393],[22.617383,58.62124]]],[[[22.92373,58.826904],[22.841699,58.777441],[22.792871,58.797217],[22.767285,58.820898],[22.661426,58.70918],[22.542188,58.68999],[22.472656,58.712061],[22.478906,58.753809],[22.411035,58.863379],[22.307422,58.895459],[22.161914,58.898486],[22.05625,58.943604],[22.462598,58.974316],[22.50459,59.026465],[22.587207,59.081201],[22.649414,59.087109],[22.702246,59.074414],[22.712207,59.031982],[22.725488,59.015088],[22.909863,58.991211],[22.981641,58.919824],[23.008691,58.833936],[22.92373,58.826904]]],[[[23.343555,58.550342],[23.260352,58.53999],[23.063477,58.611084],[23.109082,58.659229],[23.16543,58.678125],[23.332813,58.648584],[23.356445,58.575537],[23.343555,58.550342]]]]}},{"type":"Feature","properties":{"NAME":"Belarus","FUENTE":"Natural Earth 1:50m Admin 0 – Countries, dominio público; github.com/nvkelso/natural-earth-vector (consultado el 2026-09-28)"},"geometry":{"type":"Polygon","coordinates":[[[31.763379,52.101074],[31.57373,52.108105],[31.345996,52.105371],[31.217969,52.050244],[31.168457,52.062939],[31.079297,52.076953],[30.980664,52.046191],[30.845703,51.953076],[30.755273,51.895166],[30.667285,51.814111],[30.639453,51.770068],[30.583887,51.688965],[30.533008,51.596338],[30.560742,51.531494],[30.602344,51.47124],[30.611719,51.406348],[30.63252,51.35542],[30.576953,51.318359],[30.544531,51.265039],[30.449512,51.274316],[30.333398,51.325537],[30.308984,51.399609],[30.219531,51.451221],[30.160742,51.477881],[30.06377,51.482031],[29.908789,51.458008],[29.706055,51.439551],[29.553125,51.43457],[29.469629,51.40835],[29.346484,51.382568],[29.298828,51.413037],[29.230469,51.497021],[29.174219,51.580615],[29.135645,51.617285],[29.102051,51.627539],[29.060742,51.625439],[29.013086,51.598926],[28.977734,51.571777],[28.927539,51.562158],[28.849512,51.540186],[28.793262,51.510352],[28.73125,51.433398],[28.690234,51.438867],[28.647754,51.456543],[28.599023,51.542627],[28.532031,51.562451],[28.424609,51.563623],[28.291602,51.581836],[28.183789,51.607861],[28.144434,51.60166],[28.080273,51.565039],[28.010742,51.559766],[27.858594,51.592383],[27.828809,51.577441],[27.788867,51.52915],[27.741309,51.482568],[27.7,51.477979],[27.676758,51.489941],[27.689746,51.572412],[27.601367,51.601611],[27.452344,51.606104],[27.347656,51.594141],[27.296289,51.597412],[27.270117,51.613574],[27.141992,51.752051],[27.074121,51.76084],[26.952832,51.754004],[26.773438,51.770703],[26.566895,51.801904],[26.453418,51.813428],[26.394336,51.844434],[26.26709,51.855029],[25.925293,51.913525],[25.785742,51.923828],[25.580273,51.924756],[25.267188,51.937744],[25.066699,51.930518],[24.973828,51.911133],[24.866406,51.899121],[24.685156,51.888281],[24.611328,51.889502],[24.495215,51.883057],[24.361914,51.867529],[24.32373,51.838428],[24.280078,51.774707],[24.126855,51.664648],[23.97832,51.591309],[23.951172,51.585059],[23.864258,51.623975],[23.791699,51.637109],[23.706836,51.641309],[23.64668,51.628857],[23.608594,51.610498],[23.61377,51.525391],[23.605273,51.51792],[23.539648,51.618896],[23.544824,51.710254],[23.581348,51.762402],[23.625684,51.809326],[23.607422,51.879785],[23.651074,51.972998],[23.652441,52.040381],[23.633301,52.06958],[23.597949,52.103076],[23.501172,52.140381],[23.458398,52.169531],[23.327148,52.208447],[23.196973,52.256934],[23.175098,52.286621],[23.18125,52.306982],[23.204102,52.337891],[23.30332,52.428369],[23.410938,52.516211],[23.47959,52.551562],[23.844727,52.664209],[23.90127,52.703613],[23.91543,52.770264],[23.916309,52.81875],[23.909375,52.904883],[23.887109,53.027539],[23.85918,53.112109],[23.789258,53.270947],[23.598926,53.599219],[23.484668,53.939795],[23.559082,53.919824],[23.733691,53.912256],[23.872559,53.935693],[23.944434,53.938965],[24.008496,53.931641],[24.103906,53.94502],[24.191309,53.950439],[24.236621,53.919971],[24.317969,53.892969],[24.478516,53.931836],[24.620703,53.979834],[24.768164,53.974658],[24.789258,53.998242],[24.825684,54.118994],[24.869531,54.145166],[25.046094,54.133057],[25.111426,54.154932],[25.179492,54.214258],[25.283691,54.25127],[25.370605,54.251221],[25.461133,54.292773],[25.505664,54.264941],[25.527344,54.215137],[25.497363,54.175244],[25.510352,54.159619],[25.573047,54.139893],[25.680566,54.140479],[25.749219,54.156982],[25.765234,54.179785],[25.765039,54.221191],[25.748145,54.259668],[25.702539,54.292969],[25.616895,54.310107],[25.55752,54.310693],[25.547363,54.331836],[25.567578,54.377051],[25.620313,54.4604],[25.685156,54.535791],[25.724805,54.564258],[25.731641,54.590381],[25.723926,54.636035],[25.722461,54.717871],[25.780859,54.833252],[25.859277,54.919287],[25.964453,54.947168],[26.092969,54.962305],[26.175195,55.003271],[26.21582,55.050391],[26.23125,55.090137],[26.250781,55.124512],[26.291797,55.1396],[26.601172,55.130176],[26.648438,55.204199],[26.675,55.224902],[26.734375,55.246777],[26.775684,55.273096],[26.760156,55.293359],[26.68125,55.306445],[26.495313,55.318018],[26.457617,55.34248],[26.469531,55.371924],[26.519238,55.448145],[26.566602,55.546484],[26.59082,55.622656],[26.593555,55.667529],[26.620215,55.679639],[26.771875,55.693994],[26.822461,55.709229],[26.953027,55.812939],[27.052539,55.830566],[27.30918,55.803906],[27.427148,55.805957],[27.45918,55.803516],[27.576758,55.798779],[27.589453,55.80918],[27.642285,55.911719],[27.694238,55.941553],[27.896289,56.076172],[28.032031,56.133301],[28.117871,56.145801],[28.147949,56.14292],[28.284277,56.055908],[28.316309,56.052539],[28.39209,56.086719],[28.407031,56.089014],[28.563965,56.091992],[28.636914,56.061768],[28.69082,56.002637],[28.74082,55.955371],[28.794727,55.942578],[28.947461,56.0021],[29.031738,56.021777],[29.087402,56.021143],[29.283008,55.967871],[29.375,55.938721],[29.396094,55.912207],[29.397949,55.881055],[29.373145,55.834717],[29.353418,55.784375],[29.412988,55.724854],[29.482227,55.68457],[29.630078,55.751172],[29.68457,55.769727],[29.744141,55.77041],[29.823926,55.795117],[29.881641,55.832324],[29.937012,55.845264],[30.042676,55.836426],[30.233594,55.845215],[30.45625,55.786816],[30.475391,55.768799],[30.586719,55.700293],[30.625586,55.66626],[30.662305,55.655469],[30.72168,55.622119],[30.800781,55.601123],[30.855957,55.60752],[30.882227,55.596387],[30.906836,55.57002],[30.908789,55.525342],[30.900586,55.397412],[30.861816,55.3604],[30.820996,55.330273],[30.810547,55.306982],[30.814453,55.278711],[30.877441,55.223437],[30.958887,55.137598],[30.977734,55.087793],[30.977734,55.050488],[30.866797,54.940723],[30.829883,54.91499],[30.804492,54.860937],[30.791016,54.806006],[30.798828,54.783252],[30.98418,54.695898],[31.121289,54.648486],[31.152148,54.625342],[31.154883,54.610937],[31.081934,54.51709],[31.074805,54.491797],[31.184766,54.452979],[31.245508,54.39165],[31.299121,54.291699],[31.403613,54.195947],[31.628418,54.111182],[31.791992,54.055908],[31.825977,54.030713],[31.837793,54.000781],[31.825293,53.93501],[31.783008,53.85498],[31.754199,53.810449],[31.820801,53.791943],[31.992188,53.796875],[32.200391,53.78125],[32.450195,53.69292],[32.450977,53.65332],[32.425195,53.617285],[32.442383,53.579248],[32.469629,53.546973],[32.685742,53.448145],[32.706445,53.419434],[32.710254,53.371436],[32.704297,53.336328],[32.644434,53.328906],[32.578027,53.312402],[32.469336,53.270312],[32.42627,53.210596],[32.250684,53.128369],[32.141992,53.091162],[32.055469,53.089453],[31.849707,53.106201],[31.777441,53.146875],[31.747461,53.18418],[31.668262,53.200928],[31.562988,53.20249],[31.417871,53.196045],[31.388379,53.184814],[31.364551,53.138965],[31.30293,53.060889],[31.258789,53.016699],[31.295117,52.989795],[31.353027,52.933447],[31.442773,52.861816],[31.535156,52.798242],[31.564844,52.759229],[31.563477,52.731445],[31.519434,52.69873],[31.526172,52.633008],[31.615918,52.546191],[31.585547,52.532471],[31.576563,52.426025],[31.577344,52.312305],[31.601562,52.284814],[31.649902,52.262207],[31.690625,52.220654],[31.758594,52.12583],[31.763379,52.101074]]]}},{"type":"Feature","properties":{"NAME":"Ukraine","FUENTE":"Natural Earth 1:50m Admin 0 – Countries, dominio público; github.com/nvkelso/natural-earth-vector (consultado el 2026-09-28)"},"geometry":{"type":"MultiPolygon","coordinates":[[[[38.214355,47.091455],[38.17832,47.080225],[37.828711,47.09585],[37.761147,47.090809],[37.543359,47.074561],[37.339844,46.916895],[37.218555,46.917334],[37.047559,46.876221],[36.932031,46.825146],[36.794824,46.714404],[36.688672,46.764111],[36.558789,46.762695],[36.432031,46.732568],[36.279492,46.658594],[36.194629,46.645508],[36.024902,46.666797],[35.827148,46.624316],[35.400195,46.381396],[35.256641,46.203906],[35.204395,46.169189],[35.132324,46.125879],[35.055273,46.104004],[35.014551,46.106006],[35.217773,46.232178],[35.280176,46.279492],[35.290918,46.314404],[35.291992,46.370703],[35.230371,46.440625],[35.064063,46.267236],[34.969531,46.24209],[34.849609,46.189893],[34.84375,46.073584],[34.857324,45.987354],[34.906641,45.878809],[35.001674,45.733383],[34.946428,45.728686],[34.799726,45.790752],[34.794084,45.892315],[34.686878,45.97695],[34.523249,45.97695],[34.449898,45.965666],[34.353978,46.061586],[34.224203,46.101083],[34.128283,46.089798],[34.02672,46.106725],[33.806667,46.208288],[33.659965,46.219573],[33.654323,46.146222],[33.594141,46.09624],[33.498828,46.078857],[33.429883,46.057617],[33.263477,46.125684],[33.202246,46.175732],[32.941797,46.123779],[32.796875,46.131494],[32.476758,46.083691],[32.329883,46.130371],[32.035742,46.260986],[31.925195,46.287256],[31.83125,46.281689],[31.77998,46.324658],[31.842871,46.346143],[31.915918,46.348682],[31.991699,46.364404],[32.013086,46.387158],[32.008496,46.42998],[31.855762,46.462451],[31.713672,46.471777],[31.623633,46.510254],[31.554883,46.554297],[31.716016,46.55498],[31.87793,46.52168],[32.131445,46.509375],[32.361328,46.474951],[32.418945,46.517773],[32.552539,46.591992],[32.578027,46.615625],[32.354102,46.564844],[32.127246,46.597217],[32.044336,46.64248],[31.974316,46.708789],[31.944922,46.784375],[31.964063,46.854834],[31.939551,46.981982],[31.864746,47.095117],[31.838184,47.157227],[31.75918,47.212842],[31.836914,47.087012],[31.865918,47.003271],[31.912695,46.926123],[31.90166,46.721631],[31.872852,46.649756],[31.77959,46.631641],[31.657031,46.642432],[31.532129,46.664746],[31.563379,46.777295],[31.496875,46.738379],[31.40293,46.628809],[31.320313,46.6125],[31.136816,46.624463],[30.796289,46.552002],[30.772852,46.473047],[30.72168,46.366211],[30.672266,46.304004],[30.656738,46.266504],[30.511523,46.105371],[30.492969,46.090137],[30.219043,45.866748],[30.18418,45.849951],[30.006641,45.797949],[29.90166,45.752393],[29.821191,45.73208],[29.685059,45.754688],[29.628418,45.722461],[29.60166,45.68252],[29.601172,45.6],[29.670313,45.540674],[29.726953,45.343311],[29.705859,45.259912],[29.651953,45.313916],[29.567676,45.370801],[29.403711,45.419678],[29.223535,45.40293],[29.027441,45.320557],[28.894336,45.289941],[28.824316,45.311084],[28.781738,45.309863],[28.766602,45.28623],[28.769824,45.266895],[28.791406,45.251904],[28.788281,45.240967],[28.760742,45.234131],[28.45127,45.292187],[28.317676,45.347119],[28.2125,45.450439],[28.264844,45.483887],[28.310352,45.498584],[28.471387,45.507178],[28.499023,45.517725],[28.501758,45.541553],[28.51377,45.572412],[28.509473,45.617822],[28.491602,45.665771],[28.562305,45.735791],[28.667578,45.793848],[28.729297,45.852002],[28.73877,45.937158],[28.849512,45.978662],[28.947754,46.049951],[28.971875,46.127637],[29.00625,46.176465],[28.94375,46.288428],[28.930566,46.362256],[28.927441,46.424121],[28.958398,46.458496],[29.049902,46.497021],[29.146289,46.526904],[29.18623,46.523975],[29.200781,46.50498],[29.20459,46.379346],[29.223828,46.376953],[29.25459,46.392627],[29.304883,46.466602],[29.339551,46.445068],[29.392871,46.436914],[29.432813,46.455957],[29.458789,46.45376],[29.491016,46.434668],[29.555078,46.407764],[29.614941,46.398828],[29.664551,46.416748],[29.706836,46.44873],[29.751953,46.437793],[29.837891,46.350537],[29.878027,46.360205],[30.075684,46.377832],[30.10752,46.401562],[30.131055,46.423096],[29.924316,46.538867],[29.934766,46.625],[29.94248,46.723779],[29.918066,46.782422],[29.877832,46.828906],[29.719727,46.88291],[29.597754,46.938818],[29.571973,46.964014],[29.568652,46.996729],[29.563477,47.04751],[29.515039,47.091113],[29.510938,47.128027],[29.541797,47.185547],[29.549316,47.246826],[29.53916,47.270996],[29.510645,47.290723],[29.455664,47.292627],[29.383398,47.328027],[29.333789,47.375732],[29.200586,47.444482],[29.159766,47.455664],[29.134863,47.489697],[29.122949,47.530371],[29.150879,47.580859],[29.186035,47.658594],[29.210742,47.731543],[29.211133,47.775],[29.194824,47.882422],[29.125391,47.964551],[29.092969,47.975439],[29.036914,47.952344],[28.97334,47.933008],[28.923145,47.951123],[28.86582,47.995654],[28.773828,48.11958],[28.60166,48.144385],[28.530469,48.150293],[28.463086,48.090527],[28.441992,48.108691],[28.423047,48.146875],[28.3875,48.162109],[28.340527,48.144434],[28.326953,48.161426],[28.347168,48.213037],[28.291016,48.238574],[28.158789,48.237988],[28.088477,48.257031],[28.080078,48.295801],[28.038477,48.321289],[27.963379,48.333545],[27.890625,48.365234],[27.82002,48.41626],[27.714453,48.449512],[27.57373,48.464893],[27.562207,48.47041],[27.549219,48.477734],[27.458398,48.443066],[27.403809,48.415625],[27.336914,48.432715],[27.228516,48.371436],[27.008496,48.368262],[26.900586,48.371924],[26.84707,48.387158],[26.64043,48.294141],[26.618945,48.259863],[26.572461,48.248486],[26.442383,48.22998],[26.305664,48.20376],[26.276953,48.113232],[26.23623,48.064355],[26.162695,47.992529],[25.908691,47.967578],[25.689258,47.932471],[25.464258,47.910791],[25.169629,47.823096],[25.073828,47.745703],[24.979102,47.724121],[24.893359,47.717773],[24.837891,47.76084],[24.650977,47.876514],[24.578906,47.931055],[24.484082,47.947119],[24.380957,47.938037],[24.281934,47.911182],[24.177734,47.906055],[24.059766,47.944775],[24.047363,47.941016],[24.001855,47.935791],[23.708984,47.982617],[23.682031,47.990381],[23.669043,47.992334],[23.628711,47.99585],[23.408203,47.98999],[23.202637,48.084521],[23.139453,48.087402],[23.09082,48.049121],[23.054785,48.006543],[22.912891,47.964258],[22.87666,47.947266],[22.856055,47.960303],[22.846484,47.99707],[22.857227,48.029541],[22.83623,48.060303],[22.782227,48.095215],[22.769141,48.109619],[22.701563,48.107031],[22.683105,48.103613],[22.676367,48.104395],[22.582422,48.134033],[22.520117,48.205371],[22.423828,48.243311],[22.350195,48.256055],[22.316699,48.286621],[22.295117,48.327295],[22.272168,48.358008],[22.269434,48.360889],[22.253711,48.407373],[22.231152,48.412158],[22.227148,48.413428],[22.131836,48.405322],[22.142871,48.568506],[22.295215,48.68584],[22.332617,48.745068],[22.389453,48.873486],[22.432031,48.933545],[22.483203,48.983252],[22.524121,49.031396],[22.538672,49.072705],[22.57998,49.077197],[22.70127,49.039941],[22.809766,49.020752],[22.839746,49.038916],[22.852051,49.062744],[22.84707,49.08125],[22.760156,49.13623],[22.705664,49.171191],[22.702344,49.192725],[22.721973,49.240967],[22.732422,49.295166],[22.719922,49.353809],[22.660645,49.483691],[22.649414,49.539014],[22.706152,49.606201],[22.890723,49.76626],[22.952246,49.826367],[23.036328,49.899072],[23.264453,50.072852],[23.408594,50.173926],[23.506152,50.229834],[23.649023,50.327051],[23.711719,50.377344],[23.972656,50.410059],[24.00498,50.457031],[24.052637,50.508447],[24.089941,50.530469],[24.094727,50.617041],[24.046289,50.722803],[24.007324,50.760156],[23.978418,50.785596],[23.99707,50.809375],[24.025977,50.816162],[24.061621,50.819531],[24.105762,50.844971],[24.095801,50.872754],[23.985742,50.94043],[23.938086,50.992529],[23.863477,51.126221],[23.712207,51.265137],[23.664453,51.310059],[23.657617,51.35249],[23.679688,51.394922],[23.658887,51.448975],[23.605273,51.51792],[23.61377,51.525391],[23.608594,51.610498],[23.64668,51.628857],[23.706836,51.641309],[23.791699,51.637109],[23.864258,51.623975],[23.951172,51.585059],[23.97832,51.591309],[24.126855,51.664648],[24.280078,51.774707],[24.32373,51.838428],[24.361914,51.867529],[24.495215,51.883057],[24.611328,51.889502],[24.685156,51.888281],[24.866406,51.899121],[24.973828,51.911133],[25.066699,51.930518],[25.267188,51.937744],[25.580273,51.924756],[25.785742,51.923828],[25.925293,51.913525],[26.26709,51.855029],[26.394336,51.844434],[26.453418,51.813428],[26.566895,51.801904],[26.773438,51.770703],[26.952832,51.754004],[27.074121,51.76084],[27.141992,51.752051],[27.270117,51.613574],[27.296289,51.597412],[27.347656,51.594141],[27.452344,51.606104],[27.601367,51.601611],[27.689746,51.572412],[27.676758,51.489941],[27.7,51.477979],[27.741309,51.482568],[27.788867,51.52915],[27.828809,51.577441],[27.858594,51.592383],[28.010742,51.559766],[28.080273,51.565039],[28.144434,51.60166],[28.183789,51.607861],[28.291602,51.581836],[28.424609,51.563623],[28.532031,51.562451],[28.599023,51.542627],[28.647754,51.456543],[28.690234,51.438867],[28.73125,51.433398],[28.793262,51.510352],[28.849512,51.540186],[28.927539,51.562158],[28.977734,51.571777],[29.013086,51.598926],[29.060742,51.625439],[29.102051,51.627539],[29.135645,51.617285],[29.174219,51.580615],[29.230469,51.497021],[29.298828,51.413037],[29.346484,51.382568],[29.469629,51.40835],[29.553125,51.43457],[29.706055,51.439551],[29.908789,51.458008],[30.06377,51.482031],[30.160742,51.477881],[30.219531,51.451221],[30.308984,51.399609],[30.333398,51.325537],[30.449512,51.274316],[30.544531,51.265039],[30.576953,51.318359],[30.63252,51.35542],[30.611719,51.406348],[30.602344,51.47124],[30.560742,51.531494],[30.533008,51.596338],[30.583887,51.688965],[30.639453,51.770068],[30.667285,51.814111],[30.755273,51.895166],[30.845703,51.953076],[30.980664,52.046191],[31.079297,52.076953],[31.168457,52.062939],[31.217969,52.050244],[31.345996,52.105371],[31.57373,52.108105],[31.763379,52.101074],[31.782422,52.099414],[31.875586,52.070898],[31.973828,52.046631],[32.041602,52.04502],[32.122266,52.050586],[32.216797,52.082959],[32.282813,52.114014],[32.362988,52.272119],[32.391309,52.294824],[32.435449,52.307227],[32.50791,52.308545],[32.64541,52.279102],[32.806445,52.252637],[32.899707,52.256348],[33.148438,52.34043],[33.287109,52.353564],[33.451855,52.333789],[33.613379,52.332617],[33.735254,52.344775],[33.818848,52.315625],[33.92207,52.251465],[34.015332,52.155957],[34.113086,51.979639],[34.397852,51.78042],[34.402734,51.741504],[34.379297,51.716504],[34.23916,51.692236],[34.121094,51.67915],[34.11543,51.644971],[34.146777,51.607959],[34.200879,51.553809],[34.209277,51.484082],[34.206543,51.419922],[34.229883,51.363232],[34.275,51.340186],[34.280664,51.31167],[34.228418,51.276855],[34.213867,51.255371],[34.23418,51.243799],[34.491016,51.237061],[34.616797,51.203125],[34.712305,51.172217],[34.760352,51.169336],[34.868555,51.189209],[34.990234,51.201758],[35.064063,51.203418],[35.092578,51.180664],[35.115332,51.12085],[35.158105,51.060986],[35.198047,51.043896],[35.269141,51.046777],[35.311914,51.043896],[35.334766,51.021143],[35.309082,50.986914],[35.314746,50.949902],[35.346094,50.904297],[35.383203,50.798926],[35.417383,50.767578],[35.440137,50.727686],[35.440137,50.68208],[35.411621,50.642236],[35.391699,50.610937],[35.411621,50.539697],[35.488477,50.459912],[35.545508,50.43999],[35.591113,50.36875],[35.67373,50.345996],[35.796191,50.405762],[35.890234,50.437109],[36.007812,50.419678],[36.116406,50.408545],[36.189453,50.367822],[36.243359,50.311768],[36.306055,50.280469],[36.368848,50.296826],[36.499805,50.280469],[36.559668,50.234863],[36.619434,50.209229],[36.696387,50.24624],[36.759082,50.291846],[36.988477,50.339551],[37.13125,50.351514],[37.171094,50.360889],[37.254883,50.394971],[37.343164,50.417627],[37.422852,50.411475],[37.501367,50.340723],[37.582324,50.291846],[37.605078,50.214941],[37.704199,50.109082],[37.950293,49.964209],[38.046875,49.92002],[38.1125,49.927832],[38.146777,49.939404],[38.162695,49.954541],[38.177539,50.025391],[38.208691,50.051465],[38.258594,50.052344],[38.451172,49.964062],[38.551953,49.95459],[38.647754,49.952881],[38.77666,49.884326],[38.918359,49.824707],[39.027734,49.818408],[39.114941,49.841748],[39.174805,49.855957],[39.211816,49.833203],[39.245996,49.781934],[39.30293,49.742041],[39.368457,49.730664],[39.462793,49.728027],[39.626563,49.650684],[39.780566,49.572021],[39.876855,49.567676],[39.958496,49.590771],[40.030664,49.596729],[40.080664,49.576855],[40.094922,49.542676],[40.057813,49.49707],[40.057813,49.431543],[40.126172,49.368848],[40.12832,49.307227],[40.108789,49.251562],[40.07002,49.200293],[39.976367,49.129834],[39.889746,49.064062],[39.759473,49.036572],[39.686523,49.00791],[39.705664,48.95957],[39.75332,48.914453],[39.86377,48.877979],[39.98916,48.851416],[40.003613,48.82207],[39.984473,48.807373],[39.904102,48.79375],[39.792871,48.807715],[39.755859,48.78208],[39.70459,48.739355],[39.67041,48.662451],[39.644727,48.591211],[39.76543,48.571875],[39.835645,48.542773],[39.85752,48.484229],[39.882617,48.419092],[39.889844,48.360449],[39.849902,48.331934],[39.847461,48.302783],[39.866309,48.288428],[39.918164,48.281934],[39.95791,48.268896],[39.961035,48.237939],[39.885059,48.168359],[39.813965,48.035303],[39.775781,47.964453],[39.778711,47.887549],[39.735938,47.844824],[39.658496,47.841211],[39.391016,47.83374],[39.158496,47.837402],[39.057813,47.848486],[38.900293,47.855127],[38.822266,47.837012],[38.718945,47.714111],[38.640625,47.665918],[38.510938,47.622412],[38.368848,47.609961],[38.287402,47.55918],[38.258789,47.479541],[38.256543,47.408936],[38.243262,47.373682],[38.212402,47.342773],[38.201367,47.320801],[38.208008,47.296533],[38.241016,47.287695],[38.280762,47.27666],[38.280762,47.259033],[38.265332,47.236963],[38.221191,47.212744],[38.201367,47.175244],[38.205859,47.135596],[38.214355,47.091455]]],[[[32.012207,46.203906],[32.150098,46.154687],[32.009375,46.167822],[31.700195,46.214062],[31.563867,46.257764],[31.528711,46.306592],[31.508789,46.373145],[31.584863,46.303174],[31.638477,46.272559],[32.012207,46.203906]]]]}},{"type":"Feature","properties":{"NAME":"Moldova","FUENTE":"Natural Earth 1:50m Admin 0 – Countries, dominio público; github.com/nvkelso/natural-earth-vector (consultado el 2026-09-28)"},"geometry":{"type":"Polygon","coordinates":[[[26.618945,48.259863],[26.64043,48.294141],[26.84707,48.387158],[26.900586,48.371924],[27.008496,48.368262],[27.228516,48.371436],[27.336914,48.432715],[27.403809,48.415625],[27.458398,48.443066],[27.549219,48.477734],[27.562207,48.47041],[27.57373,48.464893],[27.714453,48.449512],[27.82002,48.41626],[27.890625,48.365234],[27.963379,48.333545],[28.038477,48.321289],[28.080078,48.295801],[28.088477,48.257031],[28.158789,48.237988],[28.291016,48.238574],[28.347168,48.213037],[28.326953,48.161426],[28.340527,48.144434],[28.3875,48.162109],[28.423047,48.146875],[28.441992,48.108691],[28.463086,48.090527],[28.530469,48.150293],[28.60166,48.144385],[28.773828,48.11958],[28.86582,47.995654],[28.923145,47.951123],[28.97334,47.933008],[29.036914,47.952344],[29.092969,47.975439],[29.125391,47.964551],[29.194824,47.882422],[29.211133,47.775],[29.210742,47.731543],[29.186035,47.658594],[29.150879,47.580859],[29.122949,47.530371],[29.134863,47.489697],[29.159766,47.455664],[29.200586,47.444482],[29.333789,47.375732],[29.383398,47.328027],[29.455664,47.292627],[29.510645,47.290723],[29.53916,47.270996],[29.549316,47.246826],[29.541797,47.185547],[29.510938,47.128027],[29.515039,47.091113],[29.563477,47.04751],[29.568652,46.996729],[29.571973,46.964014],[29.597754,46.938818],[29.719727,46.88291],[29.877832,46.828906],[29.918066,46.782422],[29.94248,46.723779],[29.934766,46.625],[29.924316,46.538867],[30.131055,46.423096],[30.10752,46.401562],[30.075684,46.377832],[29.878027,46.360205],[29.837891,46.350537],[29.751953,46.437793],[29.706836,46.44873],[29.664551,46.416748],[29.614941,46.398828],[29.555078,46.407764],[29.491016,46.434668],[29.458789,46.45376],[29.432813,46.455957],[29.392871,46.436914],[29.339551,46.445068],[29.304883,46.466602],[29.25459,46.392627],[29.223828,46.376953],[29.20459,46.379346],[29.200781,46.50498],[29.18623,46.523975],[29.146289,46.526904],[29.049902,46.497021],[28.958398,46.458496],[28.927441,46.424121],[28.930566,46.362256],[28.94375,46.288428],[29.00625,46.176465],[28.971875,46.127637],[28.947754,46.049951],[28.849512,45.978662],[28.73877,45.937158],[28.729297,45.852002],[28.667578,45.793848],[28.562305,45.735791],[28.491602,45.665771],[28.509473,45.617822],[28.51377,45.572412],[28.501758,45.541553],[28.499023,45.517725],[28.471387,45.507178],[28.310352,45.498584],[28.264844,45.483887],[28.2125,45.450439],[28.1625,45.51377],[28.111914,45.569141],[28.074707,45.598975],[28.090332,45.612744],[28.130859,45.628271],[28.159766,45.647119],[28.15625,45.713086],[28.134961,45.788867],[28.115527,45.825537],[28.113574,45.883057],[28.099707,45.972607],[28.119141,46.138672],[28.199609,46.347559],[28.244336,46.45127],[28.222656,46.508057],[28.239453,46.64082],[28.204688,46.706396],[28.15,46.79209],[28.071777,46.978418],[27.974219,47.043213],[27.853809,47.114502],[27.802344,47.168311],[27.767969,47.227588],[27.696191,47.286426],[27.614063,47.340527],[27.51582,47.475635],[27.464844,47.53667],[27.449219,47.553125],[27.336914,47.639746],[27.27793,47.717969],[27.248145,47.782227],[27.230859,47.841748],[27.152051,47.959277],[27.080371,48.047656],[27.012207,48.110498],[26.980762,48.155029],[26.900977,48.211133],[26.787305,48.255811],[26.71377,48.263477],[26.618945,48.259863]]]}},{"type":"Feature","properties":{"NAME":"Eritrea","FUENTE":"Natural Earth 1:50m Admin 0 – Countries, dominio público; github.com/nvkelso/natural-earth-vector (consultado el 2026-09-28)"},"geometry":{"type":"MultiPolygon","coordinates":[[[[36.524316,14.256836],[36.492285,14.544336],[36.470801,14.736475],[36.448145,14.940088],[36.426758,15.13208],[36.521777,15.250146],[36.566016,15.362109],[36.679199,15.726367],[36.724512,15.798877],[36.813477,15.993945],[36.825879,16.050293],[36.91377,16.296191],[36.905469,16.459521],[36.887793,16.624658],[36.935742,16.722363],[36.978711,16.800586],[36.975781,16.866553],[36.995215,17.020557],[37.008984,17.058887],[37.061523,17.061279],[37.169531,17.041406],[37.248828,17.056885],[37.34043,17.05708],[37.411035,17.061719],[37.45293,17.108691],[37.510156,17.288135],[37.547461,17.324121],[37.575977,17.33501],[37.656738,17.368262],[37.725977,17.420508],[37.782422,17.458008],[37.80332,17.465527],[37.862988,17.470264],[37.922559,17.492334],[37.950098,17.517676],[38.025293,17.537793],[38.098926,17.526465],[38.148535,17.548535],[38.181543,17.562842],[38.219043,17.563965],[38.253516,17.584766],[38.267285,17.616699],[38.289844,17.637012],[38.347363,17.683594],[38.37373,17.717334],[38.385547,17.75127],[38.397168,17.778369],[38.422461,17.823926],[38.522852,17.938525],[38.609473,18.005078],[38.911719,17.427148],[39.034473,17.085547],[39.142578,16.72915],[39.222559,16.193701],[39.298926,15.921094],[39.422266,15.78667],[39.506543,15.532129],[39.578809,15.52251],[39.63125,15.452539],[39.720801,15.213672],[39.785547,15.124854],[39.819434,15.20127],[39.815625,15.245312],[39.790332,15.318848],[39.813477,15.413574],[39.86377,15.470312],[39.97832,15.393115],[40.041016,15.334521],[40.057813,15.21709],[40.084082,15.151953],[40.204102,15.014111],[40.305273,14.974023],[40.436523,14.963965],[40.546289,14.933594],[40.634375,14.883008],[40.799316,14.743018],[41.176465,14.620312],[41.479688,14.243896],[41.658203,13.983057],[42.245117,13.587646],[42.346484,13.398096],[42.399316,13.212598],[42.522852,13.221484],[42.734473,13.018604],[42.796191,12.864258],[42.969531,12.80835],[42.999023,12.899512],[43.08291,12.824609],[43.116699,12.708594],[43.005664,12.662305],[42.883301,12.621289],[42.865918,12.622803],[42.825293,12.569336],[42.76748,12.422852],[42.703711,12.380322],[42.670117,12.376562],[42.479395,12.513623],[42.45,12.521338],[42.408594,12.494385],[42.378516,12.466406],[42.289941,12.570215],[42.225,12.661963],[42.134277,12.771436],[42.046582,12.820605],[41.952148,12.882324],[41.85957,13.025879],[41.765039,13.183936],[41.625,13.313232],[41.362891,13.499805],[41.122363,13.736133],[40.938574,13.983105],[40.820117,14.11167],[40.769531,14.144482],[40.524414,14.225195],[40.353125,14.338086],[40.221484,14.431152],[40.140625,14.456055],[40.062109,14.459131],[39.895117,14.440674],[39.756152,14.499023],[39.697949,14.499023],[39.604883,14.516064],[39.531836,14.536719],[39.446094,14.511865],[39.270117,14.470312],[39.198047,14.479395],[39.158594,14.5375],[39.135449,14.581885],[39.074219,14.628223],[39.023828,14.628223],[38.995703,14.586865],[38.812012,14.482324],[38.504395,14.424414],[38.431445,14.428613],[38.376953,14.47041],[38.221484,14.649658],[38.177051,14.678809],[38.141992,14.681494],[38.069922,14.702734],[38.002539,14.737109],[37.943457,14.810547],[37.88418,14.852295],[37.820312,14.708496],[37.708398,14.457227],[37.648438,14.322559],[37.571191,14.149072],[37.546777,14.143848],[37.507227,14.156396],[37.353711,14.372461],[37.257227,14.45376],[37.185156,14.445996],[37.132617,14.406055],[37.099414,14.333984],[37.063477,14.289258],[37.024512,14.271973],[36.940723,14.280566],[36.811914,14.315039],[36.679102,14.307568],[36.542383,14.258203],[36.524316,14.256836]]],[[[40.076465,16.082422],[40.110059,15.985742],[40.012402,16.022656],[39.996094,16.042676],[40.039062,16.080957],[40.048145,16.104492],[40.076465,16.082422]]],[[[40.141211,15.696143],[40.18252,15.64292],[40.211426,15.648145],[40.234082,15.665869],[40.250098,15.703467],[40.408203,15.629199],[40.399023,15.579883],[40.304688,15.577344],[40.195801,15.598145],[40.095117,15.590918],[39.975195,15.612451],[39.947461,15.696143],[40.023926,15.655615],[40.063477,15.665869],[40.070508,15.676611],[40.016309,15.733252],[39.939941,15.744531],[39.945215,15.789062],[39.979395,15.806592],[40.000488,15.828271],[39.956738,15.889404],[40.042578,15.875488],[40.096777,15.838477],[40.132422,15.795264],[40.141211,15.696143]]]]}},{"type":"Feature","properties":{"NAME":"Curaçao","FUENTE":"Natural Earth 1:50m Admin 0 – Countries, dominio público; github.com/nvkelso/natural-earth-vector (consultado el 2026-09-28)"},"geometry":{"type":"Polygon","coordinates":[[[-68.751074,12.059766],[-68.80332,12.045459],[-68.995117,12.141846],[-69.153809,12.298437],[-69.158887,12.380273],[-69.118457,12.373242],[-69.076758,12.342041],[-69.013135,12.231348],[-68.827393,12.158545],[-68.751074,12.059766]]]}},{"type":"Feature","properties":{"NAME":"Aruba","FUENTE":"Natural Earth 1:50m Admin 0 – Countries, dominio público; github.com/nvkelso/natural-earth-vector (consultado el 2026-09-28)"},"geometry":{"type":"Polygon","coordinates":[[[-69.899121,12.452002],[-69.895703,12.422998],[-69.942187,12.438525],[-70.00415,12.500488],[-70.066113,12.546973],[-70.050879,12.59707],[-70.035107,12.614111],[-69.973145,12.567627],[-69.911816,12.480469],[-69.899121,12.452002]]]}},{"type":"Feature","properties":{"NAME":"Sint Maarten","FUENTE":"Natural Earth 1:50m Admin 0 – Countries, dominio público; github.com/nvkelso/natural-earth-vector (consultado el 2026-09-28)"},"geometry":{"type":"Polygon","coordinates":[[[-63.123047,18.068945],[-63.011182,18.068945],[-63.012305,18.04541],[-63.023047,18.019189],[-63.09043,18.041406],[-63.124707,18.064307],[-63.123047,18.068945]]]}},{"type":"Feature","properties":{"NAME":"Namibia","FUENTE":"Natural Earth 1:50m Admin 0 – Countries, dominio público; github.com/nvkelso/natural-earth-vector (consultado el 2026-09-28)"},"geometry":{"type":"Polygon","coordinates":[[[23.380664,-17.640625],[23.594922,-17.599414],[23.799219,-17.560156],[24.036914,-17.520898],[24.227148,-17.489551],[24.274902,-17.481055],[24.73291,-17.517773],[24.932422,-17.543457],[25.001758,-17.568555],[25.092188,-17.634375],[25.258789,-17.793555],[25.216016,-17.787598],[24.909082,-17.821387],[24.792188,-17.864648],[24.530566,-18.052734],[24.474902,-18.028516],[24.412207,-17.989453],[24.358984,-17.978223],[24.243945,-18.023438],[24.129297,-18.077539],[24.002637,-18.154102],[23.89834,-18.229199],[23.864258,-18.269531],[23.700488,-18.424316],[23.647168,-18.449414],[23.599707,-18.459961],[23.580566,-18.45293],[23.560156,-18.386426],[23.459766,-18.231055],[23.298633,-18.027344],[23.251563,-18.00752],[23.219336,-17.999707],[23.099902,-18.00957],[22.752734,-18.067188],[22.460059,-18.115723],[22.011426,-18.198633],[21.529688,-18.265625],[21.23252,-18.306836],[20.974121,-18.318848],[20.974316,-18.520508],[20.975,-18.928516],[20.975586,-19.336426],[20.976172,-19.744336],[20.976855,-20.152344],[20.977441,-20.560254],[20.978125,-20.968164],[20.978711,-21.376074],[20.979297,-21.784082],[20.979492,-21.961914],[20.970996,-22.000195],[20.822754,-22.000195],[20.4875,-22.000195],[20.205371,-22.000195],[19.977344,-22.000195],[19.977637,-22.242578],[19.97793,-22.529297],[19.978223,-22.815918],[19.978516,-23.102539],[19.978906,-23.38916],[19.979297,-23.675781],[19.97959,-23.962402],[19.979883,-24.249023],[19.980176,-24.535742],[19.980469,-24.751953],[19.980469,-24.776758],[19.980469,-25.196777],[19.980469,-25.641602],[19.980469,-26.086328],[19.980469,-26.531152],[19.980469,-26.975977],[19.980469,-27.420703],[19.980469,-27.865527],[19.980469,-28.310352],[19.980469,-28.45127],[19.877832,-28.449414],[19.671484,-28.503906],[19.539844,-28.574609],[19.48291,-28.661621],[19.407227,-28.714453],[19.312695,-28.733301],[19.270996,-28.777734],[19.282227,-28.847949],[19.245801,-28.90166],[19.161719,-28.93877],[19.026074,-28.92793],[18.83877,-28.869141],[18.600391,-28.855273],[18.31084,-28.88623],[18.102734,-28.87168],[17.976074,-28.811328],[17.841602,-28.776953],[17.699316,-28.768359],[17.616797,-28.743066],[17.447949,-28.698145],[17.415723,-28.621094],[17.395898,-28.562695],[17.347852,-28.501172],[17.342578,-28.45166],[17.380273,-28.413965],[17.385742,-28.353223],[17.358691,-28.269434],[17.312012,-28.228613],[17.245801,-28.230859],[17.20459,-28.198828],[17.188477,-28.13252],[17.149414,-28.082227],[17.05625,-28.031055],[16.933301,-28.069629],[16.875293,-28.12793],[16.841211,-28.218945],[16.810156,-28.264551],[16.794531,-28.34082],[16.7875,-28.394727],[16.755762,-28.452148],[16.723047,-28.475488],[16.689453,-28.464941],[16.626172,-28.487891],[16.487109,-28.572852],[16.447559,-28.617578],[16.335059,-28.536523],[16.007129,-28.231738],[15.890918,-28.152539],[15.719043,-27.96582],[15.341504,-27.386523],[15.287598,-27.275],[15.215723,-26.995117],[15.132812,-26.787598],[15.12373,-26.667871],[15.163281,-26.600195],[15.139063,-26.508008],[15.096582,-26.425781],[14.967773,-26.318066],[14.93125,-25.958203],[14.845215,-25.725684],[14.863672,-25.533594],[14.822559,-25.358594],[14.818555,-25.246387],[14.837109,-25.033203],[14.767969,-24.787988],[14.62793,-24.548047],[14.501563,-24.201953],[14.483398,-24.050391],[14.496875,-23.642871],[14.472461,-23.47666],[14.473828,-23.281152],[14.423828,-23.078613],[14.40332,-22.968066],[14.438477,-22.880566],[14.459277,-22.908203],[14.495703,-22.921387],[14.519922,-22.805176],[14.525977,-22.702539],[14.462793,-22.449121],[14.321875,-22.189941],[13.973242,-21.767578],[13.888086,-21.606641],[13.839355,-21.473242],[13.450586,-20.916699],[13.284375,-20.523926],[13.168359,-20.184668],[13.04209,-20.028223],[12.458203,-18.926758],[12.328711,-18.751074],[12.095703,-18.540918],[12.041211,-18.470703],[11.951367,-18.270508],[11.775879,-18.001758],[11.733496,-17.750977],[11.72168,-17.466797],[11.743066,-17.249219],[11.902539,-17.226562],[12.013965,-17.168555],[12.114355,-17.164551],[12.213379,-17.209961],[12.318457,-17.213379],[12.359277,-17.205859],[12.548145,-17.212695],[12.656543,-17.160547],[12.785156,-17.108203],[12.859277,-17.062598],[12.963184,-17.01543],[13.101172,-16.967676],[13.179492,-16.97168],[13.275684,-16.989551],[13.403711,-17.007812],[13.475977,-17.040039],[13.561719,-17.141211],[13.694336,-17.233496],[13.791992,-17.288379],[13.904199,-17.360742],[13.937988,-17.38877],[13.987402,-17.404199],[14.01748,-17.408887],[14.225879,-17.397754],[14.414746,-17.387695],[14.617969,-17.387988],[15.000586,-17.388574],[15.383203,-17.38916],[15.76582,-17.389648],[16.148438,-17.390234],[16.531055,-17.39082],[16.913672,-17.391406],[17.296289,-17.391992],[17.678809,-17.392578],[17.835352,-17.392773],[18.108789,-17.395996],[18.396387,-17.399414],[18.428223,-17.405176],[18.460352,-17.424609],[18.486621,-17.442773],[18.588184,-17.57002],[18.718066,-17.703223],[18.825977,-17.766309],[18.955273,-17.803516],[19.076465,-17.817676],[19.189453,-17.808496],[19.377148,-17.825488],[19.639355,-17.868652],[19.911816,-17.881348],[20.194336,-17.863672],[20.392969,-17.887402],[20.507617,-17.952539],[20.625098,-17.99668],[20.745508,-18.019727],[20.908301,-18.006055],[21.113477,-17.955762],[21.287891,-17.962988],[21.36875,-17.999512],[21.416895,-18.000684],[21.718457,-17.947754],[21.96084,-17.905176],[22.324219,-17.8375],[22.624023,-17.781641],[23.068262,-17.698828],[23.380664,-17.640625]]]}},{"type":"Feature","properties":{"NAME":"Djibouti","FUENTE":"Natural Earth 1:50m Admin 0 – Countries, dominio público; github.com/nvkelso/natural-earth-vector (consultado el 2026-09-28)"},"geometry":{"type":"Polygon","coordinates":[[[43.245996,11.499805],[43.159375,11.365723],[43.048633,11.194336],[42.922754,10.999316],[42.844141,10.997949],[42.783008,11.009277],[42.741211,11.042383],[42.65498,11.07832],[42.557715,11.080762],[42.465137,11.04707],[42.308105,11.005225],[42.166211,10.991602],[42.052148,10.968359],[41.957422,10.941016],[41.872168,10.955811],[41.798242,10.980469],[41.782031,11.187793],[41.764648,11.412891],[41.766504,11.589111],[41.792676,11.686035],[41.815625,11.723779],[41.949609,11.857861],[41.995898,11.912354],[42.149121,12.134131],[42.280371,12.324268],[42.378516,12.466406],[42.408594,12.494385],[42.45,12.521338],[42.479395,12.513623],[42.670117,12.376562],[42.703711,12.380322],[42.76748,12.422852],[42.825293,12.569336],[42.865918,12.622803],[42.883301,12.621289],[43.005664,12.662305],[43.116699,12.708594],[43.130859,12.660449],[43.298633,12.463867],[43.353516,12.367041],[43.409766,12.189941],[43.380273,12.09126],[43.336719,12.027002],[43.27207,11.969531],[43.048047,11.829053],[42.799023,11.739404],[42.640039,11.560107],[42.521777,11.572168],[42.539746,11.504297],[42.583789,11.496777],[42.652734,11.50957],[42.789746,11.561719],[42.911523,11.586621],[43.042773,11.588477],[43.161719,11.566016],[43.245996,11.499805]]]}},{"type":"Feature","properties":{"NAME":"Belize","FUENTE":"Natural Earth 1:50m Admin 0 – Countries, dominio público; github.com/nvkelso/natural-earth-vector (consultado el 2026-09-28)"},"geometry":{"type":"MultiPolygon","coordinates":[[[[-89.161475,17.814844],[-89.162354,17.901953],[-89.133545,17.970801],[-89.050439,17.999707],[-88.942627,17.939648],[-88.897803,17.914551],[-88.857373,17.928809],[-88.806348,17.965527],[-88.743604,18.071631],[-88.586182,18.290527],[-88.522998,18.445898],[-88.461279,18.476758],[-88.372412,18.482324],[-88.295654,18.472412],[-88.349268,18.358838],[-88.295654,18.344092],[-88.247266,18.354687],[-88.130273,18.350732],[-88.085254,18.226123],[-88.097217,18.121631],[-88.207471,17.846094],[-88.221436,17.751367],[-88.271729,17.609863],[-88.203467,17.516602],[-88.267187,17.392578],[-88.288818,17.312695],[-88.293994,17.192139],[-88.261816,16.963037],[-88.313428,16.632764],[-88.404541,16.488623],[-88.461133,16.433789],[-88.562305,16.29043],[-88.695166,16.247656],[-88.879102,16.01665],[-88.911719,15.956006],[-88.894043,15.890625],[-88.937158,15.889844],[-89.113574,15.900684],[-89.232812,15.888672],[-89.2375,15.894434],[-89.227637,16.142822],[-89.212451,16.527148],[-89.20127,16.808984],[-89.190381,17.084668],[-89.182178,17.291211],[-89.171094,17.572266],[-89.161475,17.814844]]],[[[-87.950586,17.924951],[-87.998096,17.906348],[-87.959033,17.964014],[-87.95332,18.001074],[-87.89834,18.154932],[-87.858936,18.154053],[-87.848535,18.140381],[-87.950586,17.924951]]],[[[-87.85293,17.422852],[-87.92998,17.283008],[-87.934863,17.322949],[-87.902832,17.426465],[-87.859424,17.462793],[-87.83252,17.501074],[-87.826416,17.546289],[-87.788623,17.524219],[-87.798145,17.47959],[-87.85293,17.422852]]]]}},{"type":"Feature","properties":{"NAME":"Austria","FUENTE":"Natural Earth 1:50m Admin 0 – Countries, dominio público; github.com/nvkelso/natural-earth-vector (consultado el 2026-09-28)"},"geometry":{"type":"Polygon","coordinates":[[[9.527539,47.270752],[9.609082,47.391797],[9.625879,47.467041],[9.554395,47.511133],[9.524023,47.524219],[9.548926,47.534033],[9.650586,47.525879],[9.715137,47.550781],[9.748926,47.575537],[9.83916,47.552295],[9.971582,47.505322],[10.034082,47.473584],[10.059863,47.449072],[10.074219,47.428516],[10.066309,47.393359],[10.096484,47.37959],[10.158789,47.374268],[10.200293,47.363428],[10.185742,47.317187],[10.183008,47.278809],[10.240625,47.284131],[10.312793,47.313428],[10.369141,47.366064],[10.403906,47.416992],[10.430371,47.541064],[10.439453,47.551562],[10.482813,47.541797],[10.658691,47.547217],[10.741602,47.524121],[10.873047,47.520215],[10.870605,47.500781],[10.893945,47.470459],[10.952148,47.426709],[10.980859,47.398145],[11.041992,47.393115],[11.136035,47.408887],[11.191211,47.425195],[11.211914,47.413623],[11.297949,47.424902],[11.374121,47.460254],[11.392969,47.487158],[11.469922,47.506104],[11.573926,47.549756],[11.716797,47.583496],[12.185645,47.619531],[12.203809,47.646729],[12.196875,47.709082],[12.209277,47.718262],[12.268359,47.702734],[12.363184,47.688184],[12.435742,47.666113],[12.48291,47.637305],[12.526563,47.636133],[12.594238,47.656299],[12.68584,47.669336],[12.771387,47.639404],[12.796191,47.607031],[12.781152,47.59043],[12.782813,47.56416],[12.809375,47.542187],[12.878906,47.506445],[12.968066,47.475684],[13.014355,47.478076],[13.031543,47.508008],[13.047949,47.57915],[13.054102,47.655127],[13.033594,47.69873],[12.985547,47.709424],[12.928125,47.712842],[12.897656,47.721875],[12.908301,47.745801],[12.954199,47.807764],[12.953516,47.890625],[12.849902,47.984814],[12.760059,48.075977],[12.760352,48.106982],[12.814258,48.16084],[12.897461,48.203711],[13.082129,48.275098],[13.14043,48.289941],[13.215234,48.301904],[13.322852,48.33125],[13.374609,48.361377],[13.409375,48.394141],[13.459863,48.564551],[13.47168,48.571826],[13.486621,48.581836],[13.675195,48.523047],[13.692188,48.532764],[13.723926,48.542383],[13.785352,48.587451],[13.798828,48.62168],[13.797461,48.686426],[13.80293,48.74751],[13.814746,48.766943],[13.843164,48.759863],[13.924316,48.728027],[13.98877,48.692432],[14.049121,48.60249],[14.189844,48.578564],[14.367578,48.576221],[14.431055,48.61626],[14.488672,48.625537],[14.553906,48.61333],[14.691309,48.599219],[14.706641,48.671924],[14.785938,48.747363],[14.821875,48.774023],[14.922559,48.771387],[14.947363,48.827734],[14.972168,48.983936],[14.993457,49.001123],[15.066797,48.997852],[15.139746,48.969336],[15.161719,48.946289],[15.199609,48.948145],[15.252734,48.963867],[15.310938,48.974023],[15.40293,48.957373],[15.599414,48.886377],[15.700781,48.860449],[15.765039,48.86543],[15.825195,48.864453],[16.057227,48.754785],[16.219336,48.739404],[16.367285,48.738965],[16.414844,48.77207],[16.47793,48.800098],[16.543555,48.79624],[16.600977,48.781885],[16.712695,48.734229],[16.764453,48.722021],[16.833203,48.714307],[16.883691,48.703711],[16.92832,48.620898],[16.953125,48.598828],[16.948828,48.588574],[16.943359,48.550928],[16.904492,48.503516],[16.862695,48.441406],[16.86543,48.386914],[16.972656,48.198096],[17.067871,48.083252],[17.085938,48.039551],[17.147363,48.005957],[17.089063,47.963623],[17.077734,47.900879],[17.039941,47.872949],[17.030078,47.837109],[17.045898,47.804541],[17.045605,47.76377],[17.066602,47.707568],[16.973438,47.695312],[16.862695,47.697266],[16.823047,47.693994],[16.785938,47.678662],[16.747559,47.686279],[16.647461,47.739014],[16.590918,47.750537],[16.550977,47.747363],[16.521094,47.724463],[16.469629,47.695068],[16.421289,47.674463],[16.432129,47.656299],[16.639746,47.608887],[16.676563,47.536035],[16.636621,47.476611],[16.623047,47.447559],[16.574414,47.424658],[16.514746,47.404541],[16.442871,47.399512],[16.434375,47.367432],[16.462598,47.273145],[16.439746,47.252734],[16.416895,47.223437],[16.438379,47.145898],[16.482813,47.140381],[16.492676,47.122656],[16.484766,47.09126],[16.476953,47.057861],[16.46123,47.022461],[16.453418,47.006787],[16.423926,46.996973],[16.331836,47.002197],[16.252539,46.971924],[16.093066,46.863281],[16.037207,46.844824],[15.976855,46.801367],[15.980469,46.705859],[15.972266,46.697217],[15.957617,46.677637],[15.766895,46.711279],[15.760254,46.710742],[15.632617,46.698437],[15.545313,46.654639],[15.439258,46.629639],[15.216992,46.642969],[15.000684,46.625977],[14.949414,46.613232],[14.893262,46.605908],[14.840625,46.580469],[14.810547,46.54458],[14.756738,46.499121],[14.680176,46.463428],[14.596973,46.436084],[14.577148,46.412939],[14.549805,46.399707],[14.503516,46.417041],[14.465918,46.416113],[14.419922,46.42793],[14.267285,46.440723],[14.099512,46.461914],[14.019629,46.482178],[13.928809,46.498193],[13.831348,46.51123],[13.743945,46.514307],[13.7,46.520264],[13.490039,46.555566],[13.351562,46.55791],[13.16875,46.572656],[12.805566,46.625879],[12.699805,46.647461],[12.598633,46.654102],[12.479199,46.67251],[12.388281,46.702637],[12.330078,46.759814],[12.267969,46.835889],[12.154102,46.935254],[12.130762,46.984766],[12.165527,47.028174],[12.20127,47.060889],[12.197168,47.075],[12.169434,47.082129],[11.969531,47.039697],[11.775684,46.986084],[11.699414,46.984668],[11.625488,46.996582],[11.527539,46.997412],[11.433203,46.983057],[11.244434,46.975684],[11.133887,46.936182],[11.063477,46.859131],[11.025098,46.796973],[10.993262,46.777002],[10.927344,46.769482],[10.828906,46.775244],[10.759766,46.793311],[10.689258,46.846387],[10.579785,46.853711],[10.479395,46.855127],[10.452832,46.864941],[10.45459,46.899414],[10.414941,46.964404],[10.349414,46.984766],[10.179785,46.862354],[10.133496,46.851514],[9.996875,46.885352],[9.877734,46.937695],[9.864648,46.975977],[9.845313,47.007373],[9.74502,47.037109],[9.619922,47.057471],[9.580273,47.057373],[9.595703,47.07583],[9.610547,47.107129],[9.601172,47.13208],[9.571875,47.15791],[9.555762,47.185498],[9.551074,47.212256],[9.542188,47.234131],[9.536816,47.254639],[9.527539,47.270752]]]}},{"type":"Feature","properties":{"NAME":"Luxembourg","FUENTE":"Natural Earth 1:50m Admin 0 – Countries, dominio público; github.com/nvkelso/natural-earth-vector (consultado el 2026-09-28)"},"geometry":{"type":"Polygon","coordinates":[[[6.116504,50.120996],[6.108301,50.094238],[6.109766,50.034375],[6.138184,49.974316],[6.204883,49.915137],[6.256055,49.872168],[6.324609,49.837891],[6.440918,49.805322],[6.487305,49.798486],[6.49375,49.754395],[6.484766,49.707812],[6.444629,49.682031],[6.406738,49.644971],[6.37832,49.599609],[6.348438,49.512695],[6.344336,49.452734],[6.277344,49.477539],[6.242188,49.494336],[6.181055,49.498926],[6.119922,49.485205],[6.074121,49.454639],[6.011426,49.445459],[5.959473,49.454639],[5.928906,49.477539],[5.901367,49.489746],[5.823438,49.505078],[5.789746,49.538281],[5.81543,49.553809],[5.837598,49.57832],[5.856543,49.612842],[5.880371,49.644775],[5.803711,49.732178],[5.787988,49.758887],[5.725,49.808301],[5.725781,49.83335],[5.74082,49.857178],[5.735254,49.875635],[5.744043,49.919629],[5.788086,49.96123],[5.817383,50.012695],[5.866895,50.082812],[5.97627,50.167187],[6.054785,50.154297],[6.089063,50.15459],[6.110059,50.123779],[6.116504,50.120996]]]}},{"type":"Feature","properties":{"NAME":"West Bank","FUENTE":"Natural Earth 1:50m Admin 0 – Countries, dominio público; github.com/nvkelso/natural-earth-vector (consultado el 2026-09-28)","NOTA":"Cisjordania (parte de «Palestine» de Natural Earth al este de 34,8° E)"},"geometry":{"type":"Polygon","coordinates":[[[35.57207,32.237891],[35.534766,32.103027],[35.531445,31.984912],[35.558984,31.765527],[35.499414,31.672363],[35.46543,31.562354],[35.450586,31.479297],[35.408691,31.48291],[35.27666,31.422803],[35.101172,31.366211],[34.907813,31.351318],[34.880469,31.368164],[34.872754,31.396875],[34.929199,31.536572],[34.950977,31.602295],[35.034668,31.673242],[35.153418,31.734473],[35.203711,31.75],[35.198047,31.776318],[35.127148,31.816748],[35.053223,31.837939],[34.983008,31.816797],[34.961133,31.82334],[34.953809,31.84126],[34.97832,31.866406],[34.989746,31.913281],[34.978809,31.991602],[34.971387,32.087109],[34.955957,32.160937],[34.999512,32.281055],[35.010547,32.338184],[35.065039,32.460449],[35.193262,32.534424],[35.303809,32.512939],[35.362109,32.507471],[35.386719,32.493018],[35.402637,32.450635],[35.484375,32.40166],[35.551465,32.395508],[35.57207,32.237891]]]}},{"type":"Feature","properties":{"NAME":"Gaza Strip","FUENTE":"Natural Earth 1:50m Admin 0 – Countries, dominio público; github.com/nvkelso/natural-earth-vector (consultado el 2026-09-28)","NOTA":"Franja de Gaza (parte de «Palestine» de Natural Earth al oeste de 34,6° E)"},"geometry":{"type":"Polygon","coordinates":[[[34.524121,31.54165],[34.525586,31.525635],[34.350195,31.362744],[34.34834,31.29292],[34.245313,31.208301],[34.2125,31.292285],[34.198145,31.322607],[34.387305,31.483789],[34.477344,31.584863],[34.524121,31.54165]]]}},{"type":"Feature","properties":{"NAME":"South Yemen","FUENTE":"Natural Earth 1:10m Admin 1 – States, Provinces (gobernaciones de Adén, Lahij, Abyan, Shabwa, Hadramawt y Al Mahra), dominio público; github.com/nvkelso/natural-earth-vector (consultado el 2026-09-28)","NOTA":"aproximación: las gobernaciones actuales que formaban la RDP del Yemen; Al Dali' y los límites de 1967-1990 difieren en detalle"},"geometry":{"type":"MultiPolygon","coordinates":[[[[53.268071,12.128832],[53.310267,12.111444],[53.248326,12.121302],[53.268071,12.128832]]],[[[53.068366,12.17494],[53.086378,12.134344],[53.05659,12.128251],[52.985265,12.162727],[53.03855,12.180333],[53.068366,12.17494]]],[[[52.319374,12.188264],[52.394705,12.187323],[52.371129,12.171565],[52.388464,12.148868],[52.330577,12.146186],[52.24023,12.156877],[52.224376,12.180325],[52.179861,12.172838],[52.162364,12.197414],[52.112315,12.198635],[52.064118,12.235473],[52.118435,12.241549],[52.200434,12.206443],[52.319374,12.188264]]],[[[54.540294,12.550238],[54.457423,12.519228],[54.444684,12.484721],[54.40234,12.467224],[54.245942,12.433539],[54.218761,12.3994],[54.140498,12.351344],[54.047546,12.352962],[54.008244,12.329857],[53.969981,12.341864],[53.731165,12.300414],[53.572147,12.334614],[53.505626,12.416327],[53.306895,12.543402],[53.363002,12.544913],[53.389415,12.560777],[53.403168,12.598049],[53.396027,12.656468],[53.470077,12.671424],[53.499869,12.712065],[53.518946,12.714351],[53.654755,12.704758],[53.762894,12.619703],[53.846104,12.598605],[53.875995,12.647294],[54.008097,12.645744],[54.119395,12.701117],[54.16789,12.664995],[54.195491,12.6754],[54.218761,12.652655],[54.26002,12.647528],[54.470662,12.543566],[54.516092,12.558434],[54.540294,12.550238]]],[[[45.058767,12.827135],[45.058604,12.76203],[45.039317,12.756293],[44.97934,12.782294],[44.980968,12.797309],[45.035167,12.803656],[45.042491,12.820868],[45.021495,12.857164],[44.998057,12.831448],[44.944591,12.83397],[44.916759,12.799465],[44.884776,12.81094],[44.867442,12.794827],[44.871837,12.769965],[44.920909,12.771389],[44.912771,12.748196],[44.881358,12.729885],[44.785167,12.772284],[44.727794,12.742011],[44.719249,12.780097],[44.693614,12.803453],[44.652354,12.817939],[44.572765,12.811591],[44.489919,12.753485],[44.415538,12.670152],[44.406993,12.685248],[44.191173,12.619127],[44.138031,12.638983],[44.189952,12.632148],[44.191173,12.660468],[44.153494,12.655951],[44.033702,12.604315],[43.99171,12.612128],[43.9463,12.598049],[43.894786,12.652655],[43.600597,12.756293],[43.530748,12.695478],[43.643466,12.882573],[43.735036,12.990267],[43.72589,13.056826],[43.862109,13.115763],[44.020704,13.047318],[44.021789,13.112223],[44.092224,13.09225],[44.11739,13.142712],[44.163796,13.156872],[44.1624,13.187516],[44.196507,13.227436],[44.333708,13.233844],[44.360993,13.2741],[44.354637,13.368022],[44.451633,13.386754],[44.437526,13.417476],[44.377271,13.435847],[44.376651,13.467266],[44.438766,13.488531],[44.448998,13.515661],[44.492096,13.526384],[44.53323,13.577053],[44.628057,13.516798],[44.75854,13.573565],[44.790992,13.602607],[44.853056,13.590902],[44.857552,13.708052],[44.996561,13.748386],[45.083016,13.796678],[45.118724,13.830216],[45.180478,13.964368],[45.255409,13.960621],[45.383566,14.031805],[45.399121,14.023201],[45.411678,13.972687],[45.405012,13.896594],[45.555494,13.87843],[45.586241,13.868198],[45.601899,13.840189],[45.657451,13.8228],[45.777547,13.867914],[45.985958,14.02364],[46.028953,14.108312],[46.043836,14.191692],[46.022132,14.212001],[46.001616,14.293676],[45.859196,14.355274],[45.780699,14.536503],[45.695795,14.579576],[45.72184,14.66324],[45.680912,14.688975],[45.568568,14.689285],[45.534565,14.715588],[45.5372,14.875371],[45.614301,15.060192],[45.753208,15.173415],[46.339735,15.570729],[46.832728,16.149686],[47.038659,16.345359],[46.997026,16.948514],[47.161338,16.947442],[47.427575,17.091826],[47.457961,17.130893],[47.589012,17.463276],[48.161949,18.148919],[49.035849,18.57972],[49.128815,18.612095],[51.978615,18.995638],[52.721464,17.29817],[52.801562,17.267423],[53.090343,16.642401],[53.021821,16.619452],[52.984874,16.62816],[52.851085,16.556138],[52.532563,16.447252],[52.292735,16.263821],[52.221446,16.160875],[52.224376,16.113593],[52.155528,15.983873],[52.186534,15.919094],[52.175466,15.877916],[52.224376,15.846747],[52.221446,15.716986],[52.244884,15.657701],[52.228363,15.616116],[52.04713,15.570014],[51.913097,15.515326],[51.874197,15.491523],[51.868663,15.451565],[51.829275,15.468695],[51.679942,15.403469],[51.66212,15.377143],[51.676443,15.340277],[51.530528,15.31684],[51.474294,15.270697],[51.367849,15.229722],[51.342459,15.237698],[51.268809,15.201809],[50.661469,15.058498],[50.554047,15.04857],[50.459483,15.010443],[50.358246,14.933336],[50.302257,14.917467],[50.179535,14.843329],[50.146251,14.849799],[50.04184,14.818264],[50.029796,14.850287],[49.942149,14.838772],[49.578136,14.737291],[49.46046,14.67357],[49.372406,14.649807],[49.190196,14.54857],[49.181895,14.516588],[49.137055,14.53266],[49.092784,14.519599],[49.009939,14.401109],[49.003673,14.324774],[48.886974,14.250312],[48.85255,14.166978],[48.797618,14.140448],[48.738292,14.068183],[48.695811,14.043606],[48.564789,14.046047],[48.468761,13.988959],[48.45045,14.010647],[48.338227,14.016303],[48.345714,14.002631],[48.188731,13.969143],[48.193614,13.993394],[48.140391,14.030585],[48.016856,14.057278],[47.931163,14.030585],[47.866547,13.961656],[47.820974,13.938463],[47.645681,13.873196],[47.398204,13.654853],[47.16684,13.585598],[46.911876,13.533271],[46.824229,13.476304],[46.700694,13.430325],[46.604747,13.440904],[46.52003,13.413031],[46.312999,13.41356],[46.234548,13.436347],[46.111339,13.406806],[45.81544,13.379543],[45.665782,13.341986],[45.494151,13.194648],[45.481456,13.157538],[45.403005,13.070136],[45.193533,13.012681],[45.118175,12.961737],[45.058767,12.827135]]]]}},{"type":"Feature","properties":{"NAME":"Sindh","FUENTE":"Natural Earth 1:10m Admin 1 – States, Provinces (provincia de Sind, Pakistán), dominio público; github.com/nvkelso/natural-earth-vector (consultado el 2026-09-28)","NOTA":"aproximación del Sind de los emires talpur con la provincia actual"},"geometry":{"type":"MultiPolygon","coordinates":[[[[70.189028,27.89179],[70.090688,27.79355],[69.993536,27.571083],[69.908063,27.497289],[69.848015,27.410369],[69.575577,27.188419],[69.534443,27.125581],[69.507571,27.050081],[69.465093,26.80777],[69.472844,26.766584],[69.50416,26.735165],[69.659396,26.677701],[69.772258,26.59507],[69.815562,26.580291],[70.056064,26.589076],[70.1296,26.562514],[70.158074,26.530113],[70.146912,26.217419],[70.073893,26.083112],[70.064643,25.980327],[70.083246,25.929943],[70.213988,25.786334],[70.264579,25.697296],[70.360129,25.673473],[70.477227,25.676315],[70.592259,25.708819],[70.632308,25.701378],[70.653857,25.674455],[70.654478,25.39659],[70.710495,25.335871],[70.734886,25.267348],[70.848574,25.163323],[70.915237,24.946618],[71.063858,24.682577],[70.977145,24.639686],[70.954821,24.584521],[70.957767,24.556022],[70.980866,24.534731],[70.977145,24.464942],[71.07502,24.436417],[71.082772,24.411508],[70.996679,24.356602],[70.917717,24.361718],[70.840926,24.30583],[70.851468,24.264877],[70.755453,24.231442],[70.621508,24.241157],[70.567661,24.272809],[70.545647,24.362183],[70.575206,24.400036],[70.562907,24.424092],[70.416353,24.401948],[70.353204,24.366266],[70.29853,24.363424],[70.242565,24.330609],[70.097871,24.298828],[70.052137,24.202064],[70.015964,24.174055],[69.972039,24.165219],[69.714587,24.168578],[69.563071,24.276762],[69.280815,24.283739],[69.166713,24.253172],[69.067701,24.288441],[68.962643,24.257228],[68.904197,24.320584],[68.885077,24.313556],[68.838774,24.236455],[68.819654,24.250304],[68.79919,24.329085],[68.747307,24.331177],[68.725913,24.289216],[68.724466,23.965179],[68.431564,23.967143],[68.353636,23.939289],[68.348882,23.964611],[68.330433,23.966574],[68.335033,23.940995],[68.314052,23.915906],[68.300409,23.910505],[68.263926,23.93593],[68.26036,23.895545],[68.207288,23.877019],[68.183035,23.842108],[68.157481,23.905097],[68.170584,23.839911],[68.143321,23.761135],[68.149099,23.694525],[68.102224,23.733832],[68.098888,23.709296],[68.062755,23.723131],[68.053884,23.74372],[68.074392,23.764838],[68.081716,23.80565],[68.102224,23.815741],[68.059418,23.861884],[68.063731,23.923163],[68.01352,23.939276],[68.053884,23.829413],[68.01352,23.768541],[67.994151,23.811184],[67.950857,23.808905],[67.934255,23.832994],[67.909923,23.836249],[67.899913,23.86758],[67.868907,23.850491],[67.855235,23.911933],[67.831716,23.809516],[67.718598,23.843695],[67.743663,23.808783],[67.715668,23.791693],[67.631602,23.803453],[67.650401,23.933051],[67.63738,23.874254],[67.614513,23.850084],[67.589366,23.866523],[67.58839,23.88467],[67.574555,23.871772],[67.546641,23.898261],[67.530121,23.891262],[67.546641,23.870998],[67.478526,23.891506],[67.512543,23.898261],[67.540538,23.939276],[67.498871,23.925605],[67.506358,23.974026],[67.451182,23.987698],[67.478201,24.032416],[67.519867,24.045071],[67.533051,24.070258],[67.509776,24.052069],[67.440684,24.070258],[67.354015,24.070868],[67.341319,24.086371],[67.279145,24.281236],[67.292817,24.302965],[67.285981,24.329576],[67.362478,24.34394],[67.271658,24.369086],[67.286632,24.439521],[67.2588,24.419094],[67.246837,24.467963],[67.210948,24.50845],[67.230805,24.525092],[67.194591,24.547268],[67.183604,24.590318],[67.252615,24.590318],[67.208995,24.613756],[67.15211,24.615709],[67.156993,24.662909],[67.199962,24.710639],[67.25294,24.740383],[67.245128,24.761664],[67.167328,24.760159],[67.139659,24.80329],[67.081228,24.80329],[67.08253,24.774156],[66.965099,24.843573],[66.965099,24.810045],[66.882091,24.85102],[66.654145,24.839179],[66.677013,24.879543],[66.862203,25.009404],[66.939666,25.02793],[66.990878,25.066894],[67.020488,25.108519],[67.032426,25.1711],[67.137639,25.276468],[67.166681,25.348582],[67.164511,25.404367],[67.221303,25.500873],[67.264453,25.530199],[67.373697,25.672671],[67.43514,25.83093],[67.434055,25.958984],[67.450333,26.048333],[67.43731,26.111249],[67.180944,26.539285],[67.16172,26.604733],[67.134538,27.253324],[67.192881,27.531627],[67.272669,27.663376],[67.342019,27.743707],[67.402067,27.863881],[67.683549,27.925841],[67.925136,28.023122],[67.999343,28.114176],[68.282685,28.310546],[68.381697,28.350311],[68.472906,28.454827],[68.604319,28.474955],[68.775678,28.464955],[69.38515,28.486556],[69.505246,28.52844],[69.58922,28.515417],[69.609684,28.483869],[69.732416,28.466196],[69.754482,28.423175],[69.806468,28.385684],[69.813444,28.328349],[69.899434,28.111385],[69.977155,28.001883],[70.074307,27.939716],[70.189028,27.89179]]],[[[67.375499,24.06273],[67.390391,24.049262],[67.458018,24.06273],[67.485362,24.048529],[67.453949,24.013414],[67.426931,24.007514],[67.393403,24.028062],[67.375499,24.06273]]]]}},{"type":"Feature","properties":{"NAME":"Khiva","FUENTE":"Natural Earth 1:10m Admin 1 – States, Provinces, dominio público; github.com/nvkelso/natural-earth-vector (consultado el 2026-09-28)","NOTA":"aproximación del kanato de Jiva con Corasmia, Karakalpakia y Dashoguz actuales"},"geometry":{"type":"Polygon","coordinates":[[[61.01026,41.237226],[60.999667,41.03765],[60.980702,41.002614],[60.247517,41.000521],[60.254855,40.342137],[60.471896,40.328598],[60.489776,40.314465],[60.517216,39.488959],[60.356606,39.476402],[60.312422,39.533375],[60.291442,39.607195],[60.265862,39.627659],[60.157393,39.621923],[60.083702,39.584044],[60.011355,39.640578],[59.994302,39.998851],[59.184739,40.004173],[59.109808,40.016679],[59.037048,40.057814],[58.987542,40.1098],[58.477651,40.213773],[58.385925,40.211473],[58.372902,40.157601],[58.24583,40.164035],[58.002331,40.109128],[57.884715,40.097036],[57.479572,40.102307],[57.342423,40.03828],[57.270076,40.032647],[57.175301,40.076004],[57.143934,40.139359],[57.078925,40.175636],[57.129051,40.304259],[57.028953,40.553701],[56.910408,40.663048],[56.778064,40.930629],[56.655436,41.030157],[56.659932,41.076563],[56.603295,41.104029],[56.542161,41.239344],[56.533721,41.298969],[55.978422,41.321717],[55.976149,44.995084],[57.478279,45.336924],[58.554906,45.557169],[61.036305,44.382822],[61.08023,44.335486],[61.102864,44.236061],[61.161672,44.168106],[61.985704,43.493341],[62.028321,43.480922],[62.135205,43.347742],[62.185331,43.313946],[62.470999,43.252761],[61.881629,42.396896],[61.85915,42.177012],[61.995885,41.980022],[61.743084,41.861011],[61.751611,41.834191],[62.464642,41.094675],[62.465418,41.080955],[62.239488,40.998971],[62.402734,40.859935],[62.447279,40.788312],[62.395603,40.70271],[62.187061,40.505516],[62.120683,40.59897],[62.100064,40.660413],[62.044771,40.714984],[61.982707,40.885671],[61.979297,40.998842],[61.877907,41.124984],[61.654355,41.249421],[61.470077,41.29717],[61.410752,41.292003],[61.387498,41.235779],[61.281355,41.157282],[61.2026,41.168806],[61.09966,41.2241],[61.022766,41.216865],[61.01026,41.237226]]]}},{"type":"Feature","properties":{"NAME":"Kokand","FUENTE":"Natural Earth 1:10m Admin 1 – States, Provinces, dominio público; github.com/nvkelso/natural-earth-vector (consultado el 2026-09-28)","NOTA":"aproximación del kanato de Kokand (valle de Fergana) con las provincias actuales de Fergana, Namangan, Andiyán, Osh, Jalal-Abad y Batken"},"geometry":{"type":"Polygon","coordinates":[[[74.041713,40.972021],[74.201549,40.860917],[74.222064,40.813349],[74.400348,40.676225],[74.57057,40.62318],[74.592584,40.599693],[74.588864,40.553907],[74.677489,40.539025],[74.710665,40.516907],[74.832312,40.508116],[74.787404,40.420738],[74.853859,40.35883],[74.862128,40.32617],[74.705755,40.331286],[74.565402,40.24695],[74.476622,40.172433],[74.333788,40.09373],[74.167596,40.10639],[73.976704,40.043603],[73.944044,39.970068],[73.893195,39.918133],[73.880689,39.86501],[73.823018,39.805685],[73.829529,39.746981],[73.893505,39.710394],[73.926784,39.592882],[73.870457,39.546786],[73.848029,39.489735],[73.820744,39.468186],[73.632642,39.448343],[73.476889,39.464776],[73.367645,39.443795],[73.343151,39.430669],[73.326408,39.390878],[73.167864,39.355377],[73.071126,39.370725],[73.009321,39.348607],[72.893669,39.363903],[72.835275,39.356204],[72.633737,39.394496],[72.575756,39.359304],[72.519015,39.375686],[72.476744,39.346127],[72.393234,39.350829],[72.31634,39.328815],[72.228903,39.189237],[72.203272,39.24081],[72.094751,39.275072],[72.078112,39.336618],[72.049793,39.368864],[71.959152,39.345868],[71.807017,39.272849],[71.751207,39.274245],[71.710899,39.32096],[71.748106,39.379561],[71.740251,39.448343],[71.704594,39.458988],[71.554319,39.444157],[71.512875,39.458833],[71.492101,39.493663],[71.531375,39.553091],[71.510911,39.584148],[71.459545,39.612105],[71.368543,39.591486],[71.249273,39.514385],[71.095898,39.51237],[71.062928,39.495627],[71.009288,39.407622],[70.977145,39.394909],[70.903351,39.420851],[70.770129,39.382093],[70.713285,39.398423],[70.698092,39.41899],[70.699746,39.472165],[70.655976,39.493714],[70.622128,39.563529],[70.59784,39.577792],[70.526113,39.575622],[70.477227,39.601201],[70.384313,39.570867],[70.33026,39.573089],[70.223289,39.519088],[70.20603,39.5241],[70.214814,39.591125],[70.200655,39.619495],[70.132442,39.550042],[70.040355,39.573606],[69.978757,39.534436],[69.907753,39.548492],[69.830445,39.536244],[69.669421,39.577792],[69.582295,39.573555],[69.514392,39.537588],[69.412176,39.52503],[69.361637,39.552884],[69.300348,39.515625],[69.286189,39.539707],[69.287533,39.677786],[69.226296,39.751011],[69.240714,39.82894],[69.310322,39.984796],[69.357296,39.959474],[69.405355,39.896119],[69.501576,39.922474],[69.463129,40.025413],[69.518009,40.125097],[69.543021,40.103083],[69.575474,40.1036],[69.969558,40.211603],[70.004595,40.208761],[70.14717,40.136983],[70.241531,40.132745],[70.324265,40.077503],[70.525493,40.033682],[70.535622,40.015957],[70.520946,39.993736],[70.473197,39.97012],[70.450872,39.937408],[70.455627,39.906816],[70.477227,39.900925],[70.500895,39.940561],[70.576601,39.952239],[70.613963,39.975752],[70.63944,40.084945],[70.66595,40.104168],[70.729822,40.120705],[70.792144,40.161374],[70.898545,40.162614],[70.962883,40.189693],[70.979522,40.214084],[70.938336,40.239922],[70.707188,40.200183],[70.622128,40.199563],[70.581821,40.221732],[70.524046,40.34374],[70.442191,40.343327],[70.371394,40.364927],[70.384933,40.399706],[70.353824,40.456136],[70.369637,40.475515],[70.477796,40.505487],[70.525493,40.557112],[70.569315,40.570445],[70.732096,40.674986],[70.756177,40.69514],[70.767132,40.737618],[70.637424,40.770587],[70.621766,40.785987],[70.628743,40.815856],[70.703157,40.788933],[70.70512,40.807433],[70.458006,41.015737],[70.45878,41.135164],[70.40979,41.196349],[70.438006,41.259704],[70.403383,41.274251],[70.397181,41.306445],[70.470782,41.404879],[70.344419,41.493799],[70.203446,41.505633],[70.166549,41.520206],[70.148255,41.552452],[70.169288,41.578342],[70.453663,41.71208],[70.506476,41.78559],[70.648948,41.887393],[70.814003,41.919535],[70.845474,42.030356],[70.977145,42.044231],[71.118429,42.122908],[71.238215,42.160244],[71.249868,42.198385],[71.420737,42.180785],[71.502334,42.199776],[71.627236,42.202876],[71.821539,42.140942],[71.887943,42.13655],[72.061886,42.071696],[72.164464,42.081178],[72.235054,42.185746],[72.351429,42.20621],[72.396439,42.203006],[72.436333,42.165514],[72.520411,42.162233],[72.571777,42.141562],[72.628105,42.152208],[72.736574,42.113967],[72.817706,42.061154],[72.885867,42.068776],[72.90354,42.109161],[72.94638,42.128178],[73.043066,42.146084],[73.081049,42.131537],[73.112261,42.13934],[73.126989,42.119807],[73.327028,42.075572],[73.36036,42.056916],[73.381805,42.019141],[73.521435,42.018572],[73.637345,41.989091],[73.715222,42.023688],[73.774701,42.013353],[73.800901,41.957594],[73.761627,41.90584],[73.725195,41.887418],[73.79222,41.840599],[73.823536,41.852484],[73.827153,41.876927],[73.887511,41.851554],[73.924098,41.863802],[73.971589,41.846748],[73.97748,41.74399],[74.100211,41.723862],[74.126463,41.603094],[74.060834,41.615496],[74.051015,41.668077],[74.019079,41.689807],[73.952055,41.697507],[73.911851,41.666604],[73.946474,41.618545],[73.985696,41.614153],[74.076337,41.564957],[74.147857,41.572553],[74.223925,41.545733],[74.329448,41.560306],[74.407169,41.546198],[74.472333,41.571985],[74.537342,41.568677],[74.662244,41.608417],[74.693922,41.633015],[74.751954,41.61175],[74.695317,41.432923],[74.647051,41.381144],[74.342625,41.294224],[74.398643,41.211645],[74.205579,41.201904],[74.076647,41.152992],[74.06874,41.124622],[74.145531,41.077131],[74.041713,40.972021]],[[70.490147,39.850179],[70.581614,39.766566],[70.694527,39.814832],[70.706412,39.839998],[70.68662,39.860876],[70.619906,39.850695],[70.483739,39.882218],[70.490147,39.850179]],[[70.61665,40.99352],[70.565904,41.018376],[70.549781,41.015224],[70.608382,40.950938],[70.645072,40.935177],[70.61665,40.99352]]]}},{"type":"Feature","properties":{"NAME":"Bukhara","FUENTE":"Natural Earth 1:10m Admin 1 – States, Provinces, dominio público; github.com/nvkelso/natural-earth-vector (consultado el 2026-09-28)","NOTA":"aproximación del emirato de Bujará (sin Samarcanda, rusa desde 1868) con las provincias actuales de Bujará, Navoi, Kashkadaria, Surjandaria, Lebap y el Tayikistán central y meridional"},"geometry":{"type":"Polygon","coordinates":[[[70.5935,38.658106],[70.341939,38.418275],[70.338219,38.384582],[70.359044,38.336833],[70.336203,38.26353],[70.341319,38.155992],[70.27383,38.035456],[70.298583,37.998134],[70.253934,37.973394],[70.26153,37.939287],[70.214711,37.929262],[70.17213,37.946083],[70.160503,37.920658],[70.179158,37.860791],[70.196004,37.839914],[70.240343,37.827563],[70.275121,37.774181],[70.283079,37.704831],[70.248301,37.623338],[70.216468,37.617137],[70.199415,37.579284],[70.129135,37.532284],[70.007592,37.548846],[69.955399,37.575485],[69.918812,37.617137],[69.80223,37.581506],[69.754274,37.596673],[69.664977,37.576157],[69.508656,37.578973],[69.491448,37.536986],[69.425405,37.49425],[69.37838,37.437406],[69.377036,37.380665],[69.417912,37.267675],[69.409851,37.245661],[69.445197,37.23641],[69.442148,37.223621],[69.391196,37.164658],[69.323913,37.120991],[69.265777,37.105411],[69.123615,37.169205],[68.985225,37.320359],[68.887867,37.338135],[68.917633,37.302427],[68.915824,37.279069],[68.890296,37.281963],[68.856758,37.324906],[68.835829,37.329144],[68.810197,37.312091],[68.820378,37.250906],[68.759606,37.275245],[68.668862,37.278294],[68.657545,37.267675],[68.671239,37.247185],[68.648605,37.244369],[68.626901,37.206257],[68.551453,37.192615],[68.523858,37.164658],[68.403711,37.151635],[68.418025,37.128277],[68.391877,37.105437],[68.307282,37.114221],[68.288317,37.103214],[68.277775,37.010068],[68.186411,37.01831],[68.02022,36.92568],[67.87811,37.064431],[67.808036,37.083241],[67.773051,37.109984],[67.780544,37.188868],[67.746593,37.229408],[67.677502,37.233542],[67.633163,37.254058],[67.592287,37.247185],[67.561385,37.2199],[67.526141,37.272894],[67.503145,37.281963],[67.391163,37.21959],[67.259129,37.185147],[67.236753,37.192408],[67.187816,37.258244],[67.123324,37.281963],[67.097382,37.34059],[67.005915,37.384386],[66.734975,37.363302],[66.694099,37.343406],[66.539018,37.36909],[66.451065,37.322943],[66.413496,37.349633],[66.294434,37.331211],[66.218469,37.3748],[66.142918,37.385058],[66.079666,37.440868],[65.855184,37.507944],[65.804334,37.565305],[65.761443,37.578379],[65.739429,37.529054],[65.681034,37.526393],[65.65871,37.51027],[65.620986,37.430404],[65.624087,37.345138],[65.536857,37.257107],[65.501407,37.242276],[65.063088,37.233232],[64.778764,37.118046],[64.755613,37.053631],[64.778764,36.93847],[64.728549,36.85057],[63.508661,36.856045],[63.488766,37.344232],[63.545713,37.385935],[63.720121,37.574554],[63.708649,37.618376],[63.22873,38.060003],[62.829168,38.192992],[62.739303,38.254978],[61.222031,39.500638],[61.022301,39.513971],[60.560056,39.485859],[60.508689,39.495884],[60.489776,40.314465],[60.471896,40.328598],[60.254855,40.342137],[60.247517,41.000521],[60.980702,41.002614],[60.999667,41.03765],[61.01026,41.237226],[61.022766,41.216865],[61.09966,41.2241],[61.2026,41.168806],[61.281355,41.157282],[61.387498,41.235779],[61.410752,41.292003],[61.470077,41.29717],[61.567332,41.277792],[61.654355,41.249421],[61.897441,41.10881],[61.979297,40.998842],[61.982707,40.885671],[62.044771,40.714984],[62.100064,40.660413],[62.120683,40.59897],[62.187061,40.505516],[62.395603,40.70271],[62.447279,40.788312],[62.402734,40.859935],[62.239488,40.998971],[62.465418,41.080955],[62.464642,41.094675],[61.751611,41.834191],[61.743084,41.861011],[61.995885,41.980022],[61.85915,42.177012],[61.881629,42.396896],[62.470999,43.252761],[62.185331,43.313946],[62.135205,43.347742],[62.028321,43.480922],[63.208007,43.627467],[64.426744,43.547033],[64.855038,43.712914],[64.922941,43.719115],[65.271447,43.417015],[65.51691,43.297229],[65.795239,42.877203],[66.101267,42.990323],[66.053208,42.440873],[66.013727,42.40302],[66.008663,42.002657],[66.504137,41.993484],[66.538863,41.740761],[66.688208,41.199192],[66.75789,41.15314],[66.635189,41.112168],[66.61426,41.084159],[66.631313,40.944736],[66.655549,40.9151],[66.765258,40.887246],[66.768514,40.826966],[66.801225,40.775212],[66.620151,40.4951],[66.583667,40.530136],[66.585218,40.57202],[66.511682,40.625634],[66.397787,40.57804],[66.276141,40.609563],[66.239037,40.589151],[66.205861,40.522178],[66.22524,40.46399],[66.185656,40.43407],[66.199815,40.3672],[66.178059,40.316454],[66.198265,40.28457],[66.117701,40.147343],[66.175734,40.138584],[66.184105,40.11843],[66.105454,40.055747],[65.878594,40.015749],[65.771986,40.038383],[65.692921,40.068795],[65.65158,40.10918],[65.512518,40.146852],[65.454796,40.038616],[65.481202,40.009858],[65.435262,39.90573],[65.357076,39.900924],[65.286279,39.926297],[65.252638,39.883612],[65.123188,39.858033],[65.19476,39.785065],[65.226231,39.693185],[65.189954,39.603733],[65.255583,39.491802],[65.682585,39.483378],[65.741238,39.510793],[65.748576,39.550816],[65.808779,39.554692],[65.859474,39.481311],[65.966703,39.410902],[65.979467,39.337237],[66.052847,39.319538],[66.104213,39.323698],[66.220589,39.370905],[66.388796,39.397854],[66.510597,39.340131],[66.585373,39.363541],[66.633639,39.414313],[66.675393,39.430462],[66.873727,39.405089],[66.897447,39.361551],[66.89078,39.310366],[66.906748,39.298248],[67.050926,39.299152],[67.066429,39.339098],[67.358697,39.290431],[67.344395,39.273831],[67.35008,39.219829],[67.378192,39.199495],[67.499011,39.165983],[67.58035,39.163605],[67.637711,39.13154],[67.66758,39.131773],[67.678587,39.105935],[67.667218,39.028368],[67.690524,38.989611],[67.845243,38.973772],[67.948906,39.002013],[68.019806,38.979689],[68.077271,38.995528],[68.153386,38.899403],[68.319892,38.930596],[68.367848,38.919563],[68.474766,38.940052],[68.566802,39.000023],[68.590057,39.048056],[68.665814,39.046919],[68.760744,39.075548],[69.065531,39.030383],[69.216633,39.096839],[69.346858,39.099112],[69.365151,39.158721],[69.402875,39.180296],[69.50044,39.1858],[69.542815,39.152391],[69.542815,39.085754],[69.55899,39.072086],[69.651594,39.115003],[69.648338,39.136268],[69.681256,39.163191],[69.693814,39.222516],[69.666477,39.261635],[69.736343,39.293364],[69.808173,39.263573],[69.880934,39.319306],[69.990023,39.331889],[70.022011,39.313156],[70.094461,39.341785],[70.111049,39.338142],[70.124537,39.306697],[70.255226,39.360233],[70.285767,39.390413],[70.368656,39.377597],[70.485031,39.401988],[70.50472,39.426224],[70.586989,39.441624],[70.655564,39.494644],[70.699746,39.472165],[70.698092,39.41899],[70.739744,39.386228],[70.797621,39.385349],[70.903351,39.420851],[70.977145,39.394909],[71.009288,39.407622],[71.062928,39.495627],[71.095898,39.51237],[71.249273,39.514385],[71.368543,39.591486],[71.459545,39.612105],[71.510911,39.584148],[71.531375,39.553091],[71.492101,39.493663],[71.512875,39.458833],[71.554319,39.444157],[71.704594,39.458988],[71.740251,39.448343],[71.748106,39.379561],[71.710899,39.32096],[71.751207,39.274245],[71.807017,39.272849],[71.959152,39.345868],[72.049793,39.368864],[72.078112,39.336618],[72.094751,39.275072],[72.203272,39.24081],[72.228668,39.189502],[72.220481,39.128103],[72.131081,39.085935],[72.114648,39.027489],[72.026953,38.956744],[72.007419,38.884707],[72.062661,38.808071],[71.974243,38.735956],[71.847429,38.712418],[71.750794,38.645988],[71.604601,38.637461],[71.532926,38.57408],[71.527035,38.528966],[71.46523,38.519639],[71.426938,38.475068],[71.372161,38.513722],[71.2778,38.488969],[71.216201,38.540852],[71.202404,38.590203],[71.178167,38.60829],[71.041793,38.606584],[71.033267,38.628728],[71.05125,38.698775],[71.010426,38.767686],[71.012596,38.796624],[70.993217,38.806159],[70.858704,38.762027],[70.781396,38.75934],[70.732665,38.803963],[70.5488,38.721332],[70.590555,38.683014],[70.5935,38.658106]]]}},{"type":"Feature","properties":{"NAME":"Somaliland","FUENTE":"Natural Earth 1:50m Admin 0 – Countries (Somaliland), dominio público; github.com/nvkelso/natural-earth-vector (consultado el 2026-09-28)","NOTA":"límite de la antigua Somalilandia británica"},"geometry":{"type":"Polygon","coordinates":[[[48.938574,11.258447],[48.938477,10.982324],[48.938477,10.714209],[48.938379,10.433252],[48.938281,9.973486],[48.938281,9.807617],[48.938086,9.564111],[48.938086,9.451758],[48.793555,9.232715],[48.616602,8.9646],[48.428613,8.67959],[48.272754,8.443359],[48.126758,8.222168],[47.978223,7.99707],[47.637695,7.99707],[47.305664,7.99707],[46.978223,7.99707],[46.919531,8.026123],[46.644727,8.118164],[46.295996,8.234961],[45.863281,8.379883],[45.555469,8.483008],[45.226953,8.59082],[44.893555,8.700195],[44.632031,8.786084],[44.30625,8.893066],[44.022852,8.986035],[43.983789,9.008838],[43.826758,9.150781],[43.620508,9.337402],[43.581055,9.340723],[43.48252,9.379492],[43.394336,9.480273],[43.303125,9.609082],[43.218457,9.770166],[43.181641,9.87998],[43.068945,9.926221],[43.014746,10.012598],[42.9125,10.14082],[42.841602,10.203076],[42.816406,10.257373],[42.783691,10.369629],[42.725195,10.491748],[42.669238,10.567578],[42.656445,10.6],[42.65957,10.621387],[42.763086,10.786914],[42.809766,10.845996],[42.862891,10.903223],[42.906152,10.960254],[42.922754,10.999316],[43.048633,11.194336],[43.159375,11.365723],[43.245996,11.499805],[43.441211,11.346436],[43.631152,11.035449],[43.852734,10.784277],[44.158203,10.550781],[44.279297,10.471875],[44.386523,10.430225],[44.942969,10.436719],[45.337695,10.649756],[45.695898,10.803906],[45.816699,10.835889],[46.024512,10.793701],[46.253906,10.781104],[46.460254,10.73418],[46.565039,10.745996],[46.973438,10.925391],[47.230078,11.099902],[47.40498,11.174023],[47.473828,11.174805],[47.7125,11.112012],[48.019238,11.139355],[48.438867,11.290137],[48.572559,11.320508],[48.674414,11.322656],[48.903125,11.254883],[48.938574,11.258447]]]}},{"type":"Feature","properties":{"NAME":"Netherlands New Guinea","FUENTE":"Natural Earth 1:10m Admin 1 – States, Provinces (Papua y Papúa Occidental, Indonesia), dominio público; github.com/nvkelso/natural-earth-vector (consultado el 2026-09-28)","NOTA":"la Nueva Guinea Neerlandesa coincide con las provincias actuales de Papúa y Papúa Occidental"},"geometry":{"type":"MultiPolygon","coordinates":[[[[133.604177,-4.300714],[133.535167,-4.238702],[133.46046,-4.244073],[133.388194,-4.204685],[133.331391,-4.165216],[133.324229,-4.108331],[133.41863,-4.163018],[133.456065,-4.202407],[133.54127,-4.22088],[133.627696,-4.300226],[133.604177,-4.300714]]],[[[132.702891,-3.519301],[132.666352,-3.453383],[132.637462,-3.447524],[132.620291,-3.423761],[132.643565,-3.408624],[132.681163,-3.423435],[132.71046,-3.469496],[132.712901,-3.504164],[132.702891,-3.519301]]],[[[131.654633,-2.613214],[131.598155,-2.653904],[131.57252,-2.651056],[131.654633,-2.613214]]],[[[134.809825,-4.254083],[134.733409,-4.197524],[134.723888,-4.142511],[134.658051,-4.133396],[134.648204,-4.118748],[134.696544,-4.053155],[134.676036,-4.026462],[134.67921,-3.960707],[134.723888,-3.937758],[134.864431,-3.95322],[134.91627,-3.978692],[134.967459,-3.951837],[134.967784,-3.936782],[134.943614,-3.951349],[134.91627,-3.923435],[134.844574,-3.930108],[134.675792,-3.90838],[134.620291,-3.954685],[134.602224,-4.000665],[134.525238,-4.026462],[134.463878,-3.978692],[134.478363,-3.961602],[134.430431,-3.90781],[134.375255,-3.899102],[134.333507,-3.868829],[134.360362,-3.925958],[134.348969,-3.943455],[134.306163,-3.944513],[134.340343,-3.996026],[134.315278,-4.020278],[134.272227,-3.971449],[134.191173,-3.943536],[134.170421,-3.888116],[134.141124,-3.903009],[134.144216,-3.87477],[134.192638,-3.835545],[134.161632,-3.771661],[134.127452,-3.745294],[134.126475,-3.799249],[134.110362,-3.81756],[134.091807,-3.823989],[134.039317,-3.793145],[133.987641,-3.855157],[133.958995,-3.837579],[133.913341,-3.729425],[133.843598,-3.63836],[133.838145,-3.590427],[133.804454,-3.602309],[133.795421,-3.631524],[133.829275,-3.721856],[133.809825,-3.72031],[133.76295,-3.660252],[133.703136,-3.672621],[133.708018,-3.610121],[133.641449,-3.483657],[133.653168,-3.444431],[133.696788,-3.427423],[133.702159,-3.404392],[133.683116,-3.232517],[133.690929,-3.216078],[133.709727,-3.232029],[133.722423,-3.183038],[133.758067,-3.190362],[133.783946,-3.131443],[133.846446,-3.087091],[133.863943,-3.080499],[133.914073,-3.12656],[133.929454,-3.114679],[133.863943,-3.042087],[133.881602,-2.9638],[133.860525,-2.922947],[133.817556,-2.934747],[133.829845,-2.953871],[133.801606,-3.018162],[133.719981,-3.063572],[133.668224,-3.122166],[133.655528,-3.188897],[133.663341,-3.361505],[133.627696,-3.416274],[133.551036,-3.431573],[133.514008,-3.378351],[133.519379,-3.430841],[133.490571,-3.444268],[133.569102,-3.481866],[133.591807,-3.545343],[133.575938,-3.580499],[133.505626,-3.622328],[133.408865,-3.722426],[133.396658,-3.755955],[133.408702,-3.800551],[133.455577,-3.846938],[133.45338,-3.865411],[133.411794,-3.886163],[133.250987,-4.066827],[133.210948,-4.078383],[133.051524,-4.061212],[132.989919,-4.113946],[132.907725,-4.088149],[132.891368,-4.036716],[132.849946,-4.009698],[132.795909,-3.940606],[132.796397,-3.918145],[132.825857,-3.937758],[132.824555,-3.916436],[132.730968,-3.682306],[132.729666,-3.649102],[132.756114,-3.627537],[132.881114,-3.642836],[132.896251,-3.586358],[132.931814,-3.554132],[132.88087,-3.475356],[132.831879,-3.461033],[132.821137,-3.437433],[132.811697,-3.281671],[132.740733,-3.276544],[132.733246,-3.330987],[132.671153,-3.328546],[132.603038,-3.241876],[132.629893,-3.215102],[132.627208,-3.197361],[132.581798,-3.170343],[132.553071,-3.107029],[132.475841,-3.046482],[132.339854,-2.977634],[132.342296,-2.958185],[132.325694,-2.946547],[132.2199,-2.934259],[132.188324,-2.916681],[132.168793,-2.946466],[132.106456,-2.936619],[132.101248,-2.959893],[132.07545,-2.957696],[132.057953,-2.916681],[132.038748,-2.926446],[131.996918,-2.914809],[131.976085,-2.929783],[132.023936,-2.854669],[131.989757,-2.840997],[132.044444,-2.803399],[131.958018,-2.788181],[132.010265,-2.759047],[132.058279,-2.758559],[132.06544,-2.744806],[132.081554,-2.757908],[132.088064,-2.73561],[132.181488,-2.724867],[132.11085,-2.719415],[132.121349,-2.697931],[132.161632,-2.683282],[132.311778,-2.676446],[132.367198,-2.696954],[132.428477,-2.696954],[132.43336,-2.732192],[132.421153,-2.744806],[132.475841,-2.731134],[132.468923,-2.707615],[132.48463,-2.699477],[132.585704,-2.717462],[132.679047,-2.80169],[132.728282,-2.813165],[132.853038,-2.717462],[133.033539,-2.479425],[133.172862,-2.422052],[133.239594,-2.416762],[133.312348,-2.443048],[133.32602,-2.505141],[133.35377,-2.49627],[133.39031,-2.526625],[133.380707,-2.676446],[133.403005,-2.675226],[133.404552,-2.591404],[133.445567,-2.494724],[133.458669,-2.506931],[133.450369,-2.642348],[133.473155,-2.615981],[133.473481,-2.521661],[133.492524,-2.523533],[133.518728,-2.589614],[133.6067,-2.532485],[133.633962,-2.539321],[133.67335,-2.574802],[133.668468,-2.670831],[133.682384,-2.717462],[133.713145,-2.511977],[133.747406,-2.529229],[133.799083,-2.642348],[133.816905,-2.649021],[133.827891,-2.5499],[133.803966,-2.506768],[133.819591,-2.477227],[133.767263,-2.471938],[133.747244,-2.437921],[133.850108,-2.424249],[133.908376,-2.477227],[133.866466,-2.411391],[133.986583,-2.406183],[134.005138,-2.388442],[133.898692,-2.377618],[133.894542,-2.363377],[133.963552,-2.32643],[133.867361,-2.341241],[133.949962,-2.292901],[133.949962,-2.203546],[133.928966,-2.274184],[133.90211,-2.258722],[133.840099,-2.299737],[133.792003,-2.260186],[133.863048,-2.21795],[133.881602,-2.189874],[133.901378,-2.198419],[133.949962,-2.169366],[133.89796,-2.17547],[133.895274,-2.16253],[133.929454,-2.148858],[133.94044,-2.107599],[133.858165,-2.107354],[133.833263,-2.142185],[133.709972,-2.175551],[133.645763,-2.236017],[133.623302,-2.225274],[133.593598,-2.237563],[133.593598,-2.183038],[133.548595,-2.24505],[133.504161,-2.203546],[133.514659,-2.226007],[133.445567,-2.237888],[133.388194,-2.217218],[133.31658,-2.222589],[133.296153,-2.204197],[133.169444,-2.216892],[133.13502,-2.238458],[132.943614,-2.28338],[132.815929,-2.24505],[132.688731,-2.307224],[132.636729,-2.277276],[132.613536,-2.211033],[132.560395,-2.185642],[132.347911,-2.270115],[132.305675,-2.265558],[132.214529,-2.165785],[132.04835,-2.083185],[132.044444,-2.059503],[132.126964,-1.998142],[132.027354,-2.018487],[131.972911,-1.964614],[131.972341,-1.912367],[131.941905,-1.895115],[131.927745,-1.805759],[132.018321,-1.721287],[132.023936,-1.675958],[131.917491,-1.707289],[131.886729,-1.652032],[131.896739,-1.601495],[131.982188,-1.538751],[131.879893,-1.5735],[131.888845,-1.556573],[131.871267,-1.553155],[131.804861,-1.607599],[131.811046,-1.52044],[131.791189,-1.497735],[131.771658,-1.563246],[131.723155,-1.571954],[131.706716,-1.534763],[131.722911,-1.518243],[131.703787,-1.511],[131.647227,-1.525649],[131.57309,-1.480157],[131.500499,-1.469659],[131.469086,-1.479099],[131.456879,-1.502862],[131.427501,-1.497735],[131.389822,-1.456801],[131.401866,-1.427341],[131.383637,-1.401951],[131.322276,-1.401056],[131.27711,-1.374282],[131.274913,-1.39186],[131.336925,-1.453058],[131.291515,-1.490981],[131.20574,-1.523614],[131.186534,-1.48504],[131.126313,-1.453302],[131.003591,-1.456231],[130.950938,-1.433689],[130.953136,-1.405043],[131.004405,-1.372328],[131.03004,-1.275567],[131.074474,-1.237563],[131.181651,-1.217218],[131.254161,-1.080255],[131.253673,-1.027602],[131.271007,-1.003676],[131.26352,-0.929295],[131.291515,-0.914972],[131.235362,-0.846449],[131.243012,-0.819431],[131.373546,-0.787856],[131.398774,-0.76629],[131.50294,-0.733331],[131.54477,-0.736912],[131.516775,-0.785252],[131.876475,-0.68963],[131.951915,-0.5888],[132.003429,-0.551853],[132.068858,-0.531996],[132.09962,-0.469903],[132.15089,-0.435724],[132.27003,-0.384535],[132.437185,-0.347101],[132.67921,-0.36891],[132.709158,-0.36004],[132.905284,-0.45322],[132.975108,-0.444757],[132.983409,-0.469903],[133.04835,-0.507908],[133.154796,-0.531996],[133.391612,-0.72324],[133.572765,-0.750909],[133.604747,-0.725681],[133.656098,-0.747003],[133.745372,-0.750746],[133.774099,-0.717218],[133.829845,-0.743748],[133.977224,-0.72324],[133.994884,-0.733331],[134.056407,-0.79518],[134.17213,-0.863865],[134.151541,-0.882989],[134.074474,-0.894952],[134.05893,-0.948175],[134.036143,-0.957778],[134.127452,-1.14837],[134.203787,-1.212579],[134.281993,-1.350193],[134.230479,-1.436293],[134.215831,-1.560317],[134.087087,-1.682794],[134.144867,-1.939142],[134.155284,-2.045831],[134.134939,-2.049574],[134.120616,-2.135349],[134.15211,-2.17547],[134.164806,-2.320489],[134.204356,-2.395115],[134.330251,-2.522231],[134.401703,-2.744806],[134.431651,-2.779392],[134.463878,-2.862074],[134.532725,-2.834161],[134.47755,-2.634942],[134.484386,-2.539321],[134.509288,-2.507745],[134.553722,-2.491469],[134.534516,-2.478774],[134.546397,-2.462986],[134.638438,-2.511163],[134.658051,-2.562758],[134.66684,-2.825616],[134.701345,-2.958673],[134.727061,-2.985772],[134.772227,-2.977634],[134.851329,-2.899835],[134.861095,-2.940037],[134.846853,-3.018487],[134.826345,-3.039646],[134.818533,-3.136326],[134.853689,-3.147882],[134.874766,-3.232029],[134.898936,-3.262791],[134.914399,-3.268813],[134.964122,-3.238214],[134.956716,-3.27988],[134.984711,-3.329685],[135.069102,-3.338556],[135.111501,-3.361749],[135.275645,-3.368585],[135.340831,-3.389744],[135.505382,-3.348077],[135.569102,-3.281671],[135.570486,-3.248712],[135.601573,-3.204034],[135.75172,-3.128351],[135.7671,-3.108819],[135.745616,-3.077081],[135.757335,-3.055841],[135.79949,-3.053318],[135.926524,-2.965916],[135.936778,-2.943455],[135.926768,-2.878839],[135.96046,-2.83766],[135.96461,-2.775811],[136.01295,-2.747003],[136.023204,-2.707696],[136.072276,-2.672621],[136.197439,-2.624444],[136.266368,-2.560317],[136.293956,-2.433526],[136.344086,-2.368259],[136.34197,-2.28338],[136.38087,-2.234063],[136.532563,-2.189874],[136.53297,-2.225844],[136.594737,-2.237563],[136.605235,-2.252048],[136.68393,-2.258722],[136.7046,-2.237563],[136.749278,-2.252048],[136.867198,-2.188165],[136.938487,-2.17254],[136.951508,-2.142185],[136.981456,-2.12656],[137.178477,-2.106134],[137.233653,-2.060968],[137.191173,-2.004571],[137.210134,-1.979262],[137.204845,-1.94964],[137.101736,-1.888279],[137.123546,-1.797459],[137.348806,-1.710138],[137.516368,-1.600844],[137.839122,-1.471124],[137.924815,-1.484145],[138.07488,-1.610284],[138.229177,-1.649102],[138.3567,-1.710138],[138.665212,-1.789158],[138.842784,-1.94964],[138.949555,-1.959893],[139.1067,-2.012791],[139.283214,-2.12184],[139.678233,-2.292901],[139.780772,-2.354669],[139.864757,-2.372003],[140.059337,-2.354262],[140.104747,-2.320082],[140.14503,-2.341241],[140.15797,-2.320896],[140.210216,-2.402114],[140.332286,-2.455743],[140.379649,-2.441095],[140.363943,-2.40488],[140.377126,-2.395278],[140.500662,-2.435724],[140.607595,-2.439386],[140.74464,-2.499119],[140.736095,-2.563653],[140.698578,-2.608168],[140.723806,-2.633966],[140.75172,-2.600763],[140.785492,-2.62127],[140.974457,-2.600518],[140.976904,-6.335116],[140.952822,-6.37377],[140.967085,-6.393924],[140.952822,-6.431751],[140.912515,-6.438572],[140.948585,-6.465547],[140.950187,-6.498724],[140.92099,-6.516397],[140.915099,-6.558462],[140.892981,-6.565386],[140.90497,-6.589467],[140.8504,-6.623574],[140.865799,-6.649205],[140.849211,-6.702846],[140.884506,-6.753902],[140.870863,-6.778397],[140.901611,-6.812193],[140.916029,-6.862732],[140.939696,-6.856325],[140.943314,-6.888054],[140.977162,-6.896632],[140.97698,-9.106134],[140.856944,-9.049086],[140.621593,-8.806736],[140.507498,-8.638116],[140.378103,-8.522231],[140.363455,-8.490818],[140.301443,-8.467462],[140.251638,-8.408949],[140.031912,-8.246352],[139.988129,-8.192478],[139.970714,-8.142185],[139.979747,-8.121515],[140.05836,-8.081964],[140.060557,-7.948337],[140.083018,-7.93255],[140.111583,-7.946547],[140.128673,-7.93613],[140.151703,-7.884698],[140.118988,-7.914809],[140.061046,-7.924412],[140.04184,-8.045505],[139.973643,-8.096938],[139.630544,-8.124933],[139.514985,-8.178888],[139.395193,-8.200942],[139.319509,-8.190199],[139.254649,-8.146091],[139.240001,-8.11061],[139.245128,-8.015069],[139.218923,-7.979669],[139.269379,-7.986261],[139.287852,-7.973403],[139.217133,-7.951349],[139.205903,-7.963149],[139.212169,-8.004164],[139.232188,-8.017836],[139.224457,-8.074395],[139.201182,-8.095636],[139.089529,-8.133559],[138.973318,-8.229913],[138.94337,-8.291192],[138.914399,-8.292087],[138.842784,-8.16131],[138.842784,-8.117446],[138.925304,-8.070489],[138.905772,-8.043634],[138.915375,-7.903253],[138.993988,-7.865492],[139.007172,-7.754327],[139.059418,-7.622735],[139.089203,-7.596775],[139.093028,-7.559991],[139.035899,-7.515232],[138.944347,-7.497003],[138.925548,-7.427341],[138.865489,-7.336033],[138.73878,-7.243585],[138.691254,-7.233575],[138.667491,-7.197849],[138.904552,-7.199395],[139.003917,-7.240411],[139.157074,-7.243097],[139.240001,-7.151056],[139.206065,-7.150486],[139.159434,-7.20322],[139.060557,-7.212498],[138.946137,-7.157159],[138.84254,-7.145603],[138.761974,-7.113865],[138.561534,-6.918634],[138.612559,-6.877211],[138.739757,-6.897149],[138.798106,-6.856215],[138.931488,-6.842543],[138.989431,-6.865899],[139.017751,-6.908624],[139.072765,-6.948826],[139.126475,-6.971612],[139.192231,-6.972914],[139.068696,-6.918227],[138.966319,-6.835707],[138.837901,-6.814548],[138.745779,-6.740167],[138.683442,-6.714532],[138.670909,-6.671808],[138.682465,-6.645115],[138.829112,-6.705987],[138.708995,-6.629653],[138.466075,-6.402114],[138.395356,-6.253188],[138.365489,-6.091729],[138.262462,-5.914727],[138.270844,-5.886977],[138.30421,-5.868259],[138.37672,-5.855645],[138.403982,-5.835707],[138.322032,-5.851007],[138.208751,-5.825291],[138.157563,-5.773696],[138.251964,-5.718927],[138.362966,-5.678806],[138.252696,-5.679864],[138.152029,-5.723077],[138.085785,-5.739923],[138.071056,-5.728611],[138.054861,-5.589614],[138.109711,-5.534112],[138.06422,-5.511163],[138.071056,-5.409926],[138.061371,-5.403741],[138.05128,-5.431817],[138.026541,-5.431085],[138.035981,-5.474786],[138.025645,-5.484959],[137.999278,-5.478936],[137.914561,-5.386895],[137.908458,-5.363051],[137.924815,-5.328709],[137.904145,-5.3235],[137.853363,-5.361586],[137.813975,-5.358168],[137.780121,-5.315037],[137.808116,-5.253025],[137.732432,-5.27337],[137.690684,-5.211358],[137.662852,-5.22031],[137.579845,-5.181899],[137.574229,-5.167087],[137.595063,-5.149998],[137.572765,-5.120782],[137.519298,-5.148533],[137.464854,-5.09588],[137.432628,-5.103448],[137.377778,-5.082452],[137.355642,-5.061782],[137.369151,-5.026462],[137.34962,-5.04046],[137.307872,-4.999119],[137.301606,-5.026625],[137.268077,-5.013849],[137.278819,-4.936619],[137.232432,-4.969415],[137.219005,-5.01336],[137.15211,-4.974379],[137.149669,-4.945082],[137.115408,-4.979181],[137.090099,-4.960138],[137.101736,-4.889255],[137.04184,-4.943048],[137.006521,-4.945733],[136.946544,-4.917657],[136.978852,-4.879571],[136.969249,-4.869561],[136.831798,-4.93141],[136.803966,-4.910252],[136.799164,-4.88006],[136.743175,-4.881524],[136.375662,-4.68377],[136.267345,-4.676202],[136.035818,-4.586033],[135.95045,-4.50628],[135.656098,-4.485772],[135.429535,-4.430434],[135.227794,-4.461196],[134.959158,-4.318617],[134.906586,-4.264093],[134.809825,-4.254083]]],[[[130.429861,-1.980239],[130.373546,-2.012791],[130.340017,-1.993422],[130.338145,-1.94964],[130.256114,-2.045831],[130.126475,-2.06699],[130.086925,-2.026137],[130.012869,-2.025486],[129.873383,-1.982029],[129.810557,-1.935968],[129.743826,-1.912205],[129.714854,-1.881443],[130.030772,-1.743829],[130.137055,-1.725274],[130.2317,-1.734308],[130.289073,-1.692153],[130.342947,-1.67669],[130.357188,-1.69492],[130.351817,-1.741388],[130.406261,-1.778985],[130.439952,-1.835707],[130.411794,-1.881768],[130.344249,-1.928481],[130.434337,-1.963311],[130.429861,-1.980239]]],[[[129.927257,-1.210382],[129.920421,-1.189386],[129.830903,-1.237074],[129.879405,-1.202895],[129.762706,-1.210382],[129.743907,-1.199884],[129.767426,-1.172052],[129.879405,-1.141534],[129.954438,-1.162693],[129.953298,-1.18963],[129.927257,-1.210382]]],[[[131.07252,-1.077569],[130.997569,-1.332452],[130.961925,-1.353774],[130.920909,-1.319594],[130.863048,-1.337172],[130.820486,-1.281671],[130.758067,-1.238214],[130.729259,-1.150811],[130.688243,-1.107354],[130.710134,-1.092869],[130.701834,-1.045099],[130.64975,-0.97381],[130.891856,-0.889907],[130.912934,-0.89422],[130.939708,-0.932306],[131.030772,-0.913018],[131.07488,-0.966892],[131.057384,-1.000665],[131.07252,-1.077569]]],[[[130.924571,-0.780694],[130.87322,-0.808852],[130.889659,-0.832778],[130.819347,-0.870294],[130.51002,-0.922459],[130.523692,-0.908787],[130.487315,-0.903904],[130.468516,-0.922459],[130.452647,-0.910577],[130.400157,-0.929295],[130.440684,-0.893162],[130.448416,-0.818617],[130.461681,-0.805108],[130.468516,-0.819431],[130.478526,-0.7999],[130.503184,-0.805108],[130.49464,-0.827895],[130.519054,-0.839614],[130.550955,-0.834161],[130.564708,-0.805108],[130.586436,-0.833103],[130.631196,-0.806248],[130.654307,-0.823989],[130.680675,-0.812595],[130.732758,-0.826267],[130.800141,-0.801446],[130.817882,-0.819431],[130.80421,-0.757257],[130.924571,-0.780694]]],[[[130.641124,-0.52752],[130.571544,-0.531996],[130.596853,-0.464532],[130.564708,-0.476739],[130.547618,-0.505304],[130.461681,-0.52516],[130.496349,-0.490411],[130.469493,-0.49033],[130.454845,-0.4638],[130.475841,-0.476739],[130.505056,-0.441339],[130.535167,-0.468927],[130.632091,-0.41131],[130.677582,-0.435805],[130.687999,-0.463149],[130.641124,-0.52752]]],[[[129.916189,-0.427423],[129.87794,-0.502374],[129.85141,-0.481622],[129.844249,-0.444268],[129.85963,-0.422947],[129.902354,-0.408461],[129.916189,-0.427423]]],[[[131.316661,-0.299574],[131.283946,-0.353936],[131.26352,-0.346449],[131.25294,-0.384373],[131.237966,-0.389255],[131.157725,-0.33294],[131.098481,-0.322931],[131.023285,-0.366876],[131.015636,-0.349867],[130.97047,-0.358005],[130.879405,-0.254083],[130.796723,-0.23919],[130.792247,-0.189874],[130.730235,-0.130466],[130.715505,-0.093194],[130.650076,-0.079767],[130.613048,-0.093194],[130.654063,-0.113702],[130.636078,-0.113458],[130.629242,-0.14072],[130.682384,-0.169854],[130.750987,-0.28753],[130.811046,-0.318536],[130.828136,-0.291436],[130.887055,-0.296482],[130.948253,-0.366876],[130.916759,-0.40602],[130.865489,-0.429295],[130.733084,-0.441502],[130.680675,-0.339614],[130.695974,-0.318129],[130.688243,-0.291192],[130.579112,-0.333917],[130.564708,-0.373712],[130.582286,-0.366143],[130.578624,-0.383884],[130.547374,-0.43613],[130.558442,-0.387384],[130.541189,-0.382501],[130.5442,-0.32586],[130.516124,-0.291192],[130.523692,-0.257582],[130.485688,-0.255304],[130.441173,-0.284926],[130.392751,-0.263849],[130.375662,-0.274591],[130.310802,-0.257582],[130.300548,-0.234145],[130.217052,-0.20086],[130.398611,-0.214451],[130.424083,-0.199314],[130.429861,-0.186293],[130.386485,-0.175063],[130.41212,-0.157322],[130.406261,-0.127374],[130.384613,-0.157485],[130.372244,-0.13421],[130.338145,-0.140313],[130.344981,-0.188735],[130.29713,-0.165216],[130.28061,-0.104994],[130.317638,-0.106785],[130.338145,-0.079522],[130.358653,-0.127374],[130.369151,-0.108331],[130.358653,-0.079522],[130.38087,-0.073663],[130.427501,-0.106785],[130.420665,-0.079522],[130.434337,-0.093194],[130.51002,-0.044732],[130.5442,-0.072686],[130.550466,-0.058445],[130.558442,-0.072686],[130.571544,-0.044732],[130.586436,-0.058445],[130.716319,-0.033258],[130.722341,-0.052179],[130.765473,-0.049981],[130.783865,-0.044732],[130.749685,-0.031101],[130.761485,-0.018365],[130.824718,-0.003839],[130.973643,-0.057184],[131.056407,-0.04103],[131.043793,-0.06524],[131.153656,-0.085707],[131.211599,-0.137872],[131.297374,-0.159275],[131.318207,-0.203058],[131.297618,-0.237237],[131.34547,-0.288181],[131.316661,-0.299574]]],[[[131.237071,1.02497],[131.244884,1.035346],[131.236339,1.019355],[131.237071,1.02497]]],[[[131.254893,1.044257],[131.255626,1.068793],[131.26352,1.075914],[131.270193,1.060981],[131.254893,1.044257]]],[[[138.894054,-8.40545],[138.582367,-8.372979],[138.55836,-8.366632],[138.552257,-8.322686],[138.657237,-8.241143],[138.675059,-8.189142],[138.816905,-8.161879],[138.84197,-8.276951],[138.90447,-8.351739],[138.909841,-8.396091],[138.894054,-8.40545]]],[[[139.075531,-7.576267],[138.993663,-7.720147],[138.977224,-7.840916],[138.891124,-7.898045],[138.886485,-8.007013],[138.904145,-8.07586],[138.836681,-8.080011],[138.771821,-8.143162],[138.660899,-8.169041],[138.60255,-8.254653],[138.507823,-8.315688],[138.444184,-8.379083],[138.335704,-8.419122],[138.177989,-8.384942],[137.849132,-8.377537],[137.638194,-8.425877],[137.636974,-8.389418],[137.726248,-8.144789],[137.759044,-8.073419],[137.800548,-8.041681],[137.809744,-7.983575],[137.894867,-7.816176],[137.965831,-7.739435],[138.028087,-7.61004],[138.244151,-7.456476],[138.39503,-7.40488],[138.62086,-7.364679],[138.717052,-7.359552],[138.804535,-7.3742],[138.922862,-7.531915],[139.075531,-7.576267]]],[[[138.787446,-6.829522],[138.728282,-6.867771],[138.681977,-6.847752],[138.672862,-6.810154],[138.623057,-6.767348],[138.6185,-6.729099],[138.626964,-6.720147],[138.67921,-6.758071],[138.746837,-6.768162],[138.787446,-6.829522]]],[[[133.585216,-2.512628],[133.523285,-2.48797],[133.490001,-2.431248],[133.50587,-2.424493],[133.605479,-2.468032],[133.585216,-2.512628]]],[[[134.537283,-2.445733],[134.546397,-2.422621],[134.521495,-2.406671],[134.524262,-2.392267],[134.553722,-2.367364],[134.566905,-2.292901],[134.581309,-2.307875],[134.583669,-2.438409],[134.537283,-2.445733]]],[[[134.426524,-2.033298],[134.390147,-2.131443],[134.359874,-2.153253],[134.332367,-2.111098],[134.350597,-2.032647],[134.38502,-2.003595],[134.426524,-2.033298]]],[[[134.244802,-1.796075],[134.208018,-1.826837],[134.223888,-1.849054],[134.212413,-1.88421],[134.175141,-1.943455],[134.161632,-1.895115],[134.168956,-1.829848],[134.23585,-1.738539],[134.24822,-1.74391],[134.244802,-1.796075]]],[[[136.872325,-1.819268],[136.729828,-1.826104],[136.715017,-1.847263],[136.644867,-1.876397],[136.532563,-1.867771],[136.546153,-1.889093],[136.536306,-1.901788],[136.498546,-1.888279],[136.453949,-1.895115],[136.337657,-1.860935],[136.290294,-1.880466],[136.266368,-1.909356],[136.252696,-1.892348],[136.232188,-1.901788],[136.184825,-1.85589],[136.067149,-1.839776],[135.894867,-1.757501],[135.834321,-1.751642],[135.718028,-1.703302],[135.690929,-1.710138],[135.656098,-1.690199],[135.616222,-1.704197],[135.580821,-1.684259],[135.497895,-1.682794],[135.471202,-1.641778],[135.443207,-1.641778],[135.422211,-1.610772],[135.477306,-1.589939],[135.896739,-1.648045],[135.957286,-1.631524],[136.032481,-1.651951],[136.060313,-1.641778],[136.191254,-1.653904],[136.368175,-1.724298],[136.7046,-1.730564],[136.814464,-1.754164],[136.899262,-1.79461],[136.872325,-1.819268]]],[[[135.31186,-1.510186],[135.18686,-1.525649],[135.096853,-1.508559],[135.10906,-1.47381],[135.333995,-1.484145],[135.31186,-1.510186]]],[[[134.942556,-1.133966],[134.863536,-1.121026],[134.800059,-1.027765],[134.825938,-0.965753],[134.862804,-0.937595],[134.943614,-0.966892],[134.95574,-1.008884],[134.927989,-1.072035],[134.961925,-1.070571],[134.978526,-1.027602],[134.99822,-1.01865],[134.991384,-1.08294],[134.942556,-1.133966]]],[[[136.381114,-1.123224],[136.29363,-1.183201],[136.142833,-1.223403],[135.991384,-1.168878],[135.88502,-1.183038],[135.834321,-1.128513],[135.834321,-1.049005],[135.765391,-0.839288],[135.740977,-0.819024],[135.719086,-0.824802],[135.660818,-0.88714],[135.484874,-0.757257],[135.49171,-0.805108],[135.458669,-0.792739],[135.393728,-0.723403],[135.370372,-0.635919],[135.389334,-0.627618],[135.42335,-0.65488],[135.49879,-0.672459],[135.583344,-0.666681],[135.601573,-0.695896],[135.677257,-0.685642],[135.695079,-0.729587],[135.725108,-0.716404],[135.777517,-0.748712],[135.82838,-0.70086],[135.869314,-0.70379],[136.065766,-0.871677],[136.114757,-0.963474],[136.163585,-1.004978],[136.1963,-1.066583],[136.273448,-1.047296],[136.29713,-1.054376],[136.316742,-1.085626],[136.375662,-1.093683],[136.381114,-1.123224]]],[[[134.338634,0.737535],[134.300466,0.743476],[134.342947,0.765204],[134.338634,0.737535]]]]}}]}