{"type": "FeatureCollection", "features": [{"type": "Feature", "properties": {"NAME": "Ottoman Empire", "SUBJECTO": "Ottoman Empire", "BORDERPRECISION": 1, "DE": "sin datos", "MAPA": "world_1900.geojson", "MOTIVO": "Tripolitania y Cirenaica, otomanas hasta la guerra ítalo-turca (1911-1912); geometría de Libya en world_1914", "FUENTE": "https://en.wikipedia.org/wiki/Italo-Turkish_War", "ORIGEN_GEOMETRIA": "", "AREA_KM2": 420729}, "geometry": {"type": "MultiPolygon", "coordinates": [[[[10.2440077294176, 24.72273447659585], [11.057314122897512, 24.64879753173404], [11.16712989552671, 24.502376501561777], [10.669208559600097, 24.48744734378223], [10.424498591033203, 24.397050462678713], [10.31472876986621, 24.466327272371096], [10.06145957430957, 24.858899675325198], [9.949298891631347, 25.271360002473635], [10.07203166587636, 25.35331337624707], [10.2440077294176, 24.72273447659585]]], [[[13.127548579028192, 25.01848225604309], [14.057979209771151, 24.589052734161722], [12.40925378204973, 24.539619058057447], [13.127548579028192, 25.01848225604309]]], [[[18.598882498802137, 23.613680303668698], [20.15155834090015, 27.60627532620644], [21.038801679241868, 28.493518664548162], [21.55636029327454, 28.567455609409976], [22.14785585216902, 28.493518664548162], [23.256910025096172, 27.60627532620644], [24.809585867194183, 27.014779767311964], [25.261936310131425, 26.768043162073468], [25.308656738955133, 26.230758230600813], [24.940226036003384, 25.818982739066502], [24.67567656476532, 25.523309800623956], [24.686846803133374, 21.60627954622581], [19.635289278050205, 21.602077998997586], [18.324734720793945, 22.23128279300098], [16.619381742330543, 23.06381898242659], [18.598882498802137, 23.613680303668698]]]]}}, {"type": "Feature", "properties": {"NAME": "French West Africa", "SUBJECTO": "France", "BORDERPRECISION": 1, "DE": "sin datos", "MAPA": "world_1900.geojson", "MOTIVO": "reparto de África (Conferencia de Berlín, 1884-1885): French West Africa con la geometría de world_1914 recortada a la tierra sin datos de 1900 (BORDERPRECISION 1: fronteras de 1914, algunas posteriores a 1900)", "FUENTE": "https://es.wikipedia.org/wiki/Reparto_de_%C3%81frica", "ORIGEN_GEOMETRIA": "world_1914 French West Africa", "AREA_KM2": 4539707}, "geometry": {"type": "MultiPolygon", "coordinates": [[[[2.717482614206943, 6.878202305226822], [2.192522849288322, 6.765710927029975], [2.256229355962905, 7.408342676391953], [2.422162731198608, 7.850831677020489], [2.256229355962905, 8.791120803356126], [1.5897010713511832, 8.702250365407899], [1.581457290259582, 8.82364710421924], [1.5842927097884116, 8.95790076197919], [2.432040895602303, 8.973135750469677], [2.7647365349544843, 8.768776235934897], [2.765179190245849, 8.690830789521975], [2.766424927321655, 8.474729143098635], [2.761507067290527, 8.08060797305469], [2.720886740294677, 7.635426603273196], [2.818459066954834, 6.987648092225832], [2.764097485152465, 6.453394971803469], [2.766808065978271, 6.348114095643801], [2.712774649924253, 6.345689945246259], [2.717482614206943, 6.878202305226822]]], [[[-2.803544488343018, 5.185831151918215], [-2.93351956883313, 5.274515233949465], [-3.027103391083497, 5.267953000978274], [-3.091446128281373, 5.159785829500002], [-3.319554682357215, 5.828282775389578], [-3.769520195144606, 6.090762657848889], [-4.294479960063229, 6.203254036045736], [-4.74444547285062, 6.053265531783273], [-5.239403180630699, 5.192804800899247], [-5.575433698090333, 5.12899550052051], [-5.834145512970704, 5.039471231416506], [-6.315529790314454, 4.873208127931399], [-7.097943749817627, 4.522013746217532], [-7.413408246430176, 4.330689035371584], [-7.528605428131836, 4.336791597322268], [-7.562493291291016, 4.351184450105471], [-7.544343915375489, 4.764880262330813], [-7.49697777310254, 5.019421182588381], [-7.38611122647168, 5.401477418855471], [-7.359638657959717, 5.6050458774126], [-7.418688741120118, 5.731824003175539], [-7.987430539520997, 6.332314096406741], [-8.253718343170899, 6.318020425752444], [-8.419904675873536, 6.361527524904055], [-8.507345166596192, 6.44365032763843], [-8.52998444119336, 6.526147447541994], [-8.304373708161133, 6.915244184449953], [-8.27805229702832, 7.112447343782229], [-8.331662145050782, 7.360040269807619], [-8.303831067475098, 7.43648537249927], [-8.456479993256348, 7.537284933046145], [-8.608395543488282, 7.580879770234866], [-8.672761884125489, 7.542353712037844], [-9.013156857880372, 7.127157293275637], [-9.157417264374512, 7.139007650331301], [-9.339502301605958, 7.284133039430422], [-9.463983502777833, 7.429587923005862], [-9.44409748593213, 7.556841932252688], [-9.447752842384098, 7.821589305309287], [-8.873874163655756, 8.000926392411895], [-8.310516039550429, 7.719247330359232], [-7.700211405102991, 8.141765923438227], [-7.418532343050321, 7.76619384070134], [-6.479602136208113, 7.625354309675009], [-5.822350991418567, 7.71924733035923], [-5.540671929365903, 8.188712433780333], [-5.071206825944797, 8.000926392411893], [-4.695634743207915, 7.202835716596014], [-4.226169639786809, 7.296728737280236], [-3.897544067392035, 7.484514778648677], [-4.320062660471031, 8.188712433780333], [-3.991437088076257, 8.658177537201437], [-3.897544067392035, 8.892910088911991], [-4.085330108760477, 9.174589150964653], [-4.460902191497361, 9.127642640622543], [-4.836474274234247, 8.75207055788566], [-5.071206825944797, 8.75207055788566], [-5.540671929365903, 8.611231026859327], [-5.822350991418567, 8.845963578569881], [-5.681511460392235, 9.080696130280431], [-5.775404481076455, 9.503214723359426], [-6.057083543129117, 9.69100076472787], [-6.010137032787007, 10.019626337122642], [-6.526548646550223, 10.160465868148973], [-6.902120729287107, 9.972679826780533], [-7.512425363734547, 8.845963578569883], [-7.277692812023997, 9.644054254385763], [-7.230746301681886, 10.489091440543753], [-6.385709115523898, 10.864663523280633], [-5.916244012102794, 11.474968157728071], [-6.382946607406766, 11.748141552998684], [-4.676068759044193, 12.861337483071658], [-4.529764943470257, 13.212873039936806], [-3.962998740285143, 13.485235687578541], [-4.038383598418374, 12.930309978333497], [-3.85059755704993, 12.460844874912393], [-3.240292922602496, 12.648630916280833], [-3.052506881234052, 13.21198904038616], [-3.55440617297736, 13.681587115757003], [-2.969190910681622, 15.0877293432176], [-3.603174111502008, 16.493871570678195], [-5.114980205766001, 16.611050089633245], [-7.065697746751797, 15.907978975902948], [-9.383713265971071, 16.060703287945422], [-11.00618466339441, 15.42974218894746], [-11.015900767248038, 14.677604526874926], [-11.259740459871264, 14.208890451054726], [-11.406044275445197, 13.15428378045928], [-10.918364890198749, 11.923909331431258], [-9.894238181181205, 12.275444888296407], [-10.423109004945402, 11.662754199096513], [-11.455932232471831, 11.334128626701741], [-11.3150927014455, 10.113519357806867], [-11.250558706820506, 9.876894710848552], [-11.290036168488282, 9.897864900544924], [-11.49968716183545, 9.91569098086719], [-12.011103597077149, 9.849096857026858], [-12.278503384979981, 9.866579614595217], [-12.38555141964795, 9.796022973970217], [-12.674679723175782, 9.406540475801272], [-12.728863650788943, 9.345029557676591], [-13.178287828528982, 9.092234617798498], [-13.281672444733399, 9.274683557466311], [-13.625553098114747, 9.623440347627444], [-13.680051770600098, 9.915645204500002], [-14.058002438935059, 10.080054841951174], [-14.466443028839844, 10.333368860200686], [-14.591384854706543, 10.466548524812502], [-14.550901379975098, 10.644569002107424], [-14.574861493500489, 10.784330926851077], [-14.820922818573731, 10.8028579577959], [-14.966219869049805, 10.847027383760256], [-15.01801106015088, 10.916822038606448], [-14.991490331085938, 11.056686960176272], [-15.008295026215333, 11.101744256929202], [-14.863874402436036, 11.268847070649905], [-14.50885578671338, 11.55701120944385], [-14.458079517857577, 11.581755352994794], [-13.146006604787802, 10.67687748191219], [-12.676541501366696, 10.53603795088586], [-12.254022908287702, 10.62993097157008], [-12.019290356577152, 10.958556543964853], [-12.300969418629814, 11.568861178412288], [-13.146006604787802, 12.366951854228168], [-13.69396565078878, 12.62266607569529], [-13.693857160004395, 12.623442254976077], [-13.695702658069488, 12.623476679092954], [-13.850204259919458, 12.695577426622942], [-14.413562384024786, 12.695577426622942], [-14.437836429696144, 12.63731971701168], [-14.729435887726563, 12.642758928254885], [-15.199883428009766, 12.639972291902346], [-15.427236524018067, 12.466991983369631], [-15.656732526215333, 12.382990442231936], [-15.906694355060212, 12.391053450064325], [-15.723370022569673, 12.635485893385045], [-15.603186956093868, 13.056126626050354], [-15.452958122999117, 13.32653852562091], [-14.972225857095903, 13.296492759001959], [-14.979152152795717, 13.400387194499137], [-14.967373814972657, 13.396802507356448], [-14.946460690888184, 13.348006807283205], [-14.883723225983399, 13.327093683198733], [-14.786131825836915, 13.341035448030276], [-14.667627301605958, 13.292239747957034], [-14.5839767126167, 13.215560518220705], [-14.388792958649415, 13.215560518220705], [-14.305142369660157, 13.264356218293948], [-14.190277564415629, 13.311653219164224], [-14.130944391765285, 13.26644699238301], [-13.620166359243122, 12.965989326193501], [-13.10938832672096, 12.996035092812452], [-12.808930660531452, 13.566904658572515], [-12.778884893912503, 13.837316558143073], [-12.29815262800929, 13.867362324762023], [-12.087832261676635, 14.107728457713629], [-12.087832261676635, 14.888918389806348], [-12.26810686139034, 15.51987948880431], [-12.448381461104043, 15.820337154993819], [-12.718793360674601, 16.000611754707524], [-14.272722852998461, 16.545191274676004], [-15.352492590867001, 17.06160288843922], [-16.125475850495118, 17.30111464114551], [-16.041072812470215, 17.669877611116213], [-15.982691731842774, 18.17839964480762], [-16.05569073239209, 18.673932634309573], [-16.190651860626954, 19.029531084016604], [-16.471602406891602, 19.365741334871096], [-16.351309743317383, 19.493095003083987], [-16.269598927887696, 19.68392141909961], [-16.239567723664063, 20.12248571963672], [-16.269036260041016, 20.36390646548633], [-16.347281423004883, 20.52261694522266], [-16.7108659414375, 20.890441499666018], [-16.844500508698243, 20.940990053132815], [-17.021292653473633, 20.74361380191211], [-17.046217885407227, 20.832524858430666], [-17.051907506378907, 21.004098497346682], [-17.016083684357422, 21.314147554353518], [-16.80259415188672, 21.30827673526172], [-14.528037038239258, 21.28340681643848], [-13.449706998261231, 21.276986680940432], [-13.120129552277344, 21.291616044954104], [-13.024399724396485, 21.279456697419924], [-13.047333684357422, 21.775199495271487], [-13.120932546051758, 22.46771963687305], [-13.116560902985352, 22.78560408206348], [-13.00448509732129, 22.957912050203127], [-12.74580475369336, 23.15013464541797], [-12.41909405270459, 23.291894517854494], [-12.05500599423291, 23.421145997957034], [-11.990525212677735, 23.478738389924807], [-11.946144071015137, 24.64873655887012], [-11.914518323334473, 25.66609915347461], [-11.893217053803223, 25.895093522981448], [-11.642722096833008, 25.92831953616504], [-8.94025227108838, 25.918521486238284], [-8.688412633332032, 25.913617692903323], [-8.641704526337403, 26.091888032869143], [-8.642788854035157, 26.38431318850879], [-8.629150357636231, 27.172677598909182], [-7.356015172394532, 26.493445955232424], [-5.501980748566407, 25.404409013704104], [-4.865763631256836, 24.99489554019336], [-4.820767846497315, 24.957021318391604], [-4.41793438473584, 24.71780737491016], [-3.493602719696778, 24.112920366243166], [-3.128720965775269, 23.85441740603809], [-1.651156630905884, 22.845944963411135], [-0.785382893475312, 22.27890356631641], [-0.203663793, 21.90792044253711], [-0.024857786091584, 21.793889604524416], [1.087368759719116, 21.132964693025393], [1.168653044310791, 21.01901777835254], [1.125669869986755, 20.840791307405276], [1.162768635359985, 20.75838430972461], [1.339277062026245, 20.632279954866213], [1.839478764144165, 20.16483648867969], [1.942003759947998, 20.152721010164065], [2.153720173445922, 20.29379614444141], [2.418141159621459, 20.04110487552051], [2.586695704070312, 19.965804658845705], [2.923301491347534, 19.95505865664844], [3.062428745833618, 19.90502317996387], [3.187091860381347, 19.746856294587893], [3.231395992842895, 19.511931978181643], [3.158903154937011, 19.206403337434573], [3.225168737975341, 18.952552400544924], [4.203835520354492, 19.136262498811526], [4.956541094390136, 19.280494295076174], [5.775469336119873, 19.44418676944141], [7.16313079318164, 20.621804796174807], [7.538447889891845, 20.91636236758594], [8.577075991240722, 21.57072599978809], [9.300307306853515, 22.00077971072559], [11.105685267058593, 23.00913008304004], [11.839897188750488, 23.38837393374805], [11.959014925566894, 23.471690736726565], [12.33359149417041, 23.410310350374026], [13.073791536895019, 23.21123083682422], [13.527384790984375, 23.06133421512012], [13.64361003359912, 22.97939261050586], [14.180097612944824, 22.569409929231448], [14.28438666781543, 22.63992651553516], [14.2961745369813, 22.64558655768841], [14.606287476264395, 22.50462613074155], [16.619381742330543, 23.06381898242659], [18.324734720793945, 22.23128279300098], [19.635289278050205, 21.602077998997586], [20.548014673796875, 21.16387327762012], [23.057890925017578, 19.90755232425098], [23.949723276702148, 19.47427710147266], [23.94083503207324, 19.003964982942385], [23.93393615206836, 18.57816084475879], [23.917330774871093, 18.292085252717776], [23.9555101724541, 17.167478166536135], [23.93839362582324, 16.830562196687502], [23.95474341830371, 16.379447542146487], [23.968827280608398, 15.826636873201174], [23.95093825778125, 15.69943007083301], [23.57317260226367, 15.703569017366213], [23.013073954192382, 15.681200586274905], [22.909775766936523, 15.617037378267092], [22.722136530486328, 15.056673608735842], [22.4599047037041, 14.692884050325198], [22.404845270720703, 14.495547853425784], [22.463698420134765, 14.190841279939455], [22.396458658782226, 14.095108591035647], [22.073573145476562, 13.90254458041553], [22.049708399382812, 13.794365488008303], [22.20341971835254, 13.496561609224123], [22.16431716403125, 13.343803964570803], [21.920403513518554, 13.075436197236819], [21.778044733611328, 12.80131109805469], [21.87671950778125, 12.6430097446001], [22.109034571257812, 12.682509027437014], [22.26095679720996, 12.677052102998537], [22.324366602507812, 12.575745187715334], [22.423705134001953, 12.023399911836428], [22.485079798308593, 11.788608156160159], [22.555325541106445, 11.655555330232424], [22.754965815154296, 11.472437463716311], [22.874703440276367, 11.263401590303225], [22.88672164401172, 11.098231874421877], [22.818951639739257, 10.907167993501467], [23.422722849456054, 10.154428087190432], [23.578520807830078, 9.9074779376543], [23.6336164804375, 9.666291795686526], [23.446473154631835, 9.004177652314944], [23.450902018157226, 8.705489717439455], [23.52215865573047, 8.610577188447756], [23.88284972628711, 8.619072519258303], [24.00546363314746, 8.619802080110354], [24.09869101962207, 8.563150011018557], [24.21204665621875, 8.341372095063967], [24.31209090670703, 8.240274034456057], [24.670792612639648, 8.039018236116213], [25.030308756438476, 7.933093152955813], [25.188126597014648, 7.845050416902346], [25.287985834685546, 7.724888883546633], [25.221285852996093, 7.508388124421877], [25.299120936003906, 7.330889783815188], [25.499640497771484, 7.173185430482668], [25.75049880465625, 7.003076635316653], [26.07319930514453, 6.807962022737307], [26.16628364047168, 6.732233606294436], [26.25871947726367, 6.567537866548342], [26.285311731902343, 6.243543706849856], [26.413655314055664, 6.047280393556399], [26.57865050753711, 5.946555696443362], [26.945387873259765, 5.872465692476077], [27.196070704070312, 5.65785463900928], [27.267125162688476, 5.499388299897952], [27.229491266814453, 5.194083295778078], [27.243727717009765, 5.16238173098926], [27.020283732024414, 5.097489915803713], [26.587632212249023, 4.942377649263186], [26.443781885710937, 4.954240880922121], [26.314650568572265, 5.029738031343264], [26.005698237029296, 5.148670755342287], [25.48817733248828, 5.310847364381594], [25.30797484835742, 5.252572141603274], [25.27098754366992, 5.00447329135303], [25.212754282561523, 4.896072946504397], [25.097445520964843, 4.86996229739551], [24.917609247771484, 4.881601892427248], [24.529561075774414, 4.974636159852786], [24.2630052896416, 4.928563199952883], [23.844685587493164, 4.760818563417239], [23.426285776702148, 4.542230211213869], [23.303935083953125, 4.535150609926028], [23.05279830416797, 4.692555986360354], [22.880425486174804, 4.761445604280276], [22.721734079924804, 4.677875600770754], [22.417393717375976, 4.065897546724123], [22.338086161223632, 3.995504461244387], [22.072003397551757, 4.025701604799075], [21.202136072722656, 4.255694471315188], [20.56206229647754, 4.340873323396487], [20.33220389804004, 4.485701166108889], [20.260552439299804, 4.593327604249758], [20.109980616179687, 4.770393453553957], [19.772501978484375, 5.003559671357912], [19.57827094515918, 5.078677259401125], [19.362330469695312, 5.05196913333301], [19.124541315642578, 4.917083822206301], [18.965806040374023, 4.763597570375246], [18.61234191378711, 4.322929941133303], [18.568999323455078, 4.189193330720705], [18.611979517546875, 3.986060224489016], [18.604689631072265, 3.827105604127688], [18.575900110808593, 3.559985004380984], [18.503987345305664, 3.534127317384524], [18.561543497649414, 3.445489011720461], [18.547205957976562, 3.375482402757449], [18.368090662566406, 2.834137521699709], [18.11729911288379, 2.457633815721316], [17.960280451384765, 2.088033519700808], [17.91808227023242, 1.839888058618349], [17.847699198333007, 1.496234260515017], [17.759408030120117, 0.586759589628024], [17.645358118621093, -0.016971983], [17.593514475432617, -0.2914125397646], [17.51721671542285, -0.609697498365598], [17.454712900725585, -0.84525028614636], [17.248156580535156, -1.037175215765195], [17.011998209563476, -1.140284456297117], [17.01172269927006, 0.161216991344075], [17.341919891144244, 2.844986389743709], [17.48867419864388, 3.028429274118255], [17.67211708301843, 3.138495004742986], [17.81887139051807, 2.955052120368438], [18.002314274892615, 2.955052120368438], [18.149068582392253, 3.101806427868076], [18.16603377780078, 3.404995046571536], [18.152737440079747, 4.07038485736569], [17.917930548080324, 4.246490026365256], [17.800527102080615, 5.332471901862579], [17.448316764081483, 5.83143654736135], [17.011722699270056, 6.954106999733582], [16.204574008022046, 8.128141459730688], [15.449829134551269, 9.935572229341311], [15.42845061740039, 9.992654405549807], [15.335136446562988, 10.08743342013721], [15.16351035555957, 10.372434221223635], [15.071205172148925, 10.632476411775393], [14.995400461760742, 11.18498858065967], [15.055362734404785, 11.477711282686037], [15.00175384005664, 12.017644487336916], [14.991596541982947, 12.040496047896236], [15.81082919549122, 11.9819794297885], [16.487749913648006, 12.006618546233215], [17.025890486516968, 13.190527806544928], [17.725473231246614, 14.589693296004226], [17.56403105938593, 15.504532269881457], [17.725473231246614, 15.98885878546352], [17.294960772951445, 16.68844153019317], [17.187332658377652, 18.249049191513155], [15.572910939770773, 18.571933535234532], [15.1962125387625, 17.280396160349028], [13.904675163876997, 15.935044728176624], [12.182625330696323, 15.504532269881457], [11.913555044261843, 14.966391697012495], [11.597707137291309, 14.064871233842391], [11.1063441849584, 16.15030095732421], [9.438108409064624, 17.011325873914547], [9.49192246635152, 17.979978905078678], [9.115224065343249, 18.30286324880005], [7.823686690457743, 18.73337570709522], [7.60843046131016, 18.410491363373843], [6.370707143711551, 18.625747592521428], [4.917727596965356, 16.84988370205386], [3.572376164792956, 16.68844153019317], [3.083885195664513, 15.877219614677255], [2.499645352806613, 15.4474572384786], [1.464116757041189, 13.672265360023582], [1.727834358064026, 12.669399040181101], [0.762828978841597, 11.501365932205905], [1.758429230255803, 10.56107680587027], [1.5640984103632631, 9.152178361649367], [1.388256702033264, 9.674260698274416], [1.314003500548584, 9.98528441043262], [1.132534298506958, 10.130397401765627], [1.0351680789590272, 10.191624218042193], [0.984073479155864, 10.616387930948838], [0.8969419199099274, 10.674475637112796], [0.904740843383056, 10.707485757783694], [0.925124201384765, 10.89829596133594], [0.794938656893951, 10.91659601779346], [0.519817087260467, 10.99123915286426], [0.3904759988750103, 11.012119584469408], [-0.011526772258339, 11.280121431891642], [1.360465090924336, 13.024202999017719], [0.797106966819012, 13.352828571412491], [0.139855822029464, 13.963133205859927], [-0.564341833102194, 14.103972736886258], [-1.033806936523298, 14.526491329965253], [-1.972737143365508, 14.338705288596811], [-2.911667350207718, 13.869240185175707], [-2.442202246786612, 13.16504253004405], [-3.240292922602492, 12.27305883354395], [-3.05250688123405, 11.897486750807067], [-2.348309226102392, 11.615807688754403], [-1.8533004386500684, 10.944010048640536], [-2.702452149781006, 10.927663408235354], [-2.824560847672242, 10.857015214875979], [-2.880775657089966, 10.704125009492678], [-2.763593402298707, 9.833983980134768], [-2.754559722336548, 9.649703584626955], [-2.84040662327649, 9.572915636018557], [-2.760339703949708, 9.503463350251955], [-2.675332274826783, 8.925526224092287], [-2.524905887039917, 8.278059564546389], [-2.61610766926648, 8.01055296512012], [-2.850347009094971, 7.627775274232668], [-3.046638694199341, 7.054519735292239], [-3.193603482636231, 6.602344594911379], [-3.147372689636963, 6.284790121034426], [-3.02900525608899, 5.948604188875002], [-2.779437985810059, 5.428851686433596], [-2.7703316381619407, 5.326657100442723], [-2.803544488343018, 5.185831151918215]]], [[[-15.002271623714856, 13.74717925828622], [-15.048888750633015, 13.748730635539301], [-15.1137618688667, 13.794141374543948], [-15.20438286343457, 13.780199609712405], [-15.281062093170899, 13.80808313937549], [-15.390143905845306, 13.760087308940093], [-15.487248636626083, 13.763318869537217], [-15.50412937680127, 13.780199609712405], [-15.55309322623584, 13.765510119949074], [-15.918589040404157, 13.777673501300146], [-16.02382768875918, 14.16781999095153], [-15.092408923571709, 14.197865757570481], [-14.852042790620102, 14.107728457713629], [-14.76190549076325, 13.74717925828622], [-14.412548914915805, 13.48100281954531], [-14.437588658722657, 13.459539972261233], [-14.549122777375, 13.431656442598147], [-14.67459770718457, 13.515307031587405], [-14.688539472016114, 13.598957620576662], [-14.772189107331055, 13.647753320649905], [-14.8488692907417, 13.654723726228518], [-14.932519879730958, 13.598957620576662], [-14.995257344635743, 13.647753320649905], [-14.995702595193624, 13.648643830467746], [-15.002271623714856, 13.74717925828622]]], [[[-10.470055515287509, 8.939856599254107], [-10.047536922208515, 9.127642640622547], [-9.62501832912952, 8.892910088911993], [-9.62501832912952, 8.395817989722737], [-9.77374836483838, 8.438459001497073], [-10.011415448578614, 8.417980752900881], [-10.176320996674317, 8.353431306794924], [-10.290082898529786, 8.244700990632815], [-10.37703033963086, 8.075611673311037], [-10.493861165436524, 8.370627962068362], [-10.565359949264169, 8.963682707748271], [-10.470055515287509, 8.939856599254107]]]]}}, {"type": "Feature", "properties": {"NAME": "Belgian Congo", "SUBJECTO": "Belgium", "BORDERPRECISION": 1, "DE": "sin datos", "MAPA": "world_1900.geojson", "MOTIVO": "reparto de África (Conferencia de Berlín, 1884-1885): Belgian Congo con la geometría de world_1914 recortada a la tierra sin datos de 1900 (BORDERPRECISION 1: fronteras de 1914, algunas posteriores a 1900)", "FUENTE": "https://es.wikipedia.org/wiki/Reparto_de_%C3%81frica", "ORIGEN_GEOMETRIA": "world_1914 Belgian Congo", "AREA_KM2": 1676756}, "geometry": {"type": "MultiPolygon", "coordinates": [[[[15.382717323862337, -5.766863219640483], [16.028945330762763, -4.76814720897619], [15.839211018494948, -5.9604889262473355], [15.741750750151855, -5.959819711729246], [15.345976862517578, -5.974885858579832], [15.065199884978515, -5.976554788633543], [15.052451449884376, -5.976081945997961], [15.382717323862337, -5.766863219640483]]], [[[17.556393347072856, -7.705547240341755], [17.43889734581823, -7.11806723406864], [18.08512535271866, -5.825611220267794], [17.73263734895479, -5.120635212740059], [16.352059334212974, -4.445033205525977], [16.675173337663185, -4.121919202075766], [16.38143333452663, -3.475691195175344], [15.990362130526812, -3.1044879172951325], [15.977423700896484, -3.027983583494382], [16.01102355441211, -2.849800266309934], [16.09792426547168, -2.328039087339597], [16.252083811370117, -1.990227498098569], [16.463509592620117, -1.613933481260496], [16.64820388278125, -1.409428395315366], [17.011998209563476, -1.140284456297117], [17.248156580535156, -1.037175215765195], [17.454712900725585, -0.84525028614636], [17.51721671542285, -0.609697498365598], [17.593514475432617, -0.2914125397646], [17.645358118621093, -0.016971983], [17.759408030120117, 0.586759589628024], [17.847699198333007, 1.496234260515017], [17.91808227023242, 1.839888058618349], [17.960280451384765, 2.088033519700808], [18.11729911288379, 2.457633815721316], [18.368090662566406, 2.834137521699709], [18.547205957976562, 3.375482402757449], [18.561543497649414, 3.445489011720461], [18.503987345305664, 3.534127317384524], [18.575900110808593, 3.559985004380984], [18.604689631072265, 3.827105604127688], [18.611979517546875, 3.986060224489016], [18.568999323455078, 4.189193330720705], [18.61234191378711, 4.322929941133303], [18.965806040374023, 4.763597570375246], [19.124541315642578, 4.917083822206301], [19.362330469695312, 5.05196913333301], [19.57827094515918, 5.078677259401125], [19.772501978484375, 5.003559671357912], [20.109980616179687, 4.770393453553957], [20.260552439299804, 4.593327604249758], [20.33220389804004, 4.485701166108889], [20.56206229647754, 4.340873323396487], [21.202136072722656, 4.255694471315188], [22.072003397551757, 4.025701604799075], [22.338086161223632, 3.995504461244387], [22.417393717375976, 4.065897546724123], [22.721734079924804, 4.677875600770754], [22.880425486174804, 4.761445604280276], [23.05279830416797, 4.692555986360354], [23.303935083953125, 4.535150609926028], [23.426285776702148, 4.542230211213869], [23.844685587493164, 4.760818563417239], [24.2630052896416, 4.928563199952883], [24.529561075774414, 4.974636159852786], [24.917609247771484, 4.881601892427248], [25.097445520964843, 4.86996229739551], [25.212754282561523, 4.896072946504397], [25.27098754366992, 5.00447329135303], [25.30797484835742, 5.252572141603274], [25.48817733248828, 5.310847364381594], [26.005698237029296, 5.148670755342287], [26.314650568572265, 5.029738031343264], [26.443781885710937, 4.954240880922121], [26.587632212249023, 4.942377649263186], [27.020283732024414, 5.097489915803713], [27.243727717009765, 5.16238173098926], [27.30795958956836, 5.054712377504153], [27.665371927825195, 4.707273088411135], [27.822163614836914, 4.485746942476077], [28.05823806246875, 4.27104815097217], [28.22318938693164, 4.183049760774416], [28.381495508757812, 4.1903410777605], [28.49727157076953, 4.299082361177248], [28.735779795256835, 4.46575840564136], [28.90842536410449, 4.460423074678225], [29.215901407805664, 4.176239095643801], [29.28813079318164, 4.221160493806643], [29.484173807708007, 4.482912622407717], [29.59983161410449, 4.553517423585696], [29.69307807406543, 4.515941701844973], [30.15780738314746, 4.099212251619143], [30.737151178923828, 3.505206190065188], [30.76585868319629, 3.492670141176028], [30.837422403899414, 3.410458885148806], [30.829474482146484, 3.219739757493777], [30.712660822478515, 2.373686157182497], [30.77013877352832, 2.259621225312991], [30.856398615447265, 2.247428022340578], [31.07207206210254, 2.229633413270754], [31.194254908171875, 2.14773329348926], [31.20668642654965, 2.1133037174233045], [30.572207947774498, 1.292213921361345], [30.359674277285766, 1.1151025292874008], [30.061741861907226, 0.876110397294802], [30.009015430886027, 0.8171830472056987], [29.820233539744912, 0.775231515841007], [29.85679494679437, 0.5924244805937333], [29.76945403536914, 0.442135207370562], [29.67207625826953, -0.016971983], [29.623663935271484, -0.245214797540861], [29.633265528289062, -0.512138791366773], [29.622200998870117, -0.842736698671537], [29.647543940154296, -1.179488100095945], [29.613051447478515, -1.300468005224424], [29.52845290621875, -1.434459365888792], [29.33678916415332, -1.619932927175718], [29.201252970305664, -1.697019137426572], [29.080622706023437, -1.812156237646299], [29.02580932101367, -2.003186143919187], [28.805192026702148, -2.614746011778074], [28.894003901091796, -2.766774333997922], [29.20395759066699, -3.21626440434094], [29.24314216097949, -3.387666381880003], [29.22540572604297, -3.584837593122678], [29.23119834384082, -3.870856918379026], [29.337952646819335, -4.156277097746091], [29.345526728240234, -4.754497446104246], [29.31645873507617, -5.097240842863279], [29.498590533891804, -5.713574697523782], [29.50292445958346, -5.785084471436127], [29.462084803191406, -6.12620583920117], [29.517043146697265, -6.438393034025388], [29.73588469943164, -6.722147382780271], [30.156861338225585, -7.126493848844724], [30.349265131560546, -7.47761432079907], [30.659499201384765, -8.289029516264158], [30.40593436679004, -8.320165075346189], [29.513150884032473, -8.467721403896695], [29.012253469398548, -8.175531245360242], [28.307277461870815, -8.116783244732932], [27.426057452461148, -8.293027246614866], [27.132317449324592, -9.05675125476991], [26.721081444933414, -10.819191273589249], [26.721081444933414, -11.28917527860774], [26.779829445560726, -11.817907284253542], [26.86296320849387, -11.92479355088187], [26.793009790984375, -12.0161060467207], [26.628052744475585, -12.055227674528318], [26.481575998870117, -12.005238927885252], [26.066657099333984, -11.931399740263181], [26.047725423367513, -11.926306574893935], [26.06036149959699, -11.867338219156375], [25.778371096585897, -11.397354214137886], [25.308387091567408, -10.974368609621244], [25.026396688556314, -10.833373408115698], [24.227423880024883, -10.880371808617548], [23.893113436401606, -11.035587371728354], [23.382027659026367, -10.974616445585447], [22.93600562533496, -11.040834821745115], [22.54927352389453, -11.157552160307127], [22.274683985320312, -11.159176267667966], [22.185351404753906, -11.070703901334959], [22.18198493441699, -10.9562973156416], [22.271374735442382, -10.548910535856443], [22.272673639861328, -10.339114584013181], [22.134978327361328, -10.060222066923338], [21.755364451018554, -9.61111680416699], [21.702488932219726, -9.516072668119627], [21.692917856780273, -9.420773901029783], [21.825940165129882, -8.955918706937986], [21.85796073397754, -8.478958524748045], [21.808405909148437, -8.205894865080076], [21.672499689666015, -7.93336383251782], [21.697808298674804, -7.77428761868115], [21.777485880461914, -7.462322153135496], [21.754090342131835, -7.379825033231931], [21.609034571257812, -7.336184419676023], [21.05504516085742, -7.377616800352293], [20.658890757170898, -7.386322416349607], [20.563653025237304, -7.310607351347166], [20.588042292205078, -7.094328321500974], [20.506743464080078, -6.993097223325925], [19.599713358489257, -7.030266679807859], [19.549290690032226, -7.030565179868894], [19.509202036467773, -7.189729131742673], [19.521748575774414, -7.456640638395506], [19.3930158945, -7.857897199674802], [19.310351404753906, -8.042728818937498], [18.863432917205078, -8.045382894560056], [18.45861533602832, -7.990576662107664], [17.999461207, -8.101363576933103], [17.603240046111328, -8.116430677458006], [17.47198203524707, -8.040924467130857], [17.33458811177958, -7.87190116681171], [17.556393347072856, -7.705547240341755]], [[21.375013387848085, -3.651935197057277], [20.9050293828296, -4.121919202075766], [20.728785380947663, -5.531871217131236], [21.198769385966152, -6.706831229677462], [21.551257389730022, -6.941823232186707], [22.256233397257756, -6.58933522842284], [22.784965402903556, -5.355627215249303], [22.726217402276244, -4.76814720897619], [22.314981397885067, -3.82817919893921], [21.375013387848085, -3.651935197057277]], [[28.13103345998888, -4.474407205839633], [29.012253469398555, -3.651935197057277], [28.777261466889303, -3.005707190156853], [27.308561451206526, -2.653219186392985], [27.249813450579214, -1.067023169455581], [26.368593441169548, 0.284180844972578], [25.89860943615105, 0.342928845599889], [23.254949407922048, -0.714535165691714], [22.784965402903556, -1.360763172592135], [23.019957405412804, -1.830747177610629], [23.666185412313226, -2.183235181374496], [24.547405421722896, -3.35819519392072], [24.72364942360483, -3.82817919893921], [24.429909420468274, -4.709399208348881], [24.57888357678681, -5.245706171095623], [23.84242941419516, -5.531871217131236], [23.607437411685915, -6.001855222149727], [23.607437411685915, -6.413091226540905], [24.077421416704407, -6.765579230304773], [24.488657421095585, -6.824327230932086], [24.31241341921365, -7.470555237832508], [24.66490142297752, -8.469271248496801], [25.487373431759874, -8.645515250378734], [26.54483744305148, -8.469271248496801], [27.132317449324592, -8.293027246614868], [27.661049454970392, -6.941823232186707], [27.661049454970392, -6.354343225913595], [28.83600946751662, -6.354343225913595], [28.718513466261992, -5.296879214621992], [28.189781460616192, -5.061887212112747], [28.13103345998888, -4.474407205839633]]], [[[28.718513466262, -12.640379293035897], [28.938649342550487, -12.310175478603162], [29.116484675017578, -12.421973623319822], [29.348248514739257, -12.426951803251463], [29.549914393035156, -12.222313322111326], [29.712964090911132, -12.138700880094724], [29.77412703951953, -12.220986761137205], [29.788600000945312, -12.576935209318357], [29.80113891085742, -13.218991674467283], [29.782912287322265, -13.467049039884763], [29.616040262786132, -13.461670316740232], [29.0056810708916, -13.420770086332517], [28.84953978976367, -13.326333440824705], [28.678046259490234, -13.034891523405271], [28.425766977874023, -12.705783285185056], [28.348181373129535, -12.640379293035897], [28.718513466262, -12.640379293035897]]]]}}, {"type": "Feature", "properties": {"NAME": "Anglo-Egyption Sudan", "SUBJECTO": "United Kingdom of Great Britain and Ireland", "BORDERPRECISION": 1, "DE": "sin datos", "MAPA": "world_1900.geojson", "MOTIVO": "reparto de África (Conferencia de Berlín, 1884-1885): Anglo-Egyption Sudan con la geometría de world_1914 recortada a la tierra sin datos de 1900 (BORDERPRECISION 1: fronteras de 1914, algunas posteriores a 1900)", "FUENTE": "https://es.wikipedia.org/wiki/Reparto_de_%C3%81frica", "ORIGEN_GEOMETRIA": "world_1914 Anglo-Egyption Sudan", "AREA_KM2": 1454407}, "geometry": {"type": "Polygon", "coordinates": [[[30.15780738314746, 4.099212251619143], [29.69307807406543, 4.515941701844973], [29.59983161410449, 4.553517423585696], [29.484173807708007, 4.482912622407717], [29.28813079318164, 4.221160493806643], [29.215901407805664, 4.176239095643801], [28.90842536410449, 4.460423074678225], [28.735779795256835, 4.46575840564136], [28.49727157076953, 4.299082361177248], [28.381495508757812, 4.1903410777605], [28.22318938693164, 4.183049760774416], [28.05823806246875, 4.27104815097217], [27.822163614836914, 4.485746942476077], [27.665371927825195, 4.707273088411135], [27.30795958956836, 5.054712377504153], [27.243727717009765, 5.16238173098926], [27.229491266814453, 5.194083295778078], [27.267125162688476, 5.499388299897952], [27.196070704070312, 5.65785463900928], [26.945387873259765, 5.872465692476077], [26.57865050753711, 5.946555696443362], [26.413655314055664, 6.047280393556399], [26.285311731902343, 6.243543706849856], [26.25871947726367, 6.567537866548342], [26.16628364047168, 6.732233606294436], [26.07319930514453, 6.807962022737307], [25.75049880465625, 7.003076635316653], [25.499640497771484, 7.173185430482668], [25.299120936003906, 7.330889783815188], [25.221285852996093, 7.508388124421877], [25.287985834685546, 7.724888883546633], [25.188126597014648, 7.845050416902346], [25.030308756438476, 7.933093152955813], [24.670792612639648, 8.039018236116213], [24.31209090670703, 8.240274034456057], [24.21204665621875, 8.341372095063967], [24.09869101962207, 8.563150011018557], [24.00546363314746, 8.619802080110354], [23.88284972628711, 8.619072519258303], [23.52215865573047, 8.610577188447756], [23.450902018157226, 8.705489717439455], [23.446473154631835, 9.004177652314944], [23.6336164804375, 9.666291795686526], [23.578520807830078, 9.9074779376543], [23.422722849456054, 10.154428087190432], [22.818951639739257, 10.907167993501467], [22.88672164401172, 11.098231874421877], [22.874703440276367, 11.263401590303225], [22.754965815154296, 11.472437463716311], [22.555325541106445, 11.655555330232424], [22.485079798308593, 11.788608156160159], [22.423705134001953, 12.023399911836428], [22.324366602507812, 12.575745187715334], [22.26095679720996, 12.677052102998537], [22.109034571257812, 12.682509027437014], [21.87671950778125, 12.6430097446001], [21.778044733611328, 12.80131109805469], [21.920403513518554, 13.075436197236819], [22.16431716403125, 13.343803964570803], [22.20341971835254, 13.496561609224123], [22.049708399382812, 13.794365488008303], [22.073573145476562, 13.90254458041553], [22.396458658782226, 14.095108591035647], [22.463698420134765, 14.190841279939455], [22.404845270720703, 14.495547853425784], [22.4599047037041, 14.692884050325198], [22.722136530486328, 15.056673608735842], [22.909775766936523, 15.617037378267092], [23.013073954192382, 15.681200586274905], [23.57317260226367, 15.703569017366213], [23.95093825778125, 15.69943007083301], [23.968827280608398, 15.826636873201174], [23.95474341830371, 16.379447542146487], [23.93839362582324, 16.830562196687502], [23.9555101724541, 17.167478166536135], [23.917330774871093, 18.292085252717776], [23.93393615206836, 18.57816084475879], [23.94083503207324, 19.003964982942385], [23.949723276702148, 19.47427710147266], [23.057890925017578, 19.90755232425098], [20.548014673796875, 21.16387327762012], [19.635289278050205, 21.602077998997586], [24.686846803133374, 21.60627954622581], [24.946940261100796, 21.61100109214936], [24.952900919524414, 21.88223799319629], [25.321587595549804, 21.92251928897266], [25.73288634738086, 21.92490728946094], [26.459485087004882, 21.916434846833987], [27.017668757048828, 21.9196849689043], [27.766814264861328, 21.92405279727344], [28.521098345357437, 21.914352110843172], [28.580370055146492, 21.321635012952587], [29.3197395037646, 21.543445847538017], [29.097928669179165, 20.286517784887245], [28.72824394487012, 19.103526667098286], [28.654307000008306, 18.216283328756564], [28.950054779455545, 17.329039990414845], [29.02399172431735, 16.367859707211313], [28.210685330837446, 16.146048872625883], [27.693126716804773, 15.18486858942235], [27.767063661666587, 14.297625251080637], [28.284622275699256, 13.780066637047964], [28.876117834593735, 13.558255802462535], [29.467613393488218, 12.966760243568052], [29.615487283211838, 11.783769125779093], [29.319739503764595, 10.378967173404705], [29.319739503764595, 9.269913000477555], [29.615487283211838, 7.347552434070494], [30.428793676691747, 6.386372150866963], [30.946352290724416, 5.203381033078001], [31.463910904757086, 4.833696308768953], [32.20328035337518, 4.759759363907142], [32.42509118796062, 5.647002702248862], [32.351154243098804, 7.051804654623254], [32.72083896740786, 9.417786890201173], [33.829893140335, 11.857706070640903], [34.236546337074955, 14.075814416495204], [34.97591578569306, 15.776364148316834], [35.78922217917297, 16.663607486658552], [36.82433940723831, 17.107229155829412], [37.36418910562502, 16.972266731232732], [37.35265258273242, 16.96658857913379], [37.024321589080074, 16.95193823428516], [36.9321890207207, 16.703584276155276], [36.9152212472832, 16.50015028567676], [36.82439330538867, 16.11199339480762], [36.71524337252734, 15.78728350253467], [36.471926722136715, 15.201222978547854], [36.4408560129082, 14.978640161470217], [36.48244384249804, 14.572192750886721], [36.47670272311328, 14.266498170808596], [36.47621062716601, 14.229000650361819], [36.40928939303515, 13.802840791658205], [36.22992614230273, 13.248925767854494], [36.21935293272721, 13.196335096821798], [35.11500602690178, 12.789470447307165], [34.69248743382278, 12.460844874912391], [34.69248743382278, 11.944433261149177], [35.05394504246906, 11.54281369598665], [35.01193526705859, 11.30346067996387], [34.948699030486324, 10.820091806367678], [34.859892878142574, 10.736954294160647], [34.73659423312304, 10.717159830049319], [34.54259398898242, 10.760490022615237], [34.4262075754082, 10.728026948884768], [34.35270217379687, 10.676754556611819], [34.268836054412105, 10.180554948762698], [34.21675399264453, 9.760784707979006], [34.12672713717578, 9.18827112765674], [34.14423278292773, 8.953216157869143], [34.041758570281246, 8.431467615083498], [33.83052733859179, 8.296745859102053], [33.70083144625781, 8.30233534427051], [33.28344634493945, 8.357051454500002], [33.13901046237109, 8.343488298372073], [33.0543699594414, 7.980712972596926], [33.029795679656246, 7.77084120364551], [33.07216552218554, 7.70752914996509], [33.28771499117968, 7.657969556764407], [33.618498835173824, 7.602732263520998], [33.76882461032031, 7.527359090760989], [34.13085463961718, 7.116396985963625], [34.607520136443355, 6.636189065889162], [34.94571975192187, 5.977213941530032], [35.100710901824215, 5.647631727174563], [35.25725844821093, 5.457892976716799], [35.46480849703906, 5.332009874299807], [35.651553186980465, 5.288624368623537], [35.772646936980465, 5.149520002321047], [35.82539275607226, 4.704935632661623], [35.81011489352343, 4.628579698518557], [35.80223372897265, 4.564981542543215], [35.766394648162105, 4.577471815065188], [35.55762389620898, 4.569872461274905], [35.10371688326953, 4.509972177461428], [34.72953704318164, 4.507751546815676], [34.42759231051562, 4.53137644381885], [34.29664519747851, 4.384414754823489], [33.99141601046679, 4.026679597810549], [33.73787215670703, 3.783647142366213], [33.45643905123828, 3.64214452357654], [33.29096892794726, 3.634810291246218], [33.154875788298824, 3.722972236589236], [33.0184927316582, 3.766657434419436], [32.622527155486324, 3.707099519685549], [32.2261228891289, 3.558560691789431], [31.816065821257812, 3.537054143861575], [31.39229682406543, 3.642579160646243], [31.16936210116504, 3.647604309037966], [30.960585627166015, 3.608226858094973], [30.737151178923828, 3.505206190065188], [30.15780738314746, 4.099212251619143]]]}}, {"type": "Feature", "properties": {"NAME": "Angola", "SUBJECTO": "Portugal", "BORDERPRECISION": 1, "DE": "sin datos", "MAPA": "world_1900.geojson", "MOTIVO": "reparto de África (Conferencia de Berlín, 1884-1885): Angola con la geometría de world_1914 recortada a la tierra sin datos de 1900 (BORDERPRECISION 1: fronteras de 1914, algunas posteriores a 1900)", "FUENTE": "https://es.wikipedia.org/wiki/Reparto_de_%C3%81frica", "ORIGEN_GEOMETRIA": "world_1914 Angola", "AREA_KM2": 920227}, "geometry": {"type": "MultiPolygon", "coordinates": [[[[15.052451449884376, -5.976081945997961], [15.065199884978515, -5.976554788633543], [15.345976862517578, -5.974885858579832], [15.741750750151855, -5.959819711729246], [15.839211018494948, -5.9604889262473355], [15.556873833336196, -7.734772134054833], [15.147725321353095, -7.705547240341755], [14.971481319471161, -7.705547240341755], [15.088977320725782, -7.411807237205197], [14.567982856626017, -6.282985898322372], [15.052451449884376, -5.976081945997961]]], [[[11.802625689116699, -16.52201310543652], [11.795175585356933, -16.159807600065427], [11.782002482024414, -15.867509283109861], [11.960699114409667, -15.714616216703611], [12.060033831206542, -15.59366074947949], [12.177230867949707, -15.275659002348142], [12.250602755156738, -14.945055402799802], [12.300918963197555, -14.560185316619062], [14.420304022635968, -12.660497882360142], [15.206473321980404, -12.640379293035902], [15.735205327626206, -13.110363298054391], [16.146441332017385, -13.05161529742708], [16.205189332644697, -10.877939274216564], [16.263937333272008, -10.642947271707317], [16.146441332017385, -10.525451270452695], [16.087693331390074, -9.820475262924962], [16.91016534017243, -9.93797126417958], [17.497645346445545, -9.526735259788403], [17.615141347700167, -9.291743257279158], [16.91016534017243, -8.058035244105623], [17.086409342054363, -8.058035244105623], [17.33458811177958, -7.87190116681171], [17.47198203524707, -8.040924467130857], [17.603240046111328, -8.116430677458006], [17.999461207, -8.101363576933103], [18.45861533602832, -7.990576662107664], [18.863432917205078, -8.045382894560056], [19.310351404753906, -8.042728818937498], [19.3930158945, -7.857897199674802], [19.521748575774414, -7.456640638395506], [19.509202036467773, -7.189729131742673], [19.549290690032226, -7.030565179868894], [19.599713358489257, -7.030266679807859], [20.506743464080078, -6.993097223325925], [20.588042292205078, -7.094328321500974], [20.563653025237304, -7.310607351347166], [20.658890757170898, -7.386322416349607], [21.05504516085742, -7.377616800352293], [21.609034571257812, -7.336184419676023], [21.754090342131835, -7.379825033231931], [21.777485880461914, -7.462322153135496], [21.697808298674804, -7.77428761868115], [21.672499689666015, -7.93336383251782], [21.808405909148437, -8.205894865080076], [21.85796073397754, -8.478958524748045], [21.825940165129882, -8.955918706937986], [21.692917856780273, -9.420773901029783], [21.702488932219726, -9.516072668119627], [21.755364451018554, -9.61111680416699], [22.134978327361328, -10.060222066923338], [22.272673639861328, -10.339114584013181], [22.271374735442382, -10.548910535856443], [22.18198493441699, -10.9562973156416], [22.185351404753906, -11.070703901334959], [22.274683985320312, -11.159176267667966], [22.54927352389453, -11.157552160307127], [22.93600562533496, -11.040834821745115], [23.382027659026367, -10.974616445585447], [23.893113436401606, -11.035587371728354], [22.911468665973107, -11.491351015141582], [22.441484660954618, -12.102330221665621], [22.39448626045277, -12.854304629695203], [22.46344021946413, -13.061166506729283], [21.959122690764648, -13.074597753568845], [21.93628219088672, -13.468883909269529], [21.942904505339843, -14.072799123808103], [21.931939158049804, -15.535095609708982], [21.939595255461914, -15.916500486417966], [21.95022681674121, -16.18345681576367], [21.99454406222461, -16.380283750578123], [22.13273528536914, -16.557484067960935], [22.344630274382812, -16.753330625578123], [22.954102549163085, -17.37915650753613], [23.229161295500976, -17.663650907560545], [22.81084350070117, -17.761475004240232], [21.929032358733398, -17.93194428829785], [21.45908454379199, -18.02371446041699], [21.13668158969043, -17.98746720699902], [20.612868342009765, -18.015964902921873], [20.4290266366875, -17.97889558224316], [20.272013697234375, -17.884457029386716], [19.361174616423828, -17.89615670590039], [19.04725173434375, -17.88529244808789], [18.76758292636035, -17.81700173763867], [18.587096247283203, -17.671829618498045], [18.449723276702148, -17.50734368710156], [18.265963587371093, -17.463924802824216], [17.82116988619922, -17.45381585507031], [16.655736002532226, -17.46065942196484], [15.919611963835937, -17.452265180631834], [15.635336908904296, -17.447586454435545], [15.052403483000976, -17.44464723019238], [14.061771425811035, -17.45047227291699], [13.775606188384277, -17.38222161678906], [13.56754973849414, -17.243582166715818], [13.364684137908203, -17.028627790495115], [13.232564005461914, -16.991262830778318], [13.007998499480468, -17.030731596037107], [12.742199930754882, -17.159431852384763], [12.391746553984863, -17.39034501461621], [12.051017794219238, -17.182560361906248], [11.892536196318847, -17.2470688000166], [11.78128150424121, -17.336016096159177], [11.802625689116699, -16.52201310543652]]]]}}, {"type": "Feature", "properties": {"NAME": "Abyssinia", "SUBJECTO": "Abyssinia", "BORDERPRECISION": 1, "DE": "sin datos", "MAPA": "world_1900.geojson", "MOTIVO": "reparto de África (Conferencia de Berlín, 1884-1885): Abyssinia con la geometría de world_1914 recortada a la tierra sin datos de 1900 (BORDERPRECISION 1: fronteras de 1914, algunas posteriores a 1900)", "FUENTE": "https://es.wikipedia.org/wiki/Reparto_de_%C3%81frica", "ORIGEN_GEOMETRIA": "world_1914 Abyssinia", "AREA_KM2": 855401}, "geometry": {"type": "MultiPolygon", "coordinates": [[[[35.81011489352343, 4.628579698518557], [35.82539275607226, 4.704935632661623], [35.772646936980465, 5.149520002321047], [35.651553186980465, 5.288624368623537], [35.46480849703906, 5.332009874299807], [35.25725844821093, 5.457892976716799], [35.100710901824215, 5.647631727174563], [34.94571975192187, 5.977213941530032], [34.607520136443355, 6.636189065889162], [34.13085463961718, 7.116396985963625], [33.76882461032031, 7.527359090760989], [33.618498835173824, 7.602732263520998], [33.28771499117968, 7.657969556764407], [33.07216552218554, 7.70752914996509], [33.029795679656246, 7.77084120364551], [33.0543699594414, 7.980712972596926], [33.13901046237109, 8.343488298372073], [33.28344634493945, 8.357051454500002], [33.70083144625781, 8.30233534427051], [33.83052733859179, 8.296745859102053], [34.041758570281246, 8.431467615083498], [34.14423278292773, 8.953216157869143], [34.12672713717578, 9.18827112765674], [34.21675399264453, 9.760784707979006], [34.268836054412105, 10.180554948762698], [34.35270217379687, 10.676754556611819], [34.4262075754082, 10.728026948884768], [34.54259398898242, 10.760490022615237], [34.73659423312304, 10.717159830049319], [34.859892878142574, 10.736954294160647], [34.948699030486324, 10.820091806367678], [35.01193526705859, 11.30346067996387], [35.05394504246906, 11.542813695986649], [35.11500602690178, 11.474968157728071], [35.208899047586, 10.629930971570081], [35.39668508895444, 10.066572847464757], [35.72531066134921, 9.925733316438425], [35.96004321305976, 7.484514778648681], [36.24172227511242, 7.249782226938127], [36.57034784750721, 7.296728737280237], [37.79095711640208, 8.51733800617511], [38.495154771533734, 10.160465868148977], [38.729887323244284, 11.944433261149177], [41.171105861034036, 12.507791385254503], [41.218052371376146, 13.071149509359829], [40.23217565419182, 13.493668102438823], [39.98706230562753, 14.390971879309474], [40.3217039438164, 14.17801722140674], [40.58897689303515, 14.124562822297854], [40.89188674410937, 13.821653924897952], [41.016612085906246, 13.554381929353518], [41.586794886199215, 13.198018632844729], [41.78279403170703, 12.788200937227053], [41.996611628142574, 12.716928087190432], [42.21042922457812, 12.431837640718264], [42.327849421111324, 12.357114397004885], [42.060576471892574, 11.942523561433596], [41.84098342379687, 11.667968355134768], [41.79360488375781, 11.553307138398928], [41.780249628630855, 11.37528570742969], [41.87144378146289, 10.854732118562502], [42.09649184664843, 10.887836061433596], [42.49755004366992, 10.99824770541553], [42.67761138400195, 10.980243287996096], [42.92759993991015, 10.892751298860354], [42.76412490328906, 10.529559694246096], [42.80085346251563, 10.349776787275198], [42.538422974748, 9.890523433681839], [42.18632414718218, 9.773157157826565], [41.951591595471626, 8.892910088911993], [42.36237356096508, 8.65817753720144], [43.0078880781691, 8.834226950984354], [43.63671870134825, 9.231383134044869], [43.85603240450976, 9.029882036165041], [44.14104751071093, 8.885397516206545], [44.38402083834765, 8.791513048127932], [46.301089319792965, 8.141941629365725], [46.95213607272265, 7.929729543641848], [47.79600432833789, 7.947449289277834], [47.90248015841601, 7.87817295642261], [46.06331160983203, 5.986063562349123], [45.360686335173824, 5.225576482728762], [44.9946775766289, 4.816644273713869], [44.6348257394707, 4.814511857942385], [43.87238982638476, 4.835395418123049], [43.591094050017574, 4.795599065736575], [43.33768752535937, 4.698752962068362], [43.16353133639453, 4.602393232301516], [42.937285456267574, 4.378600679353518], [42.8052358957207, 4.187141023591799], [42.65353682955859, 4.135392270997805], [42.10637954196093, 4.100367628053469], [41.96917251071093, 4.055059038118166], [41.76521972140429, 3.825038038209719], [41.269412073699215, 3.872941099122805], [41.061675104705074, 3.954322181657595], [40.854739222136715, 4.10563238711719], [40.73295119723437, 4.149392209962649], [40.34993651827929, 3.988229356721682], [40.046240839568355, 3.833879552797121], [39.93028167208789, 3.744214378312869], [39.61096099337695, 3.405451141313357], [39.53868010958789, 3.354178749040408], [39.157847437468746, 3.396403394655032], [38.856448206511715, 3.483595691636843], [38.23842910250781, 3.543481670335574], [38.087534937468746, 3.561650596574587], [37.02916243991015, 4.248124681428713], [36.75715545138476, 4.379983507112307], [36.41994384249804, 4.466953359559817], [36.201336708154614, 4.497890679201673], [35.94579604586718, 4.534054838136477], [35.80223372897265, 4.564981542543215], [35.81011489352343, 4.628579698518557]]], [[[38.809881689202776, 14.520647726877602], [38.87843230685351, 14.623471818879885], [38.954944457250214, 14.50324019471191], [38.809881689202776, 14.520647726877602]]], [[[37.97874315777051, 14.620384350649474], [37.65011758537574, 14.479544819623143], [37.13370597161253, 13.681454143807262], [36.89897341990198, 13.446721592096711], [36.21935293272721, 13.196335096821798], [36.22992614230273, 13.248925767854494], [36.40928939303515, 13.802840791658205], [36.47621062716601, 14.229000650361819], [36.47670272311328, 14.266498170808596], [36.63334563693164, 14.28492697329883], [36.811526331511715, 14.249290071443362], [36.93625167330859, 14.409653268770022], [37.15006926974414, 14.44529017062549], [37.346072229949215, 14.053289972261233], [37.720252070037105, 14.80165346713428], [37.89843276461718, 14.659108720735354], [38.00534347018359, 14.659108720735354], [38.04939970384286, 14.611905565120791], [37.97874315777051, 14.620384350649474]]]]}}, {"type": "Feature", "properties": {"NAME": "German South-West Africa", "SUBJECTO": "German South-West Africa", "BORDERPRECISION": 1, "DE": "sin datos", "MAPA": "world_1900.geojson", "MOTIVO": "reparto de África (Conferencia de Berlín, 1884-1885): German South-West Africa con la geometría de world_1914 recortada a la tierra sin datos de 1900 (BORDERPRECISION 1: fronteras de 1914, algunas posteriores a 1900)", "FUENTE": "https://es.wikipedia.org/wiki/Reparto_de_%C3%81frica", "ORIGEN_GEOMETRIA": "world_1914 German South-West Africa", "AREA_KM2": 800864}, "geometry": {"type": "Polygon", "coordinates": [[[19.63587478121875, -28.587526716276365], [19.39054778536914, -28.723534025236326], [19.128987345305664, -28.947578825041013], [18.937190088835937, -28.96295777706738], [18.675684961882812, -28.888315595670896], [18.340548548308593, -28.86943856625195], [17.938963923064453, -28.89082185177441], [17.706597361174804, -28.87307206539746], [17.573681864348632, -28.777714170499998], [17.548813852874023, -28.539978422208982], [17.53000548800586, -28.38509789852734], [17.442986521331054, -28.285269178434568], [17.156575235930664, -28.129009641691404], [17.008498224822265, -28.071873106046873], [16.857564005461914, -28.12398187069531], [16.80855658969043, -28.221525587125974], [16.66562560519336, -28.408539213224607], [16.403025660125, -28.530100263639646], [16.334208521453125, -28.560795225187498], [16.12818435153125, -28.339535154386716], [15.659789118376953, -27.88929597286816], [15.45380404910205, -27.616459287687498], [15.291948351470214, -27.15286485104199], [15.136913332549316, -26.82907334713574], [15.075613054839355, -26.606766141935545], [15.129913363066894, -26.485908903166013], [15.153246912566406, -26.33334580807324], [14.94742206057666, -26.009661115690427], [14.843331369963867, -25.622223295255857], [14.9097977014458, -25.23441544918652], [14.909036669341308, -25.01834908871289], [14.667572054473144, -24.42148057369824], [14.444036516753417, -23.41168824581738], [14.79158309420703, -23.4030689373457], [14.809734377471191, -23.097809232755857], [14.77530291995166, -22.76106110958691], [14.570058855620605, -22.75814477352734], [14.576767954436523, -22.731251157804685], [14.532720598784667, -22.49620095638867], [14.415466341582519, -22.267668165250974], [13.957572016326171, -21.690342344328123], [13.80364707430957, -21.442819990202146], [13.307551416960937, -20.471565641447263], [12.929404291716796, -19.74155656246777], [12.524332079497558, -19.062439359708982], [12.07951262911914, -18.49144021420117], [11.849736246672851, -18.02167359737988], [11.794679674712402, -17.843861021085935], [11.774609598723632, -17.596052564665037], [11.78128150424121, -17.336016096159177], [11.892536196318847, -17.2470688000166], [12.051017794219238, -17.182560361906248], [12.391746553984863, -17.39034501461621], [12.742199930754882, -17.159431852384763], [13.007998499480468, -17.030731596037107], [13.232564005461914, -16.991262830778318], [13.364684137908203, -17.028627790495115], [13.56754973849414, -17.243582166715818], [13.775606188384277, -17.38222161678906], [14.061771425811035, -17.45047227291699], [15.052403483000976, -17.44464723019238], [15.635336908904296, -17.447586454435545], [15.919611963835937, -17.452265180631834], [16.655736002532226, -17.46065942196484], [17.82116988619922, -17.45381585507031], [18.265963587371093, -17.463924802824216], [18.449723276702148, -17.50734368710156], [18.587096247283203, -17.671829618498045], [18.76758292636035, -17.81700173763867], [19.04725173434375, -17.88529244808789], [19.361174616423828, -17.89615670590039], [20.272013697234375, -17.884457029386716], [20.4290266366875, -17.97889558224316], [20.612868342009765, -18.015964902921873], [21.13668158969043, -17.98746720699902], [21.45908454379199, -18.02371446041699], [21.929032358733398, -17.93194428829785], [22.81084350070117, -17.761475004240232], [23.229161295500976, -17.663650907560545], [23.892999647975756, -17.532695698386128], [24.111826113361655, -17.645341706529752], [24.454254103177252, -17.743267809893307], [24.90251762876696, -17.814251686225028], [24.986329429521884, -17.817523983286332], [24.635079416838867, -17.954218305631834], [24.23447516879199, -17.962921537443357], [24.10629371127246, -18.02725449947949], [23.659600290862304, -18.44949571041699], [23.565381083098632, -18.462759412809568], [23.286345514861328, -18.11472360043164], [22.81502059420703, -18.17470208553906], [21.482213053313476, -18.385969556852537], [20.949976954070312, -18.395450986906248], [20.952040705291015, -18.94220582394238], [20.948859247771484, -19.520780958219724], [20.93773559054492, -19.915033735319334], [20.91825202426074, -20.4555591717207], [20.91899589022754, -22.05772439388867], [20.655564341155273, -22.07833520321484], [19.951552424041015, -22.101509489103513], [19.886040720549804, -22.114612974210935], [19.838255915251953, -23.31015817074414], [19.83428672274707, -23.850595869108396], [19.839869532195312, -24.581722654386716], [19.842755350676757, -24.944109357877927], [19.840251001921875, -26.48915521053906], [19.85423758944629, -27.34108392147656], [19.865918192473632, -28.35200921444531], [19.84039023837207, -28.444218076749998], [19.63587478121875, -28.587526716276365]]]}}, {"type": "Feature", "properties": {"NAME": "Kamerun", "SUBJECTO": "Kamerun", "BORDERPRECISION": 1, "DE": "sin datos", "MAPA": "world_1900.geojson", "MOTIVO": "reparto de África (Conferencia de Berlín, 1884-1885): Kamerun con la geometría de world_1914 recortada a la tierra sin datos de 1900 (BORDERPRECISION 1: fronteras de 1914, algunas posteriores a 1900)", "FUENTE": "https://es.wikipedia.org/wiki/Reparto_de_%C3%81frica", "ORIGEN_GEOMETRIA": "world_1914 Kamerun", "AREA_KM2": 799373}, "geometry": {"type": "Polygon", "coordinates": [[[10.280302055925327, 0.207805675621556], [10.186409035241107, 0.771163799726882], [10.048754632260465, 0.9088182027075259], [10.419461283293945, 0.905371807531161], [10.980116877166015, 0.895995877698702], [11.238758120146972, 0.910244964078707], [11.238287958708984, 0.980162166074557], [11.229525599089843, 1.228009186700625], [11.217659983245117, 2.05425675959949], [10.763459799992628, 2.0580850419410637], [10.515034607635881, 2.132612599648088], [10.265051067974648, 2.0611887311734476], [10.123285140427447, 2.060109297453322], [9.894341501799804, 2.137687526658816], [9.800771746245605, 2.378959022477908], [9.92309001406787, 2.824045501664919], [9.851335558501464, 3.147975765184206], [9.76520541628955, 3.382905565217776], [9.585654291716796, 3.674833141282839], [9.78017524203418, 3.853175722078127], [9.650894198027832, 4.018121801332278], [9.54299262484668, 4.043305479005618], [9.283893618193847, 4.017317853883547], [9.501986741255177, 4.753408672620738], [9.336053366019478, 5.251208798327841], [8.844473021322644, 5.374103884502049], [8.83786109408496, 5.707666002229494], [9.060327562895996, 5.944170080140871], [9.484144243804199, 6.321701131776614], [10.073553118315917, 6.890904031709475], [10.407778861786335, 7.22376803976417], [10.938901343708634, 8.036073012115924], [11.006617808512814, 8.046765085506058], [11.331351093098318, 8.430540785470747], [11.646018331314533, 8.462007509292368], [11.888617705957339, 8.98186331209838], [12.471349295450931, 8.852367403322026], [12.646720748440599, 9.268874604172483], [12.769993815032226, 9.290449701265139], [12.828052553740722, 9.449688516572756], [12.755039319733555, 9.526131210993253], [13.057241890226184, 10.24386231591324], [13.117663138149672, 10.63660042741591], [13.827274418956481, 12.123661913826698], [14.991596541982947, 12.040496047896236], [15.00175384005664, 12.017644487336916], [15.055362734404785, 11.477711282686037], [14.995400461760742, 11.18498858065967], [15.071205172148925, 10.632476411775393], [15.16351035555957, 10.372434221223635], [15.335136446562988, 10.08743342013721], [15.42845061740039, 9.992654405549807], [15.449829134551269, 9.935572229341311], [16.204574008022046, 8.128141459730688], [17.011722699270056, 6.954106999733582], [17.448316764081483, 5.83143654736135], [17.800527102080615, 5.332471901862579], [17.917930548080324, 4.246490026365256], [18.152737440079747, 4.07038485736569], [18.16603377780078, 3.404995046571536], [18.149068582392253, 3.101806427868076], [18.002314274892615, 2.955052120368438], [17.81887139051807, 2.955052120368438], [17.67211708301843, 3.138495004742986], [17.48867419864388, 3.028429274118255], [17.341919891144244, 2.844986389743709], [17.01172269927006, 0.161216991344075], [16.461394046146417, 0.528102760093169], [16.41553332505278, 0.940849249935902], [15.8193439508355, 1.353595739778635], [14.283561150894124, 1.023772411163456], [10.31018381343327, 0.1704534787366278], [10.280302055925327, 0.207805675621556]]]}}, {"type": "Feature", "properties": {"NAME": "Rhodesia", "SUBJECTO": "United Kingdom of Great Britain and Ireland", "BORDERPRECISION": 1, "DE": "sin datos", "MAPA": "world_1900.geojson", "MOTIVO": "reparto de África (Conferencia de Berlín, 1884-1885): Rhodesia con la geometría de world_1914 recortada a la tierra sin datos de 1900 (BORDERPRECISION 1: fronteras de 1914, algunas posteriores a 1900)", "FUENTE": "https://es.wikipedia.org/wiki/Reparto_de_%C3%81frica", "ORIGEN_GEOMETRIA": "world_1914 Rhodesia", "AREA_KM2": 673354}, "geometry": {"type": "Polygon", "coordinates": [[[32.8751295723651, -12.713309428189655], [32.499142368350306, -12.525315826182263], [31.74716796032072, -12.760307828691506], [30.666204748778192, -13.606279037724788], [29.961228741250455, -14.875235851274711], [29.961228741250455, -15.392218256795049], [30.196220743759703, -16.097194264322784], [30.94819515178929, -16.708173470846823], [31.70016955981887, -16.84916867235237], [32.35814716684476, -16.80217027185052], [32.67163769389854, -16.62967997875908], [32.84775832614062, -16.78057710079785], [32.92754653414843, -17.148882307096677], [32.94155410250781, -17.504877485319334], [32.98038009127734, -18.01968041805859], [33.03959182223437, -18.381756223722654], [32.94917205294726, -18.56669083981152], [32.74735930880664, -18.83492700008984], [32.68985274752734, -18.96243516354199], [32.74086287936328, -19.184688962980466], [32.79402450045703, -19.546810545011716], [33.0610838266289, -19.92676965145703], [32.98567870577929, -20.111603178068357], [32.89328292330859, -20.264759458585935], [32.56204513033984, -20.571894086881834], [32.4591665597832, -20.7886947765791], [32.42549804171679, -21.164049543424802], [32.465891871062496, -21.329136289640623], [32.414092096892574, -21.431167997404295], [31.71196357663374, -22.144203894936727], [31.543845527317206, -21.84999730863279], [30.82204330984392, -21.84999730863279], [30.180441338756555, -21.529196323089106], [29.458639121283266, -21.529196323089106], [29.13783813573958, -22.010397801404633], [29.05970684303362, -22.010397801404633], [29.01236060580371, -21.940617002531248], [28.797059092131835, -21.78290978817578], [28.550265345183593, -21.708044446989256], [28.128251108733398, -21.646934904142576], [27.970025095549804, -21.577911771818357], [27.734118494597656, -21.18507234005566], [27.660698923674804, -20.931175626798826], [27.67533782443164, -20.676754392667966], [27.617894205657226, -20.56899491695996], [27.266797098723632, -20.577415861173826], [27.17642310580371, -20.533434309049802], [27.127135309783203, -20.43833962826367], [27.133634715228162, -20.37030228237381], [27.963706528649702, -19.828951099707588], [28.990269682389492, -19.46965399589866], [29.195582313137447, -19.16168504977673], [29.195582313137447, -18.85371610365479], [28.682300736267553, -18.545747157532855], [27.963706528649702, -18.391762684471885], [27.142456005657873, -18.391762684471885], [26.42386179804002, -18.597075315219843], [25.934940275366476, -19.23878481372887], [25.934081110564453, -19.23727647213574], [25.823500666228515, -18.80556908993359], [25.61228087863086, -18.53341332821484], [25.41889480075, -18.31837121395703], [25.299302134124023, -18.115621961637693], [25.345290217009765, -18.013626493498045], [25.226454767791015, -17.969808973356443], [25.157099756804687, -17.893928922697263], [25.08359435519336, -17.881649412199216], [25.007411484145802, -17.818347098226837], [25.26880498275479, -17.828552787278234], [25.679455407491066, -17.799094942920465], [26.035350203102812, -17.732988393536083], [26.41649644723481, -17.615372028778292], [26.73089686457899, -17.474634912571897], [27.015946252743095, -17.302669496186496], [27.266096449625397, -17.10282289084429], [27.47647856618519, -16.87898488339611], [27.642997753829764, -16.63551222604498], [27.76241290598438, -16.3771438371202], [27.879857024290377, -16.016139560964312], [27.972802607128987, -15.535920716298197], [28.034766329021384, -14.962756288793486], [27.972802607128987, -14.699410470750777], [27.632002136720775, -14.40508279176187], [27.07432863968916, -14.157227904192261], [26.56312793407685, -14.002318599461262], [26.098400019883837, -13.924863947095758], [25.68014489711013, -13.893882086149556], [25.370326287648115, -13.862900225203354], [25.02952581723991, -13.893882086149556], [24.626761624939302, -13.971336738515056], [24.208506502165587, -14.141736973719162], [23.91417882317668, -14.296646278450165], [23.697305796553277, -14.467046513654271], [23.356505326145065, -14.823337914535578], [23.17061416046786, -15.148647454470687], [23.093159508102364, -15.458466063932697], [23.093159508102364, -15.907703047652607], [23.108650438575463, -16.248503518060815], [23.15512322999476, -16.527340266576623], [23.217086951887165, -16.80617701509243], [23.341014395671966, -17.038540972188937], [23.495923700402972, -17.270904929285443], [23.80574230986498, -17.487777955908847], [23.892999647975756, -17.532695698386128], [23.229161295500976, -17.663650907560545], [22.954102549163085, -17.37915650753613], [22.344630274382812, -16.753330625578123], [22.13273528536914, -16.557484067960935], [21.99454406222461, -16.380283750578123], [21.95022681674121, -16.18345681576367], [21.939595255461914, -15.916500486417966], [21.931939158049804, -15.535095609708982], [21.942904505339843, -14.072799123808103], [21.93628219088672, -13.468883909269529], [21.959122690764648, -13.074597753568845], [22.46344021946413, -13.061166506729283], [22.629478262962014, -13.559280637222939], [23.052463867478654, -13.794272639732185], [23.663443074002693, -13.841271040234034], [24.36841908153043, -13.653277438226638], [24.932399887552616, -13.371287035215543], [25.496380693574803, -13.0422982317026], [25.919366298091443, -12.525315826182261], [26.047725423367513, -11.926306574893935], [26.066657099333984, -11.931399740263181], [26.481575998870117, -12.005238927885252], [26.628052744475585, -12.055227674528318], [26.793009790984375, -12.0161060467207], [26.86296320849387, -11.92479355088187], [27.191065449951903, -12.346639289899343], [28.13103345998888, -12.640379293035897], [28.348181373129535, -12.640379293035897], [28.425766977874023, -12.705783285185056], [28.678046259490234, -13.034891523405271], [28.84953978976367, -13.326333440824705], [29.0056810708916, -13.420770086332517], [29.616040262786132, -13.461670316740232], [29.782912287322265, -13.467049039884763], [29.80113891085742, -13.218991674467283], [29.788600000945312, -12.576935209318357], [29.77412703951953, -12.220986761137205], [29.712964090911132, -12.138700880094724], [29.549914393035156, -12.222313322111326], [29.348248514739257, -12.426951803251463], [29.116484675017578, -12.421973623319822], [28.938649342550487, -12.310175478603162], [29.18849747128049, -11.935403285508162], [30.657197486963266, -11.524167281116984], [31.30342549386369, -10.936687274843873], [31.30342549386369, -9.702979261670336], [31.127181491981755, -9.232995256651845], [30.36345748382671, -8.763011251633355], [29.71722947692629, -8.58676724975142], [29.513150884032473, -8.467721403896695], [30.40593436679004, -8.320165075346189], [30.659499201384765, -8.289029516264158], [30.97596267184375, -8.577420629545408], [31.094178232756835, -8.67207757382031], [31.42235282382129, -8.790925420805173], [31.993414911833984, -9.060893453642088], [32.70152572116015, -9.317340292020994], [33.03144744357226, -9.474328435941892], [33.204600367156246, -9.6577715053999], [33.45564940890429, -10.05669442562695], [33.650820765105465, -10.44334451107617], [33.65648559054492, -10.589530386015134], [33.574553522673824, -10.7108081951582], [33.25552657565234, -10.865278638883787], [33.25059417208789, -10.922526754423338], [33.26853469332812, -11.1894516125166], [33.22782805880664, -11.946256078764158], [33.26363662203906, -12.10498944668408], [33.360964808074215, -12.180704511686521], [33.59053710421679, -12.300136961027341], [33.62343505343554, -12.388951696439939], [33.53425887545703, -12.497563756986814], [33.322329554167965, -12.61326352505322], [32.96566298922656, -12.729804433866697], [32.94470202660075, -12.778789385117328], [32.8751295723651, -12.713309428189655]]]}}, {"type": "Feature", "properties": {"NAME": "German E. Africa (Tanganyika)", "SUBJECTO": "German Empire", "BORDERPRECISION": 1, "DE": "sin datos", "MAPA": "world_1900.geojson", "MOTIVO": "reparto de África (Conferencia de Berlín, 1884-1885): German E. Africa (Tanganyika) con la geometría de world_1914 recortada a la tierra sin datos de 1900 (BORDERPRECISION 1: fronteras de 1914, algunas posteriores a 1900)", "FUENTE": "https://es.wikipedia.org/wiki/Reparto_de_%C3%81frica", "ORIGEN_GEOMETRIA": "world_1914 German E. Africa (Tanganyika)", "AREA_KM2": 611055}, "geometry": {"type": "MultiPolygon", "coordinates": [[[[37.66135517816268, -3.378927990464021], [37.66763833006297, -3.3844257483767763], [37.6255483957207, -3.585703529401975], [37.65682128390429, -3.693595565839964], [38.195042944972236, -4.082037665689043], [37.956821228751295, -4.856258243407098], [37.956821228751295, -6.776787572233097], [36.1840249252196, -7.441586186057481], [36.03629189992529, -8.549583875764789], [38.32615379198707, -9.066649464294866], [39.0648189184586, -11.208778331062327], [39.07346420017142, -11.227876505552222], [38.60662368258593, -11.437589086576658], [38.40486052950976, -11.45149651913281], [38.114234003630855, -11.262476362272459], [37.989661249724605, -11.225067533537107], [37.89515593966601, -11.371860899015623], [37.65079787692187, -11.716632284208494], [37.47304824313281, -11.78125897793408], [37.28388122042773, -11.756949819608884], [36.85011580905078, -11.759511388822752], [36.41663268527148, -11.768437780424314], [36.186472925749996, -11.636292852445798], [36.041201624480465, -11.45912591366406], [35.93833831271289, -11.421594060941892], [35.88303664645312, -11.479137815519529], [35.59370330294726, -11.639794744535642], [35.35686400851367, -11.679338850065427], [34.89836028536914, -11.6121172085249], [34.49440673312304, -11.604224599882322], [34.40595916232226, -11.35282937435742], [34.345286402312496, -11.00820866970654], [34.321360621062496, -10.745423711820798], [34.26077559908984, -10.3195728435957], [34.0590200754082, -9.94124547390576], [33.76076415499804, -9.698866285368162], [33.304411921111324, -9.650709547086912], [33.204600367156246, -9.6577715053999], [33.03144744357226, -9.474328435941892], [32.70152572116015, -9.317340292020994], [31.993414911833984, -9.060893453642088], [31.42235282382129, -8.790925420805173], [31.094178232756835, -8.67207757382031], [30.97596267184375, -8.577420629545408], [30.659499201384765, -8.289029516264158], [30.349265131560546, -7.47761432079907], [30.156861338225585, -7.126493848844724], [29.73588469943164, -6.722147382780271], [29.517043146697265, -6.438393034025388], [29.462084803191406, -6.12620583920117], [29.50292445958346, -5.785084471436137], [29.540985475044355, -6.413091226540905], [30.3047094831994, -7.11806723406864], [31.068433491354444, -8.58676724975142], [31.59716549700025, -8.58676724975142], [32.30214150452798, -8.293027246614866], [33.183361513937655, -7.411807237205196], [34.18207752460194, -5.414375215876614], [33.007117512055714, -5.061887212112747], [33.007117512055714, -4.768147208976188], [32.125897502646055, -4.650651207721566], [31.068433491354444, -4.239415203330385], [30.657197486963266, -3.710683197684585], [30.715945487590577, -3.181951192038781], [30.539701485708644, -3.005707190156848], [30.187213481944777, -3.005707190156848], [29.83472547818091, -3.240699192666096], [29.30599347253511, -3.886927199566518], [29.423489473789733, -4.474407205839633], [29.4985905338918, -5.713574697523775], [29.31645873507617, -5.097240842863279], [29.345526728240234, -4.754497446104246], [29.337952646819335, -4.156277097746091], [29.23119834384082, -3.870856918379026], [29.22540572604297, -3.584837593122678], [29.24314216097949, -3.387666381880003], [29.20395759066699, -3.21626440434094], [28.894003901091796, -2.766774333997922], [28.805192026702148, -2.614746011778074], [29.02580932101367, -2.003186143919187], [29.080622706023437, -1.812156237646299], [29.201252970305664, -1.697019137426572], [29.33678916415332, -1.619932927175718], [29.52845290621875, -1.434459365888792], [29.55746558627246, -1.45334628967877], [29.740436827034138, -1.5280160845740047], [29.482237474417044, -1.889495178237937], [29.482237474417044, -2.241983182001807], [29.658481476298977, -2.535723185138359], [30.42220548445402, -2.711967187020292], [31.068433491354444, -2.359479183256425], [31.185929492609073, -1.889495178237937], [31.136188753796684, -1.480691708247745], [31.512175957811476, -1.527690108749596], [32.10108406774572, -1.465241311088907], [32.40222036828806, -1.1321791287309557], [33.26720717867968, -1.132111944242673], [33.91916945895312, -1.117342151685911], [36.01729110201953, -2.273045219465452], [37.61619475802539, -3.166200794264036], [37.66650288584596, -3.3068600828981656], [37.66135517816268, -3.378927990464021]], [[31.185929492609073, -3.123203191411474], [31.068433491354444, -3.534439195802651], [31.30342549386369, -4.063171201448451], [32.65462950829185, -4.415659205212318], [33.4771015170742, -4.063171201448451], [33.770841520210766, -3.769431198311896], [33.71209351958345, -3.240699192666096], [32.83087351017379, -3.005707190156848], [31.185929492609073, -3.123203191411474]]], [[[30.41817926174702, -1.186528393579217], [30.45229438265918, -1.161977924390989], [30.574991236187604, -1.1558176702079221], [30.41817926174702, -1.186528393579217]]]]}}, {"type": "Feature", "properties": {"NAME": "Botswana", "SUBJECTO": "United Kingdom of Great Britain and Ireland", "BORDERPRECISION": 1, "DE": "sin datos", "MAPA": "world_1900.geojson", "MOTIVO": "reparto de África (Conferencia de Berlín, 1884-1885): Botswana con la geometría de world_1914 recortada a la tierra sin datos de 1900 (BORDERPRECISION 1: fronteras de 1914, algunas posteriores a 1900)", "FUENTE": "https://es.wikipedia.org/wiki/Reparto_de_%C3%81frica", "ORIGEN_GEOMETRIA": "world_1914 Botswana", "AREA_KM2": 515638}, "geometry": {"type": "Polygon", "coordinates": [[[27.142456005657873, -23.165281349361898], [26.526518113414, -23.319265822422864], [26.42386179804002, -24.191844503101684], [25.368426555601303, -24.73720617852594], [25.096758531783674, -25.891795279750855], [24.919890436736328, -25.881182111784177], [24.707066568938476, -25.90784303097363], [24.477253946868164, -25.902819074674802], [24.10874274691699, -25.81592980770703], [23.773642572966796, -25.671621717497068], [23.33347991427539, -25.38167992977734], [23.088412317839843, -25.364017881437498], [22.938363108245117, -25.447546400114256], [22.900784525481445, -25.555857099577146], [22.637126001921875, -26.06606522945996], [22.46547797640918, -26.276873029752927], [22.17236617526172, -26.5583480968916], [21.88817313632129, -26.750749982877927], [21.52799132784961, -26.918140806242185], [21.15788939913867, -26.932985700651365], [20.773314509001953, -26.954279340788084], [20.60733130892871, -26.91073075680371], [20.557734522429687, -26.828356184049802], [20.559346232024414, -26.61216775326367], [20.66878035983203, -26.338129438444334], [20.743193659392578, -26.096084989591795], [20.64901069125293, -25.753277219816404], [20.402886423674804, -25.32870141415234], [20.080592188445312, -24.974518217130857], [19.842755350676757, -24.944109357877927], [19.839869532195312, -24.581722654386716], [19.83428672274707, -23.850595869108396], [19.838255915251953, -23.31015817074414], [19.886040720549804, -22.114612974210935], [19.951552424041015, -22.101509489103513], [20.655564341155273, -22.07833520321484], [20.91899589022754, -22.05772439388867], [20.91825202426074, -20.4555591717207], [20.93773559054492, -19.915033735319334], [20.948859247771484, -19.520780958219724], [20.952040705291015, -18.94220582394238], [20.949976954070312, -18.395450986906248], [21.482213053313476, -18.385969556852537], [22.81502059420703, -18.17470208553906], [23.286345514861328, -18.11472360043164], [23.565381083098632, -18.462759412809568], [23.659600290862304, -18.44949571041699], [24.10629371127246, -18.02725449947949], [24.23447516879199, -17.962921537443357], [24.635079416838867, -17.954218305631834], [24.986329429521884, -17.817523983286332], [25.007411484145802, -17.818347098226837], [25.08359435519336, -17.881649412199216], [25.157099756804687, -17.893928922697263], [25.226454767791015, -17.969808973356443], [25.345290217009765, -18.013626493498045], [25.299302134124023, -18.115621961637693], [25.41889480075, -18.31837121395703], [25.61228087863086, -18.53341332821484], [25.823500666228515, -18.80556908993359], [25.934081110564453, -19.23727647213574], [25.934940275366476, -19.23878481372887], [25.602611275048194, -19.67496662664662], [25.75659574810916, -20.290904518890493], [26.218549167292064, -20.49621714963845], [26.783158901848946, -20.598873465012428], [27.133634715228162, -20.37030228237381], [27.127135309783203, -20.43833962826367], [27.17642310580371, -20.533434309049802], [27.266797098723632, -20.577415861173826], [27.617894205657226, -20.56899491695996], [27.67533782443164, -20.676754392667966], [27.660698923674804, -20.931175626798826], [27.734118494597656, -21.18507234005566], [27.970025095549804, -21.577911771818357], [28.128251108733398, -21.646934904142576], [28.550265345183593, -21.708044446989256], [28.797059092131835, -21.78290978817578], [29.01236060580371, -21.940617002531248], [29.05970684303362, -22.010397801404633], [28.496236164652217, -22.010397801404633], [27.24511232103185, -22.754656087865982], [27.142456005657873, -23.165281349361898]], [[26.42386179804002, -22.85731240323996], [27.501753109466797, -22.24137451099609], [27.758393897901744, -21.933405564874153], [27.501753109466797, -21.47145214569125], [27.039799690283893, -21.47145214569125], [25.397298644300232, -22.087390037935123], [25.089329698178293, -22.549343457118027], [25.397298644300232, -23.165281349361898], [25.859252063483137, -23.267937664735875], [26.42386179804002, -22.85731240323996]]]}}, {"type": "Feature", "properties": {"NAME": "British East Africa", "SUBJECTO": "United Kingdom of Great Britain and Ireland", "BORDERPRECISION": 1, "DE": "sin datos", "MAPA": "world_1900.geojson", "MOTIVO": "reparto de África (Conferencia de Berlín, 1884-1885): British East Africa con la geometría de world_1914 recortada a la tierra sin datos de 1900 (BORDERPRECISION 1: fronteras de 1914, algunas posteriores a 1900)", "FUENTE": "https://es.wikipedia.org/wiki/Reparto_de_%C3%81frica", "ORIGEN_GEOMETRIA": "world_1914 British East Africa", "AREA_KM2": 505496}, "geometry": {"type": "MultiPolygon", "coordinates": [[[[41.65014686110898, 1.20079579365952], [40.91148173463745, 0.018931591305055], [39.87735055757729, 0.018931591305055], [39.951217070224445, -1.015199585755095], [37.73522169080984, -2.344796813403864], [37.66650288584596, -3.3068600828981594], [37.61619475802539, -3.166200794264036], [36.01729110201953, -2.273045219465452], [33.91916945895312, -1.117342151685911], [33.26720717867968, -1.132111944242673], [33.78191283663867, -0.016971983], [33.82932570895312, 0.085747770980639], [34.12452987155078, 0.461710922435564], [34.56795028170703, 0.883867941812319], [34.782656702605465, 1.120328031495852], [34.97588256320117, 1.432934246972842], [35.040198359099605, 1.687563143686098], [35.01850799044726, 1.986174665406985], [34.91808227023242, 2.258883319810671], [36.19969259212506, 3.083682242667319], [36.05205144493539, 3.969529125805334], [36.201336708154614, 4.497890679201673], [36.41994384249804, 4.466953359559817], [36.75715545138476, 4.379983507112307], [37.02916243991015, 4.248124681428713], [38.087534937468746, 3.561650596574587], [38.23842910250781, 3.543481670335574], [38.856448206511715, 3.483595691636843], [39.157847437468746, 3.396403394655032], [39.53868010958789, 3.354178749040408], [39.61096099337695, 3.405451141313357], [39.93028167208789, 3.744214378312869], [40.046240839568355, 3.833879552797121], [40.34993651827929, 3.988229356721682], [40.73295119723437, 4.149392209962649], [40.854739222136715, 4.10563238711719], [41.061675104705074, 3.954322181657595], [41.269412073699215, 3.872941099122805], [41.76521972140429, 3.825038038209719], [41.96917251071093, 4.055059038118166], [42.10637954196093, 4.100367628053469], [42.65353682955859, 4.135392270997805], [42.843544215660216, 3.895708552210504], [42.917364789255046, 2.566938227503471], [42.54826192128087, 2.27165593312413], [42.995916103226676, 0.5644322346462666], [41.65014686110898, 1.20079579365952]]], [[[37.65682128390429, -3.693595565839964], [37.6255483957207, -3.585703529401975], [37.66763833006297, -3.3844257483767763], [38.25228727933991, -3.895993578994098], [38.195042944972236, -4.082037665689042], [37.65682128390429, -3.693595565839964]]]]}}, {"type": "Feature", "properties": {"NAME": "British Somaliland", "SUBJECTO": "United Kingdom of Great Britain and Ireland", "BORDERPRECISION": 1, "DE": "sin datos", "MAPA": "world_1900.geojson", "MOTIVO": "reparto de África (Conferencia de Berlín, 1884-1885): British Somaliland con la geometría de world_1914 recortada a la tierra sin datos de 1900 (BORDERPRECISION 1: fronteras de 1914, algunas posteriores a 1900)", "FUENTE": "https://es.wikipedia.org/wiki/Reparto_de_%C3%81frica", "ORIGEN_GEOMETRIA": "world_1914 British Somaliland", "AREA_KM2": 345213}, "geometry": {"type": "Polygon", "coordinates": [[[47.38398650607226, 3.794777952150149], [46.360503229705074, 2.667831026033205], [46.22544175899341, 2.552302650484968], [45.541262659636715, 1.967072092012209], [44.56746962985156, 1.462954007104678], [44.300696405974605, 1.290809474901003], [43.724307093230465, 0.800251446679873], [43.33258570400096, 0.405233867901636], [42.995916103226676, 0.5644322346462666], [42.54826192128087, 2.27165593312413], [42.917364789255046, 2.566938227503471], [42.843544215660216, 3.895708552210504], [42.65353682955859, 4.135392270997805], [42.8052358957207, 4.187141023591799], [42.937285456267574, 4.378600679353518], [43.16353133639453, 4.602393232301516], [43.33768752535937, 4.698752962068362], [43.591094050017574, 4.795599065736575], [43.87238982638476, 4.835395418123049], [44.6348257394707, 4.814511857942385], [44.9946775766289, 4.816644273713869], [45.360686335173824, 5.225576482728762], [46.06331160983203, 5.986063562349123], [47.90248015841601, 7.87817295642261], [48.35449530290556, 8.00342864180492], [48.677037109432305, 8.39047880963701], [48.57869676441536, 9.609007948304352], [48.87620187093292, 9.597107744043651], [49.63908266399221, 9.890523433681839], [49.75644893984749, 10.653404226741136], [49.64723494967578, 11.329372011140627], [50.0808706613457, 11.476436220125002], [50.48606780490039, 11.775948129609866], [50.69729140719531, 11.947959505037112], [50.96874907931445, 11.87865313144092], [51.14483169039843, 11.783723436311526], [51.18070510348437, 11.777448259309573], [51.24701598605273, 11.65686472506885], [51.06053451022265, 11.243457399324221], [51.070254358855465, 10.989321313813967], [51.12975982150195, 10.70987757296924], [51.055666956511715, 10.506385408357424], [50.88675979098437, 10.277283273652834], [50.87397674044726, 9.972261033967776], [50.85270598849414, 9.597323022798342], [50.77938369235156, 9.368420206025881], [50.210825953093746, 8.35053213687305], [49.83185485324023, 7.993881784395022], [49.77715209445117, 7.853968225435061], [49.8229246469414, 7.695211969331545], [49.42104629000781, 6.989027105287356], [49.04607299288867, 6.416338048890871], [48.94951537570117, 5.990390382722659], [48.791811976042965, 5.704107366517825], [48.47157958468554, 5.20143374057178], [48.078196558562496, 4.666824422792239], [47.55637649020312, 3.992555223420901], [47.38398650607226, 3.794777952150149]]]}}, {"type": "Feature", "properties": {"NAME": "Mozambique", "SUBJECTO": "Portugal", "BORDERPRECISION": 1, "DE": "sin datos", "MAPA": "world_1900.geojson", "MOTIVO": "reparto de África (Conferencia de Berlín, 1884-1885): Mozambique con la geometría de world_1914 recortada a la tierra sin datos de 1900 (BORDERPRECISION 1: fronteras de 1914, algunas posteriores a 1900)", "FUENTE": "https://es.wikipedia.org/wiki/Reparto_de_%C3%81frica", "ORIGEN_GEOMETRIA": "world_1914 Mozambique", "AREA_KM2": 396732}, "geometry": {"type": "MultiPolygon", "coordinates": [[[[37.64470689939951, -16.021321490709962], [36.38557486309061, -16.96567051794163], [35.546153505551345, -16.96567051794163], [35.23491513786739, -16.70630521153833], [35.21547606906054, -16.582262434049802], [35.24950698336718, -16.302294172331052], [35.35286239108203, -16.20631066708203], [35.49784377535937, -16.199097074552732], [35.692210230437496, -16.166159071012693], [35.78822234591601, -16.07021752743359], [35.806338343230465, -15.885717786833006], [35.87636855563281, -14.829835332914548], [35.813662561980465, -14.614032186552244], [35.60891250094531, -14.316405691190916], [35.073924097624996, -13.791839994474607], [34.7126951547539, -13.526939786955076], [34.60531905612109, -13.406767286344724], [34.53837111910937, -13.222786344572263], [34.45860198458789, -12.765487112089353], [34.34545424899218, -12.352899946256834], [34.393557581511715, -12.136440671964841], [34.49440673312304, -11.604224599882322], [34.89836028536914, -11.6121172085249], [35.35686400851367, -11.679338850065427], [35.59370330294726, -11.639794744535642], [35.88303664645312, -11.479137815519529], [35.93833831271289, -11.421594060941892], [36.041201624480465, -11.45912591366406], [36.186472925749996, -11.636292852445798], [36.41663268527148, -11.768437780424314], [36.85011580905078, -11.759511388822752], [37.28388122042773, -11.756949819608884], [37.47304824313281, -11.78125897793408], [37.65079787692187, -11.716632284208494], [37.89515593966601, -11.371860899015623], [37.989661249724605, -11.225067533537107], [38.114234003630855, -11.262476362272459], [38.40486052950976, -11.45149651913281], [38.60662368258593, -11.437589086576658], [39.07346420017142, -11.227876505552222], [39.53340495386284, -12.243925381783296], [39.743260293247644, -13.712912757477], [39.63833262355524, -15.286827802863112], [39.21862194478561, -15.706538481632741], [37.64470689939951, -16.021321490709962]]], [[[33.812282772804735, -15.728311939458957], [34.14408638591502, -14.781239050271013], [34.05125727676399, -14.521317544648138], [34.26229384860156, -14.50237885861035], [34.37969115695117, -14.527109540983396], [34.47820571383593, -14.742703832670408], [34.52344420870898, -15.174795545622068], [34.51171019991992, -15.48641911892529], [34.45933440646289, -15.588458456083494], [34.23509887179492, -15.863179601713377], [34.22985931770146, -15.893747331282377], [33.812282772804735, -15.728311939458957]]], [[[33.972238460165244, -18.959296242097366], [33.66827626985358, -20.323748123790445], [33.96902719380077, -23.23100705528008], [33.467775653888765, -24.53426105905129], [31.988109250996395, -25.491692260922832], [32.010142359343746, -24.988054670377927], [31.977561029998046, -24.64486352352734], [31.911139521208984, -24.340023435636716], [31.900849788434616, -24.310560566879694], [31.94484675924681, -23.69460297550897], [31.86464651286089, -22.41139903333424], [31.71196357663374, -22.144203894936727], [32.414092096892574, -21.431167997404295], [32.465891871062496, -21.329136289640623], [32.42549804171679, -21.164049543424802], [32.4591665597832, -20.7886947765791], [32.56204513033984, -20.571894086881834], [32.89328292330859, -20.264759458585935], [32.98567870577929, -20.111603178068357], [33.0610838266289, -19.92676965145703], [32.79402450045703, -19.546810545011716], [32.74086287936328, -19.184688962980466], [32.68985274752734, -18.96243516354199], [32.74735930880664, -18.83492700008984], [32.94917205294726, -18.56669083981152], [33.03959182223437, -18.381756223722654], [32.98038009127734, -18.01968041805859], [32.94155410250781, -17.504877485319334], [32.92754653414843, -17.148882307096677], [32.84775832614062, -16.78057710079785], [32.67163769389854, -16.62967997875908], [33.08642184352078, -16.401455412580233], [33.56802596187117, -17.015487960371214], [34.269778117747975, -17.61698980826562], [34.37002842573038, -18.218491656160026], [34.18209379955006, -18.53958556332774], [33.972238460165244, -18.959296242097366]]]]}}, {"type": "Feature", "properties": {"NAME": "French Equatorial Africa", "SUBJECTO": "France", "BORDERPRECISION": 1, "DE": "sin datos", "MAPA": "world_1900.geojson", "MOTIVO": "reparto de África (Conferencia de Berlín, 1884-1885): French Equatorial Africa con la geometría de world_1914 recortada a la tierra sin datos de 1900 (BORDERPRECISION 1: fronteras de 1914, algunas posteriores a 1900)", "FUENTE": "https://es.wikipedia.org/wiki/Reparto_de_%C3%81frica", "ORIGEN_GEOMETRIA": "world_1914 French Equatorial Africa", "AREA_KM2": 362786}, "geometry": {"type": "Polygon", "coordinates": [[[9.415137323943359, -1.637990154310422], [9.465267214385253, -1.593399681135374], [9.320650133696777, -1.415781296774107], [9.228990332022416, -1.38808568673508], [10.045569504214777, -1.059750103615427], [10.702820649004321, -0.590285000194323], [10.702820649004321, -0.120819896773218], [10.468088097293771, -0.026926876088996], [10.31018381343327, 0.1704534787366277], [14.283561150894124, 1.023772411163456], [15.8193439508355, 1.353595739778635], [16.41553332505278, 0.940849249935902], [16.461394046146417, 0.528102760093169], [17.01172269927006, 0.161216991344075], [17.011998209563476, -1.140284456297117], [16.64820388278125, -1.409428395315366], [16.463509592620117, -1.613933481260496], [16.252083811370117, -1.990227498098569], [16.09792426547168, -2.328039087339597], [16.01102355441211, -2.849800266309934], [15.977423700896484, -3.027983583494382], [15.990362130526812, -3.104487917295132], [15.969932699501992, -3.08509638019376], [15.088977320725782, -2.888211188902229], [14.384001313198047, -3.181951192038786], [13.419070095226779, -4.55530301501015], [13.267789301279134, -4.415659205212323], [12.562813293751397, -4.298163203957699], [11.851424796393308, -4.710019702428172], [11.772603067961914, -4.536981023832517], [11.151153597441894, -3.932286657377439], [11.134011301604492, -3.91559473423596], [10.880460772124511, -3.693730272337156], [10.641218218413574, -3.446424879118162], [10.524656328765136, -3.236963666959959], [9.931443247405273, -2.710815109296995], [10.06008246859668, -2.570729650541502], [9.893924746123535, -2.443995393797117], [9.656445536223632, -2.419099487348753], [9.243190798369628, -1.771810568853574], [9.415137323943359, -1.637990154310422]]]}}, {"type": "Feature", "properties": {"NAME": "Uganda", "SUBJECTO": "Uganda", "BORDERPRECISION": 1, "DE": "sin datos", "MAPA": "world_1900.geojson", "MOTIVO": "reparto de África (Conferencia de Berlín, 1884-1885): Uganda con la geometría de world_1914 recortada a la tierra sin datos de 1900 (BORDERPRECISION 1: fronteras de 1914, algunas posteriores a 1900)", "FUENTE": "https://es.wikipedia.org/wiki/Reparto_de_%C3%81frica", "ORIGEN_GEOMETRIA": "world_1914 Uganda", "AREA_KM2": 171693}, "geometry": {"type": "MultiPolygon", "coordinates": [[[[33.345113577383586, 1.90319312788538], [33.06312317437249, 2.561170734911268], [32.6871359703577, 2.655167535914966], [32.21715196533921, 2.561170734911268], [31.37118075630593, 2.32617873240202], [31.20668642654965, 2.1133037174233045], [31.194254908171875, 2.14773329348926], [31.07207206210254, 2.229633413270754], [30.856398615447265, 2.247428022340578], [30.77013877352832, 2.259621225312991], [30.712660822478515, 2.373686157182497], [30.829474482146484, 3.219739757493777], [30.837422403899414, 3.410458885148806], [30.76585868319629, 3.492670141176028], [30.737151178923828, 3.505206190065188], [30.960585627166015, 3.608226858094973], [31.16936210116504, 3.647604309037966], [31.39229682406543, 3.642579160646243], [31.816065821257812, 3.537054143861575], [32.2261228891289, 3.558560691789431], [32.622527155486324, 3.707099519685549], [33.0184927316582, 3.766657434419436], [33.154875788298824, 3.722972236589236], [33.29096892794726, 3.634810291246218], [33.45643905123828, 3.64214452357654], [33.73787215670703, 3.783647142366213], [33.99141601046679, 4.026679597810549], [34.29664519747851, 4.384414754823489], [34.42759231051562, 4.53137644381885], [34.72953704318164, 4.507751546815676], [35.10371688326953, 4.509972177461428], [35.55762389620898, 4.569872461274905], [35.766394648162105, 4.577471815065188], [35.80223372897265, 4.564981542543215], [35.94579604586718, 4.534054838136477], [36.201336708154614, 4.497890679201673], [36.05205144493539, 3.969529125805334], [36.19969259212506, 3.083682242667319], [34.91808227023242, 2.258883319810671], [35.01850799044726, 1.986174665406985], [35.040198359099605, 1.687563143686098], [34.97588256320117, 1.432934246972842], [34.782656702605465, 1.120328031495852], [34.56795028170703, 0.883867941812319], [34.12452987155078, 0.461710922435564], [33.82932570895312, 0.085747770980639], [33.78191283663867, -0.016971983], [33.26720717867968, -1.132111944242673], [32.40222036828806, -1.1321791287309557], [33.32373201857578, -0.112970614977093], [33.025125646609624, 0.938457648323418], [32.8751295723651, 1.527205923870589], [33.345113577383586, 1.90319312788538]]], [[[29.76945403536914, 0.442135207370562], [29.85679494679437, 0.592424480593732], [29.867231940246764, 0.540239513331759], [30.055225542254156, 0.446242712328063], [30.00822714175231, -0.164736494195976], [30.90119675128744, -0.446726897207069], [30.807199950283742, -1.010707703229254], [30.816971894942544, -1.108427149817259], [30.574991236187604, -1.1558176702079221], [30.45229438265918, -1.161977924390989], [30.41817926174702, -1.1865283935792168], [30.128465481317466, -1.243267171337514], [29.7759774775536, -1.478259173846759], [29.740436827034138, -1.5280160845740047], [29.55746558627246, -1.45334628967877], [29.52845290621875, -1.434459365888792], [29.613051447478515, -1.300468005224424], [29.647543940154296, -1.179488100095945], [29.622200998870117, -0.842736698671537], [29.633265528289062, -0.512138791366773], [29.623663935271484, -0.245214797540861], [29.67207625826953, -0.016971983], [29.76945403536914, 0.442135207370562]]], [[[30.290217544763404, 1.0572219188521], [30.243219144261552, 0.869228316844703], [30.009015430886027, 0.8171830472056987], [30.061741861907226, 0.876110397294802], [30.359674277285748, 1.1151025292873853], [30.290217544763404, 1.0572219188521]]]]}}, {"type": "Feature", "properties": {"NAME": "Rio De Oro", "SUBJECTO": "Rio De Oro", "BORDERPRECISION": 1, "DE": "sin datos", "MAPA": "world_1900.geojson", "MOTIVO": "reparto de África (Conferencia de Berlín, 1884-1885): Rio De Oro con la geometría de world_1914 recortada a la tierra sin datos de 1900 (BORDERPRECISION 1: fronteras de 1914, algunas posteriores a 1900)", "FUENTE": "https://es.wikipedia.org/wiki/Reparto_de_%C3%81frica", "ORIGEN_GEOMETRIA": "world_1914 Rio De Oro", "AREA_KM2": 164638}, "geometry": {"type": "Polygon", "coordinates": [[[-11.946144071015137, 24.64873655887012], [-11.990525212677735, 23.478738389924807], [-12.05500599423291, 23.421145997957034], [-12.41909405270459, 23.291894517854494], [-12.74580475369336, 23.15013464541797], [-13.00448509732129, 22.957912050203127], [-13.116560902985352, 22.78560408206348], [-13.120932546051758, 22.46771963687305], [-13.047333684357422, 21.775199495271487], [-13.024399724396485, 21.279456697419924], [-13.120129552277344, 21.291616044954104], [-13.449706998261231, 21.276986680940432], [-14.528037038239258, 21.28340681643848], [-16.80259415188672, 21.30827673526172], [-17.016083684357422, 21.314147554353518], [-16.98365112820508, 21.59526976199512], [-16.806021657379883, 21.989650331453127], [-16.571900334748047, 22.238000474885744], [-16.352530446442383, 22.492660127595705], [-16.24251457730176, 22.721679292634768], [-15.714025464447754, 23.873057924226565], [-15.607041325958985, 23.981320939973635], [-14.975213017853516, 24.510123811677737], [-14.820046391876954, 24.73287733645801], [-14.797224011811036, 25.1459976062334], [-14.671170871760827, 25.595958649178414], [-11.916973217912458, 25.587128121941785], [-11.946144071015137, 24.64873655887012]]]}}, {"type": "Feature", "properties": {"NAME": "South Africa", "SUBJECTO": "United Kingdom of Great Britain and Ireland", "BORDERPRECISION": 1, "DE": "sin datos", "MAPA": "world_1900.geojson", "MOTIVO": "reparto de África (Conferencia de Berlín, 1884-1885): South Africa con la geometría de world_1914 recortada a la tierra sin datos de 1900 (BORDERPRECISION 1: fronteras de 1914, algunas posteriores a 1900)", "FUENTE": "https://es.wikipedia.org/wiki/Reparto_de_%C3%81frica", "ORIGEN_GEOMETRIA": "world_1914 South Africa", "AREA_KM2": 151903}, "geometry": {"type": "MultiPolygon", "coordinates": [[[[30.558511716239497, -26.84001814264652], [30.815152504674444, -27.096658931081464], [30.69336168803883, -27.57615704133216], [30.237710730695813, -27.545780310842623], [30.391695203756782, -28.495351228051927], [30.045230139369604, -28.3798628732562], [29.085958200357457, -28.498020292251653], [28.89726952636735, -28.50727297679057], [29.378438874897345, -27.544214802033174], [29.298238628511424, -26.98281307733173], [29.939840599598792, -26.98281307733173], [30.558511716239497, -26.84001814264652]]], [[[32.52742675265429, -27.981102384611326], [32.34547713717578, -28.02597848324414], [32.303435358611324, -28.134109891935545], [31.257676459253442, -27.63728760307916], [31.40500742401738, -27.420512687125434], [31.633029017058593, -27.4576400890791], [31.90043548068164, -27.45610848812695], [31.934897455779296, -27.18880883602734], [31.96378997286914, -27.099605955167966], [32.01538224147837, -27.06900852410443], [32.82535608528819, -27.134544365719094], [32.76723006686328, -27.516632474943357], [32.60903457125781, -27.8983139172041], [32.52742675265429, -27.981102384611326]]], [[[31.900849788434616, -24.310560566879694], [31.911139521208984, -24.340023435636716], [31.977561029998046, -24.64486352352734], [32.010142359343746, -24.988054670377927], [31.988109250996395, -25.491692260922832], [31.763520418187955, -25.637014446857705], [31.739647934717702, -25.971229215441213], [31.41868578009417, -25.841565524116017], [31.2642738844356, -25.68513459468926], [31.86464651286089, -24.817406424911866], [31.900849788434616, -24.310560566879694]]], [[[20.735986540123843, -28.744773994312133], [19.84039023837207, -28.444218076749998], [19.865918192473632, -28.35200921444531], [19.85423758944629, -27.34108392147656], [19.840251001921875, -26.48915521053906], [19.842755350676757, -24.944109357877927], [20.080592188445312, -24.974518217130857], [20.402886423674804, -25.32870141415234], [20.64901069125293, -25.753277219816404], [20.743193659392578, -26.096084989591795], [20.66878035983203, -26.338129438444334], [20.559346232024414, -26.61216775326367], [20.557734522429687, -26.828356184049802], [20.60733130892871, -26.91073075680371], [20.773314509001953, -26.954279340788084], [21.15788939913867, -26.932985700651365], [21.52799132784961, -26.918140806242185], [21.88817313632129, -26.750749982877927], [22.17236617526172, -26.5583480968916], [22.46547797640918, -26.276873029752927], [22.637126001921875, -26.06606522945996], [22.900784525481445, -25.555857099577146], [22.938363108245117, -25.447546400114256], [23.088412317839843, -25.364017881437498], [23.33347991427539, -25.38167992977734], [23.773642572966796, -25.671621717497068], [24.10874274691699, -25.81592980770703], [24.477253946868164, -25.902819074674802], [24.707066568938476, -25.90784303097363], [24.919890436736328, -25.881182111784177], [25.096758531783674, -25.891795279750855], [25.04762557005762, -26.100610367086595], [25.12782581644354, -27.544214802033174], [23.916802096016138, -27.175293668657936], [23.27520012492877, -27.303614062875408], [22.569437956732667, -28.13769662528899], [21.99199618275404, -28.58681800505014], [21.53798900398305, -28.24352245440013], [20.735986540123843, -28.744773994312133]]], [[[14.570058855620605, -22.75814477352734], [14.77530291995166, -22.76106110958691], [14.809734377471191, -23.097809232755857], [14.79158309420703, -23.4030689373457], [14.444036516753417, -23.41168824581738], [14.409003290740234, -23.252706922575193], [14.396092447844726, -23.074791349455076], [14.524430307952148, -22.941069044157224], [14.570058855620605, -22.75814477352734]]]]}}, {"type": "Feature", "properties": {"NAME": "Nigeria", "SUBJECTO": "United Kingdom of Great Britain and Ireland", "BORDERPRECISION": 1, "DE": "sin datos", "MAPA": "world_1900.geojson", "MOTIVO": "reparto de África (Conferencia de Berlín, 1884-1885): Nigeria con la geometría de world_1914 recortada a la tierra sin datos de 1900 (BORDERPRECISION 1: fronteras de 1914, algunas posteriores a 1900)", "FUENTE": "https://es.wikipedia.org/wiki/Reparto_de_%C3%81frica", "ORIGEN_GEOMETRIA": "world_1914 Nigeria", "AREA_KM2": 150869}, "geometry": {"type": "MultiPolygon", "coordinates": [[[[7.046161207762939, 4.508142076448244], [6.923679861632568, 4.342650972322268], [6.84447959384082, 4.291642270997805], [6.650170359221679, 4.322995744661135], [6.088779959288818, 4.328133188203616], [5.851289782134277, 4.429290853456301], [5.606589827147705, 4.632113061860842], [5.419493708220703, 4.955793939546389], [6.099767327270108, 5.190538685976723], [6.099767327270108, 5.849667855098877], [5.220928435107233, 6.289087301180313], [4.634121450988037, 6.212299905732912], [4.360316309539062, 6.326093278840823], [4.072063479033691, 6.439846120790286], [3.975906671209835, 6.655270172914845], [3.316777502087678, 7.094689618996281], [2.877358056006242, 6.801743321608654], [2.832288877196385, 6.351051533510095], [2.766808065978271, 6.348114095643801], [2.764097485152465, 6.453394971803469], [2.818459066954834, 6.987648092225832], [2.720886740294677, 7.635426603273196], [2.761507067290527, 8.08060797305469], [2.766424927321655, 8.474729143098635], [2.765179190245849, 8.690830789521975], [2.7647365349544843, 8.768776235934897], [3.46325065078149, 8.339711382893682], [2.877358056006242, 7.753818788118435], [3.243540927740771, 7.314399342036999], [5.513874732494859, 6.874979895955564], [6.173003901617015, 7.387635916383905], [6.0265307529232, 8.193238234199871], [6.978606219432979, 7.24116276769009], [8.516574280718007, 7.534109065077718], [9.248940024187068, 7.24116276769009], [9.615122895921598, 7.827055362465341], [10.938901343708634, 8.036073012115924], [10.407778861786335, 7.22376803976417], [10.073553118315917, 6.890904031709475], [9.484144243804199, 6.321701131776614], [9.060327562895996, 5.944170080140871], [8.83786109408496, 5.707666002229494], [8.844473021322644, 5.37410388450205], [8.672319865076673, 5.417142173563542], [8.285141989526704, 5.251208798327841], [8.262993845549804, 4.745887361482424], [8.327561411467773, 4.612584672883791], [8.298690828887207, 4.555330358461184], [8.140204462615234, 4.466023527101321], [7.888258967009765, 4.452766023591799], [7.787341863819602, 4.864030922777873], [7.06829723779823, 5.306519923406407], [6.736430487326828, 4.864030922777873], [7.123608362876798, 4.698097547542172], [7.046161207762939, 4.508142076448244]], [[7.087939352661817, 6.73337061317491], [6.477634718214379, 6.498638061464357], [6.477634718214379, 5.465814833937927], [6.524581228556492, 5.278028792569484], [7.040992842319707, 5.7944404063327], [7.322671904372367, 5.606654364964259], [7.698243987109255, 5.7944404063327], [7.604350966425031, 6.498638061464357], [7.087939352661817, 6.73337061317491]]], [[[11.33135109309832, 8.430540785470747], [11.812220126328778, 8.998840552015837], [11.888617705957339, 8.98186331209838], [11.646018331314533, 8.462007509292368], [11.33135109309832, 8.430540785470747]]], [[[12.828052553740722, 9.449688516572756], [12.769993815032226, 9.290449701265139], [12.646720748440599, 9.268874604172483], [12.755039319733555, 9.526131210993253], [12.828052553740722, 9.449688516572756]]], [[[13.203715038919995, 11.195937782423018], [12.497137689041853, 12.218671680249173], [13.827274418956481, 12.123661913826698], [13.117663138149672, 10.63660042741591], [13.203715038919995, 11.195937782423018]]]]}}, {"type": "Feature", "properties": {"NAME": "Eritrea", "SUBJECTO": "Italy", "BORDERPRECISION": 1, "DE": "sin datos", "MAPA": "world_1900.geojson", "MOTIVO": "reparto de África (Conferencia de Berlín, 1884-1885): Eritrea con la geometría de world_1914 recortada a la tierra sin datos de 1900 (BORDERPRECISION 1: fronteras de 1914, algunas posteriores a 1900)", "FUENTE": "https://es.wikipedia.org/wiki/Reparto_de_%C3%81frica", "ORIGEN_GEOMETRIA": "world_1914 Eritrea", "AREA_KM2": 109585}, "geometry": {"type": "MultiPolygon", "coordinates": [[[[42.21042922457812, 12.431837640718264], [41.996611628142574, 12.716928087190432], [41.78279403170703, 12.788200937227053], [41.586794886199215, 13.198018632844729], [41.016612085906246, 13.554381929353518], [40.89188674410937, 13.821653924897952], [40.58897689303515, 14.124562822297854], [40.3217039438164, 14.17801722140674], [39.98706230562753, 14.390971879309474], [39.7964468332207, 15.088771425203127], [39.88854125460742, 15.184274278596682], [39.85619262179492, 15.400236688569827], [39.89788344821093, 15.501986108735842], [40.03721145114062, 15.387916170076174], [40.21745208224414, 15.0833173617876], [40.38988402804492, 14.905787073091311], [40.630530390349605, 14.925351701692385], [40.739138636199215, 14.919243417695803], [41.341250452605465, 14.34232386203174], [41.70525649508593, 13.930100999788088], [41.76108840426562, 13.885752283052248], [42.07897857150195, 13.86101397128467], [42.35708144625781, 13.467672906831545], [42.36641982516406, 13.359677873567385], [42.35496428927539, 13.270696245149416], [42.40844253024218, 13.175496660188479], [42.63643935641406, 13.093382440522952], [43.0480223031914, 12.702313981965823], [43.0144529672539, 12.659888826326174], [42.776152643767574, 12.308966241792483], [42.62736419161914, 12.390701852754397], [42.448637995330074, 12.446830354646487], [42.352549585906246, 12.39542730899219], [42.327849421111324, 12.357114397004885], [42.21042922457812, 12.431837640718264]]], [[[36.63334563693164, 14.28492697329883], [36.47670272311328, 14.266498170808596], [36.48244384249804, 14.572192750886721], [36.4408560129082, 14.978640161470217], [36.471926722136715, 15.201222978547854], [36.71524337252734, 15.78728350253467], [36.82439330538867, 16.11199339480762], [36.9152212472832, 16.50015028567676], [36.9321890207207, 16.703584276155276], [37.024321589080074, 16.95193823428516], [37.35265258273242, 16.96658857913379], [37.36418910562502, 16.972266731232732], [37.71158274558003, 16.885418321243982], [38.59882608392175, 17.033292210967602], [38.95883867321107, 17.203118461877263], [39.008826288787105, 17.056781373933596], [39.20794204196093, 16.326509080842776], [39.503391099044045, 15.503541242398503], [39.199352426665385, 15.465421536807462], [39.058512895639055, 15.136795964412688], [39.105459405981165, 14.714277371333694], [39.48103148871806, 14.620384350649474], [39.152405916323275, 14.479544819623143], [38.954944457250214, 14.50324019471191], [38.87843230685351, 14.623471818879885], [38.809881689202776, 14.520647726877602], [38.04939970384286, 14.611905565120791], [38.00534347018359, 14.659108720735354], [37.89843276461718, 14.659108720735354], [37.720252070037105, 14.80165346713428], [37.346072229949215, 14.053289972261233], [37.15006926974414, 14.44529017062549], [36.93625167330859, 14.409653268770022], [36.811526331511715, 14.249290071443362], [36.63334563693164, 14.28492697329883]]]]}}, {"type": "Feature", "properties": {"NAME": "Spanish Sahara", "SUBJECTO": "Spain", "BORDERPRECISION": 1, "DE": "sin datos", "MAPA": "world_1900.geojson", "MOTIVO": "reparto de África (Conferencia de Berlín, 1884-1885): Spanish Sahara con la geometría de world_1914 recortada a la tierra sin datos de 1900 (BORDERPRECISION 1: fronteras de 1914, algunas posteriores a 1900)", "FUENTE": "https://es.wikipedia.org/wiki/Reparto_de_%C3%81frica", "ORIGEN_GEOMETRIA": "world_1914 Spanish Sahara", "AREA_KM2": 101124}, "geometry": {"type": "Polygon", "coordinates": [[[-8.642788854035157, 26.38431318850879], [-8.641704526337403, 26.091888032869143], [-8.688412633332032, 25.913617692903323], [-8.94025227108838, 25.918521486238284], [-11.642722096833008, 25.92831953616504], [-11.893217053803223, 25.895093522981448], [-11.914518323334473, 25.66609915347461], [-11.916973217912458, 25.587128121941785], [-14.671170871760827, 25.595958649178414], [-14.660057988556641, 25.6356273517168], [-14.36725422421338, 26.119227968171877], [-14.187764134796875, 26.27212866397266], [-14.005799260529297, 26.361482225374026], [-13.628725018891114, 26.591056428865237], [-13.466317143830079, 26.813827119783205], [-13.316015210541504, 27.163680635408205], [-13.123640027436036, 27.546344362214846], [-12.388050046356934, 27.564267717317385], [-11.258037534149903, 27.564410768464846], [-10.05367943325879, 27.56499060244922], [-9.280450787934083, 27.56308516116504], [-8.641209569367188, 27.566762529329104], [-8.629150357636231, 27.172677598909182], [-8.642788854035157, 26.38431318850879]]]}}, {"type": "Feature", "properties": {"NAME": "Malawi", "SUBJECTO": "United Kingdom of Great Britain and Ireland", "BORDERPRECISION": 1, "DE": "sin datos", "MAPA": "world_1900.geojson", "MOTIVO": "reparto de África (Conferencia de Berlín, 1884-1885): Malawi con la geometría de world_1914 recortada a la tierra sin datos de 1900 (BORDERPRECISION 1: fronteras de 1914, algunas posteriores a 1900)", "FUENTE": "https://es.wikipedia.org/wiki/Reparto_de_%C3%81frica", "ORIGEN_GEOMETRIA": "world_1914 Malawi", "AREA_KM2": 92567}, "geometry": {"type": "Polygon", "coordinates": [[[34.26229384860156, -14.50237885861035], [34.05125727676399, -14.521317544648138], [33.67410238089653, -13.46528383621924], [32.94470202660075, -12.778789385117328], [32.96566298922656, -12.729804433866697], [33.322329554167965, -12.61326352505322], [33.53425887545703, -12.497563756986814], [33.62343505343554, -12.388951696439939], [33.59053710421679, -12.300136961027341], [33.360964808074215, -12.180704511686521], [33.26363662203906, -12.10498944668408], [33.22782805880664, -11.946256078764158], [33.26853469332812, -11.1894516125166], [33.25059417208789, -10.922526754423338], [33.25552657565234, -10.865278638883787], [33.574553522673824, -10.7108081951582], [33.65648559054492, -10.589530386015134], [33.650820765105465, -10.44334451107617], [33.45564940890429, -10.05669442562695], [33.204600367156246, -9.6577715053999], [33.304411921111324, -9.650709547086912], [33.76076415499804, -9.698866285368162], [34.0590200754082, -9.94124547390576], [34.26077559908984, -10.3195728435957], [34.321360621062496, -10.745423711820798], [34.345286402312496, -11.00820866970654], [34.40595916232226, -11.35282937435742], [34.49440673312304, -11.604224599882322], [34.393557581511715, -12.136440671964841], [34.34545424899218, -12.352899946256834], [34.45860198458789, -12.765487112089353], [34.53837111910937, -13.222786344572263], [34.60531905612109, -13.406767286344724], [34.7126951547539, -13.526939786955076], [35.073924097624996, -13.791839994474607], [35.60891250094531, -14.316405691190916], [35.813662561980465, -14.614032186552244], [35.87636855563281, -14.829835332914548], [35.806338343230465, -15.885717786833006], [35.78822234591601, -16.07021752743359], [35.692210230437496, -16.166159071012693], [35.49784377535937, -16.199097074552732], [35.35286239108203, -16.20631066708203], [35.24950698336718, -16.302294172331052], [35.21547606906054, -16.582262434049802], [35.23491513786739, -16.70630521153833], [34.28702146924246, -15.916393821017556], [34.22985931770146, -15.893747331282377], [34.23509887179492, -15.863179601713377], [34.45933440646289, -15.588458456083494], [34.51171019991992, -15.48641911892529], [34.52344420870898, -15.174795545622068], [34.47820571383593, -14.742703832670408], [34.37969115695117, -14.527109540983396], [34.26229384860156, -14.50237885861035]]]}}, {"type": "Feature", "properties": {"NAME": "Gold Coast", "SUBJECTO": "United Kingdom of Great Britain and Ireland", "BORDERPRECISION": 1, "DE": "sin datos", "MAPA": "world_1900.geojson", "MOTIVO": "reparto de África (Conferencia de Berlín, 1884-1885): Gold Coast con la geometría de world_1914 recortada a la tierra sin datos de 1900 (BORDERPRECISION 1: fronteras de 1914, algunas posteriores a 1900)", "FUENTE": "https://es.wikipedia.org/wiki/Reparto_de_%C3%81frica", "ORIGEN_GEOMETRIA": "world_1914 Gold Coast", "AREA_KM2": 81003}, "geometry": {"type": "Polygon", "coordinates": [[[-2.84040662327649, 9.572915636018557], [-2.754559722336548, 9.649703584626955], [-2.763593402298707, 9.833983980134768], [-2.880775657089966, 10.704125009492678], [-2.824560847672242, 10.857015214875979], [-2.702452149781006, 10.927663408235354], [-1.8533004386500684, 10.944010048640536], [-1.691058081312844, 10.723823992254303], [-1.878844122681286, 8.799017068227773], [-1.26853948823385, 8.799017068227773], [-0.34237312645107265, 8.465597177985973], [-0.140186989750173, 7.808492233708041], [-0.10711320899397002, 7.047795276315436], [-0.994732866289031, 7.478156322276678], [-1.669681135470117, 7.290670691948598], [-2.307132278585587, 7.290670691948598], [-2.7703316381619407, 5.3266571004427234], [-2.779437985810059, 5.428851686433596], [-3.02900525608899, 5.948604188875002], [-3.147372689636963, 6.284790121034426], [-3.193603482636231, 6.602344594911379], [-3.046638694199341, 7.054519735292239], [-2.850347009094971, 7.627775274232668], [-2.61610766926648, 8.01055296512012], [-2.524905887039917, 8.278059564546389], [-2.675332274826783, 8.925526224092287], [-2.760339703949708, 9.503463350251955], [-2.84040662327649, 9.572915636018557]]]}}, {"type": "Feature", "properties": {"NAME": "Italian Somaliland", "SUBJECTO": "Italy", "BORDERPRECISION": 1, "DE": "sin datos", "MAPA": "world_1900.geojson", "MOTIVO": "reparto de África (Conferencia de Berlín, 1884-1885): Italian Somaliland con la geometría de world_1914 recortada a la tierra sin datos de 1900 (BORDERPRECISION 1: fronteras de 1914, algunas posteriores a 1900)", "FUENTE": "https://es.wikipedia.org/wiki/Reparto_de_%C3%81frica", "ORIGEN_GEOMETRIA": "world_1914 Italian Somaliland", "AREA_KM2": 79930}, "geometry": {"type": "MultiPolygon", "coordinates": [[[[48.57869676441536, 9.609007948304352], [48.677037109432305, 8.39047880963701], [48.35449530290556, 8.00342864180492], [47.90248015841601, 7.87817295642261], [47.79600432833789, 7.947449289277834], [46.95213607272265, 7.929729543641848], [46.301089319792965, 8.141941629365725], [44.38402083834765, 8.791513048127932], [44.14104751071093, 8.885397516206545], [43.85603240450976, 9.029882036165041], [43.63671870134825, 9.231383134044869], [44.122867698794224, 9.538424606116012], [45.355213595274634, 9.773157157826565], [46.528876353827386, 9.479741468188374], [47.409123422741956, 9.655790881971289], [48.57869676441536, 9.609007948304352]]], [[[43.36809447726367, 11.45563467593555], [43.24262062987965, 11.122869330162242], [42.80085346251563, 10.349776787275198], [42.76412490328906, 10.529559694246096], [42.92759993991015, 10.892751298860354], [43.08075622042773, 11.14785822482471], [43.247134241667965, 11.35854872317676], [43.29847625216601, 11.475552164033694], [43.36809447726367, 11.45563467593555]]]]}}, {"type": "Feature", "properties": {"NAME": "Liberia", "SUBJECTO": "Liberia", "BORDERPRECISION": 1, "DE": "sin datos", "MAPA": "world_1900.geojson", "MOTIVO": "reparto de África (Conferencia de Berlín, 1884-1885): Liberia con la geometría de world_1914 recortada a la tierra sin datos de 1900 (BORDERPRECISION 1: fronteras de 1914, algunas posteriores a 1900)", "FUENTE": "https://es.wikipedia.org/wiki/Reparto_de_%C3%81frica", "ORIGEN_GEOMETRIA": "world_1914 Liberia", "AREA_KM2": 65869}, "geometry": {"type": "Polygon", "coordinates": [[[-10.176320996674317, 8.353431306794924], [-10.011415448578614, 8.417980752900881], [-9.77374836483838, 8.438459001497073], [-9.62501832912952, 8.395817989722737], [-9.62501832912952, 7.766193840701342], [-9.447752842384098, 7.821589305309287], [-9.44409748593213, 7.556841932252688], [-9.463983502777833, 7.429587923005862], [-9.339502301605958, 7.284133039430422], [-9.157417264374512, 7.139007650331301], [-9.013156857880372, 7.127157293275637], [-8.672761884125489, 7.542353712037844], [-8.608395543488282, 7.580879770234866], [-8.456479993256348, 7.537284933046145], [-8.303831067475098, 7.43648537249927], [-8.331662145050782, 7.360040269807619], [-8.27805229702832, 7.112447343782229], [-8.304373708161133, 6.915244184449953], [-8.52998444119336, 6.526147447541994], [-8.507345166596192, 6.44365032763843], [-8.419904675873536, 6.361527524904055], [-8.253718343170899, 6.318020425752444], [-7.987430539520997, 6.332314096406741], [-7.418688741120118, 5.731824003175539], [-7.359638657959717, 5.6050458774126], [-7.38611122647168, 5.401477418855471], [-7.49697777310254, 5.019421182588381], [-7.544343915375489, 4.764880262330813], [-7.562493291291016, 4.351184450105471], [-8.24327560940625, 4.640275560334963], [-8.792475667389649, 4.918686471895022], [-9.247899022492188, 5.171884141877932], [-9.429294553192872, 5.362137399629397], [-9.778889024476829, 5.70687989261459], [-9.544077609249454, 6.390739666373816], [-9.881551743839998, 6.915699431292439], [-9.881551743839998, 7.440659196211062], [-10.069037374168078, 7.590647700473525], [-10.728694334594628, 7.6206321077656405], [-10.49336048642041, 7.84937485309009], [-10.37703033963086, 8.075611673311037], [-10.290082898529786, 8.244700990632815], [-10.176320996674317, 8.353431306794924]]]}}, {"type": "Feature", "properties": {"NAME": "Egypt", "SUBJECTO": "United Kingdom of Great Britain and Ireland", "BORDERPRECISION": 1, "DE": "sin datos", "MAPA": "world_1900.geojson", "MOTIVO": "reparto de África (Conferencia de Berlín, 1884-1885): Egypt con la geometría de world_1914 recortada a la tierra sin datos de 1900 (BORDERPRECISION 1: fronteras de 1914, algunas posteriores a 1900)", "FUENTE": "https://es.wikipedia.org/wiki/Reparto_de_%C3%81frica", "ORIGEN_GEOMETRIA": "world_1914 Egypt", "AREA_KM2": 52682}, "geometry": {"type": "Polygon", "coordinates": [[[27.017668757048828, 21.9196849689043], [26.459485087004882, 21.916434846833987], [25.73288634738086, 21.92490728946094], [25.321587595549804, 21.92251928897266], [24.952900919524414, 21.88223799319629], [24.946940261100796, 21.61100109214936], [24.686846803133374, 21.60627954622581], [24.67567656476532, 25.523309800623956], [24.940226036003384, 25.818982739066502], [25.308656738955133, 26.230758230600813], [25.261936310131425, 26.768043162073468], [25.62289226067409, 26.571158098141105], [25.918640040121335, 25.68391475979938], [24.809585867194183, 24.722734476595853], [25.622892260674092, 22.80037391018879], [28.506433110284686, 22.061004461570686], [28.521098345357437, 21.914352110843172], [27.766814264861328, 21.92405279727344], [27.017668757048828, 21.9196849689043]]]}}, {"type": "Feature", "properties": {"NAME": "Togoland", "SUBJECTO": "Togoland", "BORDERPRECISION": 1, "DE": "sin datos", "MAPA": "world_1900.geojson", "MOTIVO": "reparto de África (Conferencia de Berlín, 1884-1885): Togoland con la geometría de world_1914 recortada a la tierra sin datos de 1900 (BORDERPRECISION 1: fronteras de 1914, algunas posteriores a 1900)", "FUENTE": "https://es.wikipedia.org/wiki/Reparto_de_%C3%81frica", "ORIGEN_GEOMETRIA": "world_1914 Togoland", "AREA_KM2": 42929}, "geometry": {"type": "MultiPolygon", "coordinates": [[[[1.314003500548584, 9.98528441043262], [1.388256702033264, 9.674260698274416], [1.5640984103632631, 9.152178361649367], [1.537184729941533, 8.957054178591827], [1.5842927097884116, 8.95790076197919], [1.581457290259582, 8.82364710421924], [1.5897010713511832, 8.702250365407899], [1.426562479784401, 8.680498553198994], [1.315940229627266, 7.795520551941921], [0.652206728684462, 7.62958717670622], [0.762828978841597, 6.965853675763416], [1.315940229627266, 7.076475925920551], [1.426562479784401, 6.744609175449149], [1.341844234076721, 6.179760538057131], [1.176365408507568, 6.084084115937991], [1.165727171508056, 6.066323839143557], [0.939379486647827, 5.759484849885744], [0.802637848464233, 5.714715085939211], [0.355163672073141, 6.390739666373817], [0.242672293876295, 6.878202305226822], [-0.10711320899397002, 7.047795276315436], [-0.140186989750173, 7.808492233708041], [-0.34237312645107243, 8.465597177985973], [-0.09487672968109, 8.376498475148779], [1.219625559898006, 8.658177537201443], [1.0351680789590272, 10.191624218042193], [1.132534298506958, 10.130397401765627], [1.314003500548584, 9.98528441043262]]], [[[0.3904759988750103, 11.012119584469408], [0.519817087260467, 10.99123915286426], [0.794938656893951, 10.91659601779346], [0.925124201384765, 10.89829596133594], [0.904740843383056, 10.707485757783694], [0.8969419199099274, 10.674475637112796], [0.3904759988750103, 11.012119584469408]]]]}}, {"type": "Feature", "properties": {"NAME": "Djibouti", "SUBJECTO": "France", "BORDERPRECISION": 1, "DE": "sin datos", "MAPA": "world_1900.geojson", "MOTIVO": "reparto de África (Conferencia de Berlín, 1884-1885): Djibouti con la geometría de world_1914 recortada a la tierra sin datos de 1900 (BORDERPRECISION 1: fronteras de 1914, algunas posteriores a 1900)", "FUENTE": "https://es.wikipedia.org/wiki/Reparto_de_%C3%81frica", "ORIGEN_GEOMETRIA": "world_1914 Djibouti", "AREA_KM2": 21509}, "geometry": {"type": "Polygon", "coordinates": [[[42.95914748629687, 11.53735788913135], [43.10357192477343, 11.53131254763965], [43.29847625216601, 11.475552164033694], [43.247134241667965, 11.35854872317676], [43.08075622042773, 11.14785822482471], [42.92759993991015, 10.892751298860354], [42.67761138400195, 10.980243287996096], [42.49755004366992, 10.99824770541553], [42.09649184664843, 10.887836061433596], [41.87144378146289, 10.854732118562502], [41.780249628630855, 11.37528570742969], [41.79360488375781, 11.553307138398928], [41.84098342379687, 11.667968355134768], [42.060576471892574, 11.942523561433596], [42.327849421111324, 12.357114397004885], [42.352549585906246, 12.39542730899219], [42.448637995330074, 12.446830354646487], [42.62736419161914, 12.390701852754397], [42.776152643767574, 12.308966241792483], [43.0144529672539, 12.659888826326174], [43.0480223031914, 12.702313981965823], [43.33047774752734, 12.434074006990237], [43.458682093230465, 12.224659524873537], [43.474822077361324, 12.097622476533694], [43.42193129977343, 12.046670518831057], [43.25913909396289, 11.96371515841846], [43.06184676608203, 11.918821893647952], [42.80995849093554, 11.778485856965823], [42.55533126315234, 11.568253122285647], [42.668772730437496, 11.511313043550295], [42.95914748629687, 11.53735788913135]]]}}, {"type": "Feature", "properties": {"NAME": "Portuguese Guinea", "SUBJECTO": "Portuguese Guinea", "BORDERPRECISION": 1, "DE": "sin datos", "MAPA": "world_1900.geojson", "MOTIVO": "reparto de África (Conferencia de Berlín, 1884-1885): Portuguese Guinea con la geometría de world_1914 recortada a la tierra sin datos de 1900 (BORDERPRECISION 1: fronteras de 1914, algunas posteriores a 1900)", "FUENTE": "https://es.wikipedia.org/wiki/Reparto_de_%C3%81frica", "ORIGEN_GEOMETRIA": "world_1914 Portuguese Guinea", "AREA_KM2": 17548}, "geometry": {"type": "MultiPolygon", "coordinates": [[[[-15.361260381134766, 11.519795976594729], [-15.212972608002442, 11.71711691470508], [-15.098965611847657, 11.812678895906252], [-15.158031430634278, 11.87610300631885], [-15.325388875397461, 11.926575265840334], [-15.549581494721192, 11.919748865083498], [-15.736251798065918, 11.843088708833498], [-15.80859657803418, 11.842920862153811], [-16.086015668305176, 11.969427667573733], [-16.24787231961133, 12.102531991914553], [-16.27898880520703, 12.210499368623537], [-16.42452904263379, 12.248307786897463], [-15.99378192214023, 12.274936693957635], [-15.906694355060212, 12.391053450064325], [-15.656732526215333, 12.382990442231936], [-15.427236524018067, 12.466991983369631], [-15.199883428009766, 12.639972291902346], [-14.729435887726563, 12.642758928254885], [-14.437836429696144, 12.63731971701168], [-14.648294935735336, 12.132219302517615], [-14.507455404709006, 11.6158076887544], [-14.458079517857577, 11.581755352994794], [-14.50885578671338, 11.55701120944385], [-14.863874402436036, 11.268847070649905], [-15.008295026215333, 11.101744256929202], [-15.029396024140137, 11.158286653474612], [-15.116153684052247, 11.15809591861133], [-15.341422048004883, 11.221154771760744], [-15.415780034455079, 11.33538969607715], [-15.361260381134766, 11.519795976594729]]], [[[-13.695702658069486, 12.623476679092954], [-13.693857160004395, 12.623442254976077], [-13.69396565078878, 12.62266607569529], [-13.695702658069486, 12.623476679092954]]]]}}, {"type": "Feature", "properties": {"NAME": "Sierra Leone", "SUBJECTO": "Sierra Leone", "BORDERPRECISION": 1, "DE": "sin datos", "MAPA": "world_1900.geojson", "MOTIVO": "reparto de África (Conferencia de Berlín, 1884-1885): Sierra Leone con la geometría de world_1914 recortada a la tierra sin datos de 1900 (BORDERPRECISION 1: fronteras de 1914, algunas posteriores a 1900)", "FUENTE": "https://es.wikipedia.org/wiki/Reparto_de_%C3%81frica", "ORIGEN_GEOMETRIA": "world_1914 Sierra Leone", "AREA_KM2": 16998}, "geometry": {"type": "Polygon", "coordinates": [[[-12.2438706859738, 9.840475264410479], [-12.581344820564341, 9.428006877688702], [-12.728863650788943, 9.345029557676591], [-12.674679723175782, 9.406540475801272], [-12.38555141964795, 9.796022973970217], [-12.278503384979981, 9.866579614595217], [-12.011103597077149, 9.849096857026858], [-11.49968716183545, 9.91569098086719], [-11.290036168488282, 9.897864900544924], [-11.250558706820506, 9.876894710848552], [-11.033413639392837, 9.080696130280437], [-10.565359949264169, 8.963682707748271], [-10.493861165436524, 8.370627962068362], [-10.37703033963086, 8.075611673311037], [-10.49336048642041, 7.84937485309009], [-10.728694334594628, 7.6206321077656405], [-10.893974147611626, 7.62814482653914], [-10.893974147611626, 8.340590221785844], [-11.568922416792713, 8.528075852113922], [-11.568922416792713, 8.903047112770082], [-11.381436786464633, 9.540498255885552], [-12.2438706859738, 9.840475264410479]]]}}, {"type": "Feature", "properties": {"NAME": "Equatorial Guinea", "SUBJECTO": "Equatorial Guinea", "BORDERPRECISION": 1, "DE": "sin datos", "MAPA": "world_1900.geojson", "MOTIVO": "reparto de África (Conferencia de Berlín, 1884-1885): Equatorial Guinea con la geometría de world_1914 recortada a la tierra sin datos de 1900 (BORDERPRECISION 1: fronteras de 1914, algunas posteriores a 1900)", "FUENTE": "https://es.wikipedia.org/wiki/Reparto_de_%C3%81frica", "ORIGEN_GEOMETRIA": "world_1914 Equatorial Guinea", "AREA_KM2": 11322}, "geometry": {"type": "MultiPolygon", "coordinates": [[[[8.576292070952636, 3.066532455400271], [8.358129534331542, 3.088348947480959], [8.336313280669433, 3.186522088960452], [8.358129534331542, 3.317418657258791], [8.46721080264209, 3.361051641420168], [8.478118929473144, 3.426500163987917], [8.478118929473144, 3.557397685960574], [8.554475817290527, 3.601029954866213], [8.63083270510791, 3.655570589021487], [8.729005846587402, 3.633754335359377], [8.827178988066894, 3.611938320115847], [8.870811495391113, 3.52467306704883], [8.783546480742675, 3.448316179231448], [8.718097719756347, 3.339234910920901], [8.641740831938964, 3.186522088960452], [8.576292070952636, 3.066532455400271]]], [[[9.62218955477832, 1.088586412385744], [9.557406458464843, 1.126579128221316], [9.370391878691894, 1.17065342517261], [10.045569504214777, 1.287575413490096], [10.468088097293771, 1.099789372121654], [10.843660180030653, 1.334521923832208], [11.078392731741207, 1.710094006569092], [10.984499711056985, 1.991773068621756], [10.763459799992628, 2.0580850419410637], [11.217659983245117, 2.05425675959949], [11.229525599089843, 1.228009186700625], [11.238287958708984, 0.980162166074557], [11.238758120146972, 0.910244964078707], [10.980116877166015, 0.895995877698702], [10.419461283293945, 0.905371807531161], [10.048754632260465, 0.9088182027075259], [10.045569504214777, 0.912003330753214], [9.628979715911132, 0.889529608205599], [9.643984827605468, 0.955186568216128], [9.62218955477832, 1.088586412385744]]], [[[10.265051067974648, 2.0611887311734476], [10.186409035241107, 2.038719578963864], [10.123285140427448, 2.060109297453322], [10.265051067974648, 2.0611887311734476]]]]}}, {"type": "Feature", "properties": {"NAME": "Algeria", "SUBJECTO": "France", "BORDERPRECISION": 1, "DE": "sin datos", "MAPA": "world_1900.geojson", "MOTIVO": "reparto de África (Conferencia de Berlín, 1884-1885): Algeria con la geometría de world_1914 recortada a la tierra sin datos de 1900 (BORDERPRECISION 1: fronteras de 1914, algunas posteriores a 1900)", "FUENTE": "https://es.wikipedia.org/wiki/Reparto_de_%C3%81frica", "ORIGEN_GEOMETRIA": "world_1914 Algeria", "AREA_KM2": 1969831}, "geometry": {"type": "Polygon", "coordinates": [[[-4.413259950073975, 30.57881888003711], [-3.729404654892701, 30.89420088382129], [-3.671341386231202, 30.996240220979494], [-3.8046958116615, 31.275191865876955], [-3.815860238465088, 31.453116975740237], [-3.780335154923218, 31.555024705842776], [-3.660963502320069, 31.60656126590137], [-3.127543654831666, 31.66044195742969], [-2.955868211182374, 31.744056306794924], [-2.817108598145264, 31.992766939119143], [-2.357195344361084, 31.98265989871387], [-2.055840459259766, 31.990726076082034], [-1.234288897904175, 31.989039979890627], [1.365999816030218, 30.94916671122062], [4.810099482391564, 33.26317117455715], [6.747405544719822, 33.047914945409566], [8.30240729230653, 32.65566575881147], [8.503267321196777, 32.311229310945315], [8.697523150054199, 32.22971685977344], [8.86074164828418, 32.11624487491016], [8.952888330753117, 31.984157953588678], [9.327074982208888, 30.14724166462398], [11.35306190234475, 28.64139255427178], [11.426998847206562, 27.680212271068253], [10.02219689483217, 25.53604087007576], [10.07203166587636, 25.35331337624707], [9.949298891631347, 25.271360002473635], [10.06145957430957, 24.858899675325198], [10.31472876986621, 24.466327272371096], [10.424498591033203, 24.397050462678713], [10.669208559600097, 24.48744734378223], [11.167129895526708, 24.502376501561777], [11.279124957482942, 24.353049752286797], [11.796683571515612, 24.131238917701367], [12.409253782049728, 24.539619058057447], [12.40925378204973, 24.539619058057447], [14.05797920977115, 24.589052734161722], [14.088728862231724, 24.574860586872227], [13.792981082784483, 22.8743108550506], [14.2961745369813, 22.64558655768841], [14.28438666781543, 22.63992651553516], [14.180097612944824, 22.569409929231448], [13.64361003359912, 22.97939261050586], [13.527384790984375, 23.06133421512012], [13.073791536895019, 23.21123083682422], [12.33359149417041, 23.410310350374026], [11.959014925566894, 23.471690736726565], [11.839897188750488, 23.38837393374805], [11.105685267058593, 23.00913008304004], [9.300307306853515, 22.00077971072559], [8.577075991240722, 21.57072599978809], [7.538447889891845, 20.91636236758594], [7.16313079318164, 20.621804796174807], [5.775469336119873, 19.44418676944141], [4.956541094390136, 19.280494295076174], [4.203835520354492, 19.136262498811526], [3.225168737975341, 18.952552400544924], [3.158903154937011, 19.206403337434573], [3.231395992842895, 19.511931978181643], [3.187091860381347, 19.746856294587893], [3.062428745833618, 19.90502317996387], [2.923301491347534, 19.95505865664844], [2.586695704070312, 19.965804658845705], [2.418141159621459, 20.04110487552051], [2.153720173445922, 20.29379614444141], [1.942003759947998, 20.152721010164065], [1.839478764144165, 20.16483648867969], [1.339277062026245, 20.632279954866213], [1.162768635359985, 20.75838430972461], [1.125669869986755, 20.840791307405276], [1.168653044310791, 21.01901777835254], [1.087368759719116, 21.132964693025393], [-0.024857786091584, 21.793889604524416], [-0.203663793, 21.90792044253711], [-0.785382893475312, 22.27890356631641], [-1.651156630905884, 22.845944963411135], [-3.128720965775269, 23.85441740603809], [-3.493602719696778, 24.112920366243166], [-4.41793438473584, 24.71780737491016], [-4.820767846497315, 24.957021318391604], [-4.865763631256836, 24.99489554019336], [-5.501980748566407, 25.404409013704104], [-7.356015172394532, 26.493445955232424], [-8.629150357636231, 27.172677598909182], [-8.641209569367188, 27.566762529329104], [-8.610053983124512, 28.469668947175784], [-8.593210187348145, 28.641410432771487], [-8.284488644989747, 28.78304823489551], [-7.604109731110352, 29.231950365022463], [-7.170479741486329, 29.476010881379885], [-6.601410832794922, 29.44112166018848], [-6.422746625336426, 29.467574678376955], [-6.341397729309815, 29.779540620759768], [-5.952711072357911, 29.79447516055469], [-5.602978196533936, 29.872754655793948], [-5.36596962490918, 29.975820146516604], [-5.130205598267334, 30.136100374177737], [-4.912323441895264, 30.429761491731448], [-4.413259950073975, 30.57881888003711]]]}}, {"type": "Feature", "properties": {"NAME": "French West Africa", "SUBJECTO": "France", "BORDERPRECISION": 1, "DE": "Tukular Caliphate", "MAPA": "world_1900.geojson", "MOTIVO": "«Tukular Caliphate» ya no existía en 1900 (conquista o protectorado colonial); se asigna a la colonia de world_1914 que lo cubre", "FUENTE": "https://en.wikipedia.org/wiki/Toucouleur_Empire", "AREA_KM2": 362189}, "geometry": {"type": "Polygon", "coordinates": [[[-11.259740459871264, 14.208890451054726], [-11.015900767248038, 14.677604526874926], [-11.00618466339441, 15.42974218894746], [-9.383713265971071, 16.060703287945422], [-7.065697746751797, 15.907978975902948], [-5.114980205766001, 16.611050089633245], [-3.603174111502008, 16.493871570678195], [-2.969190910681622, 15.0877293432176], [-3.55440617297736, 13.681587115757003], [-3.962998740285143, 13.485235687578541], [-4.529764943470257, 13.212873039936806], [-4.676068759044193, 12.861337483071658], [-6.382946607406766, 11.748141552998684], [-7.455841254948957, 11.923909331431258], [-8.236128271343276, 11.748141552998684], [-9.894238181181205, 12.275444888296407], [-10.918364890198749, 11.923909331431258], [-11.406044275445197, 13.15428378045928], [-11.259740459871264, 14.208890451054726]]]}}, {"type": "Feature", "properties": {"NAME": "Sierra Leone", "SUBJECTO": "Sierra Leone", "BORDERPRECISION": 1, "DE": "First Samori Empire", "MAPA": "world_1900.geojson", "MOTIVO": "«First Samori Empire» ya no existía en 1900 (conquista o protectorado colonial); se asigna a la colonia de world_1914 que lo cubre", "FUENTE": "https://en.wikipedia.org/wiki/Wassoulou_Empire", "AREA_KM2": 3335}, "geometry": {"type": "Polygon", "coordinates": [[[-11.033413639392837, 9.080696130280437], [-11.250558706820506, 9.876894710848552], [-11.100670781525391, 9.797275148347659], [-10.895475354584473, 9.60779245944385], [-10.681730237396973, 9.32936056704883], [-10.56814476529004, 8.986781679109377], [-10.565359949264169, 8.963682707748271], [-11.033413639392837, 9.080696130280437]]]}}, {"type": "Feature", "properties": {"NAME": "French West Africa", "SUBJECTO": "France", "BORDERPRECISION": 1, "DE": "First Samori Empire", "MAPA": "world_1900.geojson", "MOTIVO": "«First Samori Empire» ya no existía en 1900 (conquista o protectorado colonial); se asigna a la colonia de world_1914 que lo cubre", "FUENTE": "https://en.wikipedia.org/wiki/Wassoulou_Empire", "AREA_KM2": 176760}, "geometry": {"type": "Polygon", "coordinates": [[[-8.236128271343276, 11.748141552998684], [-7.455841254948957, 11.923909331431258], [-6.382946607406766, 11.748141552998684], [-5.916244012102794, 11.474968157728071], [-6.385709115523898, 10.864663523280633], [-7.230746301681886, 10.489091440543753], [-7.277692812023997, 9.644054254385763], [-7.512425363734547, 8.845963578569883], [-7.700211405102991, 8.141765923438227], [-8.310516039550429, 7.719247330359232], [-8.873874163655756, 8.000926392411895], [-9.447752842384098, 7.821589305309287], [-9.448134389313477, 7.84922369571094], [-9.547224011811036, 8.23003538699512], [-9.621689763458985, 8.394863687471194], [-9.62501832912952, 8.395817989722737], [-9.62501832912952, 8.892910088911993], [-10.047536922208515, 9.127642640622547], [-10.470055515287509, 8.939856599254107], [-10.565359949264169, 8.963682707748271], [-10.56814476529004, 8.986781679109377], [-10.681730237396973, 9.32936056704883], [-10.895475354584473, 9.60779245944385], [-11.100670781525391, 9.797275148347659], [-11.250558706820506, 9.876894710848552], [-11.3150927014455, 10.113519357806867], [-11.455932232471831, 11.334128626701741], [-10.423109004945402, 11.662754199096513], [-9.894238181181205, 12.275444888296407], [-8.236128271343276, 11.748141552998684]]]}}, {"type": "Feature", "properties": {"NAME": "French West Africa", "SUBJECTO": "France", "BORDERPRECISION": 1, "DE": "Second Samori Empire", "MAPA": "world_1900.geojson", "MOTIVO": "«Second Samori Empire» ya no existía en 1900 (conquista o protectorado colonial); se asigna a la colonia de world_1914 que lo cubre", "FUENTE": "https://en.wikipedia.org/wiki/Wassoulou_Empire", "AREA_KM2": 70188}, "geometry": {"type": "Polygon", "coordinates": [[[-6.902120729287107, 9.972679826780533], [-6.526548646550223, 10.160465868148973], [-6.010137032787007, 10.019626337122642], [-6.057083543129117, 9.69100076472787], [-5.775404481076455, 9.503214723359426], [-5.681511460392235, 9.080696130280431], [-5.822350991418567, 8.845963578569881], [-5.540671929365903, 8.611231026859327], [-5.071206825944797, 8.75207055788566], [-4.836474274234247, 8.75207055788566], [-4.460902191497361, 9.127642640622543], [-4.085330108760477, 9.174589150964653], [-3.897544067392035, 8.892910088911991], [-3.991437088076257, 8.658177537201437], [-4.320062660471031, 8.188712433780333], [-3.897544067392035, 7.484514778648677], [-4.226169639786809, 7.296728737280236], [-4.695634743207915, 7.202835716596014], [-5.071206825944797, 8.000926392411893], [-5.540671929365903, 8.188712433780333], [-5.822350991418567, 7.71924733035923], [-6.479602136208113, 7.625354309675009], [-7.418532343050321, 7.76619384070134], [-7.700211405102991, 8.141765923438227], [-7.512425363734547, 8.845963578569883], [-6.902120729287107, 9.972679826780533]]]}}, {"type": "Feature", "properties": {"NAME": "French West Africa", "SUBJECTO": "France", "BORDERPRECISION": 1, "DE": "Kong", "MAPA": "world_1900.geojson", "MOTIVO": "«Kong» ya no existía en 1900 (conquista o protectorado colonial); se asigna a la colonia de world_1914 que lo cubre", "FUENTE": "https://en.wikipedia.org/wiki/Kong_Empire", "AREA_KM2": 9879}, "geometry": {"type": "Polygon", "coordinates": [[[-3.55440617297736, 13.681587115757003], [-3.052506881234052, 13.21198904038616], [-3.240292922602496, 12.648630916280833], [-3.85059755704993, 12.460844874912393], [-4.038383598418374, 12.930309978333497], [-3.962998740285143, 13.485235687578541], [-3.55440617297736, 13.681587115757003]]]}}, {"type": "Feature", "properties": {"NAME": "Togoland", "SUBJECTO": "Togoland", "BORDERPRECISION": 1, "DE": "Dahomey", "MAPA": "world_1900.geojson", "MOTIVO": "«Dahomey» ya no existía en 1900 (conquista o protectorado colonial); se asigna a la colonia de world_1914 que lo cubre", "FUENTE": "https://en.wikipedia.org/wiki/Kingdom_of_Dahomey", "AREA_KM2": 13788}, "geometry": {"type": "Polygon", "coordinates": [[[1.557863506880981, 6.237427316621584], [1.341844234076721, 6.179760538057131], [1.426562479784401, 6.744609175449149], [1.315940229627266, 7.076475925920551], [0.762828978841597, 6.965853675763416], [0.652206728684462, 7.62958717670622], [1.315940229627266, 7.795520551941921], [1.426562479784401, 8.680498553198994], [1.5897010713511832, 8.702250365407899], [1.597421679106933, 8.588557802156252], [1.599977883902771, 8.200846277192873], [1.660559687224609, 7.762609086946291], [1.676584872809631, 7.521169267610354], [1.664667639342529, 7.146069131807131], [1.580373677817565, 6.827750764802737], [1.71328857859729, 6.345457158998293], [1.761008772460205, 6.25322588534717], [1.557863506880981, 6.237427316621584]]]}}, {"type": "Feature", "properties": {"NAME": "French West Africa", "SUBJECTO": "France", "BORDERPRECISION": 1, "DE": "Dahomey", "MAPA": "world_1900.geojson", "MOTIVO": "«Dahomey» ya no existía en 1900 (conquista o protectorado colonial); se asigna a la colonia de world_1914 que lo cubre", "FUENTE": "https://en.wikipedia.org/wiki/Kingdom_of_Dahomey", "AREA_KM2": 19471}, "geometry": {"type": "Polygon", "coordinates": [[[2.173683044679561, 6.289665275583855], [2.06209639033435, 6.276640497163577], [1.761008772460205, 6.25322588534717], [1.71328857859729, 6.345457158998293], [1.580373677817565, 6.827750764802737], [1.664667639342529, 7.146069131807131], [1.676584872809631, 7.521169267610354], [1.660559687224609, 7.762609086946291], [1.599977883902771, 8.200846277192873], [1.597421679106933, 8.588557802156252], [1.5897010713511832, 8.702250365407899], [2.256229355962905, 8.791120803356126], [2.422162731198608, 7.850831677020489], [2.256229355962905, 7.408342676391953], [2.192522849288322, 6.765710927029975], [2.173683044679561, 6.289665275583855]]]}}, {"type": "Feature", "properties": {"NAME": "Natal", "SUBJECTO": "United Kingdom of Great Britain and Ireland", "BORDERPRECISION": 1, "DE": "Zululand", "MAPA": "world_1900.geojson", "MOTIVO": "«Zululand» ya no existía en 1900 (conquista o protectorado colonial); se asigna a la colonia de world_1914 que lo cubre", "FUENTE": "https://en.wikipedia.org/wiki/Zulu_Kingdom", "AREA_KM2": 25374}, "geometry": {"type": "Polygon", "coordinates": [[[32.3932485910332, -28.37544671444531], [32.34622481783984, -28.585289396330076], [32.234744104949215, -28.74441758541699], [31.978331598845703, -28.94834939388867], [31.56308082064746, -29.209801115080076], [31.32680506827905, -29.50940529974312], [31.007633096000653, -28.70066385879988], [30.391695203756782, -28.495351228051927], [30.237710730695813, -27.545780310842623], [30.69336168803883, -27.57615704133216], [31.200113687326862, -27.60994050795136], [31.257676459253442, -27.63728760307916], [32.303435358611324, -28.134109891935545], [32.3932485910332, -28.37544671444531]]]}}, {"type": "Feature", "properties": {"NAME": "Botswana", "SUBJECTO": "United Kingdom of Great Britain and Ireland", "BORDERPRECISION": 1, "DE": "Ndebele", "MAPA": "world_1900.geojson", "MOTIVO": "«Ndebele» ya no existía en 1900 (conquista o protectorado colonial); se asigna a la colonia de world_1914 que lo cubre", "FUENTE": "https://en.wikipedia.org/wiki/Northern_Ndebele_people", "AREA_KM2": 12424}, "geometry": {"type": "Polygon", "coordinates": [[[26.783158901848946, -20.598873465012428], [26.218549167292064, -20.49621714963845], [25.75659574810916, -20.290904518890493], [25.602611275048194, -19.67496662664662], [25.934940275366476, -19.23878481372887], [26.10373023470996, -19.535110868498045], [26.35727027377246, -19.75616303829785], [26.61411956271289, -19.90089837460156], [26.85396102389453, -20.001223005338865], [27.102086100188476, -20.12057725338574], [27.150227579680664, -20.196604169889646], [27.133634715228162, -20.37030228237381], [26.783158901848946, -20.598873465012428]]]}}, {"type": "Feature", "properties": {"NAME": "Rhodesia", "SUBJECTO": "United Kingdom of Great Britain and Ireland", "BORDERPRECISION": 1, "DE": "Ndebele", "MAPA": "world_1900.geojson", "MOTIVO": "«Ndebele» ya no existía en 1900 (conquista o protectorado colonial); se asigna a la colonia de world_1914 que lo cubre", "FUENTE": "https://en.wikipedia.org/wiki/Northern_Ndebele_people", "AREA_KM2": 47296}, "geometry": {"type": "Polygon", "coordinates": [[[28.682300736267553, -18.545747157532855], [29.195582313137447, -18.85371610365479], [29.195582313137447, -19.16168504977673], [28.990269682389492, -19.46965399589866], [27.963706528649702, -19.828951099707588], [27.133634715228162, -20.37030228237381], [27.150227579680664, -20.196604169889646], [27.102086100188476, -20.12057725338574], [26.85396102389453, -20.001223005338865], [26.61411956271289, -19.90089837460156], [26.35727027377246, -19.75616303829785], [26.10373023470996, -19.535110868498045], [25.934940275366476, -19.23878481372887], [26.42386179804002, -18.597075315219843], [27.142456005657873, -18.391762684471885], [27.963706528649702, -18.391762684471885], [28.682300736267553, -18.545747157532855]]]}}, {"type": "Feature", "properties": {"NAME": "Gold Coast", "SUBJECTO": "United Kingdom of Great Britain and Ireland", "BORDERPRECISION": 1, "DE": "Asante", "MAPA": "world_1900.geojson", "MOTIVO": "«Asante» ya no existía en 1900 (conquista o protectorado colonial); se asigna a la colonia de world_1914 que lo cubre", "FUENTE": "https://en.wikipedia.org/wiki/Ashanti_Empire", "AREA_KM2": 47417}, "geometry": {"type": "Polygon", "coordinates": [[[0.536134216395599, 5.720493398622317], [0.089773598519546, 5.655979238466067], [-0.11885101029517, 5.572919450715823], [-0.469773101370407, 5.865779901455193], [-0.769750109895336, 6.240751162111353], [-0.994732866289031, 6.090762657848889], [-1.857166765798195, 5.90327702752081], [-2.569612161044898, 5.45331151473342], [-2.716545787247437, 5.039863668397707], [-2.749738898667115, 5.095558248475832], [-2.7703316381619407, 5.326657100442723], [-2.307132278585587, 7.290670691948598], [-1.669681135470117, 7.290670691948598], [-0.994732866289031, 7.478156322276678], [-0.10711320899397002, 7.047795276315436], [-0.082861088383122, 6.489996502265978], [0.802637848464233, 5.714715085939211], [0.536134216395599, 5.720493398622317]]]}}, {"type": "Feature", "properties": {"NAME": "Togoland", "SUBJECTO": "Togoland", "BORDERPRECISION": 1, "DE": "Asante", "MAPA": "world_1900.geojson", "MOTIVO": "«Asante» ya no existía en 1900 (conquista o protectorado colonial); se asigna a la colonia de world_1914 que lo cubre", "FUENTE": "https://en.wikipedia.org/wiki/Ashanti_Empire", "AREA_KM2": 3963}, "geometry": {"type": "Polygon", "coordinates": [[[0.242672293876295, 6.878202305226822], [0.355163672073141, 6.390739666373817], [0.802637848464233, 5.714715085939211], [-0.082861088383122, 6.489996502265978], [-0.10711320899397002, 7.047795276315436], [0.242672293876295, 6.878202305226822]]]}}, {"type": "Feature", "properties": {"NAME": "German E. Africa (Tanganyika)", "SUBJECTO": "German Empire", "BORDERPRECISION": 1, "DE": "Buganda", "MAPA": "world_1900.geojson", "MOTIVO": "«Buganda» ya no existía en 1900 (conquista o protectorado colonial); se asigna a la colonia de world_1914 que lo cubre", "FUENTE": "https://en.wikipedia.org/wiki/Uganda_Protectorate", "AREA_KM2": 5617}, "geometry": {"type": "Polygon", "coordinates": [[[32.10108406774572, -1.465241311088907], [31.512175957811476, -1.527690108749596], [31.136188753796684, -1.480691708247745], [30.84824092151736, -1.1448924869307473], [31.170676264373046, -1.1322747841322], [32.40222036828806, -1.1321791287309557], [32.10108406774572, -1.465241311088907]]]}}, {"type": "Feature", "properties": {"NAME": "Uganda", "SUBJECTO": "Uganda", "BORDERPRECISION": 1, "DE": "Buganda", "MAPA": "world_1900.geojson", "MOTIVO": "«Buganda» ya no existía en 1900 (conquista o protectorado colonial); se asigna a la colonia de world_1914 que lo cubre", "FUENTE": "https://en.wikipedia.org/wiki/Uganda_Protectorate", "AREA_KM2": 52860}, "geometry": {"type": "Polygon", "coordinates": [[[33.32373201857578, -0.112970614977093], [32.40222036828806, -1.1321791287309557], [31.170676264373046, -1.1322747841322], [30.84824092151736, -1.1448924869307473], [30.816971894942544, -1.108427149817259], [30.807199950283742, -1.010707703229254], [30.90119675128744, -0.446726897207069], [30.94819515178929, -0.164736494195974], [31.653171159317022, 0.728233115339158], [32.499142368350306, 1.433209122866892], [32.8751295723651, 1.527205923870589], [33.025125646609624, 0.938457648323418], [33.32373201857578, -0.112970614977093]]]}}, {"type": "Feature", "properties": {"NAME": "Uganda", "SUBJECTO": "Uganda", "BORDERPRECISION": 1, "DE": "Bunyoro", "MAPA": "world_1900.geojson", "MOTIVO": "«Bunyoro» ya no existía en 1900 (conquista o protectorado colonial); se asigna a la colonia de world_1914 que lo cubre", "FUENTE": "https://en.wikipedia.org/wiki/Uganda_Protectorate", "AREA_KM2": 57611}, "geometry": {"type": "Polygon", "coordinates": [[[32.499142368350306, 1.433209122866892], [31.653171159317022, 0.728233115339158], [30.94819515178929, -0.164736494195974], [30.90119675128744, -0.446726897207069], [30.00822714175231, -0.164736494195976], [30.055225542254156, 0.446242712328063], [29.867231940246764, 0.540239513331759], [29.85679494679437, 0.5924244805937333], [29.94738486727832, 0.748304389432711], [30.009015430886027, 0.8171830472056987], [30.243219144261552, 0.869228316844703], [30.290217544763404, 1.0572219188521], [30.359674277285766, 1.1151025292874008], [30.620560679045898, 1.324377499536318], [31.15856650790332, 1.804288230851931], [31.244637522307617, 2.008196674302859], [31.20668642654965, 2.1133037174233045], [31.37118075630593, 2.32617873240202], [32.21715196533921, 2.561170734911268], [32.6871359703577, 2.655167535914966], [33.06312317437249, 2.561170734911268], [33.345113577383586, 1.90319312788538], [32.8751295723651, 1.527205923870589], [32.499142368350306, 1.433209122866892]]]}}, {"type": "Feature", "properties": {"NAME": "Madagascar (France)", "SUBJECTO": "France", "BORDERPRECISION": 1, "DE": "Imerina", "MAPA": "world_1900.geojson", "MOTIVO": "«Imerina» ya no existía en 1900 (conquista o protectorado colonial); se asigna a la colonia de world_1914 que lo cubre", "FUENTE": "https://en.wikipedia.org/wiki/Merina_Kingdom", "AREA_KM2": 230207}, "geometry": {"type": "Polygon", "coordinates": [[[45.66235380599434, -22.147378253840614], [45.7189923980748, -21.835865997398127], [45.88890817431616, -21.467715148875186], [46.143781838678194, -21.12788359639247], [45.860588878275934, -20.759732747869528], [45.87430603729541, -20.31193387923345], [46.48272841315965, -19.26102250274068], [46.31679503792395, -18.210111126247906], [46.593350663316784, -17.822933250697936], [46.92521741378819, -17.98886662593364], [47.47832866457385, -17.878244375776504], [47.20177303918102, -16.93795524944087], [47.47832866457385, -16.93795524944087], [47.47832866457385, -16.66139962404803], [47.79636763377562, -16.495466248812328], [47.79636763377562, -16.288049529767704], [49.386562479784416, -14.421299058366067], [49.73225701152546, -14.421299058366067], [50.10845092257617, -14.120246328397947], [50.15020278414843, -14.418864645048338], [50.25442031344531, -14.774549879118162], [50.43014815768359, -15.104658521696287], [50.50334075411914, -15.314229406400877], [50.486304316130855, -15.479520238920408], [50.45509627780078, -15.549497045561033], [50.42932799777148, -15.594039358183103], [50.18732360324023, -15.95683041958447], [50.08852294406054, -15.899843610807615], [50.00355819186328, -15.73477403072949], [49.753760370818355, -15.398466505094724], [49.62028411349414, -15.462312139555173], [49.59773925265429, -15.653023160978513], [49.68498137911914, -16.04688111691113], [49.86275008639453, -16.281658567472654], [49.89823821505664, -16.45954553036328], [49.76034072360156, -16.745846189542966], [49.42470839938281, -17.197809614225584], [49.404639277068355, -17.401228345915037], [49.42284301241992, -17.80159989742871], [49.34185317477343, -18.227621473356443], [49.02305892428515, -19.18165246395703], [48.65165618380664, -20.33920518307324], [48.087378534880855, -22.04376069454785], [47.641976576129224, -23.550955282245557], [47.02168001592521, -23.138553615248536], [47.02168001592521, -23.280150095449667], [46.93672212780453, -23.365107983570347], [46.51193268720114, -23.138553615248536], [45.91722747035638, -22.911999246926726], [46.002185358477064, -22.770402766725592], [45.77563099015525, -22.40225191820265], [45.66235380599434, -22.147378253840614]]]}}, {"type": "Feature", "properties": {"NAME": "Madagascar (France)", "SUBJECTO": "France", "BORDERPRECISION": 1, "DE": "Madagascar", "MAPA": "world_1900.geojson", "MOTIVO": "«Madagascar» ya no existía en 1900 (conquista o protectorado colonial); se asigna a la colonia de world_1914 que lo cubre", "FUENTE": "https://en.wikipedia.org/wiki/Merina_Kingdom", "AREA_KM2": 348764}, "geometry": {"type": "Polygon", "coordinates": [[[49.73225701152546, -14.421299058366067], [49.386562479784416, -14.421299058366067], [47.79636763377562, -16.288049529767704], [47.79636763377562, -16.495466248812328], [47.47832866457385, -16.66139962404803], [47.47832866457385, -16.93795524944087], [47.20177303918102, -16.93795524944087], [47.47832866457385, -17.878244375776504], [46.92521741378819, -17.98886662593364], [46.593350663316784, -17.822933250697936], [46.31679503792395, -18.210111126247906], [46.48272841315965, -19.26102250274068], [45.87430603729541, -20.31193387923345], [45.860588878275934, -20.759732747869528], [46.143781838678194, -21.12788359639247], [45.88890817431616, -21.467715148875186], [45.7189923980748, -21.835865997398127], [45.66235380599434, -22.147378253840614], [45.77563099015525, -22.40225191820265], [46.002185358477064, -22.770402766725592], [45.91722747035638, -22.911999246926726], [46.51193268720114, -23.138553615248536], [46.93672212780453, -23.365107983570347], [47.02168001592521, -23.280150095449667], [47.02168001592521, -23.138553615248536], [47.641976576129224, -23.550955282245557], [47.49159530123828, -24.059830106779295], [47.25847915133593, -24.765831388517576], [47.17381194552539, -24.880415357633787], [46.945464167205074, -25.16691628841992], [46.85505965670703, -25.217951215788084], [46.23910048922656, -25.26373902706738], [45.78949645480273, -25.410877622648435], [45.576182398406246, -25.621076978727537], [45.21050551852343, -25.65998498348828], [45.0468130441582, -25.45058099178906], [44.95851806124804, -25.387203611417966], [44.71300033053515, -25.305088438078123], [44.54635146578906, -25.337219633146482], [44.425330195037105, -25.31205026058789], [44.03676131686328, -24.988716520353513], [43.989756617156246, -24.88077012447949], [43.980994257537105, -24.626556791349607], [43.93416503390429, -24.518610395475584], [43.72719100436328, -24.353788770719724], [43.67141250094531, -24.226787962003904], [43.67171386202929, -23.902649320646482], [43.8270750375664, -23.412924207731443], [43.7847280832207, -23.266834653898435], [43.65536788424609, -23.051014341398435], [43.37636474093554, -22.63212624935742], [43.291262659636715, -22.409847654386716], [43.32482818087695, -22.111067213102537], [43.5010252328789, -21.49418679623242], [43.60321715792773, -21.39863435177441], [43.81647399386523, -21.315555967374998], [44.161650690642574, -20.69830933956738], [44.47033599337695, -20.17013780026074], [44.51709655245898, -20.023853696867185], [44.5853872629082, -19.52796784786816], [44.53573897799609, -19.36917344479199], [44.410498652068355, -19.26775971798535], [44.25100997408984, -19.102844633146482], [44.28092864474414, -19.020157255216795], [44.39421752413867, -18.79112283138867], [44.15952971896289, -18.403913892790037], [44.10704329928515, -18.098968900724607], [44.07575896700976, -17.876581586881834], [43.971648249236324, -17.552675642057615], [43.98251632174609, -17.50180856136914], [44.215003046599605, -17.189880765958982], [44.378020319548824, -16.922611631437498], [44.45144942721484, -16.72541657833691], [44.45442870577929, -16.242399610563474], [44.67219832858203, -16.23558083920117], [44.91735366305468, -16.203270353361326], [45.196936640349605, -16.03742638973828], [45.277781519499996, -16.04996720699902], [45.43354705294726, -16.094116605802732], [45.55457213839648, -16.055725492521482], [45.73227218112109, -15.890102781339841], [46.142283472624996, -15.825677312895017], [46.28193953951953, -15.952485479398923], [46.41920379122851, -15.939479269071775], [46.46436217745898, -15.856765188261228], [46.387549433318355, -15.691685117765623], [46.73441985568164, -15.449427045866209], [46.92456725558398, -15.360046781583982], [47.06952575167773, -15.461425222440916], [47.24464324435351, -15.365706838651853], [47.1061277719414, -15.143568433805662], [47.19930556735156, -15.016262449308591], [47.426272425261715, -14.825099386259275], [47.52952102145312, -14.958347715421873], [47.63286879977343, -14.983552373930173], [47.88371947726367, -14.71608392147656], [47.8125486703789, -14.627255834623533], [47.69895842990039, -14.443191923185545], [47.74116424044726, -14.309638418241697], [47.8503904672539, -14.315760053678709], [47.97167113741992, -14.283718503996091], [48.04899123629687, -14.131030477567869], [47.91554549655078, -13.737275518461423], [47.94245818575976, -13.584690488859373], [48.05726531466601, -13.565369047208982], [48.10995009860156, -13.5970386639082], [48.22359755953906, -13.793814100309568], [48.349612269011715, -13.838030256315427], [48.43965056857226, -13.653529562040525], [48.75133803805468, -13.417710699125486], [48.8572378488457, -13.252239622160154], [48.91746428927539, -13.048741735502439], [48.993289026824215, -12.737159170194822], [48.93341735324023, -12.57840196041699], [48.93483260592578, -12.476709760709959], [49.176333460417965, -12.266468442960935], [49.33660033663867, -12.412291921659666], [49.541750940886715, -12.704198278471189], [49.8171873422539, -12.830713666959959], [49.880469355193355, -12.919562734647947], [49.97618773898242, -13.300679601713377], [50.10845092257617, -14.120246328397947], [49.73225701152546, -14.421299058366067]]]}}, {"type": "Feature", "properties": {"NAME": "German E. Africa (Tanganyika)", "SUBJECTO": "German Empire", "BORDERPRECISION": 1, "DE": "Mirambo Unyanyembe Ukimbu", "MAPA": "world_1900.geojson", "MOTIVO": "«Mirambo Unyanyembe Ukimbu» ya no existía en 1900 (conquista o protectorado colonial); se asigna a la colonia de world_1914 que lo cubre", "FUENTE": "https://en.wikipedia.org/wiki/Mirambo", "AREA_KM2": 168663}, "geometry": {"type": "Polygon", "coordinates": [[[30.3047094831994, -7.11806723406864], [29.540985475044355, -6.413091226540905], [29.50292445958346, -5.785084471436127], [29.507767710295898, -5.744630254789548], [29.498590533891804, -5.713574697523782], [29.423489473789733, -4.474407205839633], [30.24596148257209, -4.298163203957699], [30.657197486963266, -3.710683197684585], [31.068433491354444, -4.239415203330385], [32.125897502646055, -4.650651207721566], [33.007117512055714, -4.768147208976188], [33.007117512055714, -5.061887212112747], [34.18207752460194, -5.414375215876614], [33.183361513937655, -7.411807237205196], [32.30214150452798, -8.293027246614866], [31.59716549700025, -8.58676724975142], [31.068433491354444, -8.58676724975142], [30.3047094831994, -7.11806723406864]]]}}, {"type": "Feature", "properties": {"NAME": "Belgian Congo", "SUBJECTO": "Belgium", "BORDERPRECISION": 1, "DE": "Yeke", "MAPA": "world_1900.geojson", "MOTIVO": "«Yeke» ya no existía en 1900 (conquista o protectorado colonial); se asigna a la colonia de world_1914 que lo cubre", "FUENTE": "https://en.wikipedia.org/wiki/Msiri", "AREA_KM2": 83134}, "geometry": {"type": "Polygon", "coordinates": [[[26.721081444933414, -11.28917527860774], [26.721081444933414, -10.819191273589249], [27.132317449324592, -9.05675125476991], [27.426057452461148, -8.293027246614866], [28.307277461870815, -8.116783244732932], [29.012253469398548, -8.175531245360242], [29.513150884032473, -8.467721403896695], [29.049466166106445, -8.54435769466992], [28.893549952117187, -8.640639699979978], [28.82397750338672, -8.730051435514646], [28.46553328951953, -9.3043197765791], [28.452223810759765, -9.584123052641111], [28.619580301848632, -10.52401677517529], [28.450163874236328, -11.052678503080564], [28.314915690032226, -11.511216558500486], [28.334282908049804, -11.644612707182127], [28.539742502776367, -11.916768468900877], [28.91610053500293, -12.295999921842771], [28.938649342550487, -12.310175478603162], [28.718513466262, -12.640379293035897], [28.348181373129535, -12.640379293035897], [28.238547358123046, -12.54795876888867], [28.024237665740234, -12.434787191435056], [27.621691736785156, -12.316372312589841], [27.450512919036132, -12.190232671781736], [27.123377832976562, -11.550055898710447], [27.027848276702148, -11.70956365017529], [26.86296320849387, -11.92479355088187], [26.779829445560726, -11.817907284253542], [26.721081444933414, -11.28917527860774]]]}}, {"type": "Feature", "properties": {"NAME": "Rhodesia", "SUBJECTO": "United Kingdom of Great Britain and Ireland", "BORDERPRECISION": 1, "DE": "Yeke", "MAPA": "world_1900.geojson", "MOTIVO": "«Yeke» ya no existía en 1900 (conquista o protectorado colonial); se asigna a la colonia de world_1914 que lo cubre", "FUENTE": "https://en.wikipedia.org/wiki/Msiri", "AREA_KM2": 104327}, "geometry": {"type": "MultiPolygon", "coordinates": [[[[29.71722947692629, -8.58676724975142], [30.36345748382671, -8.763011251633355], [31.127181491981755, -9.232995256651845], [31.30342549386369, -9.702979261670336], [31.30342549386369, -10.936687274843873], [30.657197486963266, -11.524167281116984], [29.18849747128049, -11.935403285508162], [28.938649342550487, -12.310175478603162], [28.91610053500293, -12.295999921842771], [28.539742502776367, -11.916768468900877], [28.334282908049804, -11.644612707182127], [28.314915690032226, -11.511216558500486], [28.450163874236328, -11.052678503080564], [28.619580301848632, -10.52401677517529], [28.452223810759765, -9.584123052641111], [28.46553328951953, -9.3043197765791], [28.82397750338672, -8.730051435514646], [28.893549952117187, -8.640639699979978], [29.049466166106445, -8.54435769466992], [29.513150884032473, -8.467721403896695], [29.71722947692629, -8.58676724975142]]], [[[28.13103345998888, -12.640379293035897], [27.191065449951903, -12.346639289899343], [26.86296320849387, -11.92479355088187], [27.027848276702148, -11.70956365017529], [27.123377832976562, -11.550055898710447], [27.450512919036132, -12.190232671781736], [27.621691736785156, -12.316372312589841], [28.024237665740234, -12.434787191435056], [28.238547358123046, -12.54795876888867], [28.348181373129535, -12.640379293035897], [28.13103345998888, -12.640379293035897]]]]}}, {"type": "Feature", "properties": {"NAME": "Belgian Congo", "SUBJECTO": "Belgium", "BORDERPRECISION": 1, "DE": "Sultanate of Utetera", "MAPA": "world_1900.geojson", "MOTIVO": "«Sultanate of Utetera» ya no existía en 1900 (conquista o protectorado colonial); se asigna a la colonia de world_1914 que lo cubre", "FUENTE": "https://en.wikipedia.org/wiki/Congo_Arab_war", "AREA_KM2": 304863}, "geometry": {"type": "Polygon", "coordinates": [[[26.368593441169548, 0.284180844972578], [27.249813450579214, -1.067023169455581], [27.308561451206526, -2.653219186392985], [28.777261466889303, -3.005707190156853], [29.012253469398555, -3.651935197057277], [28.13103345998888, -4.474407205839633], [28.189781460616192, -5.061887212112747], [28.718513466261992, -5.296879214621992], [28.83600946751662, -6.354343225913595], [27.661049454970392, -6.354343225913595], [27.308561451206526, -6.354343225913595], [26.251097439914926, -6.530587227795529], [25.25238142925063, -6.17809922403166], [24.72364942360483, -5.766863219640483], [24.57888357678681, -5.245706171095623], [24.429909420468274, -4.709399208348881], [24.72364942360483, -3.82817919893921], [24.547405421722896, -3.35819519392072], [23.666185412313226, -2.183235181374496], [23.019957405412804, -1.830747177610629], [22.784965402903556, -1.360763172592135], [23.254949407922048, -0.714535165691714], [25.89860943615105, 0.342928845599889], [26.368593441169548, 0.284180844972578]]]}}, {"type": "Feature", "properties": {"NAME": "Portuguese Guinea", "SUBJECTO": "Portuguese Guinea", "BORDERPRECISION": 1, "DE": "Futa Jalon", "MAPA": "world_1900.geojson", "MOTIVO": "«Futa Jalon» ya no existía en 1900 (conquista o protectorado colonial); se asigna a la colonia de world_1914 que lo cubre", "FUENTE": "https://en.wikipedia.org/wiki/Imamate_of_Futa_Jallon", "AREA_KM2": 9913}, "geometry": {"type": "Polygon", "coordinates": [[[-13.69396565078878, 12.62266607569529], [-13.743656125458497, 12.267163835481448], [-13.691763844879883, 11.886055551484866], [-13.77546783963086, 11.745701394990725], [-13.925490346344727, 11.662176691011233], [-14.156576123627442, 11.648089967683596], [-14.337188687714356, 11.640667520479006], [-14.458079517857577, 11.581755352994794], [-14.507455404709006, 11.6158076887544], [-14.648294935735336, 12.132219302517615], [-14.437836429696144, 12.63731971701168], [-13.695702658069488, 12.623476679092954], [-13.69396565078878, 12.62266607569529]]]}}, {"type": "Feature", "properties": {"NAME": "French West Africa", "SUBJECTO": "France", "BORDERPRECISION": 1, "DE": "Futa Jalon", "MAPA": "world_1900.geojson", "MOTIVO": "«Futa Jalon» ya no existía en 1900 (conquista o protectorado colonial); se asigna a la colonia de world_1914 que lo cubre", "FUENTE": "https://en.wikipedia.org/wiki/Imamate_of_Futa_Jallon", "AREA_KM2": 30590}, "geometry": {"type": "MultiPolygon", "coordinates": [[[[-13.850204259919458, 12.695577426622942], [-13.695702658069488, 12.623476679092954], [-14.437836429696144, 12.63731971701168], [-14.413562384024786, 12.695577426622942], [-13.850204259919458, 12.695577426622942]]], [[[-13.146006604787802, 12.366951854228168], [-12.300969418629814, 11.568861178412288], [-12.019290356577152, 10.958556543964853], [-12.254022908287702, 10.62993097157008], [-12.676541501366696, 10.53603795088586], [-13.146006604787802, 10.67687748191219], [-14.458079517857577, 11.581755352994794], [-14.337188687714356, 11.640667520479006], [-14.156576123627442, 11.648089967683596], [-13.925490346344727, 11.662176691011233], [-13.77546783963086, 11.745701394990725], [-13.691763844879883, 11.886055551484866], [-13.743656125458497, 12.267163835481448], [-13.69396565078878, 12.62266607569529], [-13.146006604787802, 12.366951854228168]]]]}}, {"type": "Feature", "properties": {"NAME": "Taiwan (Japan)", "SUBJECTO": "Empire of Japan", "BORDERPRECISION": 1, "DE": "sin datos", "MAPA": "world_1900.geojson", "MOTIVO": "Taiwán, japonés desde el Tratado de Shimonoseki (1895)", "FUENTE": "https://es.wikipedia.org/wiki/Tratado_de_Shimonoseki", "ORIGEN_GEOMETRIA": "", "AREA_KM2": 36105}, "geometry": {"type": "Polygon", "coordinates": [[[121.603317, 24.055832], [121.609154, 24.041664], [121.616089, 24.034164], [121.611366, 23.98333], [121.596367, 23.899998], [121.536926, 23.70138500000013], [121.496368, 23.485271000000125], [121.476326, 23.422417], [121.47580700000015, 23.414719000000105], [121.473312, 23.401108000000136], [121.453049, 23.327221], [121.355553, 23.087498], [121.25916300000017, 22.899998], [121.168053, 22.762497], [121.137497, 22.735271], [121.12886, 22.72805], [121.119141, 22.724716], [121.108322, 22.72221800000011], [121.079437, 22.70916], [121.030273, 22.656384], [121.014427, 22.634995], [120.969711, 22.568329], [120.955551, 22.535831], [120.878593, 22.341385000000116], [120.873306, 22.323608], [120.872208, 22.316666], [120.871368, 22.291943], [120.873032, 22.274998], [120.879425, 22.23256300000014], [120.88472, 22.098053], [120.88247700000011, 22.039440000000127], [120.880257, 22.034443], [120.824158, 21.927773000000116], [120.722763, 21.927773000000116], [120.716377, 21.928051], [120.71138, 21.930828], [120.70665, 21.933605], [120.6997070000001, 21.94083], [120.698318, 21.945827], [120.68637100000012, 22.053608], [120.69303900000011, 22.104443], [120.691093, 22.115273000000116], [120.677757, 22.17194], [120.674988, 22.181938], [120.629433, 22.277496], [120.620529, 22.295277], [120.61026, 22.3127750000001], [120.5761030000001, 22.362217], [120.573036, 22.366108], [120.553307, 22.382774], [120.505547, 22.422497], [120.488586, 22.429161], [120.481369, 22.429996], [120.47580700000015, 22.432217], [120.44470200000012, 22.453327000000115], [120.429153, 22.466938], [120.42302700000016, 22.474716], [120.416901, 22.482502], [120.392761, 22.478329], [120.386108, 22.478607], [120.38192700000013, 22.480549], [120.37719700000014, 22.483330000000137], [120.34554300000013, 22.503887], [120.34166000000016, 22.507221], [120.328598, 22.519444], [120.307083, 22.540436], [120.30255100000011, 22.550632], [120.300339, 22.557865], [120.30525200000011, 22.549999], [120.30664100000013, 22.544998], [120.32388300000014, 22.526386000000116], [120.330887, 22.521172], [120.332764, 22.525829], [120.329987, 22.53611], [120.32193, 22.554443], [120.312759, 22.572498], [120.296097, 22.596941], [120.27137800000014, 22.610275], [120.266388, 22.613052], [120.26249700000017, 22.616386], [120.253326, 22.628052], [120.244713, 22.640274], [120.24025700000016, 22.649441], [120.238586, 22.660828], [120.251099, 22.677494000000138], [120.252213, 22.684441000000106], [120.25166300000012, 22.689995000000124], [120.228676, 22.736725], [120.206383, 22.773331], [120.199707, 22.786942], [120.17276, 22.881664], [120.16748, 22.908045], [120.163879, 22.953606], [120.135536, 23.02277400000014], [120.1077580000001, 23.01361100000014], [120.06442300000015, 23.034996], [120.05581700000016, 23.041107], [120.05275700000016, 23.044998], [120.05137600000012, 23.050274], [120.049149, 23.060829], [120.053307, 23.071941], [120.056931, 23.075829], [120.06749, 23.079163], [120.086929, 23.079163], [120.09554300000013, 23.084721], [120.099152, 23.088329], [120.09999100000016, 23.093887], [120.09387200000015, 23.124718000000144], [120.09166, 23.129162], [120.087769, 23.132496000000117], [120.08194000000015, 23.13472000000013], [120.067207, 23.136662], [120.062477, 23.139439], [120.058594, 23.142773], [120.05609100000015, 23.147217000000126], [120.055542, 23.153049], [120.05748, 23.158886], [120.083328, 23.22805000000011], [120.099716, 23.266941], [120.109711, 23.286942000000124], [120.129997, 23.31749900000011], [120.141098, 23.319996], [120.145264, 23.322773], [120.148331, 23.327221], [120.14804100000015, 23.391941], [120.147491, 23.397495], [120.13472, 23.466106], [120.12886, 23.493328], [120.12516800000014, 23.508759], [120.12387100000012, 23.514164000000108], [120.11554, 23.568886], [120.111099, 23.613884], [120.111366, 23.620274], [120.11554, 23.631386], [120.1933140000001, 23.781109], [120.196373, 23.785553], [120.221916, 23.819443], [120.2397, 23.829998], [120.278702, 23.889069], [120.283867, 23.898331], [120.31247700000017, 23.953327], [120.363037, 24.048332], [120.42109700000015, 24.141106], [120.4272, 24.149998], [120.471909, 24.193045], [120.476379, 24.210274], [120.50804100000016, 24.286663], [120.510536, 24.291943], [120.544983, 24.3622170000001], [120.558868, 24.385273], [120.571663, 24.40221800000012], [120.578598, 24.410275], [120.594437, 24.427988], [120.62859300000014, 24.463608], [120.642761, 24.47916], [120.650543, 24.493885], [120.65664700000013, 24.511108], [120.665817, 24.533054], [120.694702, 24.59638600000011], [120.697746, 24.60083], [120.751389, 24.647495], [120.86026, 24.737495], [120.8647, 24.740551], [120.871597, 24.73999], [120.90332000000012, 24.836662], [120.921097, 24.875828], [120.951393, 24.92332800000014], [120.958702, 24.933046], [121.00166300000012, 25.001663], [121.00916300000017, 25.008888], [121.058319, 25.047218], [121.062759, 25.049999], [121.19470200000012, 25.109997000000135], [121.223602, 25.115551], [121.275871, 25.118906], [121.310532, 25.126106], [121.338593, 25.132496], [121.363037, 25.14333], [121.371918, 25.149162], [121.375526, 25.152775], [121.384987, 25.157497], [121.390549, 25.15888600000011], [121.396942, 25.159161], [121.409416, 25.155273000000136], [121.4180530000001, 25.149162], [121.441109, 25.129103], [121.444122, 25.134743], [121.396942, 25.176105], [121.394707, 25.18055], [121.39498900000012, 25.186939], [121.398041, 25.191105], [121.435257, 25.236660000000143], [121.44274900000016, 25.243885], [121.476089, 25.26888700000012], [121.4805530000001, 25.271942], [121.512497, 25.281666], [121.51805100000013, 25.282776], [121.559418, 25.284164], [121.56694, 25.283054], [121.583328, 25.275829], [121.598038, 25.26722], [121.606934, 25.26083], [121.610809, 25.2575], [121.616928, 25.249439], [121.636658, 25.214439], [121.68127400000014, 25.168667], [121.734711, 25.138885], [121.788597, 25.126583], [121.881653, 25.114719], [121.999153, 25.01083], [122.002213, 25.006943], [122.001099, 25.000275], [121.99720800000011, 24.99666200000013], [121.992752, 24.993885], [121.978317, 24.986938], [121.96951300000012, 24.985033], [121.947197, 24.976383], [121.913879, 24.959995], [121.882477, 24.93277400000011], [121.878593, 24.929161000000136], [121.828323, 24.86694], [121.819443, 24.85277600000012], [121.81694000000016, 24.847775], [121.813873, 24.834995], [121.805252, 24.789997], [121.799713, 24.756664], [121.800812, 24.74527400000011], [121.817207, 24.637218], [121.819992, 24.626942], [121.82222, 24.622498], [121.828323, 24.614441], [121.843597, 24.606384], [121.84942600000011, 24.59222], [121.853317, 24.56361], [121.853043, 24.533607], [121.839706, 24.476383000000112], [121.8311000000001, 24.470829], [121.81667300000015, 24.463882], [121.8035890000001, 24.455551], [121.79609700000015, 24.44833], [121.780548, 24.426384], [121.77665700000011, 24.414162], [121.75943, 24.335274], [121.759163, 24.328884], [121.76053600000012, 24.323887], [121.772491, 24.301661], [121.75305200000014, 24.292774], [121.74498000000017, 24.286385], [121.67608600000017, 24.204994], [121.659416, 24.184719], [121.60748300000012, 24.085831], [121.60498, 24.080551], [121.60192900000015, 24.060829], [121.603317, 24.055832]]]}}, {"type": "Feature", "properties": {"NAME": "Tasmania (UK)", "SUBJECTO": "United Kingdom of Great Britain and Ireland", "BORDERPRECISION": 1, "DE": "sin datos", "MAPA": "world_1900.geojson", "MOTIVO": "Tasmania (Van Diemen's Land), colonia británica desde 1803 (federada en Australia en 1901)", "FUENTE": "https://en.wikipedia.org/wiki/Van_Diemen%27s_Land", "ORIGEN_GEOMETRIA": "", "AREA_KM2": 59210}, "geometry": {"type": "Polygon", "coordinates": [[[145.3770246835625, -42.50653115658398], [145.5663099618828, -42.58340493588086], [145.6242933603203, -42.518917478605466], [145.53049758395312, -42.34531060604687], [145.21419814547656, -42.03065911678906], [144.93604567965625, -41.709705747648435], [144.8689222665703, -41.59412804989453], [144.70011428317187, -41.16398660091992], [144.69687941989062, -40.86219064144726], [144.77613357028125, -40.842762388273435], [145.22802260836718, -40.983108915373045], [145.89188674410937, -41.142315305753904], [146.38221267184375, -41.308346189542966], [146.74070266207812, -41.29478494076367], [146.94913772067187, -41.23012200741406], [147.12060073336718, -41.17839089779492], [147.28858474215625, -41.1523479595625], [147.59635451754687, -41.16458932308789], [147.73382094821093, -41.029442228361326], [148.05588820895312, -40.91965142635937], [148.26952651461718, -41.09258309750195], [148.26568129977343, -41.137554563566404], [148.32305434664843, -41.497234739347654], [148.31925490817187, -41.80580560116406], [147.98119643649218, -42.48201409725781], [147.92566970309375, -42.82340279965039], [147.81531814059375, -42.96535149960156], [147.39066604098437, -43.082176603361326], [147.14171889742968, -43.25668755917187], [146.92144301852343, -43.56659737972851], [146.83597854098437, -43.6893238201582], [146.71273330172656, -43.72180978207226], [146.49712661227343, -43.61904946713086], [145.96689895114062, -43.40729180721875], [145.72265151461718, -43.24016610531445], [145.49386123141406, -42.91843072323437], [145.2793684335625, -42.66767541317578], [145.18250564059375, -42.48116723446484], [145.30095962008593, -42.46162072567578], [145.3770246835625, -42.50653115658398]]]}}, {"type": "Feature", "properties": {"NAME": "Chile", "SUBJECTO": "Chile", "BORDERPRECISION": 1, "DE": "Peru", "MAPA": "world_1900.geojson", "MOTIVO": "guerra del Pacífico (1879-1884): Tarapacá (Ancón, 1883) y Antofagasta (tregua de 1884), chilenas; Tacna y Arica bajo administración chilena (1883-1929). Geometría de Chile en world_1914", "FUENTE": "https://es.wikipedia.org/wiki/Tratado_de_Anc%C3%B3n", "AREA_KM2": 82448}, "geometry": {"type": "Polygon", "coordinates": [[[-69.36161514798047, -17.7177662029707], [-69.11209579983594, -18.052969373747068], [-68.97511765042188, -18.344368375822263], [-68.8882341055, -18.890140928312498], [-68.77539536038282, -19.124500669523435], [-68.43294235745313, -19.45914689449902], [-68.42541977444532, -19.586136259123045], [-68.6221437124336, -20.285992063566404], [-68.6399659780586, -20.444900907560545], [-68.527882543, -20.749136365934568], [-68.18188187161329, -21.248911298795896], [-68.08648392239454, -21.5024341717207], [-67.96139999905469, -21.939976133390623], [-67.93939077430912, -22.05867420459093], [-69.05511966916742, -22.352287071658903], [-70.20114278946988, -22.217460822211553], [-70.19234940091016, -22.161034025236326], [-70.11063095608594, -21.74793664364453], [-70.11244675198438, -20.6933521404707], [-70.18984695950391, -19.75962869076367], [-70.20851608792188, -19.06719819454785], [-70.29601761380079, -18.629028715177732], [-70.36356827298047, -18.45498315243359], [-69.98055740872266, -18.33120385555859], [-69.86399551907422, -18.197124876066404], [-69.76138016262891, -17.77727548031445], [-69.69381424466016, -17.687956251188474], [-69.43009659329297, -17.603817380949216], [-69.36161514798047, -17.7177662029707]]]}}, {"type": "Feature", "properties": {"NAME": "Chile", "SUBJECTO": "Chile", "BORDERPRECISION": 1, "DE": "Bolivia", "MAPA": "world_1900.geojson", "MOTIVO": "guerra del Pacífico (1879-1884): Tarapacá (Ancón, 1883) y Antofagasta (tregua de 1884), chilenas; Tacna y Arica bajo administración chilena (1883-1929). Geometría de Chile en world_1914", "FUENTE": "https://es.wikipedia.org/wiki/Tratado_de_Anc%C3%B3n", "AREA_KM2": 123649}, "geometry": {"type": "Polygon", "coordinates": [[[-67.14041611233594, -23.00864449886914], [-67.04498764553907, -23.071604169889646], [-66.97242447415235, -23.14105836300488], [-67.01447006741407, -23.427114881559568], [-67.25753494778516, -24.082739271208006], [-67.41947647610547, -24.19800988583203], [-68.02512833157422, -24.436525739713865], [-68.39349838772657, -24.60378686337109], [-68.48553940335157, -24.744049467130857], [-68.37280746975782, -25.111757673307615], [-68.56219193020704, -25.436735548063474], [-68.56533524075391, -25.697130598112302], [-68.51468369046094, -25.893694318815427], [-68.48017808669798, -25.93931331073885], [-69.21992655378138, -26.060441975472855], [-69.4671368807023, -26.884476398542624], [-70.29117130377207, -26.802072956235648], [-70.84899998023421, -27.280671044895715], [-70.74798294583204, -26.875851072355466], [-70.69128128567579, -26.513653196378904], [-70.65462967434766, -26.259478010221677], [-70.68299576321485, -25.77041283993359], [-70.49319168606641, -25.471443571134763], [-70.3981446889961, -25.24891320614453], [-70.49769302883985, -24.829849638029295], [-70.51942917385938, -24.455095686002927], [-70.45283981839063, -24.34695664791699], [-70.46275040188672, -23.934050001188474], [-70.35946365872266, -23.660654462858396], [-70.41524979153516, -23.527374662443357], [-70.5796403555, -23.489599622770506], [-70.55272385159375, -23.343433774992185], [-70.57323929348829, -23.16559449581738], [-70.4730729726875, -23.07644311337109], [-70.29201218167188, -22.987125791593748], [-70.23022934475782, -22.796404279752927], [-70.23394485989454, -22.42795030026074], [-70.20114278946988, -22.217460822211553], [-69.05511966916742, -22.352287071658903], [-67.93939077430912, -22.05867420459093], [-67.96139999905469, -21.939976133390623], [-67.78257462063672, -22.904400266691404], [-67.66007706204297, -22.986257947965818], [-67.1888932851875, -22.983517087980466], [-67.14041611233594, -23.00864449886914]]]}}]}