{"type": "FeatureCollection", "features": [{"type": "Feature", "properties": {"NAME": "Britons", "MAPA": "world_560.geojson", "BORDERPRECISION": 1, "MOTIVO": "britanos del sur de Escocia (Alt Clut, Gododdin, Rheged) y de Anglesey hacia 560, agrupados con los de Gales; frontera aproximada", "FUENTE": "https://en.wikipedia.org/wiki/Hen_Ogledd"}, "geometry": {"type": "Polygon", "coordinates": [[[-3.1369, 56.0461], [-3.1376, 56.0413], [-3.1386, 56.0365], [-3.1402, 56.0319], [-3.1421, 56.0275], [-3.1445, 56.0233], [-3.1473, 56.0193], [-3.1505, 56.0156], [-3.154, 56.0123], [-3.1578, 56.0093], [-3.2645, 55.9332], [-3.269, 55.9304], [-3.2737, 55.928], [-3.2787, 55.9262], [-3.2839, 55.9249], [-3.2891, 55.9241], [-3.2944, 55.9239], [-3.5397, 55.9285], [-3.3515, 55.8928], [-3.1721, 55.8955], [-2.9476, 55.992], [-2.9436, 55.9935], [-2.9394, 55.9947], [-2.9352, 55.9955], [-2.9309, 55.9959], [-2.7451, 56.0071], [-2.7401, 56.0071], [-2.735, 56.0067], [-2.7301, 56.0057], [-2.7252, 56.0042], [-2.5258, 55.9326], [-2.2329, 55.8595], [-2.2285, 55.8582], [-2.2243, 55.8565], [-2.2203, 55.8544], [-2.2164, 55.852], [-2.2128, 55.8492], [-1.915, 55.5987], [-1.6982, 55.4992], [-1.6936, 55.4968], [-1.6892, 55.4939], [-1.6852, 55.4906], [-1.6816, 55.4869], [-1.6783, 55.4828], [-1.6253, 55.4087], [-1.6226, 55.4045], [-1.6204, 55.4001], [-1.6186, 55.3955], [-1.6172, 55.3907], [-1.6164, 55.3858], [-1.616, 55.3808], [-1.6161, 55.3759], [-1.6167, 55.3709], [-1.6178, 55.3661], [-1.6433, 55.2753], [-1.5286, 54.9887], [-1.5113, 54.9454], [-1.3559, 54.7207], [-1.1782, 54.6438], [-0.8632, 54.5966], [-0.8583, 54.5956], [-0.8535, 54.5942], [-0.8489, 54.5922], [-0.8445, 54.5898], [-0.8404, 54.587], [-0.8366, 54.5838], [-0.5714, 54.3374], [-0.2628, 54.071], [-0.2592, 54.0675], [-0.2559, 54.0637], [-0.253, 54.0596], [-0.2506, 54.0552], [-0.2486, 54.0505], [-0.2471, 54.0457], [-0.1865, 53.8119], [-0.1854, 53.8069], [-0.1849, 53.8018], [-0.185, 53.7966], [-0.1855, 53.7915], [-0.1866, 53.7864], [-0.1882, 53.7815], [-0.2561, 53.604], [-0.182, 53.5683], [0.1027, 53.4313], [0.1076, 53.4286], [0.1121, 53.4254], [0.1163, 53.4216], [0.2098, 53.3285], [0.2129, 53.3251], [0.2157, 53.3214], [0.2181, 53.3175], [0.3115, 53.1511], [0.3137, 53.1466], [0.3155, 53.1419], [0.3168, 53.137], [0.3176, 53.1321], [0.3178, 53.1271], [0.3176, 53.122], [0.3169, 53.117], [0.2999, 53.0304], [0.2988, 53.0258], [0.2972, 53.0213], [0.2952, 53.0169], [0.2928, 53.0128], [0.29, 53.0089], [0.2868, 53.0053], [0.102, 52.8144], [0.3151, 52.7619], [0.4737, 52.8868], [0.4773, 52.8894], [0.4812, 52.8916], [0.4852, 52.8936], [0.4893, 52.8951], [0.4936, 52.8963], [0.7308, 52.95], [0.7352, 52.9508], [0.7397, 52.9511], [0.7442, 52.9511], [1.015, 52.9384], [1.0192, 52.938], [1.0233, 52.9373], [1.3866, 52.8581], [1.3918, 52.8567], [1.3969, 52.8547], [1.4017, 52.8521], [1.4062, 52.8491], [1.6159, 52.6899], [1.6199, 52.6866], [1.6235, 52.6828], [1.6266, 52.6788], [1.6294, 52.6744], [1.6316, 52.6698], [1.6334, 52.665], [1.7394, 52.3264], [1.7406, 52.3219], [1.7413, 52.3174], [1.7417, 52.3129], [1.7416, 52.3083], [1.7411, 52.3038], [1.7402, 52.2993], [1.7389, 52.2949], [1.7041, 52.1953], [1.702, 52.1903], [1.6994, 52.1855], [1.6963, 52.181], [1.5513, 51.995], [1.5481, 51.9913], [1.5446, 51.9879], [1.5407, 51.9849], [1.5365, 51.9823], [1.5322, 51.98], [1.0565, 51.7692], [0.7157, 51.52], [0.7117, 51.5174], [0.7074, 51.5151], [0.7029, 51.5132], [0.6982, 51.5118], [0.5196, 51.4677], [0.8098, 51.428], [1.025, 51.4095], [1.1753, 51.4535], [1.18, 51.4546], [1.1847, 51.4553], [1.1895, 51.4555], [1.1943, 51.4552], [1.1991, 51.4545], [1.2037, 51.4534], [1.379, 51.4008], [1.3838, 51.3991], [1.3883, 51.397], [1.3926, 51.3944], [1.3966, 51.3914], [1.4003, 51.388], [1.4037, 51.3842], [1.4066, 51.3801], [1.4091, 51.3758], [1.4112, 51.3712], [1.4128, 51.3665], [1.4139, 51.3616], [1.4145, 51.3566], [1.4147, 51.3516], [1.4143, 51.3466], [1.3846, 51.1143], [1.3837, 51.1097], [1.3825, 51.1051], [1.3808, 51.1006], [1.3786, 51.0964], [1.3761, 51.0923], [1.3732, 51.0885], [1.37, 51.085], [1.3664, 51.0819], [1.3626, 51.079], [1.3585, 51.0766], [1.3542, 51.0745], [1.3497, 51.0729], [0.937, 50.9453], [0.9383, 50.894], [0.9382, 50.8891], [0.9376, 50.8842], [0.9365, 50.8794], [0.935, 50.8747], [0.933, 50.8702], [0.9306, 50.8659], [0.9278, 50.8619], [0.9246, 50.8582], [0.921, 50.8548], [0.9171, 50.8518], [0.913, 50.8491], [0.9086, 50.8469], [0.904, 50.8452], [0.8992, 50.8439], [0.8944, 50.843], [0.8895, 50.8427], [0.8846, 50.8428], [0.8797, 50.8434], [0.6783, 50.8789], [0.211, 50.6851], [0.2066, 50.6835], [0.2022, 50.6824], [0.1976, 50.6816], [0.193, 50.6813], [0.1884, 50.6814], [0.1838, 50.6819], [-0.2117, 50.746], [-0.3351, 50.766], [-0.8298, 50.6727], [-0.835, 50.672], [-0.8403, 50.6718], [-0.8456, 50.6722], [-0.8509, 50.6732], [-0.8559, 50.6747], [-1.1075, 50.7651], [-1.3633, 50.7171], [-1.3681, 50.7165], [-2.01, 50.6593], [-1.9783, 50.5911], [-1.9765, 50.5865], [-1.9751, 50.5817], [-1.9741, 50.5768], [-1.9737, 50.5718], [-1.9738, 50.5669], [-1.9743, 50.5619], [-1.9754, 50.5571], [-1.9769, 50.5523], [-1.9789, 50.5478], [-1.9813, 50.5434], [-1.9842, 50.5394], [-1.9874, 50.5356], [-1.991, 50.5322], [-1.9949, 50.5291], [-1.9992, 50.5264], [-2.0036, 50.5242], [-2.0083, 50.5225], [-2.0131, 50.5212], [-2.018, 50.5203], [-2.0229, 50.52], [-2.0279, 50.5202], [-2.0328, 50.5209], [-2.3554, 50.5808], [-2.4217, 50.5931], [-2.5235, 50.5279], [-2.528, 50.5254], [-2.5327, 50.5233], [-2.5376, 50.5217], [-2.5426, 50.5206], [-2.5477, 50.5201], [-2.5528, 50.5201], [-2.5579, 50.5206], [-2.563, 50.5216], [-2.5679, 50.5231], [-2.9593, 50.668], [-3.0912, 50.6114], [-3.096, 50.6096], [-3.101, 50.6084], [-3.106, 50.6076], [-3.4783, 50.5714], [-3.5138, 50.3534], [-3.5148, 50.3488], [-3.5162, 50.3443], [-3.518, 50.34], [-3.5202, 50.3359], [-3.5228, 50.3319], [-3.5257, 50.3283], [-3.529, 50.3249], [-3.6809, 50.1828], [-3.6843, 50.1799], [-3.6881, 50.1772], [-3.692, 50.1749], [-3.6962, 50.173], [-3.7005, 50.1715], [-3.7049, 50.1704], [-3.7094, 50.1697], [-3.8761, 50.1507], [-3.8809, 50.1504], [-3.8857, 50.1506], [-3.8904, 50.1512], [-3.8951, 50.1522], [-3.8996, 50.1537], [-3.904, 50.1556], [-3.9082, 50.1579], [-3.9121, 50.1607], [-3.9158, 50.1637], [-4.0302, 50.2699], [-4.2271, 50.3338], [-4.266, 50.2902], [-4.2695, 50.2867], [-4.2733, 50.2836], [-4.2773, 50.2808], [-4.2817, 50.2785], [-4.2862, 50.2766], [-4.2909, 50.2751], [-4.2957, 50.2741], [-4.3006, 50.2736], [-4.3056, 50.2736], [-4.3105, 50.2741], [-4.5358, 50.3067], [-4.9428, 50.1677], [-5.2514, 49.9246], [-5.2554, 49.9217], [-5.2597, 49.9192], [-5.2642, 49.9172], [-5.2689, 49.9157], [-5.2737, 49.9146], [-5.2786, 49.914], [-5.2835, 49.9138], [-5.2885, 49.9142], [-5.2933, 49.915], [-5.2981, 49.9164], [-5.3027, 49.9181], [-5.3071, 49.9204], [-5.3112, 49.923], [-5.4492, 50.0208], [-5.7872, 50.085], [-5.792, 50.0862], [-5.7966, 50.0878], [-5.8011, 50.0899], [-5.8054, 50.0924], [-5.8094, 50.0954], [-5.8131, 50.0987], [-5.8164, 50.1023], [-5.8194, 50.1063], [-5.8219, 50.1106], [-5.824, 50.1151], [-5.8257, 50.1197], [-5.8269, 50.1246], [-5.8276, 50.1295], [-5.8278, 50.1344], [-5.8275, 50.1394], [-5.8268, 50.1443], [-5.8255, 50.1491], [-5.8238, 50.1537], [-5.8216, 50.1582], [-5.819, 50.1624], [-5.816, 50.1663], [-5.8127, 50.17], [-5.8089, 50.1732], [-5.8049, 50.1761], [-5.8006, 50.1786], [-5.7961, 50.1807], [-5.2654, 50.3892], [-5.0514, 50.5964], [-5.048, 50.5995], [-5.0442, 50.6022], [-5.0402, 50.6046], [-5.0361, 50.6066], [-5.0317, 50.6082], [-5.0272, 50.6094], [-4.8378, 50.6504], [-4.6492, 50.8067], [-4.6001, 51.009], [-4.5987, 51.0137], [-4.5968, 51.0183], [-4.5945, 51.0227], [-4.5918, 51.0268], [-4.5886, 51.0307], [-4.5851, 51.0342], [-4.5813, 51.0373], [-4.5772, 51.0401], [-4.5728, 51.0424], [-4.5682, 51.0443], [-4.5635, 51.0457], [-4.5586, 51.0467], [-4.5536, 51.0471], [-4.5487, 51.0471], [-4.5437, 51.0465], [-4.5389, 51.0455], [-4.4497, 51.0222], [-4.3282, 51.0921], [-4.331, 51.1857], [-4.3309, 51.1907], [-4.3303, 51.1957], [-4.3292, 51.2005], [-4.3276, 51.2053], [-4.3256, 51.2098], [-4.3231, 51.2142], [-4.3202, 51.2182], [-4.3169, 51.222], [-4.3133, 51.2254], [-4.3093, 51.2284], [-4.3051, 51.231], [-4.3006, 51.2332], [-4.2959, 51.235], [-4.2911, 51.2362], [-4.2862, 51.237], [-3.8304, 51.2845], [-3.8261, 51.2848], [-3.8218, 51.2847], [-3.8175, 51.2842], [-3.4789, 51.2311], [-3.1063, 51.2281], [-3.082, 51.3405], [-3.0807, 51.3454], [-3.0788, 51.3502], [-3.0765, 51.3548], [-3.0737, 51.3591], [-3.0705, 51.3631], [-3.0669, 51.3668], [-3.0629, 51.3701], [-3.0587, 51.3729], [-3.0541, 51.3753], [-2.93, 51.4326], [-2.8677, 51.5406], [-3.1534, 51.4208], [-3.1578, 51.4192], [-3.1624, 51.418], [-3.167, 51.4172], [-3.1716, 51.4169], [-3.498, 51.4097], [-3.5037, 51.4099], [-3.5093, 51.4107], [-3.5147, 51.4122], [-4.1681, 51.6271], [-5.0004, 51.6517], [-5.0056, 51.6521], [-5.0107, 51.6531], [-5.0157, 51.6546], [-5.0205, 51.6566], [-5.2001, 51.7424], [-5.2041, 51.7445], [-5.2078, 51.7469], [-5.2113, 51.7497], [-5.2146, 51.7528], [-5.2847, 51.8255], [-5.288, 51.8292], [-5.2908, 51.8332], [-5.2933, 51.8375], [-5.2953, 51.842], [-5.2969, 51.8467], [-5.298, 51.8515], [-5.2986, 51.8563], [-5.2987, 51.8613], [-5.2984, 51.8662], [-5.2976, 51.871], [-5.2963, 51.8758], [-5.2945, 51.8804], [-5.2923, 51.8848], [-5.2897, 51.889], [-5.2866, 51.8928], [-5.2833, 51.8964], [-5.2795, 51.8996], [-5.0922, 52.0458], [-5.0884, 52.0486], [-5.0844, 52.0509], [-5.0801, 52.0528], [-5.0757, 52.0544], [-5.0711, 52.0555], [-4.6318, 52.142], [-4.3217, 52.244], [-4.172, 52.3954], [-4.145, 52.7331], [-4.1742, 52.7801], [-4.4651, 52.7614], [-4.4699, 52.7613], [-4.4747, 52.7617], [-4.6277, 52.7814], [-4.6325, 52.7822], [-4.6371, 52.7835], [-4.6416, 52.7853], [-4.6459, 52.7874], [-4.65, 52.79], [-4.6538, 52.793], [-4.6573, 52.7963], [-4.6605, 52.7999], [-4.6633, 52.8038], [-4.6658, 52.808], [-4.6678, 52.8124], [-4.6693, 52.8169], [-4.6705, 52.8216], [-4.6711, 52.8264], [-4.6713, 52.8312], [-4.6711, 52.836], [-4.6704, 52.8408], [-4.6692, 52.8455], [-4.6676, 52.85], [-4.6655, 52.8544], [-4.6631, 52.8585], [-4.6602, 52.8624], [-4.5308, 53.0224], [-4.5277, 53.0259], [-4.5243, 53.029], [-4.5207, 53.0318], [-4.5168, 53.0343], [-4.43, 53.0842], [-4.5065, 53.135], [-4.5106, 53.138], [-4.5262, 53.1508], [-4.5293, 53.1536], [-4.5322, 53.1566], [-4.6052, 53.2405], [-4.6083, 53.2444], [-4.611, 53.2487], [-4.6132, 53.2531], [-4.615, 53.2578], [-4.6163, 53.2627], [-4.6172, 53.2676], [-4.6175, 53.2726], [-4.6192, 53.3873], [-4.619, 53.3923], [-4.6183, 53.3973], [-4.6171, 53.4022], [-4.6155, 53.4069], [-4.6133, 53.4115], [-4.6108, 53.4158], [-4.6086, 53.4191], [-4.6052, 53.4236], [-4.6014, 53.4276], [-4.5972, 53.4312], [-4.5902, 53.4365], [-4.5861, 53.4393], [-4.5818, 53.4417], [-4.5772, 53.4436], [-4.5725, 53.4451], [-4.4872, 53.467], [-4.4811, 53.4682], [-4.4355, 53.474], [-4.4337, 53.4742], [-4.4276, 53.4748], [-4.4231, 53.475], [-4.4161, 53.475], [-4.4098, 53.4746], [-4.3076, 53.4615], [-4.3037, 53.4609], [-4.2823, 53.4564], [-4.2767, 53.4549], [-4.2713, 53.4528], [-4.2624, 53.4486], [-4.2579, 53.4462], [-4.2536, 53.4433], [-4.247, 53.4383], [-4.243, 53.4351], [-4.2394, 53.4314], [-4.2363, 53.4274], [-4.2293, 53.4177], [-4.1944, 53.3688], [-4.1301, 53.3613], [-4.1265, 53.3618], [-4.1201, 53.3623], [-4.1135, 53.3624], [-4.1077, 53.3622], [-4.1034, 53.3618], [-4.0534, 53.3551], [-4.0518, 53.3549], [-4.0385, 53.3526], [-4.0338, 53.3516], [-4.0293, 53.3502], [-4.0249, 53.3484], [-4.0208, 53.3461], [-4.0168, 53.3434], [-4.0131, 53.3404], [-4.0098, 53.3371], [-4.0067, 53.3334], [-4.0041, 53.3295], [-4.0018, 53.3254], [-3.9999, 53.321], [-3.9984, 53.3165], [-3.9974, 53.3119], [-3.9968, 53.3072], [-3.9965, 53.3035], [-3.9964, 53.2988], [-3.9967, 53.2941], [-3.9975, 53.2895], [-3.9986, 53.2849], [-4.0002, 53.2805], [-4.0023, 53.2762], [-4.0047, 53.2722], [-4.0075, 53.2683], [-4.0106, 53.2648], [-4.0447, 53.2298], [-3.9718, 53.2528], [-3.9676, 53.254], [-3.9633, 53.2547], [-3.9589, 53.2551], [-3.3327, 53.2829], [-2.9972, 53.3105], [-3.1, 53.4886], [-3.1022, 53.4929], [-3.104, 53.4974], [-3.1054, 53.502], [-3.1063, 53.5067], [-3.1067, 53.5115], [-3.1067, 53.5163], [-3.1062, 53.5211], [-3.1052, 53.5258], [-3.028, 53.833], [-3.0268, 53.8371], [-3.0252, 53.8411], [-3.0233, 53.845], [-2.9172, 54.0377], [-2.9287, 54.1154], [-3.2578, 54.0913], [-3.263, 54.0912], [-3.2682, 54.0916], [-3.2733, 54.0926], [-3.2782, 54.0941], [-3.283, 54.0961], [-3.2876, 54.0985], [-3.5054, 54.232], [-3.5091, 54.2345], [-3.5126, 54.2373], [-3.5158, 54.2405], [-3.5188, 54.2439], [-3.5214, 54.2476], [-3.6113, 54.3881], [-3.6139, 54.3925], [-3.6159, 54.3971], [-3.6175, 54.4019], [-3.6186, 54.4069], [-3.6191, 54.4119], [-3.6192, 54.417], [-3.6187, 54.422], [-3.6178, 54.427], [-3.6163, 54.4319], [-3.6144, 54.4366], [-3.6119, 54.441], [-3.4731, 54.6691], [-3.4702, 54.6733], [-3.4669, 54.6773], [-3.4632, 54.6808], [-3.4591, 54.684], [-3.2657, 54.8197], [-3.3196, 54.8358], [-3.5705, 54.873], [-3.8888, 54.7434], [-3.8929, 54.7419], [-3.8971, 54.7408], [-3.9014, 54.7401], [-4.1153, 54.7128], [-4.1204, 54.7124], [-4.1256, 54.7126], [-4.1307, 54.7133], [-4.1357, 54.7145], [-4.4331, 54.8021], [-4.4547, 54.7545], [-4.4572, 54.7497], [-4.4601, 54.7453], [-4.4635, 54.7412], [-4.4673, 54.7375], [-4.567, 54.6502], [-4.5707, 54.6471], [-4.5748, 54.6445], [-4.5791, 54.6423], [-4.5836, 54.6405], [-4.5882, 54.6391], [-4.593, 54.6382], [-4.5978, 54.6378], [-4.6027, 54.6378], [-4.6075, 54.6383], [-4.9101, 54.6847], [-4.9163, 54.6861], [-5.1252, 54.746], [-5.1299, 54.7476], [-5.1343, 54.7496], [-5.1386, 54.7521], [-5.1426, 54.755], [-5.1463, 54.7582], [-5.1496, 54.7618], [-5.1526, 54.7657], [-5.1552, 54.7699], [-5.1574, 54.7743], [-5.1591, 54.7789], [-5.1603, 54.7837], [-5.1611, 54.7885], [-5.1614, 54.7934], [-5.1612, 54.7983], [-5.1606, 54.8032], [-5.1594, 54.808], [-5.1147, 54.9624], [-5.1131, 54.967], [-5.1111, 54.9714], [-5.1086, 54.9756], [-5.1058, 54.9796], [-5.1026, 54.9832], [-4.947, 55.144], [-4.7194, 55.41], [-4.7913, 55.443], [-4.7956, 55.4452], [-4.7996, 55.4477], [-4.8033, 55.4507], [-4.8068, 55.454], [-4.8099, 55.4576], [-4.9471, 55.6331], [-4.95, 55.637], [-4.9524, 55.6413], [-4.9544, 55.6457], [-4.9559, 55.6504], [-4.957, 55.6551], [-4.9576, 55.6599], [-4.9578, 55.6648], [-4.9574, 55.6697], [-4.9448, 55.7779], [-4.9439, 55.7829], [-4.9426, 55.7878], [-4.9407, 55.7926], [-4.9384, 55.7971], [-4.9356, 55.8014], [-4.9325, 55.8053], [-4.9289, 55.809], [-4.925, 55.8122], [-4.9208, 55.815], [-4.9163, 55.8174], [-4.9115, 55.8193], [-4.7806, 55.8649], [-4.6847, 55.9276], [-4.7413, 56.0722], [-4.81, 56.0552], [-4.8149, 56.0542], [-4.8199, 56.0537], [-4.8249, 56.0538], [-4.8298, 56.0543], [-4.8347, 56.0553], [-4.8395, 56.0568], [-4.8441, 56.0588], [-4.8484, 56.0612], [-4.8525, 56.064], [-4.8563, 56.0672], [-4.8598, 56.0708], [-4.8629, 56.0747], [-4.8655, 56.0789], [-4.8678, 56.0834], [-4.8484, 56.0972], [-4.8221, 56.1037], [-4.72, 56.3], [-4.3, 56.2], [-3.9, 56.1], [-3.6, 56.05], [-3.1868, 56.05], [-3.1698, 56.0621], [-3.139, 56.0647], [-3.1379, 56.0606], [-3.1371, 56.0558], [-3.1368, 56.0509], [-3.1369, 56.0461]]]}}, {"type": "Feature", "properties": {"NAME": "Connacht", "MAPA": "world_560.geojson", "BORDERPRECISION": 1, "MOTIVO": "Connacht al oeste del Shannon, con Clare (Tuadmumu) aún suya; frontera aproximada", "FUENTE": "https://en.wikipedia.org/wiki/Connacht · https://en.wikipedia.org/wiki/Kingdom_of_Munster"}, "geometry": {"type": "Polygon", "coordinates": [[[-8.45, 52.8], [-8.63, 52.66], [-8.9, 52.65], [-9.1606, 52.6239], [-9.1815, 52.5786], [-9.1846, 52.5801], [-9.1889, 52.5827], [-9.1928, 52.5857], [-9.1965, 52.5892], [-9.1998, 52.5929], [-9.2027, 52.597], [-9.2052, 52.6013], [-9.2072, 52.6059], [-9.2088, 52.6107], [-9.2099, 52.6156], [-9.2105, 52.6205], [-9.2105, 52.6237], [-9.6111, 52.5868], [-9.6161, 52.5866], [-9.621, 52.5869], [-9.626, 52.5877], [-9.6308, 52.589], [-9.6354, 52.5907], [-9.6399, 52.5929], [-9.6441, 52.5955], [-9.6481, 52.5985], [-9.6517, 52.6019], [-9.6549, 52.6057], [-9.6578, 52.6097], [-9.6603, 52.614], [-9.6623, 52.6186], [-9.6639, 52.6233], [-9.665, 52.6282], [-9.6656, 52.6331], [-9.6657, 52.6381], [-9.6653, 52.643], [-9.6644, 52.6479], [-9.663, 52.6527], [-9.6612, 52.6573], [-9.6589, 52.6617], [-9.6562, 52.6659], [-9.6531, 52.6698], [-9.5129, 52.8282], [-9.5581, 52.8664], [-9.5616, 52.8697], [-9.5649, 52.8734], [-9.5677, 52.8774], [-9.5702, 52.8816], [-9.5722, 52.8861], [-9.5738, 52.8907], [-9.5749, 52.8955], [-9.5756, 52.9004], [-9.5758, 52.9053], [-9.5754, 52.9102], [-9.5747, 52.915], [-9.5734, 52.9197], [-9.5717, 52.9243], [-9.5695, 52.9287], [-9.5669, 52.9329], [-9.564, 52.9368], [-9.5606, 52.9404], [-9.3442, 53.1511], [-9.3407, 53.1542], [-9.3369, 53.157], [-9.3328, 53.1594], [-9.3286, 53.1614], [-9.3241, 53.163], [-9.3196, 53.1642], [-9.3149, 53.165], [-9.3102, 53.1653], [-9.0102, 53.1702], [-8.9918, 53.1802], [-9.0219, 53.234], [-9.1355, 53.1761], [-9.1399, 53.1742], [-9.1445, 53.1726], [-9.1492, 53.1715], [-9.154, 53.1709], [-9.1588, 53.1707], [-9.1637, 53.171], [-9.1685, 53.1718], [-9.1732, 53.173], [-9.1777, 53.1747], [-9.3052, 53.2288], [-9.4359, 53.2164], [-9.4411, 53.2162], [-9.4463, 53.2165], [-9.4514, 53.2174], [-9.4564, 53.2188], [-9.4613, 53.2207], [-9.6274, 53.2958], [-9.7893, 53.2954], [-9.8595, 53.2543], [-9.864, 53.2519], [-9.8686, 53.2501], [-9.8735, 53.2487], [-9.8784, 53.2478], [-9.8834, 53.2474], [-9.8884, 53.2475], [-9.8934, 53.2481], [-9.8983, 53.2492], [-10.1733, 53.326], [-10.178, 53.3275], [-10.1825, 53.3296], [-10.1868, 53.332], [-10.1909, 53.3349], [-10.1946, 53.3382], [-10.198, 53.3418], [-10.201, 53.3458], [-10.2036, 53.35], [-10.2058, 53.3545], [-10.2075, 53.3591], [-10.2088, 53.3639], [-10.2095, 53.3688], [-10.2098, 53.3738], [-10.2096, 53.3788], [-10.2089, 53.3837], [-10.2077, 53.3885], [-10.206, 53.3932], [-10.2039, 53.3977], [-10.2014, 53.402], [-10.1984, 53.4059], [-10.1951, 53.4096], [-10.1062, 53.4978], [-10.1734, 53.5307], [-10.1776, 53.5331], [-10.1816, 53.5358], [-10.1854, 53.5389], [-10.1888, 53.5424], [-10.1918, 53.5462], [-10.1945, 53.5502], [-10.1967, 53.5545], [-10.1986, 53.559], [-10.2, 53.5636], [-10.2009, 53.5684], [-10.2014, 53.5732], [-10.2014, 53.5781], [-10.2009, 53.5829], [-10.2, 53.5876], [-10.1986, 53.5923], [-10.1967, 53.5968], [-10.1945, 53.6011], [-10.1918, 53.6051], [-10.1888, 53.6089], [-10.1854, 53.6123], [-10.1817, 53.6155], [-10.1777, 53.6182], [-10.1734, 53.6205], [-10.169, 53.6225], [-10.1644, 53.6239], [-10.1596, 53.625], [-9.8826, 53.671], [-9.9177, 53.7467], [-9.9196, 53.7512], [-9.921, 53.7559], [-9.9219, 53.7607], [-9.9223, 53.7655], [-9.9223, 53.7704], [-9.9218, 53.7752], [-9.9209, 53.78], [-9.9194, 53.7847], [-9.9175, 53.7892], [-9.9152, 53.7935], [-9.9125, 53.7975], [-9.9094, 53.8013], [-9.906, 53.8048], [-9.9022, 53.8079], [-9.8981, 53.8106], [-9.8046, 53.8668], [-9.9182, 53.9172], [-10.1679, 53.863], [-10.1728, 53.8622], [-10.1777, 53.8619], [-10.1826, 53.862], [-10.1875, 53.8627], [-10.1923, 53.8638], [-10.1969, 53.8654], [-10.2014, 53.8674], [-10.2057, 53.8699], [-10.2097, 53.8727], [-10.2134, 53.876], [-10.2167, 53.8796], [-10.2197, 53.8835], [-10.2223, 53.8877], [-10.2245, 53.8921], [-10.2262, 53.8967], [-10.2274, 53.9014], [-10.2282, 53.9063], [-10.2285, 53.9112], [-10.2284, 53.9161], [-10.2095, 54.1373], [-10.2089, 54.1421], [-10.2077, 54.1468], [-10.2062, 54.1514], [-10.2042, 54.1558], [-10.2018, 54.16], [-10.199, 54.164], [-10.1958, 54.1676], [-10.1923, 54.1709], [-10.1885, 54.1739], [-10.0181, 54.2942], [-9.9218, 54.3657], [-9.9179, 54.3683], [-9.9138, 54.3706], [-9.9096, 54.3724], [-9.9051, 54.3738], [-9.9006, 54.3748], [-9.896, 54.3754], [-9.8913, 54.3756], [-9.8867, 54.3753], [-9.8821, 54.3746], [-9.4748, 54.2924], [-9.3338, 54.3239], [-9.329, 54.3247], [-9.3242, 54.3251], [-9.3194, 54.3249], [-9.0823, 54.3081], [-9.0803, 54.3079], [-8.6849, 54.2637], [-8.7296, 54.3384], [-8.732, 54.3428], [-8.7339, 54.3474], [-8.7353, 54.3522], [-8.7362, 54.3571], [-8.7367, 54.3621], [-8.7366, 54.3671], [-8.7361, 54.372], [-8.7351, 54.3769], [-8.7336, 54.3817], [-8.7316, 54.3862], [-8.7291, 54.3906], [-8.7263, 54.3947], [-8.723, 54.3985], [-8.7194, 54.4019], [-8.7155, 54.405], [-8.7113, 54.4077], [-8.7068, 54.4099], [-8.7022, 54.4117], [-8.3246, 54.5341], [-8.3242, 54.5343], [-8.3197, 54.5366], [-8.315, 54.5384], [-8.3101, 54.5397], [-8.3051, 54.5405], [-8.3001, 54.5408], [-8.2951, 54.5406], [-8.2901, 54.5398], [-8.2852, 54.5386], [-8.2804, 54.5369], [-8.2731, 54.5339], [-8.2997, 54.4908], [-8.25, 54.47], [-8.0, 54.3], [-8.05, 54.1], [-7.9, 53.75], [-7.95, 53.45], [-8.0, 53.25], [-8.06, 53.2], [-8.3, 53.0], [-8.45, 52.8]]]}}, {"type": "Feature", "properties": {"NAME": "Dál Riata", "MAPA": "world_560.geojson", "BORDERPRECISION": 1, "MOTIVO": "Dál Riata: Argyll (Kintyre, Lorne, Cowal) e Islay y las islas vecinas; la parte de Antrim no se dibuja; frontera aproximada", "FUENTE": "https://en.wikipedia.org/wiki/D%C3%A1l_Riata"}, "geometry": {"type": "MultiPolygon", "coordinates": [[[[-5.4164, 55.704], [-5.4134, 55.707], [-5.4106, 55.7096], [-5.4076, 55.712], [-5.4003, 55.7173], [-5.3952, 55.7206], [-5.3544, 55.7434], [-5.3524, 55.7444], [-5.348, 55.7466], [-5.3474, 55.7469], [-5.3171, 55.7616], [-5.3121, 55.7637], [-5.3069, 55.7653], [-5.3016, 55.7663], [-5.2962, 55.7667], [-5.2665, 55.7672], [-5.2615, 55.7671], [-5.2479, 55.7659], [-5.2423, 55.7652], [-5.2296, 55.7627], [-5.2245, 55.7614], [-5.2136, 55.7581], [-5.211, 55.7572], [-5.181, 55.7461], [-5.1763, 55.7441], [-5.1633, 55.7377], [-5.1629, 55.7375], [-5.1457, 55.7289], [-5.141, 55.7262], [-5.1332, 55.7212], [-5.1284, 55.7177], [-5.1241, 55.7137], [-5.1185, 55.7078], [-5.1149, 55.7036], [-5.1118, 55.6989], [-5.0423, 55.5822], [-5.0403, 55.5785], [-5.0386, 55.5746], [-5.0372, 55.571], [-5.0358, 55.5668], [-5.0348, 55.5625], [-5.0341, 55.5581], [-5.025, 55.4684], [-5.0248, 55.4666], [-5.0246, 55.4625], [-5.0245, 55.4574], [-5.0249, 55.4523], [-5.0259, 55.4472], [-5.0274, 55.4423], [-5.0288, 55.4384], [-5.0309, 55.4334], [-5.0336, 55.4285], [-5.0368, 55.4241], [-5.0405, 55.4199], [-5.0435, 55.4169], [-5.0464, 55.4142], [-5.0494, 55.4118], [-5.0638, 55.4013], [-5.0686, 55.3982], [-5.0737, 55.3957], [-5.0791, 55.3937], [-5.0893, 55.3907], [-5.0931, 55.3897], [-5.097, 55.389], [-5.1653, 55.3799], [-5.1725, 55.3794], [-5.2241, 55.38], [-5.2254, 55.38], [-5.2334, 55.3803], [-5.2379, 55.3807], [-5.2423, 55.3814], [-5.2467, 55.3826], [-5.252, 55.3842], [-5.2523, 55.3844], [-5.2987, 55.3994], [-5.3035, 55.4012], [-5.313, 55.4054], [-5.3152, 55.4064], [-5.3627, 55.4303], [-5.3669, 55.4327], [-5.3709, 55.4355], [-5.3746, 55.4386], [-5.3779, 55.4421], [-5.3798, 55.4443], [-5.3831, 55.4484], [-5.3859, 55.4529], [-5.4009, 55.4798], [-5.4029, 55.4838], [-5.4459, 55.5802], [-5.4476, 55.5843], [-5.4488, 55.5885], [-5.4497, 55.5928], [-5.4502, 55.5972], [-5.4507, 55.6056], [-5.4507, 55.612], [-5.4502, 55.6209], [-5.4497, 55.6254], [-5.4488, 55.6299], [-5.4475, 55.6343], [-5.4436, 55.6454], [-5.4431, 55.6468], [-5.4278, 55.6866], [-5.4256, 55.6913], [-5.423, 55.6959], [-5.4199, 55.7001], [-5.4164, 55.704]]], [[[-6.4234, 55.6376], [-6.4275, 55.6354], [-6.4405, 55.629], [-6.4456, 55.6268], [-6.4565, 55.6229], [-6.4619, 55.6213], [-6.4674, 55.6203], [-6.4791, 55.619], [-6.4832, 55.6186], [-6.4873, 55.6187], [-6.4915, 55.619], [-6.4978, 55.6199], [-6.5038, 55.621], [-6.5095, 55.6228], [-6.5195, 55.6267], [-6.5238, 55.6286], [-6.5279, 55.6309], [-6.5317, 55.6336], [-6.5353, 55.6366], [-6.5389, 55.6399], [-6.5421, 55.6432], [-6.545, 55.6467], [-6.5492, 55.6522], [-6.5517, 55.656], [-6.5539, 55.6599], [-6.5558, 55.6641], [-6.5572, 55.6684], [-6.5583, 55.6728], [-6.5589, 55.6772], [-6.5598, 55.6856], [-6.56, 55.6907], [-6.5597, 55.6959], [-6.5589, 55.701], [-6.5576, 55.706], [-6.5476, 55.7368], [-6.5466, 55.7394], [-6.5419, 55.7516], [-6.5418, 55.752], [-6.4962, 55.867], [-6.4943, 55.8712], [-6.4921, 55.8751], [-6.4895, 55.8789], [-6.4866, 55.8824], [-6.4834, 55.8856], [-6.4798, 55.8885], [-6.4761, 55.8911], [-6.468, 55.8961], [-6.4631, 55.8988], [-6.4578, 55.9009], [-6.4524, 55.9024], [-6.3805, 55.9183], [-6.3753, 55.9191], [-6.3701, 55.9194], [-6.3649, 55.9192], [-6.3181, 55.9147], [-6.2127, 55.962], [-6.21, 55.9631], [-6.1809, 55.9742], [-6.177, 55.9755], [-6.1558, 55.9816], [-6.1497, 55.983], [-6.1445, 55.9838], [-6.14, 55.9843], [-6.1354, 55.9844], [-6.1309, 55.9841], [-6.1237, 55.9833], [-6.1193, 55.9826], [-6.115, 55.9815], [-6.1108, 55.98], [-6.1067, 55.9781], [-6.1028, 55.9759], [-6.0953, 55.9712], [-6.0914, 55.9684], [-6.0897, 55.9671], [-6.0045, 56.0578], [-6.0009, 56.0613], [-5.997, 56.0644], [-5.9928, 56.0671], [-5.9805, 56.074], [-5.9803, 56.0741], [-5.9309, 56.1019], [-5.9298, 56.1025], [-5.9251, 56.105], [-5.925, 56.105], [-5.8325, 56.1539], [-5.8291, 56.1556], [-5.775, 56.1792], [-5.7742, 56.1795], [-5.7642, 56.1837], [-5.7628, 56.1842], [-5.7292, 56.197], [-5.7249, 56.1984], [-5.7206, 56.1994], [-5.7161, 56.2], [-5.7103, 56.2006], [-5.7052, 56.2008], [-5.7001, 56.2005], [-5.695, 56.1997], [-5.6901, 56.1984], [-5.679, 56.1948], [-5.6746, 56.1931], [-5.6704, 56.1911], [-5.6664, 56.1886], [-5.6627, 56.1858], [-5.6592, 56.1827], [-5.6561, 56.1793], [-5.6533, 56.1756], [-5.6508, 56.1716], [-5.6487, 56.1674], [-5.6393, 56.146], [-5.6376, 56.1418], [-5.6364, 56.1374], [-5.6355, 56.1329], [-5.6349, 56.129], [-5.6344, 56.1219], [-5.6344, 56.1175], [-5.6346, 56.113], [-5.6352, 56.1086], [-5.6362, 56.1042], [-5.6376, 56.0999], [-5.6393, 56.0955], [-5.6411, 56.0912], [-5.6433, 56.0872], [-5.6459, 56.0833], [-5.6506, 56.0769], [-5.6534, 56.0736], [-5.6563, 56.0705], [-5.6596, 56.0676], [-5.6631, 56.0651], [-5.6748, 56.0573], [-5.6801, 56.0542], [-5.6817, 56.0534], [-5.6857, 56.0504], [-5.6972, 56.0406], [-5.7103, 56.0286], [-5.7143, 56.024], [-5.8082, 55.9166], [-5.8659, 55.8503], [-5.9059, 55.8012], [-5.9291, 55.7626], [-5.9318, 55.7585], [-5.935, 55.7547], [-5.9385, 55.7512], [-5.9423, 55.748], [-5.9465, 55.7453], [-5.9509, 55.743], [-5.9554, 55.7411], [-5.9602, 55.7397], [-5.9651, 55.7388], [-5.97, 55.7384], [-5.975, 55.7384], [-5.9839, 55.739], [-5.983, 55.7367], [-5.9816, 55.7322], [-5.9808, 55.7275], [-5.9752, 55.6878], [-5.9748, 55.6829], [-5.9748, 55.678], [-5.9753, 55.6732], [-5.9763, 55.6684], [-5.9777, 55.6638], [-5.9796, 55.6593], [-5.9819, 55.655], [-5.9846, 55.651], [-5.9877, 55.6472], [-5.9905, 55.6442], [-5.9942, 55.6405], [-5.9983, 55.6372], [-6.0092, 55.6294], [-6.0152, 55.6257], [-6.0535, 55.6057], [-6.0589, 55.6032], [-6.2102, 55.5458], [-6.2548, 55.5268], [-6.2592, 55.5252], [-6.2637, 55.5239], [-6.2683, 55.5232], [-6.273, 55.5228], [-6.2777, 55.5229], [-6.2823, 55.5234], [-6.3084, 55.5276], [-6.3142, 55.5288], [-6.3309, 55.5336], [-6.335, 55.5349], [-6.3391, 55.5367], [-6.3429, 55.5388], [-6.3513, 55.5438], [-6.3556, 55.5467], [-6.3596, 55.5501], [-6.3633, 55.5539], [-6.3665, 55.558], [-6.3685, 55.5608], [-6.3712, 55.5651], [-6.3735, 55.5697], [-6.3752, 55.5746], [-6.3765, 55.5795], [-6.3773, 55.5846], [-6.3775, 55.5897], [-6.3772, 55.5949], [-6.3764, 55.6], [-6.3708, 55.6258], [-6.3697, 55.63], [-6.3686, 55.6336], [-6.3673, 55.6373], [-6.3459, 55.6914], [-6.3482, 55.6892], [-6.3615, 55.6784], [-6.3631, 55.6772], [-6.3808, 55.6639], [-6.3847, 55.6612], [-6.4234, 55.6376]]], [[[-5.8045, 55.4882], [-5.8032, 55.493], [-5.8014, 55.4976], [-5.7344, 55.6484], [-5.732, 55.653], [-5.7293, 55.6573], [-5.7261, 55.6613], [-5.7225, 55.665], [-5.7185, 55.6682], [-5.7142, 55.6711], [-5.7097, 55.6735], [-5.705, 55.6754], [-5.7, 55.6768], [-5.5865, 55.7033], [-5.5885, 55.704], [-5.5929, 55.706], [-5.5971, 55.7084], [-5.6011, 55.7112], [-5.6048, 55.7144], [-5.6081, 55.7179], [-5.6111, 55.7218], [-5.6137, 55.7259], [-5.6159, 55.7302], [-5.6176, 55.7348], [-5.6805, 55.9241], [-5.6818, 55.9286], [-5.6826, 55.9332], [-5.683, 55.9378], [-5.683, 55.9425], [-5.6825, 55.9472], [-5.6816, 55.9517], [-5.6803, 55.9562], [-5.6786, 55.9606], [-5.6764, 55.9647], [-5.5404, 56.2021], [-5.5364, 56.2081], [-5.346, 56.4512], [-5.3294, 56.5164], [-5.4746, 56.5846], [-5.5254, 56.5962], [-5.6039, 56.4871], [-5.6068, 56.4835], [-5.61, 56.4801], [-5.6134, 56.4771], [-5.6172, 56.4744], [-5.7943, 56.3586], [-5.7986, 56.3561], [-5.8032, 56.354], [-5.8079, 56.3524], [-5.8128, 56.3513], [-5.8178, 56.3506], [-5.8228, 56.3505], [-5.8278, 56.3509], [-5.8327, 56.3517], [-5.8375, 56.3531], [-6.0594, 56.4274], [-6.0639, 56.4291], [-6.0682, 56.4313], [-6.0722, 56.4338], [-6.076, 56.4367], [-6.0795, 56.44], [-6.0827, 56.4436], [-6.0855, 56.4475], [-6.0879, 56.4517], [-6.0899, 56.456], [-6.0915, 56.4606], [-6.0926, 56.4652], [-6.0933, 56.47], [-6.0935, 56.4748], [-6.0933, 56.4796], [-6.0926, 56.4843], [-6.0915, 56.489], [-6.0899, 56.4935], [-6.0879, 56.4979], [-5.9533, 56.7563], [-5.9508, 56.7606], [-5.948, 56.7645], [-5.9447, 56.7682], [-5.9412, 56.7715], [-5.846, 56.8516], [-5.8422, 56.8545], [-5.8382, 56.857], [-5.8339, 56.8591], [-5.8295, 56.8608], [-5.8249, 56.8621], [-5.8202, 56.863], [-5.8154, 56.8633], [-5.8107, 56.8633], [-5.7584, 56.86], [-5.8138, 56.8134], [-5.6, 56.8], [-5.0, 56.75], [-4.8, 56.5], [-4.72, 56.3], [-4.8221, 56.1037], [-4.7574, 56.1197], [-4.7777, 56.0806], [-4.7801, 56.0765], [-4.7828, 56.0727], [-4.7859, 56.0692], [-4.7893, 56.0659], [-4.793, 56.063], [-4.797, 56.0604], [-4.8012, 56.0583], [-4.8055, 56.0565], [-4.81, 56.0552], [-4.8271, 56.0509], [-5.1056, 55.8527], [-5.1095, 55.8502], [-5.1135, 55.8481], [-5.1178, 55.8464], [-5.1221, 55.845], [-5.1266, 55.8441], [-5.1311, 55.8436], [-5.3192, 55.8304], [-5.527, 55.7171], [-5.5245, 55.7176], [-5.5196, 55.718], [-5.5148, 55.7179], [-5.51, 55.7174], [-5.5053, 55.7164], [-5.5007, 55.715], [-5.4962, 55.7131], [-5.4919, 55.7108], [-5.4879, 55.7081], [-5.4842, 55.705], [-5.4808, 55.7016], [-5.4777, 55.6979], [-5.475, 55.6939], [-5.4727, 55.6896], [-5.4709, 55.6851], [-5.4694, 55.6805], [-5.4684, 55.6758], [-5.433, 55.4505], [-5.4325, 55.4458], [-5.4324, 55.441], [-5.4328, 55.4363], [-5.4336, 55.4317], [-5.4349, 55.4271], [-5.4366, 55.4227], [-5.4387, 55.4185], [-5.4411, 55.4145], [-5.444, 55.4107], [-5.4472, 55.4072], [-5.4507, 55.404], [-5.5886, 55.2909], [-5.5927, 55.2879], [-5.597, 55.2853], [-5.6015, 55.2832], [-5.6063, 55.2815], [-5.6111, 55.2804], [-5.6161, 55.2797], [-5.6211, 55.2795], [-5.6989, 55.2807], [-5.7039, 55.2811], [-5.7087, 55.2818], [-5.7135, 55.2831], [-5.7181, 55.2849], [-5.7225, 55.287], [-5.7267, 55.2896], [-5.7306, 55.2926], [-5.7341, 55.296], [-5.7374, 55.2997], [-5.7402, 55.3037], [-5.7427, 55.308], [-5.7447, 55.3125], [-5.8022, 55.459], [-5.8038, 55.4637], [-5.8049, 55.4685], [-5.8055, 55.4734], [-5.8057, 55.4784], [-5.8053, 55.4833], [-5.8045, 55.4882]]]]}}, {"type": "Feature", "properties": {"NAME": "Laigin", "MAPA": "world_560.geojson", "BORDERPRECISION": 1, "MOTIVO": "Laigin (Leinster) de los Uí Dúnlainge, al sur del Liffey y al este del Barrow, tras perder las Midlands; frontera aproximada", "FUENTE": "https://en.wikipedia.org/wiki/Kingdom_of_Leinster"}, "geometry": {"type": "Polygon", "coordinates": [[[-7.1, 53.3], [-6.6, 53.33], [-6.2, 53.35], [-6.1511, 53.35], [-6.1629, 53.4], [-6.1511, 53.4], [-6.1463, 53.3998], [-6.1416, 53.3991], [-6.137, 53.398], [-6.1325, 53.3964], [-6.1281, 53.3944], [-6.124, 53.392], [-6.1201, 53.3892], [-6.1165, 53.3861], [-6.1132, 53.3826], [-6.1103, 53.3788], [-6.1077, 53.3748], [-6.1055, 53.3705], [-6.1038, 53.3661], [-6.1025, 53.3615], [-5.9944, 52.9046], [-5.9936, 52.9002], [-5.9931, 52.8958], [-5.9931, 52.8913], [-5.9935, 52.8868], [-5.9942, 52.8824], [-6.0218, 52.7559], [-6.0231, 52.7511], [-6.0249, 52.7465], [-6.0271, 52.7421], [-6.0298, 52.7379], [-6.0328, 52.7339], [-6.0363, 52.7303], [-6.1925, 52.582], [-6.2948, 52.4069], [-6.3582, 52.1998], [-6.3597, 52.1954], [-6.3617, 52.1911], [-6.3641, 52.187], [-6.3669, 52.1832], [-6.37, 52.1797], [-6.3734, 52.1765], [-6.3772, 52.1736], [-6.3811, 52.171], [-6.3853, 52.1689], [-6.3897, 52.1672], [-6.3942, 52.1658], [-6.4774, 52.1458], [-6.4828, 52.1448], [-6.4883, 52.1444], [-6.4938, 52.1446], [-6.4992, 52.1454], [-6.6207, 52.1704], [-6.8672, 52.1579], [-6.9092, 52.0987], [-6.9122, 52.0949], [-6.9156, 52.0914], [-6.9193, 52.0882], [-6.9232, 52.0854], [-6.9274, 52.083], [-6.9319, 52.081], [-6.9365, 52.0795], [-6.9412, 52.0784], [-6.946, 52.0778], [-6.9509, 52.0777], [-6.9557, 52.078], [-6.9605, 52.0788], [-6.9652, 52.08], [-6.9697, 52.0817], [-6.9741, 52.0838], [-6.9782, 52.0864], [-6.9821, 52.0893], [-6.9857, 52.0926], [-6.9889, 52.0962], [-6.9918, 52.1001], [-6.9942, 52.1043], [-6.9963, 52.1087], [-6.9966, 52.1096], [-6.9617, 52.1112], [-6.95, 52.1276], [-6.95, 52.2], [-7.0, 52.5], [-7.2, 52.8], [-7.6, 53.0], [-7.7429, 53.2], [-7.6, 53.2], [-7.1, 53.3]]]}}, {"type": "Feature", "properties": {"NAME": "Mumu", "MAPA": "world_560.geojson", "BORDERPRECISION": 1, "MOTIVO": "Mumu (Munster) de los Eóganachta de Cashel, con Osraige como túath dependiente; frontera aproximada", "FUENTE": "https://en.wikipedia.org/wiki/Kingdom_of_Munster"}, "geometry": {"type": "Polygon", "coordinates": [[[-6.9024, 52.1125], [-6.9042, 52.1076], [-6.9065, 52.103], [-6.9092, 52.0987], [-6.9209, 52.0823], [-6.924, 52.0783], [-6.9275, 52.0747], [-6.9314, 52.0714], [-6.9355, 52.0686], [-6.94, 52.0662], [-6.9446, 52.0642], [-6.9494, 52.0627], [-6.9543, 52.0617], [-6.9594, 52.0613], [-7.3674, 52.0423], [-7.7336, 51.9848], [-7.8365, 51.9249], [-7.8418, 51.9222], [-8.1368, 51.7947], [-8.5411, 51.5717], [-8.5451, 51.5697], [-8.5493, 51.5681], [-8.5536, 51.5668], [-8.558, 51.566], [-8.5625, 51.5655], [-8.8386, 51.5503], [-9.228, 51.425], [-9.2339, 51.4235], [-9.24, 51.4227], [-9.8158, 51.3847], [-9.8207, 51.3846], [-9.8257, 51.385], [-9.8305, 51.3859], [-9.8353, 51.3872], [-9.8398, 51.3891], [-9.8442, 51.3913], [-9.8484, 51.394], [-9.8522, 51.3971], [-9.8557, 51.4005], [-9.8589, 51.4043], [-9.8617, 51.4084], [-9.8641, 51.4127], [-9.866, 51.4172], [-9.8675, 51.4219], [-9.8685, 51.4268], [-9.869, 51.4317], [-9.8691, 51.4366], [-9.8686, 51.4415], [-9.8459, 51.6031], [-9.8753, 51.7482], [-10.2111, 51.7087], [-10.2159, 51.7084], [-10.2207, 51.7085], [-10.2255, 51.7091], [-10.2302, 51.7101], [-10.2347, 51.7116], [-10.2392, 51.7136], [-10.2434, 51.7159], [-10.2473, 51.7187], [-10.251, 51.7218], [-10.2544, 51.7252], [-10.2574, 51.729], [-10.26, 51.733], [-10.2623, 51.7373], [-10.2641, 51.7418], [-10.3412, 51.961], [-10.3426, 51.9658], [-10.3435, 51.9706], [-10.344, 51.9755], [-10.344, 51.9804], [-10.3434, 51.9853], [-10.3424, 51.9901], [-10.341, 51.9948], [-10.3391, 51.9993], [-10.3367, 52.0037], [-10.3339, 52.0077], [-10.3308, 52.0115], [-10.3273, 52.015], [-10.3235, 52.0181], [-10.3193, 52.0208], [-10.315, 52.023], [-10.3104, 52.0249], [-10.2461, 52.0472], [-10.4982, 52.0517], [-10.5032, 52.052], [-10.5082, 52.0529], [-10.5131, 52.0542], [-10.5178, 52.056], [-10.5223, 52.0583], [-10.5265, 52.061], [-10.5304, 52.0642], [-10.534, 52.0677], [-10.5373, 52.0716], [-10.5401, 52.0757], [-10.5425, 52.0802], [-10.5444, 52.0848], [-10.5459, 52.0896], [-10.5468, 52.0946], [-10.5473, 52.0996], [-10.5472, 52.1046], [-10.5467, 52.1097], [-10.5456, 52.1146], [-10.5175, 52.2196], [-10.5161, 52.2241], [-10.5142, 52.2285], [-10.512, 52.2326], [-10.5093, 52.2366], [-10.5063, 52.2402], [-10.5029, 52.2436], [-10.4993, 52.2466], [-10.4953, 52.2493], [-10.4912, 52.2516], [-10.4868, 52.2535], [-10.4823, 52.2549], [-10.4776, 52.2559], [-10.4729, 52.2565], [-10.4682, 52.2566], [-9.9024, 52.2447], [-9.8466, 52.274], [-9.8332, 52.3494], [-9.8324, 52.3533], [-9.8313, 52.3571], [-9.783, 52.4966], [-9.7811, 52.5012], [-9.7789, 52.5055], [-9.7762, 52.5097], [-9.7731, 52.5135], [-9.7697, 52.517], [-9.7659, 52.5202], [-9.7618, 52.5229], [-9.7575, 52.5253], [-9.753, 52.5272], [-9.7483, 52.5287], [-9.5166, 52.5889], [-9.5114, 52.59], [-9.5062, 52.5905], [-9.2253, 52.603], [-9.206, 52.6449], [-9.2038, 52.6491], [-9.2012, 52.653], [-9.1983, 52.6567], [-9.195, 52.6602], [-9.1915, 52.6632], [-9.1876, 52.666], [-9.1835, 52.6684], [-9.1793, 52.6703], [-9.1748, 52.6719], [-9.1702, 52.673], [-9.1655, 52.6737], [-9.1363, 52.6766], [-9.1606, 52.6239], [-8.9, 52.65], [-8.63, 52.66], [-8.45, 52.8], [-8.3, 53.0], [-8.06, 53.2], [-7.7429, 53.2], [-7.6, 53.0], [-7.2, 52.8], [-7.0, 52.5], [-6.95, 52.2], [-6.95, 52.1276], [-6.9, 52.1981], [-6.9, 52.1276], [-6.9003, 52.1225], [-6.9011, 52.1174], [-6.9024, 52.1125]]]}}, {"type": "Feature", "properties": {"NAME": "Picts", "MAPA": "world_560.geojson", "BORDERPRECISION": 1, "MOTIVO": "Pictos: Escocia al norte del istmo Forth-Clyde, salvo Dál Riata al oeste del Druim Alban; Orcadas, Shetland y Hébridas Exteriores quedan sin datos por falta de fuente; frontera aproximada", "FUENTE": "https://en.wikipedia.org/wiki/Picts"}, "geometry": {"type": "Polygon", "coordinates": [[[-5.8613, 56.7977], [-5.8626, 56.8025], [-5.8634, 56.8074], [-5.8638, 56.8123], [-5.8637, 56.8173], [-5.863, 56.8222], [-5.8619, 56.827], [-5.8603, 56.8317], [-5.8583, 56.8362], [-5.8558, 56.8405], [-5.8529, 56.8445], [-5.8496, 56.8482], [-5.846, 56.8516], [-5.7036, 56.9715], [-5.6813, 57.0052], [-5.7729, 57.2398], [-5.7745, 57.2446], [-5.7756, 57.2494], [-5.7762, 57.2544], [-5.7763, 57.2594], [-5.7759, 57.2643], [-5.7751, 57.2693], [-5.7737, 57.2741], [-5.7719, 57.2787], [-5.7696, 57.2831], [-5.7668, 57.2873], [-5.7637, 57.2912], [-5.7602, 57.2948], [-5.7564, 57.298], [-5.7523, 57.3008], [-5.7479, 57.3031], [-5.7433, 57.3051], [-5.7385, 57.3065], [-5.5855, 57.3448], [-5.5394, 57.3855], [-5.7934, 57.5801], [-5.7972, 57.5833], [-5.8007, 57.5869], [-5.8038, 57.5909], [-5.8065, 57.5951], [-5.8087, 57.5996], [-5.8105, 57.6043], [-5.8118, 57.6091], [-5.8126, 57.6141], [-5.813, 57.6191], [-5.8128, 57.6241], [-5.8121, 57.6291], [-5.8109, 57.634], [-5.8093, 57.6387], [-5.8071, 57.6432], [-5.8046, 57.6475], [-5.8016, 57.6516], [-5.7982, 57.6553], [-5.7944, 57.6586], [-5.5999, 57.8162], [-5.596, 57.8191], [-5.5918, 57.8216], [-5.5874, 57.8237], [-5.5828, 57.8253], [-5.5781, 57.8265], [-5.5732, 57.8272], [-5.5683, 57.8274], [-5.5635, 57.8271], [-5.5587, 57.8264], [-5.2309, 57.7608], [-5.1465, 57.7808], [-5.384, 58.0604], [-5.3871, 58.0643], [-5.3897, 58.0686], [-5.3919, 58.0731], [-5.3936, 58.0778], [-5.3949, 58.0826], [-5.3957, 58.0876], [-5.3959, 58.0926], [-5.3957, 58.0976], [-5.395, 58.1025], [-5.3937, 58.1074], [-5.392, 58.1121], [-5.3899, 58.1166], [-5.3873, 58.1209], [-5.3842, 58.1249], [-5.3808, 58.1285], [-5.3771, 58.1318], [-5.373, 58.1348], [-5.3687, 58.1373], [-5.3641, 58.1393], [-5.3594, 58.1409], [-5.3545, 58.142], [-5.0054, 58.2026], [-5.1497, 58.3613], [-5.1528, 58.365], [-5.1555, 58.3691], [-5.1579, 58.3734], [-5.1597, 58.3779], [-5.1612, 58.3826], [-5.1621, 58.3874], [-5.1626, 58.3923], [-5.1627, 58.3972], [-5.1622, 58.402], [-5.1613, 58.4068], [-5.1599, 58.4115], [-5.158, 58.416], [-5.1558, 58.4204], [-5.1531, 58.4244], [-5.15, 58.4282], [-5.1466, 58.4317], [-4.9594, 58.6038], [-4.9555, 58.607], [-4.9513, 58.6098], [-4.9468, 58.6122], [-4.9421, 58.6142], [-4.9372, 58.6156], [-4.9322, 58.6165], [-4.9271, 58.6169], [-4.922, 58.6168], [-4.917, 58.6162], [-4.912, 58.6151], [-4.9072, 58.6135], [-4.5031, 58.454], [-4.1467, 58.4943], [-3.8405, 58.5562], [-3.8333, 58.5571], [-3.4433, 58.5785], [-3.4394, 58.5785], [-3.1639, 58.5722], [-3.159, 58.5718], [-3.1542, 58.571], [-3.1495, 58.5697], [-3.1449, 58.568], [-3.1406, 58.5658], [-3.1364, 58.5632], [-3.1326, 58.5603], [-2.996, 58.4438], [-2.9924, 58.4404], [-2.9891, 58.4367], [-2.9863, 58.4327], [-2.9838, 58.4284], [-2.9818, 58.4239], [-2.9802, 58.4192], [-2.9791, 58.4144], [-2.9785, 58.4095], [-2.9784, 58.4046], [-2.9788, 58.3997], [-2.9796, 58.3948], [-2.9809, 58.3901], [-2.9827, 58.3854], [-2.9849, 58.381], [-2.9876, 58.3769], [-2.9906, 58.373], [-2.994, 58.3694], [-3.132, 58.2388], [-3.1355, 58.2358], [-3.1393, 58.2331], [-3.1433, 58.2308], [-3.1475, 58.2288], [-3.9208, 57.9135], [-4.1122, 57.7994], [-4.1861, 57.6499], [-4.1298, 57.6039], [-3.7971, 57.5916], [-3.4052, 57.6263], [-3.4009, 57.6264], [-3.0927, 57.627], [-3.0856, 57.6265], [-2.8515, 57.5935], [-2.1524, 57.6219], [-2.1472, 57.6219], [-2.142, 57.6213], [-2.1369, 57.6201], [-2.1319, 57.6185], [-2.1272, 57.6163], [-2.1227, 57.6136], [-2.1185, 57.6105], [-1.9127, 57.4402], [-1.9091, 57.4368], [-1.9058, 57.4331], [-1.9029, 57.4291], [-1.9003, 57.4249], [-1.8983, 57.4204], [-1.8966, 57.4157], [-1.8955, 57.4109], [-1.8948, 57.406], [-1.8946, 57.401], [-1.8949, 57.3961], [-1.8957, 57.3912], [-1.897, 57.3864], [-1.8987, 57.3818], [-1.9009, 57.3773], [-1.9036, 57.3731], [-1.9066, 57.3692], [-2.0677, 57.1803], [-2.1405, 57.0692], [-2.1213, 57.0473], [-2.1184, 57.0435], [-2.1158, 57.0396], [-2.1136, 57.0353], [-2.1118, 57.0309], [-2.1104, 57.0264], [-2.1095, 57.0217], [-2.109, 57.017], [-2.109, 57.0122], [-2.1094, 57.0075], [-2.1103, 57.0028], [-2.1116, 56.9982], [-2.1133, 56.9938], [-2.1155, 56.9896], [-2.118, 56.9856], [-2.121, 56.9818], [-2.3752, 56.6847], [-2.3786, 56.6811], [-2.3825, 56.6777], [-2.3867, 56.6748], [-2.3911, 56.6724], [-2.4823, 56.6276], [-2.6276, 56.4403], [-2.6306, 56.4368], [-2.6339, 56.4336], [-2.6375, 56.4307], [-2.6413, 56.4282], [-2.6454, 56.426], [-2.6496, 56.4242], [-2.9554, 56.3096], [-2.9321, 56.2999], [-2.7053, 56.2257], [-2.7006, 56.2239], [-2.6962, 56.2217], [-2.692, 56.219], [-2.6881, 56.2159], [-2.6845, 56.2125], [-2.6812, 56.2087], [-2.6784, 56.2046], [-2.676, 56.2002], [-2.674, 56.1956], [-2.6725, 56.1909], [-2.6715, 56.186], [-2.6709, 56.1811], [-2.6709, 56.1761], [-2.6714, 56.1711], [-2.6723, 56.1662], [-2.6737, 56.1614], [-2.6757, 56.1568], [-2.678, 56.1524], [-2.6808, 56.1483], [-2.684, 56.1444], [-2.6875, 56.1409], [-2.6914, 56.1378], [-2.6956, 56.1351], [-2.7, 56.1328], [-2.7046, 56.1309], [-2.7094, 56.1295], [-2.7143, 56.1286], [-2.7542, 56.1233], [-2.8666, 56.0446], [-2.8711, 56.0418], [-2.8758, 56.0395], [-2.8808, 56.0377], [-2.8859, 56.0364], [-2.8911, 56.0357], [-3.1519, 56.0134], [-3.1578, 56.0093], [-3.1621, 56.0065], [-3.1667, 56.0042], [-3.1716, 56.0024], [-3.1765, 56.0011], [-3.1816, 56.0003], [-3.1868, 56.0], [-3.2569, 56.0], [-3.1868, 56.05], [-3.6, 56.05], [-3.9, 56.1], [-4.3, 56.2], [-4.72, 56.3], [-4.8, 56.5], [-5.0, 56.75], [-5.6, 56.8], [-5.8138, 56.8134], [-5.852, 56.7812], [-5.8546, 56.7845], [-5.8573, 56.7887], [-5.8595, 56.7931], [-5.8613, 56.7977]]]}}, {"type": "Feature", "properties": {"NAME": "Ulaid", "MAPA": "world_560.geojson", "BORDERPRECISION": 1, "MOTIVO": "Ulaid (Dál Fiatach, Dál nAraidi): Antrim y Down, al este del Bann y del lago Neagh; frontera aproximada", "FUENTE": "https://en.wikipedia.org/wiki/Ulaid"}, "geometry": {"type": "Polygon", "coordinates": [[[-6.45, 54.4], [-6.5, 54.6], [-6.55, 54.9], [-6.78, 55.15], [-6.7682, 55.1944], [-6.8213, 55.1892], [-6.8165, 55.2073], [-6.8149, 55.2121], [-6.8129, 55.2167], [-6.8104, 55.2211], [-6.8075, 55.2252], [-6.8042, 55.2291], [-6.8005, 55.2325], [-6.7965, 55.2356], [-6.7922, 55.2382], [-6.7877, 55.2404], [-6.7829, 55.2422], [-6.778, 55.2434], [-6.773, 55.2442], [-6.6501, 55.2562], [-6.645, 55.2564], [-6.64, 55.2562], [-6.4491, 55.2363], [-6.4452, 55.2357], [-6.4414, 55.2348], [-6.2758, 55.1905], [-6.1228, 55.2098], [-6.1176, 55.2102], [-6.1124, 55.2101], [-6.1073, 55.2094], [-6.1023, 55.2082], [-6.0974, 55.2064], [-6.0927, 55.2042], [-6.0883, 55.2015], [-5.99, 55.1343], [-5.9861, 55.1313], [-5.9825, 55.128], [-5.9793, 55.1244], [-5.9764, 55.1204], [-5.7431, 54.7648], [-5.7404, 54.7602], [-5.7382, 54.7553], [-5.7365, 54.7502], [-5.7153, 54.6697], [-5.7143, 54.6646], [-5.7137, 54.6594], [-5.7138, 54.6542], [-5.7143, 54.649], [-5.7154, 54.6439], [-5.7456, 54.5322], [-5.6204, 54.3506], [-5.6178, 54.3466], [-5.6157, 54.3423], [-5.614, 54.3379], [-5.6128, 54.3333], [-5.6119, 54.3286], [-5.6115, 54.3239], [-5.6116, 54.3191], [-5.6121, 54.3144], [-5.6131, 54.3098], [-5.6145, 54.3052], [-5.6163, 54.3008], [-5.6862, 54.1534], [-5.6883, 54.1495], [-5.6907, 54.1458], [-5.6934, 54.1423], [-5.6965, 54.1391], [-5.6998, 54.1361], [-5.8805, 53.9886], [-5.8841, 53.986], [-5.888, 53.9836], [-5.892, 53.9816], [-5.8962, 53.98], [-6.0557, 53.9262], [-6.0606, 53.9248], [-6.0655, 53.924], [-6.199, 53.9073], [-6.2037, 53.9069], [-6.2085, 53.907], [-6.2133, 53.9076], [-6.2179, 53.9086], [-6.2225, 53.91], [-6.2269, 53.9119], [-6.2311, 53.9141], [-6.2351, 53.9168], [-6.2387, 53.9198], [-6.2421, 53.9232], [-6.2452, 53.9269], [-6.2623, 53.9498], [-6.2064, 53.9567], [-6.2052, 53.9569], [-6.35, 54.15], [-6.45, 54.4]]]}}, {"type": "Feature", "properties": {"NAME": "Uí Néill", "MAPA": "world_560.geojson", "BORDERPRECISION": 1, "MOTIVO": "Uí Néill del norte (Cenél Conaill, Cenél nEógain) y del sur (Mide, Brega), con los Airgíalla dependientes; frontera aproximada", "FUENTE": "https://en.wikipedia.org/wiki/U%C3%AD_N%C3%A9ill"}, "geometry": {"type": "Polygon", "coordinates": [[[-6.1568, 53.9444], [-6.1582, 53.9397], [-6.1602, 53.9351], [-6.1626, 53.9307], [-6.1654, 53.9266], [-6.1686, 53.9228], [-6.1721, 53.9194], [-6.176, 53.9163], [-6.1802, 53.9136], [-6.1847, 53.9113], [-6.1893, 53.9095], [-6.1941, 53.9081], [-6.199, 53.9073], [-6.2002, 53.9071], [-6.3305, 53.8908], [-6.3562, 53.8805], [-6.2988, 53.8205], [-6.2953, 53.8164], [-6.2923, 53.812], [-6.2897, 53.8072], [-6.127, 53.4604], [-6.125, 53.4557], [-6.1236, 53.4507], [-6.1025, 53.3615], [-6.1016, 53.3566], [-6.1011, 53.3516], [-6.1012, 53.3466], [-6.1018, 53.3416], [-6.1029, 53.3367], [-6.1045, 53.332], [-6.1065, 53.3274], [-6.109, 53.3231], [-6.1119, 53.319], [-6.1152, 53.3152], [-6.1189, 53.3118], [-6.1228, 53.3088], [-6.1271, 53.3061], [-6.1316, 53.304], [-6.1363, 53.3022], [-6.1396, 53.3014], [-6.1511, 53.35], [-6.2, 53.35], [-6.6, 53.33], [-7.1, 53.3], [-7.6, 53.2], [-7.7429, 53.2], [-8.06, 53.2], [-8.0, 53.25], [-7.95, 53.45], [-7.9, 53.75], [-8.05, 54.1], [-8.0, 54.3], [-8.25, 54.47], [-8.2997, 54.4908], [-8.3006, 54.4893], [-8.3469, 54.4743], [-8.3473, 54.4755], [-8.3485, 54.4801], [-8.3493, 54.4848], [-8.3497, 54.4896], [-8.3496, 54.4944], [-8.349, 54.4992], [-8.348, 54.5039], [-8.3465, 54.5084], [-8.3446, 54.5128], [-8.3423, 54.517], [-8.301, 54.5839], [-8.8294, 54.5839], [-8.8343, 54.5842], [-8.8392, 54.5849], [-8.844, 54.5861], [-8.8486, 54.5878], [-8.853, 54.5899], [-8.8573, 54.5924], [-8.8612, 54.5954], [-8.8649, 54.5987], [-8.8682, 54.6024], [-8.8711, 54.6064], [-8.8736, 54.6106], [-8.8757, 54.6151], [-8.8773, 54.6197], [-8.8785, 54.6245], [-8.8792, 54.6294], [-8.8794, 54.6344], [-8.8791, 54.6393], [-8.8783, 54.6442], [-8.8771, 54.6489], [-8.8753, 54.6536], [-8.8732, 54.658], [-8.8706, 54.6622], [-8.8676, 54.6661], [-8.8642, 54.6697], [-8.808, 54.7246], [-8.7949, 54.7372], [-8.7913, 54.7405], [-8.7873, 54.7433], [-8.7831, 54.7458], [-8.7787, 54.7478], [-8.774, 54.7494], [-8.7693, 54.7506], [-8.5458, 54.7926], [-8.5252, 54.8902], [-8.5237, 54.8956], [-8.5216, 54.9008], [-8.519, 54.9058], [-8.3881, 55.1212], [-8.3854, 55.1253], [-8.3823, 55.129], [-8.3788, 55.1324], [-8.3751, 55.1355], [-8.371, 55.1382], [-8.3667, 55.1405], [-8.3622, 55.1424], [-8.1352, 55.2237], [-8.1286, 55.2256], [-7.7665, 55.3017], [-7.7618, 55.3024], [-7.757, 55.3027], [-7.7522, 55.3026], [-7.7475, 55.302], [-7.7428, 55.3009], [-7.7383, 55.2994], [-7.7339, 55.2975], [-7.7297, 55.2951], [-7.7258, 55.2924], [-7.7221, 55.2893], [-7.7188, 55.2859], [-7.7158, 55.2822], [-7.6251, 55.1575], [-7.4926, 55.1018], [-7.4373, 55.1128], [-7.2375, 55.1528], [-7.011, 55.22], [-7.0064, 55.2211], [-7.0017, 55.2218], [-6.773, 55.2442], [-6.7682, 55.2444], [-6.7634, 55.2442], [-6.7586, 55.2435], [-6.7539, 55.2423], [-6.7494, 55.2407], [-6.745, 55.2387], [-6.7409, 55.2363], [-6.737, 55.2335], [-6.7333, 55.2303], [-6.73, 55.2268], [-6.7271, 55.2229], [-6.7245, 55.2188], [-6.7224, 55.2145], [-6.7207, 55.21], [-6.7194, 55.2054], [-6.7186, 55.2006], [-6.7184, 55.1993], [-6.7682, 55.1944], [-6.78, 55.15], [-6.55, 54.9], [-6.5, 54.6], [-6.45, 54.4], [-6.35, 54.15], [-6.2052, 53.9569], [-6.1556, 53.9631], [-6.1552, 53.9592], [-6.1552, 53.9542], [-6.1558, 53.9493], [-6.1568, 53.9444]]]}}, {"type": "Feature", "properties": {"NAME": "Bernicia", "MAPA": "world_600.geojson", "BORDERPRECISION": 1, "MOTIVO": "Bernicia (Bamburgh) del Tees al Tweed hacia 600; Lothian sigue siendo del Gododdin hasta 638; frontera aproximada", "FUENTE": "https://en.wikipedia.org/wiki/Bernicia"}, "geometry": {"type": "Polygon", "coordinates": [[[-2.1398, 55.7225], [-2.1799, 55.7562], [-2.1668, 55.7646], [-2.1626, 55.767], [-2.1581, 55.769], [-2.1535, 55.7706], [-2.1487, 55.7717], [-2.1439, 55.7723], [-2.139, 55.7725], [-2.1342, 55.7722], [-2.1294, 55.7714], [-2.1246, 55.7701], [-2.1201, 55.7684], [-2.1157, 55.7663], [-2.1115, 55.7637], [-2.1077, 55.7608], [-1.915, 55.5987], [-1.6982, 55.4992], [-1.6936, 55.4968], [-1.6892, 55.4939], [-1.6852, 55.4906], [-1.6816, 55.4869], [-1.6783, 55.4828], [-1.6253, 55.4087], [-1.6226, 55.4045], [-1.6204, 55.4001], [-1.6186, 55.3955], [-1.6172, 55.3907], [-1.6164, 55.3858], [-1.616, 55.3808], [-1.6161, 55.3759], [-1.6167, 55.3709], [-1.6178, 55.3661], [-1.6433, 55.2753], [-1.5113, 54.9454], [-1.3559, 54.7207], [-1.1824, 54.6457], [-1.178, 54.6435], [-1.1739, 54.6409], [-1.17, 54.638], [-1.1665, 54.6347], [-1.1632, 54.631], [-1.1604, 54.6271], [-1.1579, 54.6229], [-1.1559, 54.6184], [-1.1543, 54.6138], [-1.1531, 54.6091], [-1.1525, 54.6042], [-1.1523, 54.5994], [-1.1525, 54.5945], [-1.1533, 54.5897], [-1.1533, 54.5896], [-1.1921, 54.5954], [-1.2023, 54.5998], [-1.7, 54.55], [-2.2671, 54.5027], [-2.3, 54.7], [-2.35, 55.0], [-2.5857, 55.1964], [-2.6, 55.2], [-2.6079, 55.202], [-2.6053, 55.2128], [-2.55, 55.45], [-2.3, 55.62], [-2.1398, 55.7225]]]}}, {"type": "Feature", "properties": {"NAME": "Ceredigion", "MAPA": "world_600.geojson", "BORDERPRECISION": 1, "MOTIVO": "Ceredigion: entre el Dyfi y el Teifi; frontera aproximada", "FUENTE": "https://en.wikipedia.org/wiki/Kingdom_of_Ceredigion"}, "geometry": {"type": "Polygon", "coordinates": [[[-4.2, 52.03], [-4.6, 52.08], [-4.6435, 52.0887], [-4.6926, 52.079], [-4.6933, 52.0839], [-4.6935, 52.0888], [-4.6933, 52.0937], [-4.6926, 52.0985], [-4.6913, 52.1033], [-4.6897, 52.1079], [-4.6876, 52.1123], [-4.6851, 52.1166], [-4.6821, 52.1205], [-4.6788, 52.1241], [-4.6752, 52.1274], [-4.6712, 52.1303], [-4.667, 52.1328], [-4.6626, 52.1349], [-4.6579, 52.1366], [-4.6532, 52.1378], [-4.6318, 52.142], [-4.3217, 52.244], [-4.172, 52.3954], [-4.1593, 52.554], [-4.1587, 52.5589], [-4.1576, 52.5637], [-4.156, 52.5684], [-4.1539, 52.573], [-4.1514, 52.5773], [-4.1485, 52.5813], [-4.1452, 52.585], [-4.1415, 52.5884], [-4.1376, 52.5914], [-4.1333, 52.594], [-4.1289, 52.5961], [-4.1242, 52.5978], [-4.1194, 52.599], [-4.1145, 52.5998], [-4.1095, 52.6], [-4.1055, 52.6], [-4.1095, 52.55], [-3.95, 52.55], [-3.9428, 52.5524], [-3.75, 52.35], [-3.7909, 52.1045], [-3.7918, 52.099], [-3.7953, 52.0782], [-3.8588, 52.0706], [-4.2, 52.03]]]}}, {"type": "Feature", "properties": {"NAME": "Connacht", "MAPA": "world_600.geojson", "BORDERPRECISION": 1, "MOTIVO": "Connacht al oeste del Shannon, con Clare (Tuadmumu) aún suya; frontera aproximada", "FUENTE": "https://en.wikipedia.org/wiki/Connacht · https://en.wikipedia.org/wiki/Kingdom_of_Munster"}, "geometry": {"type": "Polygon", "coordinates": [[[-8.45, 52.8], [-8.63, 52.66], [-8.9, 52.65], [-9.1606, 52.6239], [-9.1815, 52.5786], [-9.1846, 52.5801], [-9.1889, 52.5827], [-9.1928, 52.5857], [-9.1965, 52.5892], [-9.1998, 52.5929], [-9.2027, 52.597], [-9.2052, 52.6013], [-9.2072, 52.6059], [-9.2088, 52.6107], [-9.2099, 52.6156], [-9.2105, 52.6205], [-9.2105, 52.6237], [-9.6111, 52.5868], [-9.6161, 52.5866], [-9.621, 52.5869], [-9.626, 52.5877], [-9.6308, 52.589], [-9.6354, 52.5907], [-9.6399, 52.5929], [-9.6441, 52.5955], [-9.6481, 52.5985], [-9.6517, 52.6019], [-9.6549, 52.6057], [-9.6578, 52.6097], [-9.6603, 52.614], [-9.6623, 52.6186], [-9.6639, 52.6233], [-9.665, 52.6282], [-9.6656, 52.6331], [-9.6657, 52.6381], [-9.6653, 52.643], [-9.6644, 52.6479], [-9.663, 52.6527], [-9.6612, 52.6573], [-9.6589, 52.6617], [-9.6562, 52.6659], [-9.6531, 52.6698], [-9.5129, 52.8282], [-9.5581, 52.8664], [-9.5616, 52.8697], [-9.5649, 52.8734], [-9.5677, 52.8774], [-9.5702, 52.8816], [-9.5722, 52.8861], [-9.5738, 52.8907], [-9.5749, 52.8955], [-9.5756, 52.9004], [-9.5758, 52.9053], [-9.5754, 52.9102], [-9.5747, 52.915], [-9.5734, 52.9197], [-9.5717, 52.9243], [-9.5695, 52.9287], [-9.5669, 52.9329], [-9.564, 52.9368], [-9.5606, 52.9404], [-9.3442, 53.1511], [-9.3407, 53.1542], [-9.3369, 53.157], [-9.3328, 53.1594], [-9.3286, 53.1614], [-9.3241, 53.163], [-9.3196, 53.1642], [-9.3149, 53.165], [-9.3102, 53.1653], [-9.0102, 53.1702], [-8.9918, 53.1802], [-9.0219, 53.234], [-9.1355, 53.1761], [-9.1399, 53.1742], [-9.1445, 53.1726], [-9.1492, 53.1715], [-9.154, 53.1709], [-9.1588, 53.1707], [-9.1637, 53.171], [-9.1685, 53.1718], [-9.1732, 53.173], [-9.1777, 53.1747], [-9.3052, 53.2288], [-9.4359, 53.2164], [-9.4411, 53.2162], [-9.4463, 53.2165], [-9.4514, 53.2174], [-9.4564, 53.2188], [-9.4613, 53.2207], [-9.6274, 53.2958], [-9.7893, 53.2954], [-9.8595, 53.2543], [-9.864, 53.2519], [-9.8686, 53.2501], [-9.8735, 53.2487], [-9.8784, 53.2478], [-9.8834, 53.2474], [-9.8884, 53.2475], [-9.8934, 53.2481], [-9.8983, 53.2492], [-10.1733, 53.326], [-10.178, 53.3275], [-10.1825, 53.3296], [-10.1868, 53.332], [-10.1909, 53.3349], [-10.1946, 53.3382], [-10.198, 53.3418], [-10.201, 53.3458], [-10.2036, 53.35], [-10.2058, 53.3545], [-10.2075, 53.3591], [-10.2088, 53.3639], [-10.2095, 53.3688], [-10.2098, 53.3738], [-10.2096, 53.3788], [-10.2089, 53.3837], [-10.2077, 53.3885], [-10.206, 53.3932], [-10.2039, 53.3977], [-10.2014, 53.402], [-10.1984, 53.4059], [-10.1951, 53.4096], [-10.1062, 53.4978], [-10.1734, 53.5307], [-10.1776, 53.5331], [-10.1816, 53.5358], [-10.1854, 53.5389], [-10.1888, 53.5424], [-10.1918, 53.5462], [-10.1945, 53.5502], [-10.1967, 53.5545], [-10.1986, 53.559], [-10.2, 53.5636], [-10.2009, 53.5684], [-10.2014, 53.5732], [-10.2014, 53.5781], [-10.2009, 53.5829], [-10.2, 53.5876], [-10.1986, 53.5923], [-10.1967, 53.5968], [-10.1945, 53.6011], [-10.1918, 53.6051], [-10.1888, 53.6089], [-10.1854, 53.6123], [-10.1817, 53.6155], [-10.1777, 53.6182], [-10.1734, 53.6205], [-10.169, 53.6225], [-10.1644, 53.6239], [-10.1596, 53.625], [-9.8826, 53.671], [-9.9177, 53.7467], [-9.9196, 53.7512], [-9.921, 53.7559], [-9.9219, 53.7607], [-9.9223, 53.7655], [-9.9223, 53.7704], [-9.9218, 53.7752], [-9.9209, 53.78], [-9.9194, 53.7847], [-9.9175, 53.7892], [-9.9152, 53.7935], [-9.9125, 53.7975], [-9.9094, 53.8013], [-9.906, 53.8048], [-9.9022, 53.8079], [-9.8981, 53.8106], [-9.8046, 53.8668], [-9.9182, 53.9172], [-10.1679, 53.863], [-10.1728, 53.8622], [-10.1777, 53.8619], [-10.1826, 53.862], [-10.1875, 53.8627], [-10.1923, 53.8638], [-10.1969, 53.8654], [-10.2014, 53.8674], [-10.2057, 53.8699], [-10.2097, 53.8727], [-10.2134, 53.876], [-10.2167, 53.8796], [-10.2197, 53.8835], [-10.2223, 53.8877], [-10.2245, 53.8921], [-10.2262, 53.8967], [-10.2274, 53.9014], [-10.2282, 53.9063], [-10.2285, 53.9112], [-10.2284, 53.9161], [-10.2095, 54.1373], [-10.2089, 54.1421], [-10.2077, 54.1468], [-10.2062, 54.1514], [-10.2042, 54.1558], [-10.2018, 54.16], [-10.199, 54.164], [-10.1958, 54.1676], [-10.1923, 54.1709], [-10.1885, 54.1739], [-10.0181, 54.2942], [-9.9218, 54.3657], [-9.9179, 54.3683], [-9.9138, 54.3706], [-9.9096, 54.3724], [-9.9051, 54.3738], [-9.9006, 54.3748], [-9.896, 54.3754], [-9.8913, 54.3756], [-9.8867, 54.3753], [-9.8821, 54.3746], [-9.4748, 54.2924], [-9.3338, 54.3239], [-9.329, 54.3247], [-9.3242, 54.3251], [-9.3194, 54.3249], [-9.0823, 54.3081], [-9.0803, 54.3079], [-8.6849, 54.2637], [-8.7296, 54.3384], [-8.732, 54.3428], [-8.7339, 54.3474], [-8.7353, 54.3522], [-8.7362, 54.3571], [-8.7367, 54.3621], [-8.7366, 54.3671], [-8.7361, 54.372], [-8.7351, 54.3769], [-8.7336, 54.3817], [-8.7316, 54.3862], [-8.7291, 54.3906], [-8.7263, 54.3947], [-8.723, 54.3985], [-8.7194, 54.4019], [-8.7155, 54.405], [-8.7113, 54.4077], [-8.7068, 54.4099], [-8.7022, 54.4117], [-8.3246, 54.5341], [-8.3242, 54.5343], [-8.3197, 54.5366], [-8.315, 54.5384], [-8.3101, 54.5397], [-8.3051, 54.5405], [-8.3001, 54.5408], [-8.2951, 54.5406], [-8.2901, 54.5398], [-8.2852, 54.5386], [-8.2804, 54.5369], [-8.2731, 54.5339], [-8.2997, 54.4908], [-8.25, 54.47], [-8.0, 54.3], [-8.05, 54.1], [-7.9, 53.75], [-7.95, 53.45], [-8.0, 53.25], [-8.06, 53.2], [-8.3, 53.0], [-8.45, 52.8]]]}}, {"type": "Feature", "properties": {"NAME": "Deira", "MAPA": "world_600.geojson", "BORDERPRECISION": 1, "MOTIVO": "Deira: del Humber al Tees, hasta el borde occidental del valle de York; Æthelfrith la une a Bernicia hacia 604; frontera aproximada", "FUENTE": "https://en.wikipedia.org/wiki/Deira"}, "geometry": {"type": "Polygon", "coordinates": [[[-2.25, 54.4], [-2.2671, 54.5027], [-1.7, 54.55], [-1.2023, 54.5998], [-1.2966, 54.6406], [-1.2072, 54.6495], [-1.2022, 54.6498], [-1.1971, 54.6495], [-1.1921, 54.6487], [-1.1872, 54.6474], [-1.1824, 54.6457], [-1.1782, 54.6438], [-0.8632, 54.5966], [-0.8583, 54.5956], [-0.8535, 54.5942], [-0.8489, 54.5922], [-0.8445, 54.5898], [-0.8404, 54.587], [-0.8366, 54.5838], [-0.5714, 54.3374], [-0.2628, 54.071], [-0.2592, 54.0675], [-0.2559, 54.0637], [-0.253, 54.0596], [-0.2506, 54.0552], [-0.2486, 54.0505], [-0.2471, 54.0457], [-0.1865, 53.8119], [-0.1854, 53.8069], [-0.1849, 53.8018], [-0.185, 53.7966], [-0.1855, 53.7915], [-0.1866, 53.7864], [-0.1882, 53.7815], [-0.2326, 53.6653], [-0.2346, 53.6609], [-0.2369, 53.6567], [-0.2396, 53.6528], [-0.2427, 53.6491], [-0.2461, 53.6458], [-0.2499, 53.6428], [-0.2538, 53.6402], [-0.2581, 53.6379], [-0.2625, 53.6361], [-0.2671, 53.6347], [-0.2718, 53.6337], [-0.2765, 53.6333], [-0.2813, 53.6332], [-0.2982, 53.6339], [-0.2793, 53.6832], [-0.7, 53.7], [-0.7529, 53.6958], [-0.95, 53.68], [-1.1733, 53.5609], [-1.05, 53.75], [-1.25, 53.95], [-1.6, 54.0], [-2.164, 53.906], [-2.2, 54.05], [-2.25, 54.4]]]}}, {"type": "Feature", "properties": {"NAME": "Dumnonia", "MAPA": "world_600.geojson", "BORDERPRECISION": 1, "MOTIVO": "Dumnonia (Cornualles, Devon y Somerset al oeste de Selwood) antes de Peonnum (658); frontera aproximada", "FUENTE": "https://en.wikipedia.org/wiki/Dumnonia"}, "geometry": {"type": "Polygon", "coordinates": [[[-3.106, 50.6076], [-3.4783, 50.5714], [-3.5138, 50.3534], [-3.5148, 50.3488], [-3.5162, 50.3443], [-3.518, 50.34], [-3.5202, 50.3359], [-3.5228, 50.3319], [-3.5257, 50.3283], [-3.529, 50.3249], [-3.6809, 50.1828], [-3.6843, 50.1799], [-3.6881, 50.1772], [-3.692, 50.1749], [-3.6962, 50.173], [-3.7005, 50.1715], [-3.7049, 50.1704], [-3.7094, 50.1697], [-3.8761, 50.1507], [-3.8809, 50.1504], [-3.8857, 50.1506], [-3.8904, 50.1512], [-3.8951, 50.1522], [-3.8996, 50.1537], [-3.904, 50.1556], [-3.9082, 50.1579], [-3.9121, 50.1607], [-3.9158, 50.1637], [-4.0302, 50.2699], [-4.2271, 50.3338], [-4.266, 50.2902], [-4.2695, 50.2867], [-4.2733, 50.2836], [-4.2773, 50.2808], [-4.2817, 50.2785], [-4.2862, 50.2766], [-4.2909, 50.2751], [-4.2957, 50.2741], [-4.3006, 50.2736], [-4.3056, 50.2736], [-4.3105, 50.2741], [-4.5358, 50.3067], [-4.9428, 50.1677], [-5.2514, 49.9246], [-5.2554, 49.9217], [-5.2597, 49.9192], [-5.2642, 49.9172], [-5.2689, 49.9157], [-5.2737, 49.9146], [-5.2786, 49.914], [-5.2835, 49.9138], [-5.2885, 49.9142], [-5.2933, 49.915], [-5.2981, 49.9164], [-5.3027, 49.9181], [-5.3071, 49.9204], [-5.3112, 49.923], [-5.4492, 50.0208], [-5.7872, 50.085], [-5.792, 50.0862], [-5.7966, 50.0878], [-5.8011, 50.0899], [-5.8054, 50.0924], [-5.8094, 50.0954], [-5.8131, 50.0987], [-5.8164, 50.1023], [-5.8194, 50.1063], [-5.8219, 50.1106], [-5.824, 50.1151], [-5.8257, 50.1197], [-5.8269, 50.1246], [-5.8276, 50.1295], [-5.8278, 50.1344], [-5.8275, 50.1394], [-5.8268, 50.1443], [-5.8255, 50.1491], [-5.8238, 50.1537], [-5.8216, 50.1582], [-5.819, 50.1624], [-5.816, 50.1663], [-5.8127, 50.17], [-5.8089, 50.1732], [-5.8049, 50.1761], [-5.8006, 50.1786], [-5.7961, 50.1807], [-5.2654, 50.3892], [-5.0514, 50.5964], [-5.048, 50.5995], [-5.0442, 50.6022], [-5.0402, 50.6046], [-5.0361, 50.6066], [-5.0317, 50.6082], [-5.0272, 50.6094], [-4.8378, 50.6504], [-4.6492, 50.8067], [-4.6001, 51.009], [-4.5987, 51.0137], [-4.5968, 51.0183], [-4.5945, 51.0227], [-4.5918, 51.0268], [-4.5886, 51.0307], [-4.5851, 51.0342], [-4.5813, 51.0373], [-4.5772, 51.0401], [-4.5728, 51.0424], [-4.5682, 51.0443], [-4.5635, 51.0457], [-4.5586, 51.0467], [-4.5536, 51.0471], [-4.5487, 51.0471], [-4.5437, 51.0465], [-4.5389, 51.0455], [-4.4497, 51.0222], [-4.3282, 51.0921], [-4.331, 51.1857], [-4.3309, 51.1907], [-4.3303, 51.1957], [-4.3292, 51.2005], [-4.3276, 51.2053], [-4.3256, 51.2098], [-4.3231, 51.2142], [-4.3202, 51.2182], [-4.3169, 51.222], [-4.3133, 51.2254], [-4.3093, 51.2284], [-4.3051, 51.231], [-4.3006, 51.2332], [-4.2959, 51.235], [-4.2911, 51.2362], [-4.2862, 51.237], [-3.8304, 51.2845], [-3.8261, 51.2848], [-3.8218, 51.2847], [-3.8175, 51.2842], [-3.4789, 51.2311], [-3.272, 51.2294], [-3.1063, 51.2281], [-3.082, 51.3405], [-3.0807, 51.3454], [-3.0788, 51.3502], [-3.0765, 51.3548], [-3.0737, 51.3591], [-3.0705, 51.3631], [-3.0669, 51.3668], [-3.0629, 51.3701], [-3.0587, 51.3729], [-3.0541, 51.3753], [-2.93, 51.4326], [-2.8676, 51.5407], [-2.8649, 51.5449], [-2.8618, 51.5487], [-2.8584, 51.5523], [-2.8546, 51.5554], [-2.8506, 51.5582], [-2.8462, 51.5606], [-2.8417, 51.5626], [-2.837, 51.5641], [-2.8322, 51.5651], [-2.8273, 51.5656], [-2.8223, 51.5657], [-2.8174, 51.5652], [-2.8126, 51.5643], [-2.8078, 51.5629], [-2.8033, 51.5611], [-2.7993, 51.559], [-2.8202, 51.5227], [-2.8243, 51.5157], [-2.7, 51.35], [-2.35, 51.2], [-2.3, 50.9], [-2.05, 50.6], [-2.0457, 50.5741], [-2.0237, 50.57], [-2.0854, 50.7028], [-2.0716, 50.704], [-2.0116, 50.632], [-2.0084, 50.6278], [-2.0057, 50.6232], [-2.0035, 50.6184], [-2.0018, 50.6134], [-2.0007, 50.6082], [-1.9964, 50.5823], [-1.9958, 50.5776], [-1.9957, 50.5728], [-1.9961, 50.568], [-1.9969, 50.5632], [-1.9981, 50.5586], [-1.9998, 50.5541], [-2.002, 50.5498], [-2.0045, 50.5458], [-2.0074, 50.5419], [-2.0107, 50.5384], [-2.0142, 50.5352], [-2.0181, 50.5324], [-2.0222, 50.5299], [-2.0266, 50.5279], [-2.0311, 50.5263], [-2.0357, 50.5251], [-2.0405, 50.5244], [-2.0453, 50.5241], [-2.0501, 50.5243], [-2.0548, 50.5249], [-2.4217, 50.5931], [-2.5235, 50.5279], [-2.528, 50.5254], [-2.5327, 50.5233], [-2.5376, 50.5217], [-2.5426, 50.5206], [-2.5477, 50.5201], [-2.5528, 50.5201], [-2.5579, 50.5206], [-2.563, 50.5216], [-2.5679, 50.5231], [-2.9593, 50.668], [-3.0912, 50.6114], [-3.096, 50.6096], [-3.101, 50.6084], [-3.106, 50.6076]]]}}, {"type": "Feature", "properties": {"NAME": "Dyfed", "MAPA": "world_600.geojson", "BORDERPRECISION": 1, "MOTIVO": "Dyfed: Pembrokeshire y el oeste de Carmarthenshire, al sur del Teifi; frontera aproximada", "FUENTE": "https://en.wikipedia.org/wiki/Kingdom_of_Dyfed"}, "geometry": {"type": "Polygon", "coordinates": [[[-4.2, 52.03], [-3.8588, 52.0706], [-4.1, 51.95], [-4.2, 51.8], [-4.3, 51.7], [-4.3019, 51.681], [-4.2498, 51.6795], [-4.252, 51.6773], [-4.2521, 51.6761], [-4.2529, 51.6711], [-4.2541, 51.6663], [-4.2558, 51.6616], [-4.258, 51.6571], [-4.2606, 51.6528], [-4.2637, 51.6488], [-4.2671, 51.6452], [-4.2708, 51.6419], [-4.2749, 51.639], [-4.2792, 51.6365], [-4.2838, 51.6344], [-4.2885, 51.6329], [-4.2934, 51.6318], [-4.2984, 51.6312], [-4.3034, 51.6311], [-5.0004, 51.6517], [-5.0056, 51.6521], [-5.0107, 51.6531], [-5.0157, 51.6546], [-5.0205, 51.6566], [-5.2001, 51.7424], [-5.2041, 51.7445], [-5.2078, 51.7469], [-5.2113, 51.7497], [-5.2146, 51.7528], [-5.2847, 51.8255], [-5.288, 51.8292], [-5.2908, 51.8332], [-5.2933, 51.8375], [-5.2953, 51.842], [-5.2969, 51.8467], [-5.298, 51.8515], [-5.2986, 51.8563], [-5.2987, 51.8613], [-5.2984, 51.8662], [-5.2976, 51.871], [-5.2963, 51.8758], [-5.2945, 51.8804], [-5.2923, 51.8848], [-5.2897, 51.889], [-5.2866, 51.8928], [-5.2833, 51.8964], [-5.2795, 51.8996], [-5.0922, 52.0458], [-5.0884, 52.0486], [-5.0844, 52.0509], [-5.0801, 52.0528], [-5.0757, 52.0544], [-5.0711, 52.0555], [-4.6532, 52.1378], [-4.6483, 52.1385], [-4.6435, 52.1387], [-4.6386, 52.1385], [-4.6337, 52.1377], [-4.592, 52.1294], [-4.5327, 52.122], [-4.6191, 52.0935], [-4.6435, 52.0887], [-4.6, 52.08], [-4.2, 52.03]]]}}, {"type": "Feature", "properties": {"NAME": "Dál Riata", "MAPA": "world_600.geojson", "BORDERPRECISION": 1, "MOTIVO": "Dál Riata: Argyll (Kintyre, Lorne, Cowal) e Islay y las islas vecinas; la parte de Antrim no se dibuja; frontera aproximada", "FUENTE": "https://en.wikipedia.org/wiki/D%C3%A1l_Riata"}, "geometry": {"type": "MultiPolygon", "coordinates": [[[[-6.4234, 55.6376], [-6.4275, 55.6354], [-6.4405, 55.629], [-6.4456, 55.6268], [-6.4565, 55.6229], [-6.4619, 55.6213], [-6.4674, 55.6203], [-6.4791, 55.619], [-6.4832, 55.6186], [-6.4873, 55.6187], [-6.4915, 55.619], [-6.4978, 55.6199], [-6.5038, 55.621], [-6.5095, 55.6228], [-6.5195, 55.6267], [-6.5238, 55.6286], [-6.5279, 55.6309], [-6.5317, 55.6336], [-6.5353, 55.6366], [-6.5389, 55.6399], [-6.5421, 55.6432], [-6.545, 55.6467], [-6.5492, 55.6522], [-6.5517, 55.656], [-6.5539, 55.6599], [-6.5558, 55.6641], [-6.5572, 55.6684], [-6.5583, 55.6728], [-6.5589, 55.6772], [-6.5598, 55.6856], [-6.56, 55.6907], [-6.5597, 55.6959], [-6.5589, 55.701], [-6.5576, 55.706], [-6.5476, 55.7368], [-6.5466, 55.7394], [-6.5419, 55.7516], [-6.5418, 55.752], [-6.4962, 55.867], [-6.4943, 55.8712], [-6.4921, 55.8751], [-6.4895, 55.8789], [-6.4866, 55.8824], [-6.4834, 55.8856], [-6.4798, 55.8885], [-6.4761, 55.8911], [-6.468, 55.8961], [-6.4631, 55.8988], [-6.4578, 55.9009], [-6.4524, 55.9024], [-6.3805, 55.9183], [-6.3753, 55.9191], [-6.3701, 55.9194], [-6.3649, 55.9192], [-6.3181, 55.9147], [-6.2127, 55.962], [-6.21, 55.9631], [-6.1809, 55.9742], [-6.177, 55.9755], [-6.1558, 55.9816], [-6.1497, 55.983], [-6.1445, 55.9838], [-6.14, 55.9843], [-6.1354, 55.9844], [-6.1309, 55.9841], [-6.1237, 55.9833], [-6.1193, 55.9826], [-6.115, 55.9815], [-6.1108, 55.98], [-6.1067, 55.9781], [-6.1028, 55.9759], [-6.0953, 55.9712], [-6.0914, 55.9684], [-6.0897, 55.9671], [-6.0045, 56.0578], [-6.0009, 56.0613], [-5.997, 56.0644], [-5.9928, 56.0671], [-5.9805, 56.074], [-5.9803, 56.0741], [-5.9309, 56.1019], [-5.9298, 56.1025], [-5.9251, 56.105], [-5.925, 56.105], [-5.8325, 56.1539], [-5.8291, 56.1556], [-5.775, 56.1792], [-5.7742, 56.1795], [-5.7642, 56.1837], [-5.7628, 56.1842], [-5.7292, 56.197], [-5.7249, 56.1984], [-5.7206, 56.1994], [-5.7161, 56.2], [-5.7103, 56.2006], [-5.7052, 56.2008], [-5.7001, 56.2005], [-5.695, 56.1997], [-5.6901, 56.1984], [-5.679, 56.1948], [-5.6746, 56.1931], [-5.6704, 56.1911], [-5.6664, 56.1886], [-5.6627, 56.1858], [-5.6592, 56.1827], [-5.6561, 56.1793], [-5.6533, 56.1756], [-5.6508, 56.1716], [-5.6487, 56.1674], [-5.6393, 56.146], [-5.6376, 56.1418], [-5.6364, 56.1374], [-5.6355, 56.1329], [-5.6349, 56.129], [-5.6344, 56.1219], [-5.6344, 56.1175], [-5.6346, 56.113], [-5.6352, 56.1086], [-5.6362, 56.1042], [-5.6376, 56.0999], [-5.6393, 56.0955], [-5.6411, 56.0912], [-5.6433, 56.0872], [-5.6459, 56.0833], [-5.6506, 56.0769], [-5.6534, 56.0736], [-5.6563, 56.0705], [-5.6596, 56.0676], [-5.6631, 56.0651], [-5.6748, 56.0573], [-5.6801, 56.0542], [-5.6817, 56.0534], [-5.6857, 56.0504], [-5.6972, 56.0406], [-5.7103, 56.0286], [-5.7143, 56.024], [-5.8082, 55.9166], [-5.8659, 55.8503], [-5.9059, 55.8012], [-5.9291, 55.7626], [-5.9318, 55.7585], [-5.935, 55.7547], [-5.9385, 55.7512], [-5.9423, 55.748], [-5.9465, 55.7453], [-5.9509, 55.743], [-5.9554, 55.7411], [-5.9602, 55.7397], [-5.9651, 55.7388], [-5.97, 55.7384], [-5.975, 55.7384], [-5.9839, 55.739], [-5.983, 55.7367], [-5.9816, 55.7322], [-5.9808, 55.7275], [-5.9752, 55.6878], [-5.9748, 55.6829], [-5.9748, 55.678], [-5.9753, 55.6732], [-5.9763, 55.6684], [-5.9777, 55.6638], [-5.9796, 55.6593], [-5.9819, 55.655], [-5.9846, 55.651], [-5.9877, 55.6472], [-5.9905, 55.6442], [-5.9942, 55.6405], [-5.9983, 55.6372], [-6.0092, 55.6294], [-6.0152, 55.6257], [-6.0535, 55.6057], [-6.0589, 55.6032], [-6.2102, 55.5458], [-6.2548, 55.5268], [-6.2592, 55.5252], [-6.2637, 55.5239], [-6.2683, 55.5232], [-6.273, 55.5228], [-6.2777, 55.5229], [-6.2823, 55.5234], [-6.3084, 55.5276], [-6.3142, 55.5288], [-6.3309, 55.5336], [-6.335, 55.5349], [-6.3391, 55.5367], [-6.3429, 55.5388], [-6.3513, 55.5438], [-6.3556, 55.5467], [-6.3596, 55.5501], [-6.3633, 55.5539], [-6.3665, 55.558], [-6.3685, 55.5608], [-6.3712, 55.5651], [-6.3735, 55.5697], [-6.3752, 55.5746], [-6.3765, 55.5795], [-6.3773, 55.5846], [-6.3775, 55.5897], [-6.3772, 55.5949], [-6.3764, 55.6], [-6.3708, 55.6258], [-6.3697, 55.63], [-6.3686, 55.6336], [-6.3673, 55.6373], [-6.3459, 55.6914], [-6.3482, 55.6892], [-6.3615, 55.6784], [-6.3631, 55.6772], [-6.3808, 55.6639], [-6.3847, 55.6612], [-6.4234, 55.6376]]], [[[-5.6161, 55.2797], [-5.6211, 55.2795], [-5.6989, 55.2807], [-5.7039, 55.2811], [-5.7087, 55.2818], [-5.7135, 55.2831], [-5.7181, 55.2849], [-5.7225, 55.287], [-5.7267, 55.2896], [-5.7306, 55.2926], [-5.7341, 55.296], [-5.7374, 55.2997], [-5.7402, 55.3037], [-5.7427, 55.308], [-5.7447, 55.3125], [-5.8022, 55.459], [-5.8038, 55.4637], [-5.8049, 55.4685], [-5.8055, 55.4734], [-5.8057, 55.4784], [-5.8053, 55.4833], [-5.8045, 55.4882], [-5.8032, 55.493], [-5.8014, 55.4976], [-5.7344, 55.6484], [-5.732, 55.653], [-5.7293, 55.6573], [-5.7261, 55.6613], [-5.7225, 55.665], [-5.7185, 55.6682], [-5.7142, 55.6711], [-5.7097, 55.6735], [-5.705, 55.6754], [-5.7, 55.6768], [-5.5865, 55.7033], [-5.5885, 55.704], [-5.5929, 55.706], [-5.5971, 55.7084], [-5.6011, 55.7112], [-5.6048, 55.7144], [-5.6081, 55.7179], [-5.6111, 55.7218], [-5.6137, 55.7259], [-5.6159, 55.7302], [-5.6176, 55.7348], [-5.6805, 55.9241], [-5.6818, 55.9286], [-5.6826, 55.9332], [-5.683, 55.9378], [-5.683, 55.9425], [-5.6825, 55.9472], [-5.6816, 55.9517], [-5.6803, 55.9562], [-5.6786, 55.9606], [-5.6764, 55.9647], [-5.5404, 56.2021], [-5.5364, 56.2081], [-5.346, 56.4512], [-5.3294, 56.5164], [-5.4746, 56.5846], [-5.5254, 56.5962], [-5.6039, 56.4871], [-5.6068, 56.4835], [-5.61, 56.4801], [-5.6134, 56.4771], [-5.6172, 56.4744], [-5.7943, 56.3586], [-5.7986, 56.3561], [-5.8032, 56.354], [-5.8079, 56.3524], [-5.8128, 56.3513], [-5.8178, 56.3506], [-5.8228, 56.3505], [-5.8278, 56.3509], [-5.8327, 56.3517], [-5.8375, 56.3531], [-6.0594, 56.4274], [-6.0639, 56.4291], [-6.0682, 56.4313], [-6.0722, 56.4338], [-6.076, 56.4367], [-6.0795, 56.44], [-6.0827, 56.4436], [-6.0855, 56.4475], [-6.0879, 56.4517], [-6.0899, 56.456], [-6.0915, 56.4606], [-6.0926, 56.4652], [-6.0933, 56.47], [-6.0935, 56.4748], [-6.0933, 56.4796], [-6.0926, 56.4843], [-6.0915, 56.489], [-6.0899, 56.4935], [-6.0879, 56.4979], [-5.9533, 56.7563], [-5.9508, 56.7606], [-5.948, 56.7645], [-5.9447, 56.7682], [-5.9412, 56.7715], [-5.846, 56.8516], [-5.8422, 56.8545], [-5.8382, 56.857], [-5.8339, 56.8591], [-5.8295, 56.8608], [-5.8249, 56.8621], [-5.8202, 56.863], [-5.8154, 56.8633], [-5.8107, 56.8633], [-5.7584, 56.86], [-5.8138, 56.8134], [-5.6, 56.8], [-5.0, 56.75], [-4.8, 56.5], [-4.72, 56.3], [-4.8221, 56.1037], [-4.7574, 56.1197], [-4.7777, 56.0806], [-4.7801, 56.0765], [-4.7828, 56.0727], [-4.7859, 56.0692], [-4.7893, 56.0659], [-4.793, 56.063], [-4.797, 56.0604], [-4.8012, 56.0583], [-4.8055, 56.0565], [-4.81, 56.0552], [-4.8271, 56.0509], [-5.1056, 55.8527], [-5.1095, 55.8502], [-5.1135, 55.8481], [-5.1178, 55.8464], [-5.1221, 55.845], [-5.1266, 55.8441], [-5.1311, 55.8436], [-5.3192, 55.8304], [-5.527, 55.7171], [-5.5245, 55.7176], [-5.5196, 55.718], [-5.5148, 55.7179], [-5.51, 55.7174], [-5.5053, 55.7164], [-5.5007, 55.715], [-5.4962, 55.7131], [-5.4919, 55.7108], [-5.4879, 55.7081], [-5.4842, 55.705], [-5.4808, 55.7016], [-5.4777, 55.6979], [-5.475, 55.6939], [-5.4727, 55.6896], [-5.4709, 55.6851], [-5.4694, 55.6805], [-5.4684, 55.6758], [-5.433, 55.4505], [-5.4325, 55.4458], [-5.4324, 55.441], [-5.4328, 55.4363], [-5.4336, 55.4317], [-5.4349, 55.4271], [-5.4366, 55.4227], [-5.4387, 55.4185], [-5.4411, 55.4145], [-5.444, 55.4107], [-5.4472, 55.4072], [-5.4507, 55.404], [-5.5886, 55.2909], [-5.5927, 55.2879], [-5.597, 55.2853], [-5.6015, 55.2832], [-5.6063, 55.2815], [-5.6111, 55.2804], [-5.6161, 55.2797]]]]}}, {"type": "Feature", "properties": {"NAME": "East Anglia", "MAPA": "world_600.geojson", "BORDERPRECISION": 1, "MOTIVO": "Estanglia: Norfolk, Suffolk y el este de Cambridgeshire, al este de los Fens; frontera aproximada", "FUENTE": "https://en.wikipedia.org/wiki/Kingdom_of_the_East_Angles"}, "geometry": {"type": "Polygon", "coordinates": [[[0.1279, 52.7953], [0.1326, 52.7974], [0.1374, 52.799], [0.1424, 52.8001], [0.1475, 52.8007], [0.1527, 52.8008], [0.1578, 52.8004], [0.1628, 52.7994], [0.3151, 52.7619], [0.4737, 52.8868], [0.4773, 52.8894], [0.4812, 52.8916], [0.4852, 52.8936], [0.4893, 52.8951], [0.4936, 52.8963], [0.7308, 52.95], [0.7352, 52.9508], [0.7397, 52.9511], [0.7442, 52.9511], [1.015, 52.9384], [1.0192, 52.938], [1.0233, 52.9373], [1.3866, 52.8581], [1.3918, 52.8567], [1.3969, 52.8547], [1.4017, 52.8521], [1.4062, 52.8491], [1.6159, 52.6899], [1.6199, 52.6866], [1.6235, 52.6828], [1.6266, 52.6788], [1.6294, 52.6744], [1.6316, 52.6698], [1.6334, 52.665], [1.7394, 52.3264], [1.7406, 52.3219], [1.7413, 52.3174], [1.7417, 52.3129], [1.7416, 52.3083], [1.7411, 52.3038], [1.7402, 52.2993], [1.7389, 52.2949], [1.7041, 52.1953], [1.702, 52.1903], [1.6994, 52.1855], [1.6963, 52.181], [1.5513, 51.995], [1.5481, 51.9913], [1.5446, 51.9879], [1.5407, 51.9849], [1.5365, 51.9823], [1.5322, 51.98], [1.3623, 51.9047], [1.3579, 51.903], [1.3533, 51.9017], [1.3486, 51.9009], [1.3439, 51.9005], [1.3392, 51.9005], [1.2419, 51.9061], [1.342, 51.9505], [1.0, 51.97], [0.5, 52.05], [0.05, 52.05], [-0.1, 52.3], [0.0, 52.6], [0.1508, 52.7508], [0.0941, 52.7648], [0.1155, 52.7862], [0.1193, 52.7896], [0.1234, 52.7927], [0.1279, 52.7953]]]}}, {"type": "Feature", "properties": {"NAME": "Elmet", "MAPA": "world_600.geojson", "BORDERPRECISION": 1, "MOTIVO": "Elmet: reino britano del futuro West Riding (entre Leeds y Selby), conquistado por Edwin en 616-617; frontera aproximada", "FUENTE": "https://en.wikipedia.org/wiki/Elmet"}, "geometry": {"type": "Polygon", "coordinates": [[[-2.15, 53.85], [-2.164, 53.906], [-1.6, 54.0], [-1.25, 53.95], [-1.05, 53.75], [-1.1733, 53.5609], [-1.25, 53.52], [-1.9, 53.52], [-2.0835, 53.5078], [-2.1118, 53.5059], [-2.15, 53.85]]]}}, {"type": "Feature", "properties": {"NAME": "Essex", "MAPA": "world_600.geojson", "BORDERPRECISION": 1, "MOTIVO": "Essex con Middlesex, Londres y buena parte de Hertfordshire, entre el Stour y el Támesis; frontera aproximada", "FUENTE": "https://en.wikipedia.org/wiki/Kingdom_of_Essex"}, "geometry": {"type": "Polygon", "coordinates": [[[1.392, 51.9521], [1.3919, 51.9471], [1.3913, 51.9422], [1.3903, 51.9374], [1.3888, 51.9327], [1.3868, 51.9282], [1.3844, 51.9239], [1.3815, 51.9198], [1.3783, 51.9161], [1.3747, 51.9127], [1.3709, 51.9096], [1.3667, 51.907], [1.3623, 51.9047], [1.0565, 51.7692], [0.7157, 51.52], [0.7117, 51.5174], [0.7074, 51.5151], [0.7029, 51.5132], [0.6982, 51.5118], [0.3924, 51.4362], [0.3877, 51.4353], [0.3876, 51.4353], [0.2542, 51.4536], [0.3804, 51.4848], [0.05, 51.498], [0.0, 51.5], [-0.4524, 51.4548], [-0.5, 51.55], [-0.4, 51.85], [0.05, 52.05], [0.5, 52.05], [1.0, 51.97], [1.342, 51.9505], [1.3877, 51.9707], [1.3893, 51.9666], [1.3907, 51.9618], [1.3916, 51.957], [1.392, 51.9521]]]}}, {"type": "Feature", "properties": {"NAME": "Glywysing", "MAPA": "world_600.geojson", "BORDERPRECISION": 1, "MOTIVO": "Glywysing y los reinos vecinos del sureste de Gales (Gwent, Brycheiniog, Ergyng), agrupados; frontera aproximada", "FUENTE": "https://en.wikipedia.org/wiki/Glywysing"}, "geometry": {"type": "Polygon", "coordinates": [[[-2.8573, 51.4892], [-2.8604, 51.493], [-2.8631, 51.497], [-2.8654, 51.5012], [-2.8672, 51.5057], [-2.8687, 51.5103], [-2.8696, 51.5151], [-2.8701, 51.5199], [-2.8702, 51.5247], [-2.8698, 51.5295], [-2.8689, 51.5343], [-2.8675, 51.5389], [-2.8667, 51.541], [-3.1534, 51.4208], [-3.1578, 51.4192], [-3.1624, 51.418], [-3.167, 51.4172], [-3.1716, 51.4169], [-3.498, 51.4097], [-3.5037, 51.4099], [-3.5093, 51.4107], [-3.5147, 51.4122], [-4.1681, 51.6271], [-4.3034, 51.6311], [-4.3082, 51.6314], [-4.3129, 51.6323], [-4.3176, 51.6336], [-4.3221, 51.6353], [-4.3264, 51.6375], [-4.3305, 51.64], [-4.3343, 51.643], [-4.3378, 51.6463], [-4.341, 51.6499], [-4.3438, 51.6538], [-4.3463, 51.658], [-4.3483, 51.6624], [-4.3499, 51.6669], [-4.351, 51.6716], [-4.3517, 51.6764], [-4.3519, 51.6812], [-4.3518, 51.6825], [-4.3019, 51.681], [-4.3, 51.7], [-4.2, 51.8], [-4.1, 51.95], [-3.8588, 52.0706], [-3.7953, 52.0782], [-3.7918, 52.099], [-3.7083, 52.0885], [-3.4, 52.05], [-3.0, 52.0], [-2.6235, 51.9529], [-2.65, 51.9], [-2.65, 51.62], [-2.8202, 51.5227], [-2.8243, 51.5157], [-2.8452, 51.4795], [-2.8462, 51.48], [-2.8502, 51.4827], [-2.8539, 51.4858], [-2.8573, 51.4892]]]}}, {"type": "Feature", "properties": {"NAME": "Gododdin", "MAPA": "world_600.geojson", "BORDERPRECISION": 1, "MOTIVO": "Gododdin: Lothian y el valle alto del Tweed (Din Eidyn, Traprain Law) hasta la caída de Edimburgo en 638; frontera aproximada", "FUENTE": "https://en.wikipedia.org/wiki/Gododdin"}, "geometry": {"type": "Polygon", "coordinates": [[[-3.7, 55.8], [-3.7121, 55.8847], [-3.713, 55.8847], [-3.756, 55.9084], [-3.7544, 55.9114], [-3.7515, 55.9155], [-3.7482, 55.9193], [-3.7445, 55.9228], [-3.7405, 55.9258], [-3.7362, 55.9285], [-3.7317, 55.9307], [-3.727, 55.9324], [-3.7221, 55.9337], [-3.7171, 55.9344], [-3.7121, 55.9347], [-3.5772, 55.9347], [-3.5725, 55.9345], [-3.5679, 55.9338], [-3.3515, 55.8928], [-3.1721, 55.8955], [-2.9476, 55.992], [-2.9436, 55.9935], [-2.9394, 55.9947], [-2.9352, 55.9955], [-2.9309, 55.9959], [-2.7451, 56.0071], [-2.7401, 56.0071], [-2.735, 56.0067], [-2.7301, 56.0057], [-2.7252, 56.0042], [-2.5258, 55.9326], [-2.2329, 55.8595], [-2.2285, 55.8582], [-2.2243, 55.8565], [-2.2203, 55.8544], [-2.2164, 55.852], [-2.2128, 55.8492], [-2.1077, 55.7608], [-2.104, 55.7574], [-2.1008, 55.7537], [-2.0979, 55.7497], [-2.0954, 55.7455], [-2.0934, 55.741], [-2.0918, 55.7363], [-2.0907, 55.7315], [-2.09, 55.7266], [-2.0898, 55.7217], [-2.0902, 55.7168], [-2.091, 55.7119], [-2.0922, 55.7072], [-2.094, 55.7026], [-2.0962, 55.6982], [-2.0988, 55.694], [-2.1016, 55.6903], [-2.1398, 55.7225], [-2.3, 55.62], [-2.55, 55.45], [-2.6053, 55.2128], [-2.6079, 55.202], [-3.0, 55.3], [-3.3, 55.35], [-3.5647, 55.3941], [-3.6, 55.5], [-3.7, 55.8]]]}}, {"type": "Feature", "properties": {"NAME": "Gwynedd", "MAPA": "world_600.geojson", "BORDERPRECISION": 1, "MOTIVO": "Gwynedd: Anglesey, Snowdonia y la costa norte de Gales, del Conwy al Dyfi; frontera aproximada", "FUENTE": "https://en.wikipedia.org/wiki/Kingdom_of_Gwynedd"}, "geometry": {"type": "Polygon", "coordinates": [[[-3.8, 52.6], [-3.9428, 52.5524], [-3.95, 52.55], [-4.1095, 52.55], [-4.1135, 52.5002], [-4.1143, 52.5002], [-4.1191, 52.5009], [-4.1238, 52.5021], [-4.1284, 52.5037], [-4.1328, 52.5058], [-4.137, 52.5082], [-4.1409, 52.5111], [-4.1445, 52.5143], [-4.1478, 52.5179], [-4.1508, 52.5218], [-4.1533, 52.5259], [-4.1554, 52.5303], [-4.1571, 52.5348], [-4.1584, 52.5395], [-4.1592, 52.5443], [-4.1595, 52.5491], [-4.1593, 52.554], [-4.145, 52.7331], [-4.1742, 52.7801], [-4.4651, 52.7614], [-4.4699, 52.7613], [-4.4747, 52.7617], [-4.6277, 52.7814], [-4.6325, 52.7822], [-4.6371, 52.7835], [-4.6416, 52.7853], [-4.6459, 52.7874], [-4.65, 52.79], [-4.6538, 52.793], [-4.6573, 52.7963], [-4.6605, 52.7999], [-4.6633, 52.8038], [-4.6658, 52.808], [-4.6678, 52.8124], [-4.6693, 52.8169], [-4.6705, 52.8216], [-4.6711, 52.8264], [-4.6713, 52.8312], [-4.6711, 52.836], [-4.6704, 52.8408], [-4.6692, 52.8455], [-4.6676, 52.85], [-4.6655, 52.8544], [-4.6631, 52.8585], [-4.6602, 52.8624], [-4.5308, 53.0224], [-4.5277, 53.0259], [-4.5243, 53.029], [-4.5207, 53.0318], [-4.5168, 53.0343], [-4.43, 53.0842], [-4.5065, 53.135], [-4.5106, 53.138], [-4.5262, 53.1508], [-4.5293, 53.1536], [-4.5322, 53.1566], [-4.6052, 53.2405], [-4.6083, 53.2444], [-4.611, 53.2487], [-4.6132, 53.2531], [-4.615, 53.2578], [-4.6163, 53.2627], [-4.6172, 53.2676], [-4.6175, 53.2726], [-4.6192, 53.3873], [-4.619, 53.3923], [-4.6183, 53.3973], [-4.6171, 53.4022], [-4.6155, 53.4069], [-4.6133, 53.4115], [-4.6108, 53.4158], [-4.6086, 53.4191], [-4.6052, 53.4236], [-4.6014, 53.4276], [-4.5972, 53.4312], [-4.5902, 53.4365], [-4.5861, 53.4393], [-4.5818, 53.4417], [-4.5772, 53.4436], [-4.5725, 53.4451], [-4.4872, 53.467], [-4.4811, 53.4682], [-4.4355, 53.474], [-4.4337, 53.4742], [-4.4276, 53.4748], [-4.4231, 53.475], [-4.4161, 53.475], [-4.4098, 53.4746], [-4.3076, 53.4615], [-4.3037, 53.4609], [-4.2823, 53.4564], [-4.2767, 53.4549], [-4.2713, 53.4528], [-4.2624, 53.4486], [-4.2579, 53.4462], [-4.2536, 53.4433], [-4.247, 53.4383], [-4.243, 53.4351], [-4.2394, 53.4314], [-4.2363, 53.4274], [-4.2293, 53.4177], [-4.1944, 53.3688], [-4.1301, 53.3613], [-4.1265, 53.3618], [-4.1201, 53.3623], [-4.1135, 53.3624], [-4.1077, 53.3622], [-4.1034, 53.3618], [-4.0534, 53.3551], [-4.0518, 53.3549], [-4.0385, 53.3526], [-4.0338, 53.3516], [-4.0293, 53.3502], [-4.0249, 53.3484], [-4.0208, 53.3461], [-4.0168, 53.3434], [-4.0131, 53.3404], [-4.0098, 53.3371], [-4.0067, 53.3334], [-4.0041, 53.3295], [-4.0018, 53.3254], [-3.9999, 53.321], [-3.9984, 53.3165], [-3.9974, 53.3119], [-3.9968, 53.3072], [-3.9965, 53.3035], [-3.9964, 53.2988], [-3.9967, 53.2941], [-3.9975, 53.2895], [-3.9986, 53.2849], [-4.0002, 53.2805], [-4.0023, 53.2762], [-4.0047, 53.2722], [-4.0075, 53.2683], [-4.0106, 53.2648], [-4.0447, 53.2298], [-3.9718, 53.2528], [-3.9676, 53.254], [-3.9633, 53.2547], [-3.9589, 53.2551], [-3.3468, 53.2823], [-3.3419, 53.2823], [-3.337, 53.2818], [-3.3321, 53.2808], [-3.3274, 53.2793], [-3.3229, 53.2774], [-3.3185, 53.275], [-3.3144, 53.2722], [-3.3106, 53.269], [-3.3072, 53.2655], [-3.3041, 53.2616], [-3.3014, 53.2575], [-3.2991, 53.2531], [-3.2973, 53.2485], [-3.2959, 53.2438], [-3.295, 53.2389], [-3.2948, 53.2359], [-3.3295, 53.233], [-3.3446, 53.2323], [-3.35, 53.2], [-3.6, 52.9], [-3.8, 52.6]]]}}, {"type": "Feature", "properties": {"NAME": "Kent", "MAPA": "world_600.geojson", "BORDERPRECISION": 1, "MOTIVO": "Kent (Æthelberht, primer rey documentado, 597): el condado de Kent al este del Darent y al sur del Támesis; «Cantia» cubría toda Inglaterra", "FUENTE": "https://en.wikipedia.org/wiki/Kingdom_of_Kent"}, "geometry": {"type": "Polygon", "coordinates": [[[0.4301, 51.48], [0.8098, 51.428], [1.025, 51.4095], [1.1753, 51.4535], [1.18, 51.4546], [1.1847, 51.4553], [1.1895, 51.4555], [1.1943, 51.4552], [1.1991, 51.4545], [1.2037, 51.4534], [1.379, 51.4008], [1.3838, 51.3991], [1.3883, 51.397], [1.3926, 51.3944], [1.3966, 51.3914], [1.4003, 51.388], [1.4037, 51.3842], [1.4066, 51.3801], [1.4091, 51.3758], [1.4112, 51.3712], [1.4128, 51.3665], [1.4139, 51.3616], [1.4145, 51.3566], [1.4147, 51.3516], [1.4143, 51.3466], [1.3846, 51.1143], [1.3837, 51.1097], [1.3825, 51.1051], [1.3808, 51.1006], [1.3786, 51.0964], [1.3761, 51.0923], [1.3732, 51.0885], [1.37, 51.085], [1.3664, 51.0819], [1.3626, 51.079], [1.3585, 51.0766], [1.3542, 51.0745], [1.3497, 51.0729], [0.937, 50.9453], [0.937, 50.9433], [0.9369, 50.9383], [0.9363, 50.9334], [0.9352, 50.9285], [0.9337, 50.9238], [0.9316, 50.9193], [0.9292, 50.915], [0.9263, 50.9109], [0.923, 50.9072], [0.9194, 50.9038], [0.9154, 50.9008], [0.9112, 50.8982], [0.9068, 50.896], [0.9021, 50.8943], [0.8973, 50.893], [0.8924, 50.8922], [0.8875, 50.892], [0.8825, 50.8922], [0.8776, 50.8929], [0.8728, 50.894], [0.8681, 50.8957], [0.8662, 50.8966], [0.8883, 50.8927], [0.8871, 50.942], [0.8, 51.0], [0.5, 51.05], [0.05, 51.15], [0.05, 51.498], [0.3804, 51.4848], [0.4289, 51.4968], [0.4298, 51.4923], [0.4303, 51.4874], [0.4303, 51.4825], [0.4301, 51.48]]]}}, {"type": "Feature", "properties": {"NAME": "Laigin", "MAPA": "world_600.geojson", "BORDERPRECISION": 1, "MOTIVO": "Laigin (Leinster) de los Uí Dúnlainge, al sur del Liffey y al este del Barrow, tras perder las Midlands; frontera aproximada", "FUENTE": "https://en.wikipedia.org/wiki/Kingdom_of_Leinster"}, "geometry": {"type": "Polygon", "coordinates": [[[-7.1, 53.3], [-6.6, 53.33], [-6.2, 53.35], [-6.1511, 53.35], [-6.1629, 53.4], [-6.1511, 53.4], [-6.1463, 53.3998], [-6.1416, 53.3991], [-6.137, 53.398], [-6.1325, 53.3964], [-6.1281, 53.3944], [-6.124, 53.392], [-6.1201, 53.3892], [-6.1165, 53.3861], [-6.1132, 53.3826], [-6.1103, 53.3788], [-6.1077, 53.3748], [-6.1055, 53.3705], [-6.1038, 53.3661], [-6.1025, 53.3615], [-5.9944, 52.9046], [-5.9936, 52.9002], [-5.9931, 52.8958], [-5.9931, 52.8913], [-5.9935, 52.8868], [-5.9942, 52.8824], [-6.0218, 52.7559], [-6.0231, 52.7511], [-6.0249, 52.7465], [-6.0271, 52.7421], [-6.0298, 52.7379], [-6.0328, 52.7339], [-6.0363, 52.7303], [-6.1925, 52.582], [-6.2948, 52.4069], [-6.3582, 52.1998], [-6.3597, 52.1954], [-6.3617, 52.1911], [-6.3641, 52.187], [-6.3669, 52.1832], [-6.37, 52.1797], [-6.3734, 52.1765], [-6.3772, 52.1736], [-6.3811, 52.171], [-6.3853, 52.1689], [-6.3897, 52.1672], [-6.3942, 52.1658], [-6.4774, 52.1458], [-6.4828, 52.1448], [-6.4883, 52.1444], [-6.4938, 52.1446], [-6.4992, 52.1454], [-6.6207, 52.1704], [-6.8672, 52.1579], [-6.9092, 52.0987], [-6.9122, 52.0949], [-6.9156, 52.0914], [-6.9193, 52.0882], [-6.9232, 52.0854], [-6.9274, 52.083], [-6.9319, 52.081], [-6.9365, 52.0795], [-6.9412, 52.0784], [-6.946, 52.0778], [-6.9509, 52.0777], [-6.9557, 52.078], [-6.9605, 52.0788], [-6.9652, 52.08], [-6.9697, 52.0817], [-6.9741, 52.0838], [-6.9782, 52.0864], [-6.9821, 52.0893], [-6.9857, 52.0926], [-6.9889, 52.0962], [-6.9918, 52.1001], [-6.9942, 52.1043], [-6.9963, 52.1087], [-6.9966, 52.1096], [-6.9617, 52.1112], [-6.95, 52.1276], [-6.95, 52.2], [-7.0, 52.5], [-7.2, 52.8], [-7.6, 53.0], [-7.7429, 53.2], [-7.6, 53.2], [-7.1, 53.3]]]}}, {"type": "Feature", "properties": {"NAME": "Lindsey", "MAPA": "world_600.geojson", "BORDERPRECISION": 1, "MOTIVO": "Lindsey: entre el Humber, el Trent y el Witham; sub-reino disputado por Northumbria y Mercia hasta la batalla del Trent (679); frontera aproximada", "FUENTE": "https://en.wikipedia.org/wiki/Kingdom_of_Lindsey"}, "geometry": {"type": "Polygon", "coordinates": [[[-0.2457, 53.7201], [-0.2422, 53.7166], [-0.239, 53.7127], [-0.2363, 53.7086], [-0.2339, 53.7042], [-0.2321, 53.6995], [-0.2307, 53.6947], [-0.2298, 53.6898], [-0.2294, 53.6849], [-0.2294, 53.6799], [-0.23, 53.6749], [-0.2311, 53.6701], [-0.2326, 53.6653], [-0.2542, 53.6089], [-0.2561, 53.604], [-0.182, 53.5683], [0.1027, 53.4313], [0.1076, 53.4286], [0.1121, 53.4254], [0.1163, 53.4216], [0.2098, 53.3285], [0.2129, 53.3251], [0.2157, 53.3214], [0.2181, 53.3175], [0.3115, 53.1511], [0.3137, 53.1466], [0.3155, 53.1419], [0.3168, 53.137], [0.3176, 53.1321], [0.3178, 53.1271], [0.3176, 53.122], [0.3169, 53.117], [0.2999, 53.0304], [0.2988, 53.0258], [0.2972, 53.0213], [0.2952, 53.0169], [0.2928, 53.0128], [0.29, 53.0089], [0.2868, 53.0053], [0.1996, 52.9153], [0.196, 52.9118], [0.1919, 52.9088], [0.1876, 52.9061], [0.1831, 52.904], [0.1783, 52.9022], [0.1734, 52.901], [0.1684, 52.9003], [0.1634, 52.9001], [0.1584, 52.9003], [0.1196, 52.9045], [0.1637, 52.9501], [-0.3, 53.0], [-0.75, 53.1], [-0.8, 53.3], [-0.7529, 53.6958], [-0.7, 53.7], [-0.2793, 53.6832], [-0.2615, 53.7298], [-0.2581, 53.7284], [-0.2537, 53.7261], [-0.2495, 53.7233], [-0.2457, 53.7201]]]}}, {"type": "Feature", "properties": {"NAME": "Mercia", "MAPA": "world_600.geojson", "BORDERPRECISION": 1, "MOTIVO": "Mercia y los anglos medios en el valle del Trent y las Midlands orientales hacia 600; frontera aproximada (los Hwicce se cuentan aún en Wessex)", "FUENTE": "https://en.wikipedia.org/wiki/Mercia"}, "geometry": {"type": "Polygon", "coordinates": [[[-0.75, 53.1], [-0.3, 53.0], [0.1637, 52.9501], [0.1985, 52.986], [0.1991, 52.9854], [0.2024, 52.9818], [0.2053, 52.9779], [0.2078, 52.9737], [0.2099, 52.9693], [0.2115, 52.9648], [0.2127, 52.9601], [0.2135, 52.9553], [0.2137, 52.9504], [0.2135, 52.9456], [0.2129, 52.9408], [0.2117, 52.9361], [0.2101, 52.9315], [0.2081, 52.9271], [0.2057, 52.9229], [0.2028, 52.9189], [0.1996, 52.9153], [0.102, 52.8144], [0.1628, 52.7994], [0.1674, 52.798], [0.1719, 52.7962], [0.1761, 52.794], [0.1801, 52.7914], [0.1839, 52.7884], [0.1873, 52.785], [0.1905, 52.7814], [0.1932, 52.7774], [0.1956, 52.7732], [0.1975, 52.7688], [0.199, 52.7643], [0.2001, 52.7596], [0.2007, 52.7548], [0.2008, 52.75], [0.2005, 52.7452], [0.1998, 52.7405], [0.1993, 52.7389], [0.1508, 52.7508], [0.0, 52.6], [-0.1, 52.3], [0.05, 52.05], [-0.4, 51.85], [-1.0, 52.0], [-1.6, 52.1], [-2.0, 52.25], [-2.4687, 52.3438], [-2.45, 52.4], [-2.35, 52.8], [-2.2, 53.1], [-2.104, 53.436], [-2.1055, 53.4493], [-2.1, 53.45], [-2.0835, 53.5078], [-1.9, 53.52], [-1.25, 53.52], [-1.1733, 53.5609], [-0.95, 53.68], [-0.7529, 53.6958], [-0.8, 53.3], [-0.75, 53.1]]]}}, {"type": "Feature", "properties": {"NAME": "Mumu", "MAPA": "world_600.geojson", "BORDERPRECISION": 1, "MOTIVO": "Mumu (Munster) de los Eóganachta de Cashel, con Osraige como túath dependiente; frontera aproximada", "FUENTE": "https://en.wikipedia.org/wiki/Kingdom_of_Munster"}, "geometry": {"type": "Polygon", "coordinates": [[[-6.9024, 52.1125], [-6.9042, 52.1076], [-6.9065, 52.103], [-6.9092, 52.0987], [-6.9209, 52.0823], [-6.924, 52.0783], [-6.9275, 52.0747], [-6.9314, 52.0714], [-6.9355, 52.0686], [-6.94, 52.0662], [-6.9446, 52.0642], [-6.9494, 52.0627], [-6.9543, 52.0617], [-6.9594, 52.0613], [-7.3674, 52.0423], [-7.7336, 51.9848], [-7.8365, 51.9249], [-7.8418, 51.9222], [-8.1368, 51.7947], [-8.5411, 51.5717], [-8.5451, 51.5697], [-8.5493, 51.5681], [-8.5536, 51.5668], [-8.558, 51.566], [-8.5625, 51.5655], [-8.8386, 51.5503], [-9.228, 51.425], [-9.2339, 51.4235], [-9.24, 51.4227], [-9.8158, 51.3847], [-9.8207, 51.3846], [-9.8257, 51.385], [-9.8305, 51.3859], [-9.8353, 51.3872], [-9.8398, 51.3891], [-9.8442, 51.3913], [-9.8484, 51.394], [-9.8522, 51.3971], [-9.8557, 51.4005], [-9.8589, 51.4043], [-9.8617, 51.4084], [-9.8641, 51.4127], [-9.866, 51.4172], [-9.8675, 51.4219], [-9.8685, 51.4268], [-9.869, 51.4317], [-9.8691, 51.4366], [-9.8686, 51.4415], [-9.8459, 51.6031], [-9.8753, 51.7482], [-10.2111, 51.7087], [-10.2159, 51.7084], [-10.2207, 51.7085], [-10.2255, 51.7091], [-10.2302, 51.7101], [-10.2347, 51.7116], [-10.2392, 51.7136], [-10.2434, 51.7159], [-10.2473, 51.7187], [-10.251, 51.7218], [-10.2544, 51.7252], [-10.2574, 51.729], [-10.26, 51.733], [-10.2623, 51.7373], [-10.2641, 51.7418], [-10.3412, 51.961], [-10.3426, 51.9658], [-10.3435, 51.9706], [-10.344, 51.9755], [-10.344, 51.9804], [-10.3434, 51.9853], [-10.3424, 51.9901], [-10.341, 51.9948], [-10.3391, 51.9993], [-10.3367, 52.0037], [-10.3339, 52.0077], [-10.3308, 52.0115], [-10.3273, 52.015], [-10.3235, 52.0181], [-10.3193, 52.0208], [-10.315, 52.023], [-10.3104, 52.0249], [-10.2461, 52.0472], [-10.4982, 52.0517], [-10.5032, 52.052], [-10.5082, 52.0529], [-10.5131, 52.0542], [-10.5178, 52.056], [-10.5223, 52.0583], [-10.5265, 52.061], [-10.5304, 52.0642], [-10.534, 52.0677], [-10.5373, 52.0716], [-10.5401, 52.0757], [-10.5425, 52.0802], [-10.5444, 52.0848], [-10.5459, 52.0896], [-10.5468, 52.0946], [-10.5473, 52.0996], [-10.5472, 52.1046], [-10.5467, 52.1097], [-10.5456, 52.1146], [-10.5175, 52.2196], [-10.5161, 52.2241], [-10.5142, 52.2285], [-10.512, 52.2326], [-10.5093, 52.2366], [-10.5063, 52.2402], [-10.5029, 52.2436], [-10.4993, 52.2466], [-10.4953, 52.2493], [-10.4912, 52.2516], [-10.4868, 52.2535], [-10.4823, 52.2549], [-10.4776, 52.2559], [-10.4729, 52.2565], [-10.4682, 52.2566], [-9.9024, 52.2447], [-9.8466, 52.274], [-9.8332, 52.3494], [-9.8324, 52.3533], [-9.8313, 52.3571], [-9.783, 52.4966], [-9.7811, 52.5012], [-9.7789, 52.5055], [-9.7762, 52.5097], [-9.7731, 52.5135], [-9.7697, 52.517], [-9.7659, 52.5202], [-9.7618, 52.5229], [-9.7575, 52.5253], [-9.753, 52.5272], [-9.7483, 52.5287], [-9.5166, 52.5889], [-9.5114, 52.59], [-9.5062, 52.5905], [-9.2253, 52.603], [-9.206, 52.6449], [-9.2038, 52.6491], [-9.2012, 52.653], [-9.1983, 52.6567], [-9.195, 52.6602], [-9.1915, 52.6632], [-9.1876, 52.666], [-9.1835, 52.6684], [-9.1793, 52.6703], [-9.1748, 52.6719], [-9.1702, 52.673], [-9.1655, 52.6737], [-9.1363, 52.6766], [-9.1606, 52.6239], [-8.9, 52.65], [-8.63, 52.66], [-8.45, 52.8], [-8.3, 53.0], [-8.06, 53.2], [-7.7429, 53.2], [-7.6, 53.0], [-7.2, 52.8], [-7.0, 52.5], [-6.95, 52.2], [-6.95, 52.1276], [-6.9, 52.1981], [-6.9, 52.1276], [-6.9003, 52.1225], [-6.9011, 52.1174], [-6.9024, 52.1125]]]}}, {"type": "Feature", "properties": {"NAME": "Picts", "MAPA": "world_600.geojson", "BORDERPRECISION": 1, "MOTIVO": "Pictos: Escocia al norte del istmo Forth-Clyde, salvo Dál Riata al oeste del Druim Alban; Orcadas, Shetland y Hébridas Exteriores quedan sin datos por falta de fuente; frontera aproximada", "FUENTE": "https://en.wikipedia.org/wiki/Picts"}, "geometry": {"type": "Polygon", "coordinates": [[[-3.2839, 55.9249], [-3.2891, 55.9241], [-3.2944, 55.9239], [-3.7269, 55.9319], [-3.7319, 55.9323], [-3.7369, 55.9331], [-3.7418, 55.9345], [-3.7464, 55.9363], [-3.7509, 55.9386], [-3.7552, 55.9413], [-3.7591, 55.9445], [-3.7627, 55.948], [-3.7659, 55.9519], [-3.7688, 55.956], [-3.7711, 55.9605], [-3.7731, 55.9651], [-3.7745, 55.9699], [-3.7755, 55.9749], [-3.7766, 55.9829], [-3.726, 55.9819], [-3.739, 56.0732], [-3.9, 56.1], [-4.3, 56.2], [-4.72, 56.3], [-4.8, 56.5], [-5.0, 56.75], [-5.6, 56.8], [-5.8138, 56.8134], [-5.852, 56.7812], [-5.8546, 56.7845], [-5.8573, 56.7887], [-5.8595, 56.7931], [-5.8613, 56.7977], [-5.8626, 56.8025], [-5.8634, 56.8074], [-5.8638, 56.8123], [-5.8637, 56.8173], [-5.863, 56.8222], [-5.8619, 56.827], [-5.8603, 56.8317], [-5.8583, 56.8362], [-5.8558, 56.8405], [-5.8529, 56.8445], [-5.8496, 56.8482], [-5.846, 56.8516], [-5.7036, 56.9715], [-5.6813, 57.0052], [-5.7729, 57.2398], [-5.7745, 57.2446], [-5.7756, 57.2494], [-5.7762, 57.2544], [-5.7763, 57.2594], [-5.7759, 57.2643], [-5.7751, 57.2693], [-5.7737, 57.2741], [-5.7719, 57.2787], [-5.7696, 57.2831], [-5.7668, 57.2873], [-5.7637, 57.2912], [-5.7602, 57.2948], [-5.7564, 57.298], [-5.7523, 57.3008], [-5.7479, 57.3031], [-5.7433, 57.3051], [-5.7385, 57.3065], [-5.5855, 57.3448], [-5.5394, 57.3855], [-5.7934, 57.5801], [-5.7972, 57.5833], [-5.8007, 57.5869], [-5.8038, 57.5909], [-5.8065, 57.5951], [-5.8087, 57.5996], [-5.8105, 57.6043], [-5.8118, 57.6091], [-5.8126, 57.6141], [-5.813, 57.6191], [-5.8128, 57.6241], [-5.8121, 57.6291], [-5.8109, 57.634], [-5.8093, 57.6387], [-5.8071, 57.6432], [-5.8046, 57.6475], [-5.8016, 57.6516], [-5.7982, 57.6553], [-5.7944, 57.6586], [-5.5999, 57.8162], [-5.596, 57.8191], [-5.5918, 57.8216], [-5.5874, 57.8237], [-5.5828, 57.8253], [-5.5781, 57.8265], [-5.5732, 57.8272], [-5.5683, 57.8274], [-5.5635, 57.8271], [-5.5587, 57.8264], [-5.2309, 57.7608], [-5.1465, 57.7808], [-5.384, 58.0604], [-5.3871, 58.0643], [-5.3897, 58.0686], [-5.3919, 58.0731], [-5.3936, 58.0778], [-5.3949, 58.0826], [-5.3957, 58.0876], [-5.3959, 58.0926], [-5.3957, 58.0976], [-5.395, 58.1025], [-5.3937, 58.1074], [-5.392, 58.1121], [-5.3899, 58.1166], [-5.3873, 58.1209], [-5.3842, 58.1249], [-5.3808, 58.1285], [-5.3771, 58.1318], [-5.373, 58.1348], [-5.3687, 58.1373], [-5.3641, 58.1393], [-5.3594, 58.1409], [-5.3545, 58.142], [-5.0054, 58.2026], [-5.1497, 58.3613], [-5.1528, 58.365], [-5.1555, 58.3691], [-5.1579, 58.3734], [-5.1597, 58.3779], [-5.1612, 58.3826], [-5.1621, 58.3874], [-5.1626, 58.3923], [-5.1627, 58.3972], [-5.1622, 58.402], [-5.1613, 58.4068], [-5.1599, 58.4115], [-5.158, 58.416], [-5.1558, 58.4204], [-5.1531, 58.4244], [-5.15, 58.4282], [-5.1466, 58.4317], [-4.9594, 58.6038], [-4.9555, 58.607], [-4.9513, 58.6098], [-4.9468, 58.6122], [-4.9421, 58.6142], [-4.9372, 58.6156], [-4.9322, 58.6165], [-4.9271, 58.6169], [-4.922, 58.6168], [-4.917, 58.6162], [-4.912, 58.6151], [-4.9072, 58.6135], [-4.5031, 58.454], [-4.1467, 58.4943], [-3.8405, 58.5562], [-3.8333, 58.5571], [-3.4433, 58.5785], [-3.4394, 58.5785], [-3.1639, 58.5722], [-3.159, 58.5718], [-3.1542, 58.571], [-3.1495, 58.5697], [-3.1449, 58.568], [-3.1406, 58.5658], [-3.1364, 58.5632], [-3.1326, 58.5603], [-2.996, 58.4438], [-2.9924, 58.4404], [-2.9891, 58.4367], [-2.9863, 58.4327], [-2.9838, 58.4284], [-2.9818, 58.4239], [-2.9802, 58.4192], [-2.9791, 58.4144], [-2.9785, 58.4095], [-2.9784, 58.4046], [-2.9788, 58.3997], [-2.9796, 58.3948], [-2.9809, 58.3901], [-2.9827, 58.3854], [-2.9849, 58.381], [-2.9876, 58.3769], [-2.9906, 58.373], [-2.994, 58.3694], [-3.132, 58.2388], [-3.1355, 58.2358], [-3.1393, 58.2331], [-3.1433, 58.2308], [-3.1475, 58.2288], [-3.9208, 57.9135], [-4.1122, 57.7994], [-4.1861, 57.6499], [-4.1298, 57.6039], [-3.7971, 57.5916], [-3.4052, 57.6263], [-3.4009, 57.6264], [-3.0927, 57.627], [-3.0856, 57.6265], [-2.8515, 57.5935], [-2.1524, 57.6219], [-2.1472, 57.6219], [-2.142, 57.6213], [-2.1369, 57.6201], [-2.1319, 57.6185], [-2.1272, 57.6163], [-2.1227, 57.6136], [-2.1185, 57.6105], [-1.9127, 57.4402], [-1.9091, 57.4368], [-1.9058, 57.4331], [-1.9029, 57.4291], [-1.9003, 57.4249], [-1.8983, 57.4204], [-1.8966, 57.4157], [-1.8955, 57.4109], [-1.8948, 57.406], [-1.8946, 57.401], [-1.8949, 57.3961], [-1.8957, 57.3912], [-1.897, 57.3864], [-1.8987, 57.3818], [-1.9009, 57.3773], [-1.9036, 57.3731], [-1.9066, 57.3692], [-2.0677, 57.1803], [-2.1405, 57.0692], [-2.1213, 57.0473], [-2.1184, 57.0435], [-2.1158, 57.0396], [-2.1136, 57.0353], [-2.1118, 57.0309], [-2.1104, 57.0264], [-2.1095, 57.0217], [-2.109, 57.017], [-2.109, 57.0122], [-2.1094, 57.0075], [-2.1103, 57.0028], [-2.1116, 56.9982], [-2.1133, 56.9938], [-2.1155, 56.9896], [-2.118, 56.9856], [-2.121, 56.9818], [-2.3752, 56.6847], [-2.3786, 56.6811], [-2.3825, 56.6777], [-2.3867, 56.6748], [-2.3911, 56.6724], [-2.4823, 56.6276], [-2.6276, 56.4403], [-2.6306, 56.4368], [-2.6339, 56.4336], [-2.6375, 56.4307], [-2.6413, 56.4282], [-2.6454, 56.426], [-2.6496, 56.4242], [-2.9554, 56.3096], [-2.9321, 56.2999], [-2.7053, 56.2257], [-2.7006, 56.2239], [-2.6962, 56.2217], [-2.692, 56.219], [-2.6881, 56.2159], [-2.6845, 56.2125], [-2.6812, 56.2087], [-2.6784, 56.2046], [-2.676, 56.2002], [-2.674, 56.1956], [-2.6725, 56.1909], [-2.6715, 56.186], [-2.6709, 56.1811], [-2.6709, 56.1761], [-2.6714, 56.1711], [-2.6723, 56.1662], [-2.6737, 56.1614], [-2.6757, 56.1568], [-2.678, 56.1524], [-2.6808, 56.1483], [-2.684, 56.1444], [-2.6875, 56.1409], [-2.6914, 56.1378], [-2.6956, 56.1351], [-2.7, 56.1328], [-2.7046, 56.1309], [-2.7094, 56.1295], [-2.7143, 56.1286], [-2.7542, 56.1233], [-2.8666, 56.0446], [-2.8711, 56.0418], [-2.8758, 56.0395], [-2.8808, 56.0377], [-2.8859, 56.0364], [-2.8911, 56.0357], [-3.1519, 56.0134], [-3.1578, 56.0093], [-3.2645, 55.9332], [-3.269, 55.9304], [-3.2737, 55.928], [-3.2787, 55.9262], [-3.2839, 55.9249]]]}}, {"type": "Feature", "properties": {"NAME": "Powys", "MAPA": "world_600.geojson", "BORDERPRECISION": 1, "MOTIVO": "Powys con las llanuras del Severn y del Dee (Wroxeter, Chester) antes de la batalla de Chester (613-616); frontera aproximada", "FUENTE": "https://en.wikipedia.org/wiki/Kingdom_of_Powys"}, "geometry": {"type": "Polygon", "coordinates": [[[-2.2, 53.1], [-2.35, 52.8], [-2.45, 52.4], [-2.4687, 52.3438], [-2.55, 52.1], [-2.6235, 51.9529], [-3.0, 52.0], [-3.4, 52.05], [-3.7083, 52.0885], [-3.7918, 52.099], [-3.7909, 52.1045], [-3.75, 52.35], [-3.9428, 52.5524], [-3.8, 52.6], [-3.6, 52.9], [-3.35, 53.2], [-3.3446, 53.2323], [-3.3957, 53.2301], [-3.3939, 53.2406], [-3.3929, 53.2453], [-3.3914, 53.2499], [-3.3895, 53.2544], [-3.3871, 53.2587], [-3.3844, 53.2627], [-3.3812, 53.2664], [-3.3778, 53.2698], [-3.374, 53.2728], [-3.3699, 53.2755], [-3.3656, 53.2777], [-3.3611, 53.2795], [-3.3564, 53.2809], [-3.3517, 53.2818], [-3.3468, 53.2823], [-3.3327, 53.2829], [-2.9972, 53.3105], [-3.0287, 53.365], [-3.0309, 53.3692], [-3.0326, 53.3737], [-3.034, 53.3783], [-3.0349, 53.383], [-3.0353, 53.3878], [-3.0353, 53.3926], [-3.0348, 53.3974], [-3.0339, 53.4021], [-3.0325, 53.4067], [-3.0307, 53.4111], [-3.0284, 53.4154], [-3.0258, 53.4194], [-3.0228, 53.4231], [-3.0194, 53.4266], [-3.0157, 53.4297], [-3.0118, 53.4324], [-3.0103, 53.4332], [-2.9854, 53.39], [-2.9, 53.38], [-2.5, 53.4], [-2.1055, 53.4493], [-2.104, 53.436], [-2.2, 53.1]]]}}, {"type": "Feature", "properties": {"NAME": "Rheged", "MAPA": "world_600.geojson", "BORDERPRECISION": 1, "MOTIVO": "Rheged: Cumbria, Dumfries y Galloway y, quizá, el sur hasta el Mersey; frontera aproximada", "FUENTE": "https://en.wikipedia.org/wiki/Rheged"}, "geometry": {"type": "Polygon", "coordinates": [[[-4.2, 55.4], [-3.6, 55.4], [-3.5647, 55.3941], [-3.3, 55.35], [-3.0, 55.3], [-2.6079, 55.202], [-2.6, 55.2], [-2.5857, 55.1964], [-2.35, 55.0], [-2.3, 54.7], [-2.2671, 54.5027], [-2.25, 54.4], [-2.2, 54.05], [-2.164, 53.906], [-2.15, 53.85], [-2.1118, 53.5059], [-2.0835, 53.5078], [-2.1, 53.45], [-2.1055, 53.4493], [-2.5, 53.4], [-2.9, 53.38], [-2.9854, 53.39], [-2.9542, 53.336], [-2.9912, 53.3403], [-2.9963, 53.3412], [-3.0012, 53.3425], [-3.0061, 53.3444], [-3.0106, 53.3468], [-3.015, 53.3497], [-3.019, 53.3529], [-3.0226, 53.3566], [-3.0259, 53.3606], [-3.0287, 53.365], [-3.1, 53.4886], [-3.1022, 53.4929], [-3.104, 53.4974], [-3.1054, 53.502], [-3.1063, 53.5067], [-3.1067, 53.5115], [-3.1067, 53.5163], [-3.1062, 53.5211], [-3.1052, 53.5258], [-3.028, 53.833], [-3.0268, 53.8371], [-3.0252, 53.8411], [-3.0233, 53.845], [-2.9172, 54.0377], [-2.9287, 54.1154], [-3.2578, 54.0913], [-3.263, 54.0912], [-3.2682, 54.0916], [-3.2733, 54.0926], [-3.2782, 54.0941], [-3.283, 54.0961], [-3.2876, 54.0985], [-3.5054, 54.232], [-3.5091, 54.2345], [-3.5126, 54.2373], [-3.5158, 54.2405], [-3.5188, 54.2439], [-3.5214, 54.2476], [-3.6113, 54.3881], [-3.6139, 54.3925], [-3.6159, 54.3971], [-3.6175, 54.4019], [-3.6186, 54.4069], [-3.6191, 54.4119], [-3.6192, 54.417], [-3.6187, 54.422], [-3.6178, 54.427], [-3.6163, 54.4319], [-3.6144, 54.4366], [-3.6119, 54.441], [-3.4731, 54.6691], [-3.4702, 54.6733], [-3.4669, 54.6773], [-3.4632, 54.6808], [-3.4591, 54.684], [-3.2657, 54.8197], [-3.3196, 54.8358], [-3.5705, 54.873], [-3.8888, 54.7434], [-3.8929, 54.7419], [-3.8971, 54.7408], [-3.9014, 54.7401], [-4.1153, 54.7128], [-4.1204, 54.7124], [-4.1256, 54.7126], [-4.1307, 54.7133], [-4.1357, 54.7145], [-4.4331, 54.8021], [-4.4547, 54.7545], [-4.4572, 54.7497], [-4.4601, 54.7453], [-4.4635, 54.7412], [-4.4673, 54.7375], [-4.567, 54.6502], [-4.5707, 54.6471], [-4.5748, 54.6445], [-4.5791, 54.6423], [-4.5836, 54.6405], [-4.5882, 54.6391], [-4.593, 54.6382], [-4.5978, 54.6378], [-4.6027, 54.6378], [-4.6075, 54.6383], [-4.9101, 54.6847], [-4.9163, 54.6861], [-5.1252, 54.746], [-5.1299, 54.7476], [-5.1343, 54.7496], [-5.1386, 54.7521], [-5.1426, 54.755], [-5.1463, 54.7582], [-5.1496, 54.7618], [-5.1526, 54.7657], [-5.1552, 54.7699], [-5.1574, 54.7743], [-5.1591, 54.7789], [-5.1603, 54.7837], [-5.1611, 54.7885], [-5.1614, 54.7934], [-5.1612, 54.7983], [-5.1606, 54.8032], [-5.1594, 54.808], [-5.1147, 54.9624], [-5.1131, 54.967], [-5.1111, 54.9714], [-5.1086, 54.9756], [-5.1058, 54.9796], [-5.1026, 54.9832], [-4.947, 55.144], [-4.689, 55.4457], [-4.6887, 55.4465], [-4.6871, 55.4502], [-4.6417, 55.4294], [-4.2, 55.4]]]}}, {"type": "Feature", "properties": {"NAME": "Strathclyde", "MAPA": "world_600.geojson", "BORDERPRECISION": 1, "MOTIVO": "Alt Clut (Strathclyde): valle del Clyde desde Dumbarton, del norte del lago Lomond hasta Ayr; frontera aproximada", "FUENTE": "https://en.wikipedia.org/wiki/Kingdom_of_Strathclyde"}, "geometry": {"type": "MultiPolygon", "coordinates": [[[[-5.0931, 55.3897], [-5.097, 55.389], [-5.1653, 55.3799], [-5.1725, 55.3794], [-5.2241, 55.38], [-5.2254, 55.38], [-5.2334, 55.3803], [-5.2379, 55.3807], [-5.2423, 55.3814], [-5.2467, 55.3826], [-5.252, 55.3842], [-5.2523, 55.3844], [-5.2987, 55.3994], [-5.3035, 55.4012], [-5.3097, 55.4039], [-5.313, 55.4054], [-5.3152, 55.4064], [-5.3627, 55.4303], [-5.3669, 55.4327], [-5.3709, 55.4355], [-5.3746, 55.4386], [-5.3779, 55.4421], [-5.3798, 55.4443], [-5.3831, 55.4484], [-5.3859, 55.4529], [-5.4009, 55.4798], [-5.4029, 55.4838], [-5.4459, 55.5802], [-5.4476, 55.5843], [-5.4488, 55.5885], [-5.4497, 55.5928], [-5.4502, 55.5972], [-5.4507, 55.6056], [-5.4507, 55.612], [-5.4502, 55.6209], [-5.4497, 55.6254], [-5.4488, 55.6299], [-5.4475, 55.6343], [-5.4436, 55.6454], [-5.4431, 55.6468], [-5.4278, 55.6866], [-5.4256, 55.6913], [-5.423, 55.6959], [-5.4199, 55.7001], [-5.4164, 55.704], [-5.4134, 55.707], [-5.4106, 55.7096], [-5.4076, 55.712], [-5.4003, 55.7173], [-5.3952, 55.7206], [-5.3544, 55.7434], [-5.3524, 55.7444], [-5.348, 55.7466], [-5.3474, 55.7469], [-5.3171, 55.7616], [-5.3121, 55.7637], [-5.3069, 55.7653], [-5.3016, 55.7663], [-5.2962, 55.7667], [-5.2665, 55.7672], [-5.2615, 55.7671], [-5.2479, 55.7659], [-5.2423, 55.7652], [-5.2296, 55.7627], [-5.2245, 55.7614], [-5.2136, 55.7581], [-5.211, 55.7572], [-5.181, 55.7461], [-5.1763, 55.7441], [-5.1633, 55.7377], [-5.1629, 55.7375], [-5.1457, 55.7289], [-5.141, 55.7262], [-5.1332, 55.7212], [-5.1284, 55.7177], [-5.1241, 55.7137], [-5.1185, 55.7078], [-5.1149, 55.7036], [-5.1118, 55.6989], [-5.0423, 55.5822], [-5.0403, 55.5785], [-5.0386, 55.5746], [-5.0372, 55.571], [-5.0358, 55.5668], [-5.0348, 55.5625], [-5.0341, 55.5581], [-5.025, 55.4684], [-5.0248, 55.4666], [-5.0246, 55.4625], [-5.0245, 55.4574], [-5.0249, 55.4523], [-5.0259, 55.4472], [-5.0274, 55.4423], [-5.0288, 55.4384], [-5.0309, 55.4334], [-5.0336, 55.4285], [-5.0368, 55.4241], [-5.0405, 55.4199], [-5.0435, 55.4169], [-5.0464, 55.4142], [-5.0494, 55.4118], [-5.0612, 55.4032], [-5.0638, 55.4013], [-5.0686, 55.3982], [-5.0737, 55.3957], [-5.0791, 55.3937], [-5.0893, 55.3907], [-5.0931, 55.3897]]], [[[-4.8068, 55.454], [-4.8099, 55.4576], [-4.9471, 55.6331], [-4.95, 55.637], [-4.9524, 55.6413], [-4.9544, 55.6457], [-4.9559, 55.6504], [-4.957, 55.6551], [-4.9576, 55.6599], [-4.9578, 55.6648], [-4.9574, 55.6697], [-4.9448, 55.7779], [-4.9439, 55.7829], [-4.9426, 55.7878], [-4.9407, 55.7926], [-4.9384, 55.7971], [-4.9356, 55.8014], [-4.9325, 55.8053], [-4.9289, 55.809], [-4.925, 55.8122], [-4.9208, 55.815], [-4.9163, 55.8174], [-4.9115, 55.8193], [-4.7806, 55.8649], [-4.6847, 55.9276], [-4.7413, 56.0722], [-4.81, 56.0552], [-4.8149, 56.0542], [-4.8199, 56.0537], [-4.8249, 56.0538], [-4.8298, 56.0543], [-4.8347, 56.0553], [-4.8395, 56.0568], [-4.8441, 56.0588], [-4.8484, 56.0612], [-4.8525, 56.064], [-4.8563, 56.0672], [-4.8598, 56.0708], [-4.8629, 56.0747], [-4.8655, 56.0789], [-4.8678, 56.0834], [-4.8484, 56.0972], [-4.8221, 56.1037], [-4.72, 56.3], [-4.3, 56.2], [-3.9, 56.1], [-3.739, 56.0732], [-3.726, 55.9819], [-3.6761, 55.981], [-3.6761, 55.9794], [-3.6765, 55.9746], [-3.6775, 55.9699], [-3.6788, 55.9653], [-3.6807, 55.9609], [-3.6829, 55.9566], [-3.6855, 55.9526], [-3.6885, 55.9488], [-3.6919, 55.9454], [-3.6955, 55.9423], [-3.6995, 55.9395], [-3.7037, 55.9372], [-3.7042, 55.9369], [-3.6939, 55.9313], [-3.6935, 55.9311], [-3.6892, 55.9291], [-3.6851, 55.9267], [-3.6812, 55.924], [-3.6776, 55.9209], [-3.6743, 55.9174], [-3.6714, 55.9137], [-3.6688, 55.9097], [-3.6666, 55.9054], [-3.6648, 55.901], [-3.6635, 55.8964], [-3.6626, 55.8918], [-3.6616, 55.8847], [-3.7121, 55.8847], [-3.7, 55.8], [-3.6, 55.5], [-3.5647, 55.3941], [-3.6, 55.4], [-4.2, 55.4], [-4.6417, 55.4294], [-4.6384, 55.4279], [-4.6722, 55.3884], [-4.7913, 55.443], [-4.7956, 55.4452], [-4.7996, 55.4477], [-4.8033, 55.4507], [-4.8068, 55.454]]]]}}, {"type": "Feature", "properties": {"NAME": "Sussex", "MAPA": "world_600.geojson", "BORDERPRECISION": 1, "MOTIVO": "Sussex: la franja costera entre Chichester y Rye, al sur del Weald; frontera aproximada", "FUENTE": "https://en.wikipedia.org/wiki/Kingdom_of_Sussex"}, "geometry": {"type": "Polygon", "coordinates": [[[-0.9842, 50.7252], [-0.9877, 50.7289], [-0.9909, 50.7329], [-0.9936, 50.7372], [-0.9959, 50.7418], [-0.9977, 50.7466], [-0.999, 50.7515], [-0.9997, 50.7565], [-1.0, 50.7616], [-1.0, 50.7796], [-0.95, 50.7616], [-0.95, 50.95], [-0.5, 51.1], [0.05, 51.15], [0.5, 51.05], [0.8, 51.0], [0.8871, 50.942], [0.886, 50.9819], [0.9074, 50.9885], [0.9148, 50.9836], [0.9186, 50.9807], [0.9222, 50.9775], [0.9254, 50.974], [0.9283, 50.9702], [0.9308, 50.9661], [0.9329, 50.9618], [0.9346, 50.9574], [0.9359, 50.9527], [0.9367, 50.948], [0.937, 50.9433], [0.9383, 50.894], [0.9382, 50.8891], [0.9376, 50.8842], [0.9365, 50.8794], [0.935, 50.8747], [0.933, 50.8702], [0.9306, 50.8659], [0.9278, 50.8619], [0.9246, 50.8582], [0.921, 50.8548], [0.9171, 50.8518], [0.913, 50.8491], [0.9086, 50.8469], [0.904, 50.8452], [0.8992, 50.8439], [0.8944, 50.843], [0.8895, 50.8427], [0.8846, 50.8428], [0.8797, 50.8434], [0.6783, 50.8789], [0.211, 50.6851], [0.2066, 50.6835], [0.2022, 50.6824], [0.1976, 50.6816], [0.193, 50.6813], [0.1884, 50.6814], [0.1838, 50.6819], [-0.2117, 50.746], [-0.3351, 50.766], [-0.8298, 50.6727], [-0.835, 50.672], [-0.8403, 50.6718], [-0.8456, 50.6722], [-0.8509, 50.6732], [-0.8559, 50.6747], [-0.9669, 50.7146], [-0.9716, 50.7166], [-0.9761, 50.719], [-0.9803, 50.7219], [-0.9842, 50.7252]]]}}, {"type": "Feature", "properties": {"NAME": "Ulaid", "MAPA": "world_600.geojson", "BORDERPRECISION": 1, "MOTIVO": "Ulaid (Dál Fiatach, Dál nAraidi): Antrim y Down, al este del Bann y del lago Neagh; frontera aproximada", "FUENTE": "https://en.wikipedia.org/wiki/Ulaid"}, "geometry": {"type": "Polygon", "coordinates": [[[-6.45, 54.4], [-6.5, 54.6], [-6.55, 54.9], [-6.78, 55.15], [-6.7682, 55.1944], [-6.8213, 55.1892], [-6.8165, 55.2073], [-6.8149, 55.2121], [-6.8129, 55.2167], [-6.8104, 55.2211], [-6.8075, 55.2252], [-6.8042, 55.2291], [-6.8005, 55.2325], [-6.7965, 55.2356], [-6.7922, 55.2382], [-6.7877, 55.2404], [-6.7829, 55.2422], [-6.778, 55.2434], [-6.773, 55.2442], [-6.6501, 55.2562], [-6.645, 55.2564], [-6.64, 55.2562], [-6.4491, 55.2363], [-6.4452, 55.2357], [-6.4414, 55.2348], [-6.2758, 55.1905], [-6.1228, 55.2098], [-6.1176, 55.2102], [-6.1124, 55.2101], [-6.1073, 55.2094], [-6.1023, 55.2082], [-6.0974, 55.2064], [-6.0927, 55.2042], [-6.0883, 55.2015], [-5.99, 55.1343], [-5.9861, 55.1313], [-5.9825, 55.128], [-5.9793, 55.1244], [-5.9764, 55.1204], [-5.7431, 54.7648], [-5.7404, 54.7602], [-5.7382, 54.7553], [-5.7365, 54.7502], [-5.7153, 54.6697], [-5.7143, 54.6646], [-5.7137, 54.6594], [-5.7138, 54.6542], [-5.7143, 54.649], [-5.7154, 54.6439], [-5.7456, 54.5322], [-5.6204, 54.3506], [-5.6178, 54.3466], [-5.6157, 54.3423], [-5.614, 54.3379], [-5.6128, 54.3333], [-5.6119, 54.3286], [-5.6115, 54.3239], [-5.6116, 54.3191], [-5.6121, 54.3144], [-5.6131, 54.3098], [-5.6145, 54.3052], [-5.6163, 54.3008], [-5.6862, 54.1534], [-5.6883, 54.1495], [-5.6907, 54.1458], [-5.6934, 54.1423], [-5.6965, 54.1391], [-5.6998, 54.1361], [-5.8805, 53.9886], [-5.8841, 53.986], [-5.888, 53.9836], [-5.892, 53.9816], [-5.8962, 53.98], [-6.0557, 53.9262], [-6.0606, 53.9248], [-6.0655, 53.924], [-6.199, 53.9073], [-6.2037, 53.9069], [-6.2085, 53.907], [-6.2133, 53.9076], [-6.2179, 53.9086], [-6.2225, 53.91], [-6.2269, 53.9119], [-6.2311, 53.9141], [-6.2351, 53.9168], [-6.2387, 53.9198], [-6.2421, 53.9232], [-6.2452, 53.9269], [-6.2623, 53.9498], [-6.2064, 53.9567], [-6.2052, 53.9569], [-6.35, 54.15], [-6.45, 54.4]]]}}, {"type": "Feature", "properties": {"NAME": "Uí Néill", "MAPA": "world_600.geojson", "BORDERPRECISION": 1, "MOTIVO": "Uí Néill del norte (Cenél Conaill, Cenél nEógain) y del sur (Mide, Brega), con los Airgíalla dependientes; frontera aproximada", "FUENTE": "https://en.wikipedia.org/wiki/U%C3%AD_N%C3%A9ill"}, "geometry": {"type": "Polygon", "coordinates": [[[-6.1568, 53.9444], [-6.1582, 53.9397], [-6.1602, 53.9351], [-6.1626, 53.9307], [-6.1654, 53.9266], [-6.1686, 53.9228], [-6.1721, 53.9194], [-6.176, 53.9163], [-6.1802, 53.9136], [-6.1847, 53.9113], [-6.1893, 53.9095], [-6.1941, 53.9081], [-6.199, 53.9073], [-6.2002, 53.9071], [-6.3305, 53.8908], [-6.3562, 53.8805], [-6.2988, 53.8205], [-6.2953, 53.8164], [-6.2923, 53.812], [-6.2897, 53.8072], [-6.127, 53.4604], [-6.125, 53.4557], [-6.1236, 53.4507], [-6.1025, 53.3615], [-6.1016, 53.3566], [-6.1011, 53.3516], [-6.1012, 53.3466], [-6.1018, 53.3416], [-6.1029, 53.3367], [-6.1045, 53.332], [-6.1065, 53.3274], [-6.109, 53.3231], [-6.1119, 53.319], [-6.1152, 53.3152], [-6.1189, 53.3118], [-6.1228, 53.3088], [-6.1271, 53.3061], [-6.1316, 53.304], [-6.1363, 53.3022], [-6.1396, 53.3014], [-6.1511, 53.35], [-6.2, 53.35], [-6.6, 53.33], [-7.1, 53.3], [-7.6, 53.2], [-7.7429, 53.2], [-8.06, 53.2], [-8.0, 53.25], [-7.95, 53.45], [-7.9, 53.75], [-8.05, 54.1], [-8.0, 54.3], [-8.25, 54.47], [-8.2997, 54.4908], [-8.3006, 54.4893], [-8.3469, 54.4743], [-8.3473, 54.4755], [-8.3485, 54.4801], [-8.3493, 54.4848], [-8.3497, 54.4896], [-8.3496, 54.4944], [-8.349, 54.4992], [-8.348, 54.5039], [-8.3465, 54.5084], [-8.3446, 54.5128], [-8.3423, 54.517], [-8.301, 54.5839], [-8.8294, 54.5839], [-8.8343, 54.5842], [-8.8392, 54.5849], [-8.844, 54.5861], [-8.8486, 54.5878], [-8.853, 54.5899], [-8.8573, 54.5924], [-8.8612, 54.5954], [-8.8649, 54.5987], [-8.8682, 54.6024], [-8.8711, 54.6064], [-8.8736, 54.6106], [-8.8757, 54.6151], [-8.8773, 54.6197], [-8.8785, 54.6245], [-8.8792, 54.6294], [-8.8794, 54.6344], [-8.8791, 54.6393], [-8.8783, 54.6442], [-8.8771, 54.6489], [-8.8753, 54.6536], [-8.8732, 54.658], [-8.8706, 54.6622], [-8.8676, 54.6661], [-8.8642, 54.6697], [-8.808, 54.7246], [-8.7949, 54.7372], [-8.7913, 54.7405], [-8.7873, 54.7433], [-8.7831, 54.7458], [-8.7787, 54.7478], [-8.774, 54.7494], [-8.7693, 54.7506], [-8.5458, 54.7926], [-8.5252, 54.8902], [-8.5237, 54.8956], [-8.5216, 54.9008], [-8.519, 54.9058], [-8.3881, 55.1212], [-8.3854, 55.1253], [-8.3823, 55.129], [-8.3788, 55.1324], [-8.3751, 55.1355], [-8.371, 55.1382], [-8.3667, 55.1405], [-8.3622, 55.1424], [-8.1352, 55.2237], [-8.1286, 55.2256], [-7.7665, 55.3017], [-7.7618, 55.3024], [-7.757, 55.3027], [-7.7522, 55.3026], [-7.7475, 55.302], [-7.7428, 55.3009], [-7.7383, 55.2994], [-7.7339, 55.2975], [-7.7297, 55.2951], [-7.7258, 55.2924], [-7.7221, 55.2893], [-7.7188, 55.2859], [-7.7158, 55.2822], [-7.6251, 55.1575], [-7.4926, 55.1018], [-7.4373, 55.1128], [-7.2375, 55.1528], [-7.011, 55.22], [-7.0064, 55.2211], [-7.0017, 55.2218], [-6.773, 55.2442], [-6.7682, 55.2444], [-6.7634, 55.2442], [-6.7586, 55.2435], [-6.7539, 55.2423], [-6.7494, 55.2407], [-6.745, 55.2387], [-6.7409, 55.2363], [-6.737, 55.2335], [-6.7333, 55.2303], [-6.73, 55.2268], [-6.7271, 55.2229], [-6.7245, 55.2188], [-6.7224, 55.2145], [-6.7207, 55.21], [-6.7194, 55.2054], [-6.7186, 55.2006], [-6.7184, 55.1993], [-6.7682, 55.1944], [-6.78, 55.15], [-6.55, 54.9], [-6.5, 54.6], [-6.45, 54.4], [-6.35, 54.15], [-6.2052, 53.9569], [-6.1556, 53.9631], [-6.1552, 53.9592], [-6.1552, 53.9542], [-6.1558, 53.9493], [-6.1568, 53.9444]]]}}, {"type": "Feature", "properties": {"NAME": "Wessex", "MAPA": "world_600.geojson", "BORDERPRECISION": 1, "MOTIVO": "Wessex: Hampshire, Wiltshire, Berkshire y el alto Támesis, con Gloucester, Cirencester y Bath desde 577; Surrey se le asigna aunque estaba disputado; frontera aproximada", "FUENTE": "https://en.wikipedia.org/wiki/Wessex"}, "geometry": {"type": "Polygon", "coordinates": [[[-0.9108, 50.7306], [-0.914, 50.727], [-0.9175, 50.7237], [-0.9212, 50.7207], [-0.9253, 50.7182], [-0.9295, 50.716], [-0.934, 50.7143], [-0.9386, 50.713], [-0.9433, 50.7121], [-0.9481, 50.7117], [-0.9529, 50.7117], [-0.9576, 50.7122], [-0.9623, 50.7132], [-0.9669, 50.7146], [-1.1075, 50.7651], [-1.3633, 50.7171], [-1.3681, 50.7165], [-2.01, 50.6593], [-1.9783, 50.5911], [-1.9765, 50.5865], [-1.9751, 50.5817], [-1.9741, 50.5768], [-1.9737, 50.5718], [-1.9738, 50.5669], [-1.9743, 50.5619], [-1.9754, 50.5571], [-1.9769, 50.5523], [-1.9789, 50.5478], [-1.9813, 50.5434], [-1.9842, 50.5394], [-1.9874, 50.5356], [-1.991, 50.5322], [-1.9949, 50.5291], [-1.9992, 50.5264], [-2.0036, 50.5242], [-2.0083, 50.5225], [-2.0131, 50.5212], [-2.018, 50.5203], [-2.0229, 50.52], [-2.0279, 50.5202], [-2.0328, 50.5209], [-2.0548, 50.5249], [-2.0598, 50.5261], [-2.0646, 50.5278], [-2.0692, 50.53], [-2.0735, 50.5326], [-2.0776, 50.5356], [-2.0814, 50.5391], [-2.0847, 50.5429], [-2.0877, 50.547], [-2.0902, 50.5514], [-2.0923, 50.5561], [-2.0939, 50.5609], [-2.095, 50.5659], [-2.0971, 50.5784], [-2.1023, 50.5846], [-2.0457, 50.5741], [-2.05, 50.6], [-2.3, 50.9], [-2.35, 51.2], [-2.7, 51.35], [-2.8243, 51.5157], [-2.8515, 51.4686], [-2.8643, 51.4857], [-2.867, 51.4897], [-2.8693, 51.494], [-2.8712, 51.4985], [-2.8727, 51.5031], [-2.8737, 51.5079], [-2.8742, 51.5127], [-2.8742, 51.5176], [-2.8738, 51.5224], [-2.8729, 51.5272], [-2.8716, 51.5319], [-2.8698, 51.5364], [-2.8676, 51.5407], [-2.8635, 51.5477], [-2.8606, 51.5522], [-2.8573, 51.5563], [-2.8536, 51.56], [-2.8495, 51.5633], [-2.845, 51.5661], [-2.7706, 51.6087], [-2.8202, 51.5227], [-2.65, 51.62], [-2.65, 51.9], [-2.6235, 51.9529], [-2.55, 52.1], [-2.4687, 52.3438], [-2.0, 52.25], [-1.6, 52.1], [-1.0, 52.0], [-0.4, 51.85], [-0.5, 51.55], [-0.4524, 51.4548], [0.0, 51.5], [0.05, 51.498], [0.05, 51.15], [-0.5, 51.1], [-0.95, 50.95], [-0.95, 50.7616], [-0.903, 50.7448], [-0.9036, 50.743], [-0.9056, 50.7386], [-0.908, 50.7345], [-0.9108, 50.7306]]]}}, {"type": "Feature", "properties": {"NAME": "Ceredigion", "MAPA": "world_700.geojson", "BORDERPRECISION": 1, "MOTIVO": "Ceredigion: entre el Dyfi y el Teifi; frontera aproximada", "FUENTE": "https://en.wikipedia.org/wiki/Kingdom_of_Ceredigion"}, "geometry": {"type": "Polygon", "coordinates": [[[-4.2, 52.03], [-4.6, 52.08], [-4.6435, 52.0887], [-4.6926, 52.079], [-4.6933, 52.0839], [-4.6935, 52.0888], [-4.6933, 52.0937], [-4.6926, 52.0985], [-4.6913, 52.1033], [-4.6897, 52.1079], [-4.6876, 52.1123], [-4.6851, 52.1166], [-4.6821, 52.1205], [-4.6788, 52.1241], [-4.6752, 52.1274], [-4.6712, 52.1303], [-4.667, 52.1328], [-4.6626, 52.1349], [-4.6579, 52.1366], [-4.6532, 52.1378], [-4.6318, 52.142], [-4.3217, 52.244], [-4.172, 52.3954], [-4.1593, 52.554], [-4.1587, 52.5589], [-4.1576, 52.5637], [-4.156, 52.5684], [-4.1539, 52.573], [-4.1514, 52.5773], [-4.1485, 52.5813], [-4.1452, 52.585], [-4.1415, 52.5884], [-4.1376, 52.5914], [-4.1333, 52.594], [-4.1289, 52.5961], [-4.1242, 52.5978], [-4.1194, 52.599], [-4.1145, 52.5998], [-4.1095, 52.6], [-4.1055, 52.6], [-4.1095, 52.55], [-3.95, 52.55], [-3.9428, 52.5524], [-3.75, 52.35], [-3.7909, 52.1045], [-3.7918, 52.099], [-3.7953, 52.0782], [-3.8588, 52.0706], [-4.2, 52.03]]]}}, {"type": "Feature", "properties": {"NAME": "Connacht", "MAPA": "world_700.geojson", "BORDERPRECISION": 1, "MOTIVO": "Connacht al oeste del Shannon, sin Clare, que Faílbe Flann de Mumu (r. 628-639) le arrebata; frontera aproximada", "FUENTE": "https://en.wikipedia.org/wiki/Connacht · https://en.wikipedia.org/wiki/Kingdom_of_Munster"}, "geometry": {"type": "Polygon", "coordinates": [[[-8.6, 53.08], [-8.9833, 53.1279], [-8.997, 53.1204], [-9.0326, 53.1199], [-9.0331, 53.1234], [-9.0333, 53.1282], [-9.0331, 53.133], [-9.0323, 53.1378], [-9.0312, 53.1425], [-9.0295, 53.1471], [-9.0275, 53.1514], [-9.025, 53.1556], [-9.0221, 53.1595], [-9.0189, 53.1631], [-9.0153, 53.1664], [-9.0114, 53.1693], [-9.0073, 53.1718], [-8.9918, 53.1802], [-9.0219, 53.234], [-9.1355, 53.1761], [-9.1399, 53.1742], [-9.1445, 53.1726], [-9.1492, 53.1715], [-9.154, 53.1709], [-9.1588, 53.1707], [-9.1637, 53.171], [-9.1685, 53.1718], [-9.1732, 53.173], [-9.1777, 53.1747], [-9.3052, 53.2288], [-9.4359, 53.2164], [-9.4411, 53.2162], [-9.4463, 53.2165], [-9.4514, 53.2174], [-9.4564, 53.2188], [-9.4613, 53.2207], [-9.6274, 53.2958], [-9.7893, 53.2954], [-9.8595, 53.2543], [-9.864, 53.2519], [-9.8686, 53.2501], [-9.8735, 53.2487], [-9.8784, 53.2478], [-9.8834, 53.2474], [-9.8884, 53.2475], [-9.8934, 53.2481], [-9.8983, 53.2492], [-10.1733, 53.326], [-10.178, 53.3275], [-10.1825, 53.3296], [-10.1868, 53.332], [-10.1909, 53.3349], [-10.1946, 53.3382], [-10.198, 53.3418], [-10.201, 53.3458], [-10.2036, 53.35], [-10.2058, 53.3545], [-10.2075, 53.3591], [-10.2088, 53.3639], [-10.2095, 53.3688], [-10.2098, 53.3738], [-10.2096, 53.3788], [-10.2089, 53.3837], [-10.2077, 53.3885], [-10.206, 53.3932], [-10.2039, 53.3977], [-10.2014, 53.402], [-10.1984, 53.4059], [-10.1951, 53.4096], [-10.1062, 53.4978], [-10.1734, 53.5307], [-10.1776, 53.5331], [-10.1816, 53.5358], [-10.1854, 53.5389], [-10.1888, 53.5424], [-10.1918, 53.5462], [-10.1945, 53.5502], [-10.1967, 53.5545], [-10.1986, 53.559], [-10.2, 53.5636], [-10.2009, 53.5684], [-10.2014, 53.5732], [-10.2014, 53.5781], [-10.2009, 53.5829], [-10.2, 53.5876], [-10.1986, 53.5923], [-10.1967, 53.5968], [-10.1945, 53.6011], [-10.1918, 53.6051], [-10.1888, 53.6089], [-10.1854, 53.6123], [-10.1817, 53.6155], [-10.1777, 53.6182], [-10.1734, 53.6205], [-10.169, 53.6225], [-10.1644, 53.6239], [-10.1596, 53.625], [-9.8826, 53.671], [-9.9177, 53.7467], [-9.9196, 53.7512], [-9.921, 53.7559], [-9.9219, 53.7607], [-9.9223, 53.7655], [-9.9223, 53.7704], [-9.9218, 53.7752], [-9.9209, 53.78], [-9.9194, 53.7847], [-9.9175, 53.7892], [-9.9152, 53.7935], [-9.9125, 53.7975], [-9.9094, 53.8013], [-9.906, 53.8048], [-9.9022, 53.8079], [-9.8981, 53.8106], [-9.8046, 53.8668], [-9.9182, 53.9172], [-10.1679, 53.863], [-10.1728, 53.8622], [-10.1777, 53.8619], [-10.1826, 53.862], [-10.1875, 53.8627], [-10.1923, 53.8638], [-10.1969, 53.8654], [-10.2014, 53.8674], [-10.2057, 53.8699], [-10.2097, 53.8727], [-10.2134, 53.876], [-10.2167, 53.8796], [-10.2197, 53.8835], [-10.2223, 53.8877], [-10.2245, 53.8921], [-10.2262, 53.8967], [-10.2274, 53.9014], [-10.2282, 53.9063], [-10.2285, 53.9112], [-10.2284, 53.9161], [-10.2095, 54.1373], [-10.2089, 54.1421], [-10.2077, 54.1468], [-10.2062, 54.1514], [-10.2042, 54.1558], [-10.2018, 54.16], [-10.199, 54.164], [-10.1958, 54.1676], [-10.1923, 54.1709], [-10.1885, 54.1739], [-10.0181, 54.2942], [-9.9218, 54.3657], [-9.9179, 54.3683], [-9.9138, 54.3706], [-9.9096, 54.3724], [-9.9051, 54.3738], [-9.9006, 54.3748], [-9.896, 54.3754], [-9.8913, 54.3756], [-9.8867, 54.3753], [-9.8821, 54.3746], [-9.4748, 54.2924], [-9.3338, 54.3239], [-9.329, 54.3247], [-9.3242, 54.3251], [-9.3194, 54.3249], [-9.0823, 54.3081], [-9.0803, 54.3079], [-8.6849, 54.2637], [-8.7296, 54.3384], [-8.732, 54.3428], [-8.7339, 54.3474], [-8.7353, 54.3522], [-8.7362, 54.3571], [-8.7367, 54.3621], [-8.7366, 54.3671], [-8.7361, 54.372], [-8.7351, 54.3769], [-8.7336, 54.3817], [-8.7316, 54.3862], [-8.7291, 54.3906], [-8.7263, 54.3947], [-8.723, 54.3985], [-8.7194, 54.4019], [-8.7155, 54.405], [-8.7113, 54.4077], [-8.7068, 54.4099], [-8.7022, 54.4117], [-8.3246, 54.5341], [-8.3242, 54.5343], [-8.3197, 54.5366], [-8.315, 54.5384], [-8.3101, 54.5397], [-8.3051, 54.5405], [-8.3001, 54.5408], [-8.2951, 54.5406], [-8.2901, 54.5398], [-8.2852, 54.5386], [-8.2804, 54.5369], [-8.2731, 54.5339], [-8.2997, 54.4908], [-8.25, 54.47], [-8.0, 54.3], [-8.05, 54.1], [-7.9, 53.75], [-7.95, 53.45], [-8.0, 53.25], [-8.06, 53.2], [-8.3, 53.0], [-8.6, 53.08]]]}}, {"type": "Feature", "properties": {"NAME": "Dumnonia", "MAPA": "world_700.geojson", "BORDERPRECISION": 1, "MOTIVO": "Dumnonia reducida a Cornualles y Devon al oeste del Exe tras Peonnum (658) y el avance sajón de fines del siglo VII; frontera aproximada", "FUENTE": "https://en.wikipedia.org/wiki/Dumnonia"}, "geometry": {"type": "Polygon", "coordinates": [[[-3.55, 50.7], [-3.5218, 50.6154], [-3.5215, 50.6174], [-3.4723, 50.6222], [-3.4722, 50.6218], [-3.4718, 50.617], [-3.4719, 50.6122], [-3.4724, 50.6074], [-3.5138, 50.3534], [-3.5148, 50.3488], [-3.5162, 50.3443], [-3.518, 50.34], [-3.5202, 50.3359], [-3.5228, 50.3319], [-3.5257, 50.3283], [-3.529, 50.3249], [-3.6809, 50.1828], [-3.6843, 50.1799], [-3.6881, 50.1772], [-3.692, 50.1749], [-3.6962, 50.173], [-3.7005, 50.1715], [-3.7049, 50.1704], [-3.7094, 50.1697], [-3.8761, 50.1507], [-3.8809, 50.1504], [-3.8857, 50.1506], [-3.8904, 50.1512], [-3.8951, 50.1522], [-3.8996, 50.1537], [-3.904, 50.1556], [-3.9082, 50.1579], [-3.9121, 50.1607], [-3.9158, 50.1637], [-4.0302, 50.2699], [-4.2271, 50.3338], [-4.266, 50.2902], [-4.2695, 50.2867], [-4.2733, 50.2836], [-4.2773, 50.2808], [-4.2817, 50.2785], [-4.2862, 50.2766], [-4.2909, 50.2751], [-4.2957, 50.2741], [-4.3006, 50.2736], [-4.3056, 50.2736], [-4.3105, 50.2741], [-4.5358, 50.3067], [-4.9428, 50.1677], [-5.2514, 49.9246], [-5.2554, 49.9217], [-5.2597, 49.9192], [-5.2642, 49.9172], [-5.2689, 49.9157], [-5.2737, 49.9146], [-5.2786, 49.914], [-5.2835, 49.9138], [-5.2885, 49.9142], [-5.2933, 49.915], [-5.2981, 49.9164], [-5.3027, 49.9181], [-5.3071, 49.9204], [-5.3112, 49.923], [-5.4492, 50.0208], [-5.7872, 50.085], [-5.792, 50.0862], [-5.7966, 50.0878], [-5.8011, 50.0899], [-5.8054, 50.0924], [-5.8094, 50.0954], [-5.8131, 50.0987], [-5.8164, 50.1023], [-5.8194, 50.1063], [-5.8219, 50.1106], [-5.824, 50.1151], [-5.8257, 50.1197], [-5.8269, 50.1246], [-5.8276, 50.1295], [-5.8278, 50.1344], [-5.8275, 50.1394], [-5.8268, 50.1443], [-5.8255, 50.1491], [-5.8238, 50.1537], [-5.8216, 50.1582], [-5.819, 50.1624], [-5.816, 50.1663], [-5.8127, 50.17], [-5.8089, 50.1732], [-5.8049, 50.1761], [-5.8006, 50.1786], [-5.7961, 50.1807], [-5.2654, 50.3892], [-5.0514, 50.5964], [-5.048, 50.5995], [-5.0442, 50.6022], [-5.0402, 50.6046], [-5.0361, 50.6066], [-5.0317, 50.6082], [-5.0272, 50.6094], [-4.8378, 50.6504], [-4.6492, 50.8067], [-4.6001, 51.009], [-4.5987, 51.0137], [-4.5968, 51.0183], [-4.5945, 51.0227], [-4.5918, 51.0268], [-4.5886, 51.0307], [-4.5851, 51.0342], [-4.5813, 51.0373], [-4.5772, 51.0401], [-4.5728, 51.0424], [-4.5682, 51.0443], [-4.5635, 51.0457], [-4.5586, 51.0467], [-4.5536, 51.0471], [-4.5487, 51.0471], [-4.5437, 51.0465], [-4.5389, 51.0455], [-4.4497, 51.0222], [-4.3282, 51.0921], [-4.331, 51.1857], [-4.3309, 51.1907], [-4.3303, 51.1957], [-4.3292, 51.2005], [-4.3276, 51.2053], [-4.3256, 51.2098], [-4.3231, 51.2142], [-4.3202, 51.2182], [-4.3169, 51.222], [-4.3133, 51.2254], [-4.3093, 51.2284], [-4.3051, 51.231], [-4.3006, 51.2332], [-4.2959, 51.235], [-4.2911, 51.2362], [-4.2862, 51.237], [-3.8304, 51.2845], [-3.8261, 51.2848], [-3.8218, 51.2847], [-3.8175, 51.2842], [-3.4789, 51.2311], [-3.4544, 51.2309], [-3.4494, 51.2306], [-3.4444, 51.2298], [-3.4396, 51.2285], [-3.4349, 51.2267], [-3.4304, 51.2245], [-3.4261, 51.2218], [-3.4221, 51.2188], [-3.4185, 51.2153], [-3.4152, 51.2115], [-3.4124, 51.2074], [-3.4099, 51.203], [-3.4079, 51.1984], [-3.4064, 51.1936], [-3.4054, 51.1887], [-3.4049, 51.1837], [-3.4048, 51.1805], [-3.4548, 51.1809], [-3.5, 51.0], [-3.55, 50.7]]]}}, {"type": "Feature", "properties": {"NAME": "Dyfed", "MAPA": "world_700.geojson", "BORDERPRECISION": 1, "MOTIVO": "Dyfed: Pembrokeshire y el oeste de Carmarthenshire, al sur del Teifi; frontera aproximada", "FUENTE": "https://en.wikipedia.org/wiki/Kingdom_of_Dyfed"}, "geometry": {"type": "Polygon", "coordinates": [[[-4.2, 52.03], [-3.8588, 52.0706], [-4.1, 51.95], [-4.2, 51.8], [-4.3, 51.7], [-4.3019, 51.681], [-4.2498, 51.6795], [-4.252, 51.6773], [-4.2521, 51.6761], [-4.2529, 51.6711], [-4.2541, 51.6663], [-4.2558, 51.6616], [-4.258, 51.6571], [-4.2606, 51.6528], [-4.2637, 51.6488], [-4.2671, 51.6452], [-4.2708, 51.6419], [-4.2749, 51.639], [-4.2792, 51.6365], [-4.2838, 51.6344], [-4.2885, 51.6329], [-4.2934, 51.6318], [-4.2984, 51.6312], [-4.3034, 51.6311], [-5.0004, 51.6517], [-5.0056, 51.6521], [-5.0107, 51.6531], [-5.0157, 51.6546], [-5.0205, 51.6566], [-5.2001, 51.7424], [-5.2041, 51.7445], [-5.2078, 51.7469], [-5.2113, 51.7497], [-5.2146, 51.7528], [-5.2847, 51.8255], [-5.288, 51.8292], [-5.2908, 51.8332], [-5.2933, 51.8375], [-5.2953, 51.842], [-5.2969, 51.8467], [-5.298, 51.8515], [-5.2986, 51.8563], [-5.2987, 51.8613], [-5.2984, 51.8662], [-5.2976, 51.871], [-5.2963, 51.8758], [-5.2945, 51.8804], [-5.2923, 51.8848], [-5.2897, 51.889], [-5.2866, 51.8928], [-5.2833, 51.8964], [-5.2795, 51.8996], [-5.0922, 52.0458], [-5.0884, 52.0486], [-5.0844, 52.0509], [-5.0801, 52.0528], [-5.0757, 52.0544], [-5.0711, 52.0555], [-4.6532, 52.1378], [-4.6483, 52.1385], [-4.6435, 52.1387], [-4.6386, 52.1385], [-4.6337, 52.1377], [-4.592, 52.1294], [-4.5327, 52.122], [-4.6191, 52.0935], [-4.6435, 52.0887], [-4.6, 52.08], [-4.2, 52.03]]]}}, {"type": "Feature", "properties": {"NAME": "Dál Riata", "MAPA": "world_700.geojson", "BORDERPRECISION": 1, "MOTIVO": "Dál Riata: Argyll (Kintyre, Lorne, Cowal) e Islay y las islas vecinas; la parte de Antrim no se dibuja; frontera aproximada", "FUENTE": "https://en.wikipedia.org/wiki/D%C3%A1l_Riata"}, "geometry": {"type": "MultiPolygon", "coordinates": [[[[-6.4234, 55.6376], [-6.4275, 55.6354], [-6.4405, 55.629], [-6.4456, 55.6268], [-6.4565, 55.6229], [-6.4619, 55.6213], [-6.4674, 55.6203], [-6.4791, 55.619], [-6.4832, 55.6186], [-6.4873, 55.6187], [-6.4915, 55.619], [-6.4978, 55.6199], [-6.5038, 55.621], [-6.5095, 55.6228], [-6.5195, 55.6267], [-6.5238, 55.6286], [-6.5279, 55.6309], [-6.5317, 55.6336], [-6.5353, 55.6366], [-6.5389, 55.6399], [-6.5421, 55.6432], [-6.545, 55.6467], [-6.5492, 55.6522], [-6.5517, 55.656], [-6.5539, 55.6599], [-6.5558, 55.6641], [-6.5572, 55.6684], [-6.5583, 55.6728], [-6.5589, 55.6772], [-6.5598, 55.6856], [-6.56, 55.6907], [-6.5597, 55.6959], [-6.5589, 55.701], [-6.5576, 55.706], [-6.5476, 55.7368], [-6.5466, 55.7394], [-6.5419, 55.7516], [-6.5418, 55.752], [-6.4962, 55.867], [-6.4943, 55.8712], [-6.4921, 55.8751], [-6.4895, 55.8789], [-6.4866, 55.8824], [-6.4834, 55.8856], [-6.4798, 55.8885], [-6.4761, 55.8911], [-6.468, 55.8961], [-6.4631, 55.8988], [-6.4578, 55.9009], [-6.4524, 55.9024], [-6.3805, 55.9183], [-6.3753, 55.9191], [-6.3701, 55.9194], [-6.3649, 55.9192], [-6.3181, 55.9147], [-6.2127, 55.962], [-6.21, 55.9631], [-6.1809, 55.9742], [-6.177, 55.9755], [-6.1558, 55.9816], [-6.1497, 55.983], [-6.1445, 55.9838], [-6.14, 55.9843], [-6.1354, 55.9844], [-6.1309, 55.9841], [-6.1237, 55.9833], [-6.1193, 55.9826], [-6.115, 55.9815], [-6.1108, 55.98], [-6.1067, 55.9781], [-6.1028, 55.9759], [-6.0953, 55.9712], [-6.0914, 55.9684], [-6.0897, 55.9671], [-6.0045, 56.0578], [-6.0009, 56.0613], [-5.997, 56.0644], [-5.9928, 56.0671], [-5.9805, 56.074], [-5.9803, 56.0741], [-5.9309, 56.1019], [-5.9298, 56.1025], [-5.9251, 56.105], [-5.925, 56.105], [-5.8325, 56.1539], [-5.8291, 56.1556], [-5.775, 56.1792], [-5.7742, 56.1795], [-5.7642, 56.1837], [-5.7628, 56.1842], [-5.7292, 56.197], [-5.7249, 56.1984], [-5.7206, 56.1994], [-5.7161, 56.2], [-5.7103, 56.2006], [-5.7052, 56.2008], [-5.7001, 56.2005], [-5.695, 56.1997], [-5.6901, 56.1984], [-5.679, 56.1948], [-5.6746, 56.1931], [-5.6704, 56.1911], [-5.6664, 56.1886], [-5.6627, 56.1858], [-5.6592, 56.1827], [-5.6561, 56.1793], [-5.6533, 56.1756], [-5.6508, 56.1716], [-5.6487, 56.1674], [-5.6393, 56.146], [-5.6376, 56.1418], [-5.6364, 56.1374], [-5.6355, 56.1329], [-5.6349, 56.129], [-5.6344, 56.1219], [-5.6344, 56.1175], [-5.6346, 56.113], [-5.6352, 56.1086], [-5.6362, 56.1042], [-5.6376, 56.0999], [-5.6393, 56.0955], [-5.6411, 56.0912], [-5.6433, 56.0872], [-5.6459, 56.0833], [-5.6506, 56.0769], [-5.6534, 56.0736], [-5.6563, 56.0705], [-5.6596, 56.0676], [-5.6631, 56.0651], [-5.6748, 56.0573], [-5.6801, 56.0542], [-5.6817, 56.0534], [-5.6857, 56.0504], [-5.6972, 56.0406], [-5.7103, 56.0286], [-5.7143, 56.024], [-5.8082, 55.9166], [-5.8659, 55.8503], [-5.9059, 55.8012], [-5.9291, 55.7626], [-5.9318, 55.7585], [-5.935, 55.7547], [-5.9385, 55.7512], [-5.9423, 55.748], [-5.9465, 55.7453], [-5.9509, 55.743], [-5.9554, 55.7411], [-5.9602, 55.7397], [-5.9651, 55.7388], [-5.97, 55.7384], [-5.975, 55.7384], [-5.9839, 55.739], [-5.983, 55.7367], [-5.9816, 55.7322], [-5.9808, 55.7275], [-5.9752, 55.6878], [-5.9748, 55.6829], [-5.9748, 55.678], [-5.9753, 55.6732], [-5.9763, 55.6684], [-5.9777, 55.6638], [-5.9796, 55.6593], [-5.9819, 55.655], [-5.9846, 55.651], [-5.9877, 55.6472], [-5.9905, 55.6442], [-5.9942, 55.6405], [-5.9983, 55.6372], [-6.0092, 55.6294], [-6.0152, 55.6257], [-6.0535, 55.6057], [-6.0589, 55.6032], [-6.2102, 55.5458], [-6.2548, 55.5268], [-6.2592, 55.5252], [-6.2637, 55.5239], [-6.2683, 55.5232], [-6.273, 55.5228], [-6.2777, 55.5229], [-6.2823, 55.5234], [-6.3084, 55.5276], [-6.3142, 55.5288], [-6.3309, 55.5336], [-6.335, 55.5349], [-6.3391, 55.5367], [-6.3429, 55.5388], [-6.3513, 55.5438], [-6.3556, 55.5467], [-6.3596, 55.5501], [-6.3633, 55.5539], [-6.3665, 55.558], [-6.3685, 55.5608], [-6.3712, 55.5651], [-6.3735, 55.5697], [-6.3752, 55.5746], [-6.3765, 55.5795], [-6.3773, 55.5846], [-6.3775, 55.5897], [-6.3772, 55.5949], [-6.3764, 55.6], [-6.3708, 55.6258], [-6.3697, 55.63], [-6.3686, 55.6336], [-6.3673, 55.6373], [-6.3459, 55.6914], [-6.3482, 55.6892], [-6.3615, 55.6784], [-6.3631, 55.6772], [-6.3808, 55.6639], [-6.3847, 55.6612], [-6.4234, 55.6376]]], [[[-5.6161, 55.2797], [-5.6211, 55.2795], [-5.6989, 55.2807], [-5.7039, 55.2811], [-5.7087, 55.2818], [-5.7135, 55.2831], [-5.7181, 55.2849], [-5.7225, 55.287], [-5.7267, 55.2896], [-5.7306, 55.2926], [-5.7341, 55.296], [-5.7374, 55.2997], [-5.7402, 55.3037], [-5.7427, 55.308], [-5.7447, 55.3125], [-5.8022, 55.459], [-5.8038, 55.4637], [-5.8049, 55.4685], [-5.8055, 55.4734], [-5.8057, 55.4784], [-5.8053, 55.4833], [-5.8045, 55.4882], [-5.8032, 55.493], [-5.8014, 55.4976], [-5.7344, 55.6484], [-5.732, 55.653], [-5.7293, 55.6573], [-5.7261, 55.6613], [-5.7225, 55.665], [-5.7185, 55.6682], [-5.7142, 55.6711], [-5.7097, 55.6735], [-5.705, 55.6754], [-5.7, 55.6768], [-5.5865, 55.7033], [-5.5885, 55.704], [-5.5929, 55.706], [-5.5971, 55.7084], [-5.6011, 55.7112], [-5.6048, 55.7144], [-5.6081, 55.7179], [-5.6111, 55.7218], [-5.6137, 55.7259], [-5.6159, 55.7302], [-5.6176, 55.7348], [-5.6805, 55.9241], [-5.6818, 55.9286], [-5.6826, 55.9332], [-5.683, 55.9378], [-5.683, 55.9425], [-5.6825, 55.9472], [-5.6816, 55.9517], [-5.6803, 55.9562], [-5.6786, 55.9606], [-5.6764, 55.9647], [-5.5404, 56.2021], [-5.5364, 56.2081], [-5.346, 56.4512], [-5.3294, 56.5164], [-5.4746, 56.5846], [-5.5254, 56.5962], [-5.6039, 56.4871], [-5.6068, 56.4835], [-5.61, 56.4801], [-5.6134, 56.4771], [-5.6172, 56.4744], [-5.7943, 56.3586], [-5.7986, 56.3561], [-5.8032, 56.354], [-5.8079, 56.3524], [-5.8128, 56.3513], [-5.8178, 56.3506], [-5.8228, 56.3505], [-5.8278, 56.3509], [-5.8327, 56.3517], [-5.8375, 56.3531], [-6.0594, 56.4274], [-6.0639, 56.4291], [-6.0682, 56.4313], [-6.0722, 56.4338], [-6.076, 56.4367], [-6.0795, 56.44], [-6.0827, 56.4436], [-6.0855, 56.4475], [-6.0879, 56.4517], [-6.0899, 56.456], [-6.0915, 56.4606], [-6.0926, 56.4652], [-6.0933, 56.47], [-6.0935, 56.4748], [-6.0933, 56.4796], [-6.0926, 56.4843], [-6.0915, 56.489], [-6.0899, 56.4935], [-6.0879, 56.4979], [-5.9533, 56.7563], [-5.9508, 56.7606], [-5.948, 56.7645], [-5.9447, 56.7682], [-5.9412, 56.7715], [-5.846, 56.8516], [-5.8422, 56.8545], [-5.8382, 56.857], [-5.8339, 56.8591], [-5.8295, 56.8608], [-5.8249, 56.8621], [-5.8202, 56.863], [-5.8154, 56.8633], [-5.8107, 56.8633], [-5.7584, 56.86], [-5.8138, 56.8134], [-5.6, 56.8], [-5.0, 56.75], [-4.8, 56.5], [-4.72, 56.3], [-4.8221, 56.1037], [-4.7574, 56.1197], [-4.7777, 56.0806], [-4.7801, 56.0765], [-4.7828, 56.0727], [-4.7859, 56.0692], [-4.7893, 56.0659], [-4.793, 56.063], [-4.797, 56.0604], [-4.8012, 56.0583], [-4.8055, 56.0565], [-4.81, 56.0552], [-4.8271, 56.0509], [-5.1056, 55.8527], [-5.1095, 55.8502], [-5.1135, 55.8481], [-5.1178, 55.8464], [-5.1221, 55.845], [-5.1266, 55.8441], [-5.1311, 55.8436], [-5.3192, 55.8304], [-5.527, 55.7171], [-5.5245, 55.7176], [-5.5196, 55.718], [-5.5148, 55.7179], [-5.51, 55.7174], [-5.5053, 55.7164], [-5.5007, 55.715], [-5.4962, 55.7131], [-5.4919, 55.7108], [-5.4879, 55.7081], [-5.4842, 55.705], [-5.4808, 55.7016], [-5.4777, 55.6979], [-5.475, 55.6939], [-5.4727, 55.6896], [-5.4709, 55.6851], [-5.4694, 55.6805], [-5.4684, 55.6758], [-5.433, 55.4505], [-5.4325, 55.4458], [-5.4324, 55.441], [-5.4328, 55.4363], [-5.4336, 55.4317], [-5.4349, 55.4271], [-5.4366, 55.4227], [-5.4387, 55.4185], [-5.4411, 55.4145], [-5.444, 55.4107], [-5.4472, 55.4072], [-5.4507, 55.404], [-5.5886, 55.2909], [-5.5927, 55.2879], [-5.597, 55.2853], [-5.6015, 55.2832], [-5.6063, 55.2815], [-5.6111, 55.2804], [-5.6161, 55.2797]]]]}}, {"type": "Feature", "properties": {"NAME": "East Anglia", "MAPA": "world_700.geojson", "BORDERPRECISION": 1, "MOTIVO": "Estanglia: Norfolk, Suffolk y el este de Cambridgeshire, al este de los Fens; frontera aproximada", "FUENTE": "https://en.wikipedia.org/wiki/Kingdom_of_the_East_Angles"}, "geometry": {"type": "Polygon", "coordinates": [[[0.1279, 52.7953], [0.1326, 52.7974], [0.1374, 52.799], [0.1424, 52.8001], [0.1475, 52.8007], [0.1527, 52.8008], [0.1578, 52.8004], [0.1628, 52.7994], [0.3151, 52.7619], [0.4737, 52.8868], [0.4773, 52.8894], [0.4812, 52.8916], [0.4852, 52.8936], [0.4893, 52.8951], [0.4936, 52.8963], [0.7308, 52.95], [0.7352, 52.9508], [0.7397, 52.9511], [0.7442, 52.9511], [1.015, 52.9384], [1.0192, 52.938], [1.0233, 52.9373], [1.3866, 52.8581], [1.3918, 52.8567], [1.3969, 52.8547], [1.4017, 52.8521], [1.4062, 52.8491], [1.6159, 52.6899], [1.6199, 52.6866], [1.6235, 52.6828], [1.6266, 52.6788], [1.6294, 52.6744], [1.6316, 52.6698], [1.6334, 52.665], [1.7394, 52.3264], [1.7406, 52.3219], [1.7413, 52.3174], [1.7417, 52.3129], [1.7416, 52.3083], [1.7411, 52.3038], [1.7402, 52.2993], [1.7389, 52.2949], [1.7041, 52.1953], [1.702, 52.1903], [1.6994, 52.1855], [1.6963, 52.181], [1.5513, 51.995], [1.5481, 51.9913], [1.5446, 51.9879], [1.5407, 51.9849], [1.5365, 51.9823], [1.5322, 51.98], [1.3623, 51.9047], [1.3579, 51.903], [1.3533, 51.9017], [1.3486, 51.9009], [1.3439, 51.9005], [1.3392, 51.9005], [1.2419, 51.9061], [1.342, 51.9505], [1.0, 51.97], [0.5, 52.05], [0.05, 52.05], [-0.1, 52.3], [0.0, 52.6], [0.1508, 52.7508], [0.0941, 52.7648], [0.1155, 52.7862], [0.1193, 52.7896], [0.1234, 52.7927], [0.1279, 52.7953]]]}}, {"type": "Feature", "properties": {"NAME": "Essex", "MAPA": "world_700.geojson", "BORDERPRECISION": 1, "MOTIVO": "Essex con Middlesex, Londres y buena parte de Hertfordshire, entre el Stour y el Támesis; frontera aproximada", "FUENTE": "https://en.wikipedia.org/wiki/Kingdom_of_Essex"}, "geometry": {"type": "Polygon", "coordinates": [[[1.392, 51.9521], [1.3919, 51.9471], [1.3913, 51.9422], [1.3903, 51.9374], [1.3888, 51.9327], [1.3868, 51.9282], [1.3844, 51.9239], [1.3815, 51.9198], [1.3783, 51.9161], [1.3747, 51.9127], [1.3709, 51.9096], [1.3667, 51.907], [1.3623, 51.9047], [1.0565, 51.7692], [0.7157, 51.52], [0.7117, 51.5174], [0.7074, 51.5151], [0.7029, 51.5132], [0.6982, 51.5118], [0.3924, 51.4362], [0.3877, 51.4353], [0.3876, 51.4353], [0.2542, 51.4536], [0.3804, 51.4848], [0.05, 51.498], [0.0, 51.5], [-0.4524, 51.4548], [-0.4737, 51.4974], [-0.5, 51.55], [-0.4, 51.85], [0.05, 52.05], [0.5, 52.05], [1.0, 51.97], [1.342, 51.9505], [1.3877, 51.9707], [1.3893, 51.9666], [1.3907, 51.9618], [1.3916, 51.957], [1.392, 51.9521]]]}}, {"type": "Feature", "properties": {"NAME": "Glywysing", "MAPA": "world_700.geojson", "BORDERPRECISION": 1, "MOTIVO": "Glywysing y los reinos vecinos del sureste de Gales (Gwent, Brycheiniog, Ergyng), agrupados; frontera aproximada", "FUENTE": "https://en.wikipedia.org/wiki/Glywysing"}, "geometry": {"type": "Polygon", "coordinates": [[[-2.8573, 51.4892], [-2.8604, 51.493], [-2.8631, 51.497], [-2.8654, 51.5012], [-2.8672, 51.5057], [-2.8687, 51.5103], [-2.8696, 51.5151], [-2.8701, 51.5199], [-2.8702, 51.5247], [-2.8698, 51.5295], [-2.8689, 51.5343], [-2.8675, 51.5389], [-2.8667, 51.541], [-3.1534, 51.4208], [-3.1578, 51.4192], [-3.1624, 51.418], [-3.167, 51.4172], [-3.1716, 51.4169], [-3.3833, 51.4122], [-3.498, 51.4097], [-3.5037, 51.4099], [-3.5093, 51.4107], [-3.5147, 51.4122], [-4.1681, 51.6271], [-4.3034, 51.6311], [-4.3082, 51.6314], [-4.3129, 51.6323], [-4.3176, 51.6336], [-4.3221, 51.6353], [-4.3264, 51.6375], [-4.3305, 51.64], [-4.3343, 51.643], [-4.3378, 51.6463], [-4.341, 51.6499], [-4.3438, 51.6538], [-4.3463, 51.658], [-4.3483, 51.6624], [-4.3499, 51.6669], [-4.351, 51.6716], [-4.3517, 51.6764], [-4.3519, 51.6812], [-4.3518, 51.6825], [-4.3019, 51.681], [-4.3, 51.7], [-4.2, 51.8], [-4.1, 51.95], [-3.8588, 52.0706], [-3.7953, 52.0782], [-3.7918, 52.099], [-3.7083, 52.0885], [-3.4, 52.05], [-2.9286, 52.0029], [-2.8, 51.9], [-2.6741, 51.6062], [-2.8202, 51.5227], [-2.8418, 51.4854], [-2.8452, 51.4795], [-2.8462, 51.48], [-2.8502, 51.4827], [-2.8539, 51.4858], [-2.8573, 51.4892]]]}}, {"type": "Feature", "properties": {"NAME": "Gwynedd", "MAPA": "world_700.geojson", "BORDERPRECISION": 1, "MOTIVO": "Gwynedd: Anglesey, Snowdonia y la costa norte de Gales, del Conwy al Dyfi; frontera aproximada", "FUENTE": "https://en.wikipedia.org/wiki/Kingdom_of_Gwynedd"}, "geometry": {"type": "Polygon", "coordinates": [[[-3.8, 52.6], [-3.9428, 52.5524], [-3.95, 52.55], [-4.1095, 52.55], [-4.1135, 52.5002], [-4.1143, 52.5002], [-4.1191, 52.5009], [-4.1238, 52.5021], [-4.1284, 52.5037], [-4.1328, 52.5058], [-4.137, 52.5082], [-4.1409, 52.5111], [-4.1445, 52.5143], [-4.1478, 52.5179], [-4.1508, 52.5218], [-4.1533, 52.5259], [-4.1554, 52.5303], [-4.1571, 52.5348], [-4.1584, 52.5395], [-4.1592, 52.5443], [-4.1595, 52.5491], [-4.1593, 52.554], [-4.145, 52.7331], [-4.1742, 52.7801], [-4.4651, 52.7614], [-4.4699, 52.7613], [-4.4747, 52.7617], [-4.6277, 52.7814], [-4.6325, 52.7822], [-4.6371, 52.7835], [-4.6416, 52.7853], [-4.6459, 52.7874], [-4.65, 52.79], [-4.6538, 52.793], [-4.6573, 52.7963], [-4.6605, 52.7999], [-4.6633, 52.8038], [-4.6658, 52.808], [-4.6678, 52.8124], [-4.6693, 52.8169], [-4.6705, 52.8216], [-4.6711, 52.8264], [-4.6713, 52.8312], [-4.6711, 52.836], [-4.6704, 52.8408], [-4.6692, 52.8455], [-4.6676, 52.85], [-4.6655, 52.8544], [-4.6631, 52.8585], [-4.6602, 52.8624], [-4.5308, 53.0224], [-4.5277, 53.0259], [-4.5243, 53.029], [-4.5207, 53.0318], [-4.5168, 53.0343], [-4.43, 53.0842], [-4.5065, 53.135], [-4.5106, 53.138], [-4.5262, 53.1508], [-4.5293, 53.1536], [-4.5322, 53.1566], [-4.6052, 53.2405], [-4.6083, 53.2444], [-4.611, 53.2487], [-4.6132, 53.2531], [-4.615, 53.2578], [-4.6163, 53.2627], [-4.6172, 53.2676], [-4.6175, 53.2726], [-4.6192, 53.3873], [-4.619, 53.3923], [-4.6183, 53.3973], [-4.6171, 53.4022], [-4.6155, 53.4069], [-4.6133, 53.4115], [-4.6108, 53.4158], [-4.6086, 53.4191], [-4.6052, 53.4236], [-4.6014, 53.4276], [-4.5972, 53.4312], [-4.5902, 53.4365], [-4.5861, 53.4393], [-4.5818, 53.4417], [-4.5772, 53.4436], [-4.5725, 53.4451], [-4.4872, 53.467], [-4.4811, 53.4682], [-4.4355, 53.474], [-4.4337, 53.4742], [-4.4276, 53.4748], [-4.4231, 53.475], [-4.4161, 53.475], [-4.4098, 53.4746], [-4.3076, 53.4615], [-4.3037, 53.4609], [-4.2823, 53.4564], [-4.2767, 53.4549], [-4.2713, 53.4528], [-4.2624, 53.4486], [-4.2579, 53.4462], [-4.2536, 53.4433], [-4.247, 53.4383], [-4.243, 53.4351], [-4.2394, 53.4314], [-4.2363, 53.4274], [-4.2293, 53.4177], [-4.1944, 53.3688], [-4.1301, 53.3613], [-4.1265, 53.3618], [-4.1201, 53.3623], [-4.1135, 53.3624], [-4.1077, 53.3622], [-4.1034, 53.3618], [-4.0534, 53.3551], [-4.0518, 53.3549], [-4.0385, 53.3526], [-4.0338, 53.3516], [-4.0293, 53.3502], [-4.0249, 53.3484], [-4.0208, 53.3461], [-4.0168, 53.3434], [-4.0131, 53.3404], [-4.0098, 53.3371], [-4.0067, 53.3334], [-4.0041, 53.3295], [-4.0018, 53.3254], [-3.9999, 53.321], [-3.9984, 53.3165], [-3.9974, 53.3119], [-3.9968, 53.3072], [-3.9965, 53.3035], [-3.9964, 53.2988], [-3.9967, 53.2941], [-3.9975, 53.2895], [-3.9986, 53.2849], [-4.0002, 53.2805], [-4.0023, 53.2762], [-4.0047, 53.2722], [-4.0075, 53.2683], [-4.0106, 53.2648], [-4.0447, 53.2298], [-3.9718, 53.2528], [-3.9676, 53.254], [-3.9633, 53.2547], [-3.9589, 53.2551], [-3.3468, 53.2823], [-3.3419, 53.2823], [-3.337, 53.2818], [-3.3321, 53.2808], [-3.3274, 53.2793], [-3.3229, 53.2774], [-3.3185, 53.275], [-3.3144, 53.2722], [-3.3106, 53.269], [-3.3072, 53.2655], [-3.3041, 53.2616], [-3.3014, 53.2575], [-3.2991, 53.2531], [-3.2973, 53.2485], [-3.2959, 53.2438], [-3.295, 53.2389], [-3.2948, 53.2359], [-3.3295, 53.233], [-3.3446, 53.2323], [-3.35, 53.2], [-3.6, 52.9], [-3.8, 52.6]]]}}, {"type": "Feature", "properties": {"NAME": "Kent", "MAPA": "world_700.geojson", "BORDERPRECISION": 1, "MOTIVO": "Kent (Æthelberht, primer rey documentado, 597): el condado de Kent al este del Darent y al sur del Támesis; «Cantia» cubría toda Inglaterra", "FUENTE": "https://en.wikipedia.org/wiki/Kingdom_of_Kent"}, "geometry": {"type": "Polygon", "coordinates": [[[0.4301, 51.48], [0.8098, 51.428], [1.025, 51.4095], [1.1753, 51.4535], [1.18, 51.4546], [1.1847, 51.4553], [1.1895, 51.4555], [1.1943, 51.4552], [1.1991, 51.4545], [1.2037, 51.4534], [1.379, 51.4008], [1.3838, 51.3991], [1.3883, 51.397], [1.3926, 51.3944], [1.3966, 51.3914], [1.4003, 51.388], [1.4037, 51.3842], [1.4066, 51.3801], [1.4091, 51.3758], [1.4112, 51.3712], [1.4128, 51.3665], [1.4139, 51.3616], [1.4145, 51.3566], [1.4147, 51.3516], [1.4143, 51.3466], [1.3846, 51.1143], [1.3837, 51.1097], [1.3825, 51.1051], [1.3808, 51.1006], [1.3786, 51.0964], [1.3761, 51.0923], [1.3732, 51.0885], [1.37, 51.085], [1.3664, 51.0819], [1.3626, 51.079], [1.3585, 51.0766], [1.3542, 51.0745], [1.3497, 51.0729], [0.937, 50.9453], [0.937, 50.9433], [0.9369, 50.9383], [0.9363, 50.9334], [0.9352, 50.9285], [0.9337, 50.9238], [0.9316, 50.9193], [0.9292, 50.915], [0.9263, 50.9109], [0.923, 50.9072], [0.9194, 50.9038], [0.9154, 50.9008], [0.9112, 50.8982], [0.9068, 50.896], [0.9021, 50.8943], [0.8973, 50.893], [0.8924, 50.8922], [0.8875, 50.892], [0.8825, 50.8922], [0.8776, 50.8929], [0.8728, 50.894], [0.8681, 50.8957], [0.8662, 50.8966], [0.8883, 50.8927], [0.8871, 50.942], [0.8, 51.0], [0.5, 51.05], [0.05, 51.15], [0.05, 51.498], [0.3804, 51.4848], [0.4289, 51.4968], [0.4298, 51.4923], [0.4303, 51.4874], [0.4303, 51.4825], [0.4301, 51.48]]]}}, {"type": "Feature", "properties": {"NAME": "Laigin", "MAPA": "world_700.geojson", "BORDERPRECISION": 1, "MOTIVO": "Laigin (Leinster) de los Uí Dúnlainge, al sur del Liffey y al este del Barrow, tras perder las Midlands; frontera aproximada", "FUENTE": "https://en.wikipedia.org/wiki/Kingdom_of_Leinster"}, "geometry": {"type": "Polygon", "coordinates": [[[-7.1, 53.3], [-6.6, 53.33], [-6.2, 53.35], [-6.1511, 53.35], [-6.1629, 53.4], [-6.1511, 53.4], [-6.1463, 53.3998], [-6.1416, 53.3991], [-6.137, 53.398], [-6.1325, 53.3964], [-6.1281, 53.3944], [-6.124, 53.392], [-6.1201, 53.3892], [-6.1165, 53.3861], [-6.1132, 53.3826], [-6.1103, 53.3788], [-6.1077, 53.3748], [-6.1055, 53.3705], [-6.1038, 53.3661], [-6.1025, 53.3615], [-5.9944, 52.9046], [-5.9936, 52.9002], [-5.9931, 52.8958], [-5.9931, 52.8913], [-5.9935, 52.8868], [-5.9942, 52.8824], [-6.0218, 52.7559], [-6.0231, 52.7511], [-6.0249, 52.7465], [-6.0271, 52.7421], [-6.0298, 52.7379], [-6.0328, 52.7339], [-6.0363, 52.7303], [-6.1925, 52.582], [-6.2948, 52.4069], [-6.3582, 52.1998], [-6.3597, 52.1954], [-6.3617, 52.1911], [-6.3641, 52.187], [-6.3669, 52.1832], [-6.37, 52.1797], [-6.3734, 52.1765], [-6.3772, 52.1736], [-6.3811, 52.171], [-6.3853, 52.1689], [-6.3897, 52.1672], [-6.3942, 52.1658], [-6.4774, 52.1458], [-6.4828, 52.1448], [-6.4883, 52.1444], [-6.4938, 52.1446], [-6.4992, 52.1454], [-6.6207, 52.1704], [-6.8672, 52.1579], [-6.9092, 52.0987], [-6.9122, 52.0949], [-6.9156, 52.0914], [-6.9193, 52.0882], [-6.9232, 52.0854], [-6.9274, 52.083], [-6.9319, 52.081], [-6.9365, 52.0795], [-6.9412, 52.0784], [-6.946, 52.0778], [-6.9509, 52.0777], [-6.9557, 52.078], [-6.9605, 52.0788], [-6.9652, 52.08], [-6.9697, 52.0817], [-6.9741, 52.0838], [-6.9782, 52.0864], [-6.9821, 52.0893], [-6.9857, 52.0926], [-6.9889, 52.0962], [-6.9918, 52.1001], [-6.9942, 52.1043], [-6.9963, 52.1087], [-6.9966, 52.1096], [-6.9617, 52.1112], [-6.95, 52.1276], [-6.95, 52.2], [-7.0, 52.5], [-7.2, 52.8], [-7.6, 53.0], [-7.7429, 53.2], [-7.6, 53.2], [-7.1, 53.3]]]}}, {"type": "Feature", "properties": {"NAME": "Mercia", "MAPA": "world_700.geojson", "BORDERPRECISION": 1, "MOTIVO": "Mercia de Æthelred: Midlands, Lindsey (desde la batalla del Trent, 679), Hwicce (desde 628) y Magonsæte; hacia Gales, una línea aproximada al este del futuro dique de Offa (c. 785)", "FUENTE": "https://en.wikipedia.org/wiki/Mercia"}, "geometry": {"type": "Polygon", "coordinates": [[[-2.8817, 51.4554], [-2.8845, 51.4594], [-2.8868, 51.4637], [-2.8887, 51.4682], [-2.8901, 51.4728], [-2.8911, 51.4776], [-2.8917, 51.4824], [-2.8917, 51.4873], [-2.8913, 51.4921], [-2.8904, 51.4969], [-2.8891, 51.5016], [-2.8873, 51.5061], [-2.8851, 51.5104], [-2.8635, 51.5477], [-2.8606, 51.5522], [-2.8573, 51.5563], [-2.8536, 51.56], [-2.8495, 51.5633], [-2.845, 51.5661], [-2.7706, 51.6087], [-2.8202, 51.5227], [-2.6741, 51.6062], [-2.8, 51.9], [-2.9286, 52.0029], [-3.05, 52.1], [-3.1, 52.5], [-3.0, 52.9], [-3.0882, 53.2529], [-3.138, 53.2488], [-3.1381, 53.2502], [-3.1382, 53.2551], [-3.1377, 53.2598], [-3.1368, 53.2646], [-3.1355, 53.2692], [-3.1337, 53.2737], [-3.1315, 53.2779], [-3.1289, 53.282], [-3.1259, 53.2858], [-3.1225, 53.2892], [-3.1189, 53.2924], [-3.1149, 53.2951], [-3.1107, 53.2975], [-3.1063, 53.2995], [-3.1018, 53.301], [-3.0971, 53.3021], [-3.0923, 53.3027], [-2.9972, 53.3105], [-3.0287, 53.365], [-3.0309, 53.3692], [-3.0326, 53.3737], [-3.034, 53.3783], [-3.0349, 53.383], [-3.0353, 53.3878], [-3.0353, 53.3926], [-3.0348, 53.3974], [-3.0339, 53.4021], [-3.0325, 53.4067], [-3.0307, 53.4111], [-3.0284, 53.4154], [-3.0258, 53.4194], [-3.0228, 53.4231], [-3.0194, 53.4266], [-3.0157, 53.4297], [-3.0118, 53.4324], [-3.0103, 53.4332], [-2.9854, 53.39], [-2.9, 53.38], [-2.5, 53.4], [-2.1, 53.45], [-1.9, 53.52], [-1.25, 53.52], [-0.95, 53.68], [-0.7, 53.7], [-0.2793, 53.6832], [-0.2615, 53.7298], [-0.2581, 53.7284], [-0.2537, 53.7261], [-0.2495, 53.7233], [-0.2457, 53.7201], [-0.2422, 53.7166], [-0.239, 53.7127], [-0.2363, 53.7086], [-0.2339, 53.7042], [-0.2321, 53.6995], [-0.2307, 53.6947], [-0.2298, 53.6898], [-0.2294, 53.6849], [-0.2294, 53.6799], [-0.23, 53.6749], [-0.2311, 53.6701], [-0.2326, 53.6653], [-0.2542, 53.6089], [-0.2561, 53.604], [-0.182, 53.5683], [0.1027, 53.4313], [0.1076, 53.4286], [0.1121, 53.4254], [0.1163, 53.4216], [0.2098, 53.3285], [0.2129, 53.3251], [0.2157, 53.3214], [0.2181, 53.3175], [0.3115, 53.1511], [0.3137, 53.1466], [0.3155, 53.1419], [0.3168, 53.137], [0.3176, 53.1321], [0.3178, 53.1271], [0.3176, 53.122], [0.3169, 53.117], [0.2999, 53.0304], [0.2988, 53.0258], [0.2972, 53.0213], [0.2952, 53.0169], [0.2928, 53.0128], [0.29, 53.0089], [0.2868, 53.0053], [0.102, 52.8144], [0.1628, 52.7994], [0.1674, 52.798], [0.1719, 52.7962], [0.1761, 52.794], [0.1801, 52.7914], [0.1839, 52.7884], [0.1873, 52.785], [0.1905, 52.7814], [0.1932, 52.7774], [0.1956, 52.7732], [0.1975, 52.7688], [0.199, 52.7643], [0.2001, 52.7596], [0.2007, 52.7548], [0.2008, 52.75], [0.2005, 52.7452], [0.1998, 52.7405], [0.1993, 52.7389], [0.1508, 52.7508], [0.0, 52.6], [-0.1, 52.3], [0.05, 52.05], [-0.4, 51.85], [-0.5, 51.55], [-0.4737, 51.4974], [-0.5, 51.5], [-1.0, 51.55], [-1.5, 51.65], [-1.9, 51.62], [-2.2, 51.45], [-2.7, 51.45], [-2.8418, 51.4854], [-2.8668, 51.4422], [-2.8673, 51.4425], [-2.8714, 51.4452], [-2.8752, 51.4482], [-2.8786, 51.4517], [-2.8817, 51.4554]]]}}, {"type": "Feature", "properties": {"NAME": "Mumu", "MAPA": "world_700.geojson", "BORDERPRECISION": 1, "MOTIVO": "Mumu (Munster) de los Eóganachta, con Osraige y con Clare (Tuadmumu), ganada a Connacht bajo Faílbe Flann; frontera aproximada", "FUENTE": "https://en.wikipedia.org/wiki/Kingdom_of_Munster"}, "geometry": {"type": "Polygon", "coordinates": [[[-6.9024, 52.1125], [-6.9042, 52.1076], [-6.9065, 52.103], [-6.9092, 52.0987], [-6.9209, 52.0823], [-6.924, 52.0783], [-6.9275, 52.0747], [-6.9314, 52.0714], [-6.9355, 52.0686], [-6.94, 52.0662], [-6.9446, 52.0642], [-6.9494, 52.0627], [-6.9543, 52.0617], [-6.9594, 52.0613], [-7.3674, 52.0423], [-7.7336, 51.9848], [-7.8365, 51.9249], [-7.8418, 51.9222], [-8.1368, 51.7947], [-8.5411, 51.5717], [-8.5451, 51.5697], [-8.5493, 51.5681], [-8.5536, 51.5668], [-8.558, 51.566], [-8.5625, 51.5655], [-8.8386, 51.5503], [-9.228, 51.425], [-9.2339, 51.4235], [-9.24, 51.4227], [-9.8158, 51.3847], [-9.8207, 51.3846], [-9.8257, 51.385], [-9.8305, 51.3859], [-9.8353, 51.3872], [-9.8398, 51.3891], [-9.8442, 51.3913], [-9.8484, 51.394], [-9.8522, 51.3971], [-9.8557, 51.4005], [-9.8589, 51.4043], [-9.8617, 51.4084], [-9.8641, 51.4127], [-9.866, 51.4172], [-9.8675, 51.4219], [-9.8685, 51.4268], [-9.869, 51.4317], [-9.8691, 51.4366], [-9.8686, 51.4415], [-9.8459, 51.6031], [-9.8753, 51.7482], [-10.2111, 51.7087], [-10.2159, 51.7084], [-10.2207, 51.7085], [-10.2255, 51.7091], [-10.2302, 51.7101], [-10.2347, 51.7116], [-10.2392, 51.7136], [-10.2434, 51.7159], [-10.2473, 51.7187], [-10.251, 51.7218], [-10.2544, 51.7252], [-10.2574, 51.729], [-10.26, 51.733], [-10.2623, 51.7373], [-10.2641, 51.7418], [-10.3412, 51.961], [-10.3426, 51.9658], [-10.3435, 51.9706], [-10.344, 51.9755], [-10.344, 51.9804], [-10.3434, 51.9853], [-10.3424, 51.9901], [-10.341, 51.9948], [-10.3391, 51.9993], [-10.3367, 52.0037], [-10.3339, 52.0077], [-10.3308, 52.0115], [-10.3273, 52.015], [-10.3235, 52.0181], [-10.3193, 52.0208], [-10.315, 52.023], [-10.3104, 52.0249], [-10.2461, 52.0472], [-10.4982, 52.0517], [-10.5032, 52.052], [-10.5082, 52.0529], [-10.5131, 52.0542], [-10.5178, 52.056], [-10.5223, 52.0583], [-10.5265, 52.061], [-10.5304, 52.0642], [-10.534, 52.0677], [-10.5373, 52.0716], [-10.5401, 52.0757], [-10.5425, 52.0802], [-10.5444, 52.0848], [-10.5459, 52.0896], [-10.5468, 52.0946], [-10.5473, 52.0996], [-10.5472, 52.1046], [-10.5467, 52.1097], [-10.5456, 52.1146], [-10.5175, 52.2196], [-10.5161, 52.2241], [-10.5142, 52.2285], [-10.512, 52.2326], [-10.5093, 52.2366], [-10.5063, 52.2402], [-10.5029, 52.2436], [-10.4993, 52.2466], [-10.4953, 52.2493], [-10.4912, 52.2516], [-10.4868, 52.2535], [-10.4823, 52.2549], [-10.4776, 52.2559], [-10.4729, 52.2565], [-10.4682, 52.2566], [-9.9024, 52.2447], [-9.8466, 52.274], [-9.8332, 52.3494], [-9.8324, 52.3533], [-9.8313, 52.3571], [-9.783, 52.4966], [-9.7811, 52.5012], [-9.7789, 52.5055], [-9.7762, 52.5097], [-9.7731, 52.5135], [-9.7697, 52.517], [-9.7659, 52.5202], [-9.7618, 52.5229], [-9.7575, 52.5253], [-9.753, 52.5272], [-9.7483, 52.5287], [-9.5166, 52.5889], [-9.5114, 52.59], [-9.5062, 52.5905], [-9.2253, 52.603], [-9.216, 52.6232], [-9.6111, 52.5868], [-9.6161, 52.5866], [-9.621, 52.5869], [-9.626, 52.5877], [-9.6308, 52.589], [-9.6354, 52.5907], [-9.6399, 52.5929], [-9.6441, 52.5955], [-9.6481, 52.5985], [-9.6517, 52.6019], [-9.6549, 52.6057], [-9.6578, 52.6097], [-9.6603, 52.614], [-9.6623, 52.6186], [-9.6639, 52.6233], [-9.665, 52.6282], [-9.6656, 52.6331], [-9.6657, 52.6381], [-9.6653, 52.643], [-9.6644, 52.6479], [-9.663, 52.6527], [-9.6612, 52.6573], [-9.6589, 52.6617], [-9.6562, 52.6659], [-9.6531, 52.6698], [-9.5129, 52.8282], [-9.5581, 52.8664], [-9.5616, 52.8697], [-9.5649, 52.8734], [-9.5677, 52.8774], [-9.5702, 52.8816], [-9.5722, 52.8861], [-9.5738, 52.8907], [-9.5749, 52.8955], [-9.5756, 52.9004], [-9.5758, 52.9053], [-9.5754, 52.9102], [-9.5747, 52.915], [-9.5734, 52.9197], [-9.5717, 52.9243], [-9.5695, 52.9287], [-9.5669, 52.9329], [-9.564, 52.9368], [-9.5606, 52.9404], [-9.3628, 53.133], [-9.3442, 53.1511], [-9.3407, 53.1542], [-9.3369, 53.157], [-9.3328, 53.1594], [-9.3286, 53.1614], [-9.3241, 53.163], [-9.3196, 53.1642], [-9.3149, 53.165], [-9.3102, 53.1653], [-9.116, 53.1685], [-9.0102, 53.1702], [-9.0073, 53.1718], [-9.0026, 53.174], [-8.9977, 53.1758], [-8.9927, 53.177], [-8.9875, 53.1777], [-8.9823, 53.1779], [-8.9771, 53.1775], [-8.9297, 53.1716], [-8.9236, 53.1606], [-8.9833, 53.1279], [-8.6, 53.08], [-8.3, 53.0], [-8.06, 53.2], [-7.7429, 53.2], [-7.6, 53.0], [-7.2, 52.8], [-7.0, 52.5], [-6.95, 52.2], [-6.95, 52.1276], [-6.9, 52.1981], [-6.9, 52.1276], [-6.9003, 52.1225], [-6.9011, 52.1174], [-6.9024, 52.1125]]]}}, {"type": "Feature", "properties": {"NAME": "Northumbria", "MAPA": "world_700.geojson", "BORDERPRECISION": 1, "MOTIVO": "Northumbria (Bernicia y Deira unidas) del Humber y el Mersey al Forth, con Elmet (616-627), Lothian (638), Rheged (antes de 730) y Galloway; frontera aproximada", "FUENTE": "https://en.wikipedia.org/wiki/Northumbria"}, "geometry": {"type": "Polygon", "coordinates": [[[-4.2, 55.4], [-3.6, 55.4], [-3.5739, 55.3957], [-3.6, 55.5], [-3.7, 55.8], [-3.7121, 55.8847], [-3.713, 55.8847], [-3.756, 55.9084], [-3.7544, 55.9114], [-3.7515, 55.9155], [-3.7482, 55.9193], [-3.7445, 55.9228], [-3.7405, 55.9258], [-3.7362, 55.9285], [-3.7317, 55.9307], [-3.727, 55.9324], [-3.7221, 55.9337], [-3.7171, 55.9344], [-3.7121, 55.9347], [-3.5772, 55.9347], [-3.5725, 55.9345], [-3.5679, 55.9338], [-3.3515, 55.8928], [-3.1721, 55.8955], [-2.9476, 55.992], [-2.9436, 55.9935], [-2.9394, 55.9947], [-2.9352, 55.9955], [-2.9309, 55.9959], [-2.7451, 56.0071], [-2.7401, 56.0071], [-2.735, 56.0067], [-2.7301, 56.0057], [-2.7252, 56.0042], [-2.5258, 55.9326], [-2.2329, 55.8595], [-2.2285, 55.8582], [-2.2243, 55.8565], [-2.2203, 55.8544], [-2.2164, 55.852], [-2.2128, 55.8492], [-1.915, 55.5987], [-1.6982, 55.4992], [-1.6936, 55.4968], [-1.6892, 55.4939], [-1.6852, 55.4906], [-1.6816, 55.4869], [-1.6783, 55.4828], [-1.6253, 55.4087], [-1.6226, 55.4045], [-1.6204, 55.4001], [-1.6186, 55.3955], [-1.6172, 55.3907], [-1.6164, 55.3858], [-1.616, 55.3808], [-1.6161, 55.3759], [-1.6167, 55.3709], [-1.6178, 55.3661], [-1.6433, 55.2753], [-1.5113, 54.9454], [-1.3559, 54.7207], [-1.1782, 54.6438], [-0.8632, 54.5966], [-0.8583, 54.5956], [-0.8535, 54.5942], [-0.8489, 54.5922], [-0.8445, 54.5898], [-0.8404, 54.587], [-0.8366, 54.5838], [-0.5714, 54.3374], [-0.2628, 54.071], [-0.2592, 54.0675], [-0.2559, 54.0637], [-0.253, 54.0596], [-0.2506, 54.0552], [-0.2486, 54.0505], [-0.2471, 54.0457], [-0.1865, 53.8119], [-0.1854, 53.8069], [-0.1849, 53.8018], [-0.185, 53.7966], [-0.1855, 53.7915], [-0.1866, 53.7864], [-0.1882, 53.7815], [-0.2326, 53.6653], [-0.2346, 53.6609], [-0.2369, 53.6567], [-0.2396, 53.6528], [-0.2427, 53.6491], [-0.2461, 53.6458], [-0.2499, 53.6428], [-0.2538, 53.6402], [-0.2581, 53.6379], [-0.2625, 53.6361], [-0.2671, 53.6347], [-0.2718, 53.6337], [-0.2765, 53.6333], [-0.2813, 53.6332], [-0.2982, 53.6339], [-0.2793, 53.6832], [-0.7, 53.7], [-0.95, 53.68], [-1.25, 53.52], [-1.9, 53.52], [-2.1, 53.45], [-2.5, 53.4], [-2.9, 53.38], [-2.9854, 53.39], [-2.9542, 53.336], [-2.9912, 53.3403], [-2.9963, 53.3412], [-3.0012, 53.3425], [-3.0061, 53.3444], [-3.0106, 53.3468], [-3.015, 53.3497], [-3.019, 53.3529], [-3.0226, 53.3566], [-3.0259, 53.3606], [-3.0287, 53.365], [-3.1, 53.4886], [-3.1022, 53.4929], [-3.104, 53.4974], [-3.1054, 53.502], [-3.1063, 53.5067], [-3.1067, 53.5115], [-3.1067, 53.5163], [-3.1062, 53.5211], [-3.1052, 53.5258], [-3.028, 53.833], [-3.0268, 53.8371], [-3.0252, 53.8411], [-3.0233, 53.845], [-2.9172, 54.0377], [-2.9287, 54.1154], [-3.2578, 54.0913], [-3.263, 54.0912], [-3.2682, 54.0916], [-3.2733, 54.0926], [-3.2782, 54.0941], [-3.283, 54.0961], [-3.2876, 54.0985], [-3.5054, 54.232], [-3.5091, 54.2345], [-3.5126, 54.2373], [-3.5158, 54.2405], [-3.5188, 54.2439], [-3.5214, 54.2476], [-3.6113, 54.3881], [-3.6139, 54.3925], [-3.6159, 54.3971], [-3.6175, 54.4019], [-3.6186, 54.4069], [-3.6191, 54.4119], [-3.6192, 54.417], [-3.6187, 54.422], [-3.6178, 54.427], [-3.6163, 54.4319], [-3.6144, 54.4366], [-3.6119, 54.441], [-3.4731, 54.6691], [-3.4702, 54.6733], [-3.4669, 54.6773], [-3.4632, 54.6808], [-3.4591, 54.684], [-3.2657, 54.8197], [-3.3196, 54.8358], [-3.5705, 54.873], [-3.8888, 54.7434], [-3.8929, 54.7419], [-3.8971, 54.7408], [-3.9014, 54.7401], [-4.1153, 54.7128], [-4.1204, 54.7124], [-4.1256, 54.7126], [-4.1307, 54.7133], [-4.1357, 54.7145], [-4.4331, 54.8021], [-4.4547, 54.7545], [-4.4572, 54.7497], [-4.4601, 54.7453], [-4.4635, 54.7412], [-4.4673, 54.7375], [-4.567, 54.6502], [-4.5707, 54.6471], [-4.5748, 54.6445], [-4.5791, 54.6423], [-4.5836, 54.6405], [-4.5882, 54.6391], [-4.593, 54.6382], [-4.5978, 54.6378], [-4.6027, 54.6378], [-4.6075, 54.6383], [-4.9101, 54.6847], [-4.9163, 54.6861], [-5.1252, 54.746], [-5.1299, 54.7476], [-5.1343, 54.7496], [-5.1386, 54.7521], [-5.1426, 54.755], [-5.1463, 54.7582], [-5.1496, 54.7618], [-5.1526, 54.7657], [-5.1552, 54.7699], [-5.1574, 54.7743], [-5.1591, 54.7789], [-5.1603, 54.7837], [-5.1611, 54.7885], [-5.1614, 54.7934], [-5.1612, 54.7983], [-5.1606, 54.8032], [-5.1594, 54.808], [-5.1147, 54.9624], [-5.1131, 54.967], [-5.1111, 54.9714], [-5.1086, 54.9756], [-5.1058, 54.9796], [-5.1026, 54.9832], [-4.947, 55.144], [-4.689, 55.4457], [-4.6887, 55.4465], [-4.6871, 55.4502], [-4.6417, 55.4294], [-4.2, 55.4]]]}}, {"type": "Feature", "properties": {"NAME": "Picts", "MAPA": "world_700.geojson", "BORDERPRECISION": 1, "MOTIVO": "Pictos: Escocia al norte del istmo Forth-Clyde, salvo Dál Riata al oeste del Druim Alban; Orcadas, Shetland y Hébridas Exteriores quedan sin datos por falta de fuente; frontera aproximada", "FUENTE": "https://en.wikipedia.org/wiki/Picts"}, "geometry": {"type": "Polygon", "coordinates": [[[-3.2839, 55.9249], [-3.2891, 55.9241], [-3.2944, 55.9239], [-3.7269, 55.9319], [-3.7319, 55.9323], [-3.7369, 55.9331], [-3.7418, 55.9345], [-3.7464, 55.9363], [-3.7509, 55.9386], [-3.7552, 55.9413], [-3.7591, 55.9445], [-3.7627, 55.948], [-3.7659, 55.9519], [-3.7688, 55.956], [-3.7711, 55.9605], [-3.7731, 55.9651], [-3.7745, 55.9699], [-3.7755, 55.9749], [-3.7766, 55.9829], [-3.726, 55.9819], [-3.739, 56.0732], [-3.9, 56.1], [-4.3, 56.2], [-4.72, 56.3], [-4.8, 56.5], [-5.0, 56.75], [-5.6, 56.8], [-5.8138, 56.8134], [-5.852, 56.7812], [-5.8546, 56.7845], [-5.8573, 56.7887], [-5.8595, 56.7931], [-5.8613, 56.7977], [-5.8626, 56.8025], [-5.8634, 56.8074], [-5.8638, 56.8123], [-5.8637, 56.8173], [-5.863, 56.8222], [-5.8619, 56.827], [-5.8603, 56.8317], [-5.8583, 56.8362], [-5.8558, 56.8405], [-5.8529, 56.8445], [-5.8496, 56.8482], [-5.846, 56.8516], [-5.7036, 56.9715], [-5.6813, 57.0052], [-5.7729, 57.2398], [-5.7745, 57.2446], [-5.7756, 57.2494], [-5.7762, 57.2544], [-5.7763, 57.2594], [-5.7759, 57.2643], [-5.7751, 57.2693], [-5.7737, 57.2741], [-5.7719, 57.2787], [-5.7696, 57.2831], [-5.7668, 57.2873], [-5.7637, 57.2912], [-5.7602, 57.2948], [-5.7564, 57.298], [-5.7523, 57.3008], [-5.7479, 57.3031], [-5.7433, 57.3051], [-5.7385, 57.3065], [-5.5855, 57.3448], [-5.5394, 57.3855], [-5.7934, 57.5801], [-5.7972, 57.5833], [-5.8007, 57.5869], [-5.8038, 57.5909], [-5.8065, 57.5951], [-5.8087, 57.5996], [-5.8105, 57.6043], [-5.8118, 57.6091], [-5.8126, 57.6141], [-5.813, 57.6191], [-5.8128, 57.6241], [-5.8121, 57.6291], [-5.8109, 57.634], [-5.8093, 57.6387], [-5.8071, 57.6432], [-5.8046, 57.6475], [-5.8016, 57.6516], [-5.7982, 57.6553], [-5.7944, 57.6586], [-5.5999, 57.8162], [-5.596, 57.8191], [-5.5918, 57.8216], [-5.5874, 57.8237], [-5.5828, 57.8253], [-5.5781, 57.8265], [-5.5732, 57.8272], [-5.5683, 57.8274], [-5.5635, 57.8271], [-5.5587, 57.8264], [-5.2309, 57.7608], [-5.1465, 57.7808], [-5.384, 58.0604], [-5.3871, 58.0643], [-5.3897, 58.0686], [-5.3919, 58.0731], [-5.3936, 58.0778], [-5.3949, 58.0826], [-5.3957, 58.0876], [-5.3959, 58.0926], [-5.3957, 58.0976], [-5.395, 58.1025], [-5.3937, 58.1074], [-5.392, 58.1121], [-5.3899, 58.1166], [-5.3873, 58.1209], [-5.3842, 58.1249], [-5.3808, 58.1285], [-5.3771, 58.1318], [-5.373, 58.1348], [-5.3687, 58.1373], [-5.3641, 58.1393], [-5.3594, 58.1409], [-5.3545, 58.142], [-5.0054, 58.2026], [-5.1497, 58.3613], [-5.1528, 58.365], [-5.1555, 58.3691], [-5.1579, 58.3734], [-5.1597, 58.3779], [-5.1612, 58.3826], [-5.1621, 58.3874], [-5.1626, 58.3923], [-5.1627, 58.3972], [-5.1622, 58.402], [-5.1613, 58.4068], [-5.1599, 58.4115], [-5.158, 58.416], [-5.1558, 58.4204], [-5.1531, 58.4244], [-5.15, 58.4282], [-5.1466, 58.4317], [-4.9594, 58.6038], [-4.9555, 58.607], [-4.9513, 58.6098], [-4.9468, 58.6122], [-4.9421, 58.6142], [-4.9372, 58.6156], [-4.9322, 58.6165], [-4.9271, 58.6169], [-4.922, 58.6168], [-4.917, 58.6162], [-4.912, 58.6151], [-4.9072, 58.6135], [-4.5031, 58.454], [-4.1467, 58.4943], [-3.8405, 58.5562], [-3.8333, 58.5571], [-3.4433, 58.5785], [-3.4394, 58.5785], [-3.1639, 58.5722], [-3.159, 58.5718], [-3.1542, 58.571], [-3.1495, 58.5697], [-3.1449, 58.568], [-3.1406, 58.5658], [-3.1364, 58.5632], [-3.1326, 58.5603], [-2.996, 58.4438], [-2.9924, 58.4404], [-2.9891, 58.4367], [-2.9863, 58.4327], [-2.9838, 58.4284], [-2.9818, 58.4239], [-2.9802, 58.4192], [-2.9791, 58.4144], [-2.9785, 58.4095], [-2.9784, 58.4046], [-2.9788, 58.3997], [-2.9796, 58.3948], [-2.9809, 58.3901], [-2.9827, 58.3854], [-2.9849, 58.381], [-2.9876, 58.3769], [-2.9906, 58.373], [-2.994, 58.3694], [-3.132, 58.2388], [-3.1355, 58.2358], [-3.1393, 58.2331], [-3.1433, 58.2308], [-3.1475, 58.2288], [-3.9208, 57.9135], [-4.1122, 57.7994], [-4.1861, 57.6499], [-4.1298, 57.6039], [-3.7971, 57.5916], [-3.4052, 57.6263], [-3.4009, 57.6264], [-3.0927, 57.627], [-3.0856, 57.6265], [-2.8515, 57.5935], [-2.1524, 57.6219], [-2.1472, 57.6219], [-2.142, 57.6213], [-2.1369, 57.6201], [-2.1319, 57.6185], [-2.1272, 57.6163], [-2.1227, 57.6136], [-2.1185, 57.6105], [-1.9127, 57.4402], [-1.9091, 57.4368], [-1.9058, 57.4331], [-1.9029, 57.4291], [-1.9003, 57.4249], [-1.8983, 57.4204], [-1.8966, 57.4157], [-1.8955, 57.4109], [-1.8948, 57.406], [-1.8946, 57.401], [-1.8949, 57.3961], [-1.8957, 57.3912], [-1.897, 57.3864], [-1.8987, 57.3818], [-1.9009, 57.3773], [-1.9036, 57.3731], [-1.9066, 57.3692], [-2.0677, 57.1803], [-2.1405, 57.0692], [-2.1213, 57.0473], [-2.1184, 57.0435], [-2.1158, 57.0396], [-2.1136, 57.0353], [-2.1118, 57.0309], [-2.1104, 57.0264], [-2.1095, 57.0217], [-2.109, 57.017], [-2.109, 57.0122], [-2.1094, 57.0075], [-2.1103, 57.0028], [-2.1116, 56.9982], [-2.1133, 56.9938], [-2.1155, 56.9896], [-2.118, 56.9856], [-2.121, 56.9818], [-2.3752, 56.6847], [-2.3786, 56.6811], [-2.3825, 56.6777], [-2.3867, 56.6748], [-2.3911, 56.6724], [-2.4823, 56.6276], [-2.6276, 56.4403], [-2.6306, 56.4368], [-2.6339, 56.4336], [-2.6375, 56.4307], [-2.6413, 56.4282], [-2.6454, 56.426], [-2.6496, 56.4242], [-2.9554, 56.3096], [-2.9321, 56.2999], [-2.7053, 56.2257], [-2.7006, 56.2239], [-2.6962, 56.2217], [-2.692, 56.219], [-2.6881, 56.2159], [-2.6845, 56.2125], [-2.6812, 56.2087], [-2.6784, 56.2046], [-2.676, 56.2002], [-2.674, 56.1956], [-2.6725, 56.1909], [-2.6715, 56.186], [-2.6709, 56.1811], [-2.6709, 56.1761], [-2.6714, 56.1711], [-2.6723, 56.1662], [-2.6737, 56.1614], [-2.6757, 56.1568], [-2.678, 56.1524], [-2.6808, 56.1483], [-2.684, 56.1444], [-2.6875, 56.1409], [-2.6914, 56.1378], [-2.6956, 56.1351], [-2.7, 56.1328], [-2.7046, 56.1309], [-2.7094, 56.1295], [-2.7143, 56.1286], [-2.7542, 56.1233], [-2.8666, 56.0446], [-2.8711, 56.0418], [-2.8758, 56.0395], [-2.8808, 56.0377], [-2.8859, 56.0364], [-2.8911, 56.0357], [-3.1519, 56.0134], [-3.1578, 56.0093], [-3.2645, 55.9332], [-3.269, 55.9304], [-3.2737, 55.928], [-3.2787, 55.9262], [-3.2839, 55.9249]]]}}, {"type": "Feature", "properties": {"NAME": "Powys", "MAPA": "world_700.geojson", "BORDERPRECISION": 1, "MOTIVO": "Powys tras perder Chester y el Shropshire ante Northumbria y Mercia; línea aproximada al oeste del futuro dique de Offa", "FUENTE": "https://en.wikipedia.org/wiki/Kingdom_of_Powys"}, "geometry": {"type": "Polygon", "coordinates": [[[-3.6, 52.9], [-3.35, 53.2], [-3.3446, 53.2323], [-3.3957, 53.2301], [-3.3939, 53.2406], [-3.3929, 53.2453], [-3.3914, 53.2499], [-3.3895, 53.2544], [-3.3871, 53.2587], [-3.3844, 53.2627], [-3.3812, 53.2664], [-3.3778, 53.2698], [-3.374, 53.2728], [-3.3699, 53.2755], [-3.3656, 53.2777], [-3.3611, 53.2795], [-3.3564, 53.2809], [-3.3517, 53.2818], [-3.3468, 53.2823], [-3.3327, 53.2829], [-3.0923, 53.3027], [-3.0873, 53.3028], [-3.0823, 53.3025], [-3.0773, 53.3017], [-3.0725, 53.3003], [-3.0678, 53.2985], [-3.0633, 53.2962], [-3.0591, 53.2935], [-3.0552, 53.2904], [-3.0516, 53.2869], [-3.0483, 53.283], [-3.0455, 53.2788], [-3.0431, 53.2744], [-3.0412, 53.2698], [-3.0397, 53.265], [-3.0377, 53.257], [-3.0882, 53.2529], [-3.0, 52.9], [-3.1, 52.5], [-3.05, 52.1], [-2.9286, 52.0029], [-3.4, 52.05], [-3.7083, 52.0885], [-3.7918, 52.099], [-3.7909, 52.1045], [-3.75, 52.35], [-3.9428, 52.5524], [-3.8, 52.6], [-3.6, 52.9]]]}}, {"type": "Feature", "properties": {"NAME": "Strathclyde", "MAPA": "world_700.geojson", "BORDERPRECISION": 1, "MOTIVO": "Alt Clut (Strathclyde): valle del Clyde desde Dumbarton, del norte del lago Lomond hasta Ayr; frontera aproximada", "FUENTE": "https://en.wikipedia.org/wiki/Kingdom_of_Strathclyde"}, "geometry": {"type": "MultiPolygon", "coordinates": [[[[-5.0931, 55.3897], [-5.097, 55.389], [-5.1653, 55.3799], [-5.1725, 55.3794], [-5.2241, 55.38], [-5.2254, 55.38], [-5.2334, 55.3803], [-5.2379, 55.3807], [-5.2423, 55.3814], [-5.2467, 55.3826], [-5.252, 55.3842], [-5.2523, 55.3844], [-5.2987, 55.3994], [-5.3035, 55.4012], [-5.3097, 55.4039], [-5.313, 55.4054], [-5.3152, 55.4064], [-5.3627, 55.4303], [-5.3669, 55.4327], [-5.3709, 55.4355], [-5.3746, 55.4386], [-5.3779, 55.4421], [-5.3798, 55.4443], [-5.3831, 55.4484], [-5.3859, 55.4529], [-5.4009, 55.4798], [-5.4029, 55.4838], [-5.4459, 55.5802], [-5.4476, 55.5843], [-5.4488, 55.5885], [-5.4497, 55.5928], [-5.4502, 55.5972], [-5.4507, 55.6056], [-5.4507, 55.612], [-5.4502, 55.6209], [-5.4497, 55.6254], [-5.4488, 55.6299], [-5.4475, 55.6343], [-5.4436, 55.6454], [-5.4431, 55.6468], [-5.4278, 55.6866], [-5.4256, 55.6913], [-5.423, 55.6959], [-5.4199, 55.7001], [-5.4164, 55.704], [-5.4134, 55.707], [-5.4106, 55.7096], [-5.4076, 55.712], [-5.4003, 55.7173], [-5.3952, 55.7206], [-5.3544, 55.7434], [-5.3524, 55.7444], [-5.348, 55.7466], [-5.3474, 55.7469], [-5.3171, 55.7616], [-5.3121, 55.7637], [-5.3069, 55.7653], [-5.3016, 55.7663], [-5.2962, 55.7667], [-5.2665, 55.7672], [-5.2615, 55.7671], [-5.2479, 55.7659], [-5.2423, 55.7652], [-5.2296, 55.7627], [-5.2245, 55.7614], [-5.2136, 55.7581], [-5.211, 55.7572], [-5.181, 55.7461], [-5.1763, 55.7441], [-5.1633, 55.7377], [-5.1629, 55.7375], [-5.1457, 55.7289], [-5.141, 55.7262], [-5.1332, 55.7212], [-5.1284, 55.7177], [-5.1241, 55.7137], [-5.1185, 55.7078], [-5.1149, 55.7036], [-5.1118, 55.6989], [-5.0423, 55.5822], [-5.0403, 55.5785], [-5.0386, 55.5746], [-5.0372, 55.571], [-5.0358, 55.5668], [-5.0348, 55.5625], [-5.0341, 55.5581], [-5.025, 55.4684], [-5.0248, 55.4666], [-5.0246, 55.4625], [-5.0245, 55.4574], [-5.0249, 55.4523], [-5.0259, 55.4472], [-5.0274, 55.4423], [-5.0288, 55.4384], [-5.0309, 55.4334], [-5.0336, 55.4285], [-5.0368, 55.4241], [-5.0405, 55.4199], [-5.0435, 55.4169], [-5.0464, 55.4142], [-5.0494, 55.4118], [-5.0612, 55.4032], [-5.0638, 55.4013], [-5.0686, 55.3982], [-5.0737, 55.3957], [-5.0791, 55.3937], [-5.0893, 55.3907], [-5.0931, 55.3897]]], [[[-4.8068, 55.454], [-4.8099, 55.4576], [-4.9471, 55.6331], [-4.95, 55.637], [-4.9524, 55.6413], [-4.9544, 55.6457], [-4.9559, 55.6504], [-4.957, 55.6551], [-4.9576, 55.6599], [-4.9578, 55.6648], [-4.9574, 55.6697], [-4.9448, 55.7779], [-4.9439, 55.7829], [-4.9426, 55.7878], [-4.9407, 55.7926], [-4.9384, 55.7971], [-4.9356, 55.8014], [-4.9325, 55.8053], [-4.9289, 55.809], [-4.925, 55.8122], [-4.9208, 55.815], [-4.9163, 55.8174], [-4.9115, 55.8193], [-4.7806, 55.8649], [-4.6847, 55.9276], [-4.7413, 56.0722], [-4.81, 56.0552], [-4.8149, 56.0542], [-4.8199, 56.0537], [-4.8249, 56.0538], [-4.8298, 56.0543], [-4.8347, 56.0553], [-4.8395, 56.0568], [-4.8441, 56.0588], [-4.8484, 56.0612], [-4.8525, 56.064], [-4.8563, 56.0672], [-4.8598, 56.0708], [-4.8629, 56.0747], [-4.8655, 56.0789], [-4.8678, 56.0834], [-4.8484, 56.0972], [-4.8221, 56.1037], [-4.72, 56.3], [-4.3, 56.2], [-3.9, 56.1], [-3.739, 56.0732], [-3.726, 55.9819], [-3.6761, 55.981], [-3.6761, 55.9794], [-3.6765, 55.9746], [-3.6775, 55.9699], [-3.6788, 55.9653], [-3.6807, 55.9609], [-3.6829, 55.9566], [-3.6855, 55.9526], [-3.6885, 55.9488], [-3.6919, 55.9454], [-3.6955, 55.9423], [-3.6995, 55.9395], [-3.7037, 55.9372], [-3.7042, 55.9369], [-3.6939, 55.9313], [-3.6935, 55.9311], [-3.6892, 55.9291], [-3.6851, 55.9267], [-3.6812, 55.924], [-3.6776, 55.9209], [-3.6743, 55.9174], [-3.6714, 55.9137], [-3.6688, 55.9097], [-3.6666, 55.9054], [-3.6648, 55.901], [-3.6635, 55.8964], [-3.6626, 55.8918], [-3.6616, 55.8847], [-3.7121, 55.8847], [-3.7, 55.8], [-3.6, 55.5], [-3.5739, 55.3957], [-3.6, 55.4], [-4.2, 55.4], [-4.6417, 55.4294], [-4.6384, 55.4279], [-4.6722, 55.3884], [-4.7913, 55.443], [-4.7956, 55.4452], [-4.7996, 55.4477], [-4.8033, 55.4507], [-4.8068, 55.454]]]]}}, {"type": "Feature", "properties": {"NAME": "Sussex", "MAPA": "world_700.geojson", "BORDERPRECISION": 1, "MOTIVO": "Sussex: la franja costera entre Chichester y Rye, al sur del Weald; frontera aproximada", "FUENTE": "https://en.wikipedia.org/wiki/Kingdom_of_Sussex"}, "geometry": {"type": "Polygon", "coordinates": [[[-0.9842, 50.7252], [-0.9877, 50.7289], [-0.9909, 50.7329], [-0.9936, 50.7372], [-0.9959, 50.7418], [-0.9977, 50.7466], [-0.999, 50.7515], [-0.9997, 50.7565], [-1.0, 50.7616], [-1.0, 50.7796], [-0.95, 50.7616], [-0.95, 50.95], [-0.5, 51.1], [0.05, 51.15], [0.5, 51.05], [0.8, 51.0], [0.8871, 50.942], [0.886, 50.9819], [0.9074, 50.9885], [0.9148, 50.9836], [0.9186, 50.9807], [0.9222, 50.9775], [0.9254, 50.974], [0.9283, 50.9702], [0.9308, 50.9661], [0.9329, 50.9618], [0.9346, 50.9574], [0.9359, 50.9527], [0.9367, 50.948], [0.937, 50.9433], [0.9383, 50.894], [0.9382, 50.8891], [0.9376, 50.8842], [0.9365, 50.8794], [0.935, 50.8747], [0.933, 50.8702], [0.9306, 50.8659], [0.9278, 50.8619], [0.9246, 50.8582], [0.921, 50.8548], [0.9171, 50.8518], [0.913, 50.8491], [0.9086, 50.8469], [0.904, 50.8452], [0.8992, 50.8439], [0.8944, 50.843], [0.8895, 50.8427], [0.8846, 50.8428], [0.8797, 50.8434], [0.6783, 50.8789], [0.211, 50.6851], [0.2066, 50.6835], [0.2022, 50.6824], [0.1976, 50.6816], [0.193, 50.6813], [0.1884, 50.6814], [0.1838, 50.6819], [-0.2117, 50.746], [-0.3351, 50.766], [-0.8298, 50.6727], [-0.835, 50.672], [-0.8403, 50.6718], [-0.8456, 50.6722], [-0.8509, 50.6732], [-0.8559, 50.6747], [-0.9669, 50.7146], [-0.9716, 50.7166], [-0.9761, 50.719], [-0.9803, 50.7219], [-0.9842, 50.7252]]]}}, {"type": "Feature", "properties": {"NAME": "Ulaid", "MAPA": "world_700.geojson", "BORDERPRECISION": 1, "MOTIVO": "Ulaid (Dál Fiatach, Dál nAraidi): Antrim y Down, al este del Bann y del lago Neagh; frontera aproximada", "FUENTE": "https://en.wikipedia.org/wiki/Ulaid"}, "geometry": {"type": "Polygon", "coordinates": [[[-6.45, 54.4], [-6.5, 54.6], [-6.55, 54.9], [-6.78, 55.15], [-6.7682, 55.1944], [-6.8213, 55.1892], [-6.8165, 55.2073], [-6.8149, 55.2121], [-6.8129, 55.2167], [-6.8104, 55.2211], [-6.8075, 55.2252], [-6.8042, 55.2291], [-6.8005, 55.2325], [-6.7965, 55.2356], [-6.7922, 55.2382], [-6.7877, 55.2404], [-6.7829, 55.2422], [-6.778, 55.2434], [-6.773, 55.2442], [-6.6501, 55.2562], [-6.645, 55.2564], [-6.64, 55.2562], [-6.4491, 55.2363], [-6.4452, 55.2357], [-6.4414, 55.2348], [-6.2758, 55.1905], [-6.1228, 55.2098], [-6.1176, 55.2102], [-6.1124, 55.2101], [-6.1073, 55.2094], [-6.1023, 55.2082], [-6.0974, 55.2064], [-6.0927, 55.2042], [-6.0883, 55.2015], [-5.99, 55.1343], [-5.9861, 55.1313], [-5.9825, 55.128], [-5.9793, 55.1244], [-5.9764, 55.1204], [-5.7431, 54.7648], [-5.7404, 54.7602], [-5.7382, 54.7553], [-5.7365, 54.7502], [-5.7153, 54.6697], [-5.7143, 54.6646], [-5.7137, 54.6594], [-5.7138, 54.6542], [-5.7143, 54.649], [-5.7154, 54.6439], [-5.7456, 54.5322], [-5.6204, 54.3506], [-5.6178, 54.3466], [-5.6157, 54.3423], [-5.614, 54.3379], [-5.6128, 54.3333], [-5.6119, 54.3286], [-5.6115, 54.3239], [-5.6116, 54.3191], [-5.6121, 54.3144], [-5.6131, 54.3098], [-5.6145, 54.3052], [-5.6163, 54.3008], [-5.6862, 54.1534], [-5.6883, 54.1495], [-5.6907, 54.1458], [-5.6934, 54.1423], [-5.6965, 54.1391], [-5.6998, 54.1361], [-5.8805, 53.9886], [-5.8841, 53.986], [-5.888, 53.9836], [-5.892, 53.9816], [-5.8962, 53.98], [-6.0557, 53.9262], [-6.0606, 53.9248], [-6.0655, 53.924], [-6.199, 53.9073], [-6.2037, 53.9069], [-6.2085, 53.907], [-6.2133, 53.9076], [-6.2179, 53.9086], [-6.2225, 53.91], [-6.2269, 53.9119], [-6.2311, 53.9141], [-6.2351, 53.9168], [-6.2387, 53.9198], [-6.2421, 53.9232], [-6.2452, 53.9269], [-6.2623, 53.9498], [-6.2064, 53.9567], [-6.2052, 53.9569], [-6.35, 54.15], [-6.45, 54.4]]]}}, {"type": "Feature", "properties": {"NAME": "Uí Néill", "MAPA": "world_700.geojson", "BORDERPRECISION": 1, "MOTIVO": "Uí Néill del norte (Cenél Conaill, Cenél nEógain) y del sur (Mide, Brega), con los Airgíalla dependientes; frontera aproximada", "FUENTE": "https://en.wikipedia.org/wiki/U%C3%AD_N%C3%A9ill"}, "geometry": {"type": "Polygon", "coordinates": [[[-6.1568, 53.9444], [-6.1582, 53.9397], [-6.1602, 53.9351], [-6.1626, 53.9307], [-6.1654, 53.9266], [-6.1686, 53.9228], [-6.1721, 53.9194], [-6.176, 53.9163], [-6.1802, 53.9136], [-6.1847, 53.9113], [-6.1893, 53.9095], [-6.1941, 53.9081], [-6.199, 53.9073], [-6.2002, 53.9071], [-6.3305, 53.8908], [-6.3562, 53.8805], [-6.2988, 53.8205], [-6.2953, 53.8164], [-6.2923, 53.812], [-6.2897, 53.8072], [-6.127, 53.4604], [-6.125, 53.4557], [-6.1236, 53.4507], [-6.1025, 53.3615], [-6.1016, 53.3566], [-6.1011, 53.3516], [-6.1012, 53.3466], [-6.1018, 53.3416], [-6.1029, 53.3367], [-6.1045, 53.332], [-6.1065, 53.3274], [-6.109, 53.3231], [-6.1119, 53.319], [-6.1152, 53.3152], [-6.1189, 53.3118], [-6.1228, 53.3088], [-6.1271, 53.3061], [-6.1316, 53.304], [-6.1363, 53.3022], [-6.1396, 53.3014], [-6.1511, 53.35], [-6.2, 53.35], [-6.6, 53.33], [-7.1, 53.3], [-7.6, 53.2], [-7.7429, 53.2], [-8.06, 53.2], [-8.0, 53.25], [-7.95, 53.45], [-7.9, 53.75], [-8.05, 54.1], [-8.0, 54.3], [-8.25, 54.47], [-8.2997, 54.4908], [-8.3006, 54.4893], [-8.3469, 54.4743], [-8.3473, 54.4755], [-8.3485, 54.4801], [-8.3493, 54.4848], [-8.3497, 54.4896], [-8.3496, 54.4944], [-8.349, 54.4992], [-8.348, 54.5039], [-8.3465, 54.5084], [-8.3446, 54.5128], [-8.3423, 54.517], [-8.301, 54.5839], [-8.8294, 54.5839], [-8.8343, 54.5842], [-8.8392, 54.5849], [-8.844, 54.5861], [-8.8486, 54.5878], [-8.853, 54.5899], [-8.8573, 54.5924], [-8.8612, 54.5954], [-8.8649, 54.5987], [-8.8682, 54.6024], [-8.8711, 54.6064], [-8.8736, 54.6106], [-8.8757, 54.6151], [-8.8773, 54.6197], [-8.8785, 54.6245], [-8.8792, 54.6294], [-8.8794, 54.6344], [-8.8791, 54.6393], [-8.8783, 54.6442], [-8.8771, 54.6489], [-8.8753, 54.6536], [-8.8732, 54.658], [-8.8706, 54.6622], [-8.8676, 54.6661], [-8.8642, 54.6697], [-8.808, 54.7246], [-8.7949, 54.7372], [-8.7913, 54.7405], [-8.7873, 54.7433], [-8.7831, 54.7458], [-8.7787, 54.7478], [-8.774, 54.7494], [-8.7693, 54.7506], [-8.5458, 54.7926], [-8.5252, 54.8902], [-8.5237, 54.8956], [-8.5216, 54.9008], [-8.519, 54.9058], [-8.3881, 55.1212], [-8.3854, 55.1253], [-8.3823, 55.129], [-8.3788, 55.1324], [-8.3751, 55.1355], [-8.371, 55.1382], [-8.3667, 55.1405], [-8.3622, 55.1424], [-8.1352, 55.2237], [-8.1286, 55.2256], [-7.7665, 55.3017], [-7.7618, 55.3024], [-7.757, 55.3027], [-7.7522, 55.3026], [-7.7475, 55.302], [-7.7428, 55.3009], [-7.7383, 55.2994], [-7.7339, 55.2975], [-7.7297, 55.2951], [-7.7258, 55.2924], [-7.7221, 55.2893], [-7.7188, 55.2859], [-7.7158, 55.2822], [-7.6251, 55.1575], [-7.4926, 55.1018], [-7.4373, 55.1128], [-7.2375, 55.1528], [-7.011, 55.22], [-7.0064, 55.2211], [-7.0017, 55.2218], [-6.773, 55.2442], [-6.7682, 55.2444], [-6.7634, 55.2442], [-6.7586, 55.2435], [-6.7539, 55.2423], [-6.7494, 55.2407], [-6.745, 55.2387], [-6.7409, 55.2363], [-6.737, 55.2335], [-6.7333, 55.2303], [-6.73, 55.2268], [-6.7271, 55.2229], [-6.7245, 55.2188], [-6.7224, 55.2145], [-6.7207, 55.21], [-6.7194, 55.2054], [-6.7186, 55.2006], [-6.7184, 55.1993], [-6.7682, 55.1944], [-6.78, 55.15], [-6.55, 54.9], [-6.5, 54.6], [-6.45, 54.4], [-6.35, 54.15], [-6.2052, 53.9569], [-6.1556, 53.9631], [-6.1552, 53.9592], [-6.1552, 53.9542], [-6.1558, 53.9493], [-6.1568, 53.9444]]]}}, {"type": "Feature", "properties": {"NAME": "Wessex", "MAPA": "world_700.geojson", "BORDERPRECISION": 1, "MOTIVO": "Wessex con Somerset (hasta el Parrett desde 658) y el este de Devon hasta el Exe (línea aproximada entre Peonnum, 658, y la derrota de Geraint, 710); el valle del Avon ya es de los Hwicce (Mercia); frontera aproximada", "FUENTE": "https://en.wikipedia.org/wiki/Wessex"}, "geometry": {"type": "Polygon", "coordinates": [[[-3.5203, 50.5654], [-3.5252, 50.5655], [-3.5298, 50.5661], [-3.5218, 50.6154], [-3.55, 50.7], [-3.5, 51.0], [-3.4548, 51.1809], [-3.483, 51.1811], [-3.5054, 51.1846], [-3.5033, 51.193], [-3.5019, 51.1976], [-3.5001, 51.202], [-3.4979, 51.2062], [-3.4953, 51.2102], [-3.4923, 51.2139], [-3.489, 51.2173], [-3.4854, 51.2204], [-3.4815, 51.2231], [-3.4773, 51.2255], [-3.473, 51.2274], [-3.4685, 51.229], [-3.4639, 51.2301], [-3.4591, 51.2307], [-3.4544, 51.2309], [-3.272, 51.2294], [-3.1063, 51.2281], [-3.082, 51.3405], [-3.0807, 51.3454], [-3.0788, 51.3502], [-3.0765, 51.3548], [-3.0737, 51.3591], [-3.0705, 51.3631], [-3.0669, 51.3668], [-3.0629, 51.3701], [-3.0587, 51.3729], [-3.0541, 51.3753], [-2.93, 51.4326], [-2.8851, 51.5104], [-2.8824, 51.5146], [-2.8793, 51.5185], [-2.8758, 51.5221], [-2.872, 51.5253], [-2.8679, 51.5281], [-2.8635, 51.5304], [-2.859, 51.5324], [-2.8542, 51.5339], [-2.8494, 51.5349], [-2.8444, 51.5354], [-2.8394, 51.5354], [-2.8345, 51.5349], [-2.8296, 51.5339], [-2.8157, 51.5305], [-2.8202, 51.5227], [-2.8418, 51.4854], [-2.7, 51.45], [-2.2, 51.45], [-1.9, 51.62], [-1.5, 51.65], [-1.0, 51.55], [-0.5, 51.5], [-0.4737, 51.4974], [-0.4524, 51.4548], [0.0, 51.5], [0.05, 51.498], [0.05, 51.15], [-0.5, 51.1], [-0.95, 50.95], [-0.95, 50.7616], [-0.903, 50.7448], [-0.9036, 50.743], [-0.9056, 50.7386], [-0.908, 50.7345], [-0.9108, 50.7306], [-0.914, 50.727], [-0.9175, 50.7237], [-0.9212, 50.7207], [-0.9253, 50.7182], [-0.9295, 50.716], [-0.934, 50.7143], [-0.9386, 50.713], [-0.9433, 50.7121], [-0.9481, 50.7117], [-0.9529, 50.7117], [-0.9576, 50.7122], [-0.9623, 50.7132], [-0.9669, 50.7146], [-1.1075, 50.7651], [-1.3633, 50.7171], [-1.3681, 50.7165], [-2.01, 50.6593], [-1.9783, 50.5911], [-1.9765, 50.5865], [-1.9751, 50.5817], [-1.9741, 50.5768], [-1.9737, 50.5718], [-1.9738, 50.5669], [-1.9743, 50.5619], [-1.9754, 50.5571], [-1.9769, 50.5523], [-1.9789, 50.5478], [-1.9813, 50.5434], [-1.9842, 50.5394], [-1.9874, 50.5356], [-1.991, 50.5322], [-1.9949, 50.5291], [-1.9992, 50.5264], [-2.0036, 50.5242], [-2.0083, 50.5225], [-2.0131, 50.5212], [-2.018, 50.5203], [-2.0229, 50.52], [-2.0279, 50.5202], [-2.0328, 50.5209], [-2.4217, 50.5931], [-2.5235, 50.5279], [-2.528, 50.5254], [-2.5327, 50.5233], [-2.5376, 50.5217], [-2.5426, 50.5206], [-2.5477, 50.5201], [-2.5528, 50.5201], [-2.5579, 50.5206], [-2.563, 50.5216], [-2.5679, 50.5231], [-2.9593, 50.668], [-3.0912, 50.6114], [-3.096, 50.6096], [-3.101, 50.6084], [-3.106, 50.6076], [-3.5035, 50.5689], [-3.5058, 50.568], [-3.5105, 50.5667], [-3.5153, 50.5658], [-3.5203, 50.5654]]]}}]}